frame_idx,dt_ms,view_sse,visible_n,partition_n,load_n,spawn_n,tex_upload_n,evict_n,gpu_tex_cache,mesh_backlog,dl_in_flight,stale_skips,retry_after,frame_mesh,frame_despawn,evict_deferred
1,0.000,0,8,104,32,8,0,0,0,72,116,0,0,12,0,0
2,6.530,0,19,92,32,11,0,0,0,92,116,0,0,12,0,0
3,117.985,0,26,88,40,7,0,0,0,80,124,0,0,12,0,0
4,6.334,0,29,76,40,3,0,0,0,76,124,0,0,12,0,0
5,2.579,0,30,64,40,1,0,0,0,64,124,0,0,12,0,0
6,2.926,0,33,52,40,3,0,0,0,52,124,0,0,12,0,0
7,3.768,0,40,40,40,7,0,0,0,40,124,0,0,12,0,0
8,1.340,0,40,40,40,0,0,0,0,28,124,0,0,12,0,0
9,1.301,0,40,40,40,0,0,0,0,16,124,0,0,12,0,0
10,3.136,0,40,40,40,0,0,0,0,4,124,0,0,12,0,0
11,1.496,0,40,40,40,0,0,0,0,0,124,0,0,4,0,0
12,1.956,0,40,40,40,0,0,0,0,0,124,0,0,0,0,0
13,0.909,0,40,40,40,0,0,0,0,0,124,0,0,0,0,0
14,5.510,0,40,40,40,0,0,0,0,0,124,0,0,0,0,0
15,9.435,0,40,40,40,0,0,0,0,0,124,0,0,0,0,0
16,7.207,0,40,40,40,0,0,0,0,0,124,0,0,0,0,0
17,8.383,0,40,40,40,0,0,0,0,0,124,0,0,0,0,0
18,30.815,0,40,40,40,0,0,0,0,0,124,0,0,0,0,0
19,1.284,0,40,40,40,0,0,0,0,0,124,0,0,0,0,0
20,1.185,0,40,40,40,0,0,0,0,0,124,0,0,0,0,0
21,14.064,0,40,40,40,0,0,0,0,0,124,0,0,0,0,0
22,41.880,0,40,40,40,0,1,0,1,0,123,0,0,0,0,0
23,0.987,0,40,40,40,0,0,0,1,0,123,0,0,0,0,0
24,0.902,0,42,38,40,2,0,0,1,0,123,0,0,2,0,0
25,6.678,0,44,36,38,2,1,0,2,0,122,0,0,2,0,0
26,25.134,0,44,36,36,0,2,0,4,0,120,0,0,0,0,0
27,1.282,0,44,36,36,0,0,0,4,0,120,0,0,0,0,0
28,0.964,0,45,35,36,1,0,0,4,0,120,0,0,1,0,0
29,5.696,0,48,32,35,3,0,0,4,0,120,0,0,3,0,0
30,25.355,0,48,32,32,0,0,0,4,0,120,0,0,0,0,0
31,0.991,0,48,32,32,0,0,0,4,0,120,0,0,0,0,0
32,0.729,0,48,32,32,0,0,0,4,0,120,0,0,0,0,0
33,6.235,0,48,32,32,0,0,0,4,0,120,0,0,0,0,0
34,25.284,0,48,32,32,0,0,0,4,0,120,0,0,0,0,0
35,0.939,0,48,32,32,0,0,0,4,0,120,0,0,0,0,0
36,0.726,0,48,32,32,0,0,0,4,0,120,0,0,0,0,0
37,6.558,0,48,32,32,0,0,0,4,0,120,0,0,0,0,0
38,24.979,0,48,32,32,0,0,0,4,0,120,0,0,0,0,0
39,1.078,0,48,32,32,0,0,0,4,0,120,0,0,0,0,0
40,0.795,0,48,32,32,0,0,0,4,0,120,0,0,0,0,0
41,6.400,0,48,32,32,0,2,0,6,0,118,0,0,0,0,0
42,25.166,0,48,32,32,0,1,0,7,0,117,0,0,0,0,0
43,1.250,0,49,31,32,1,0,0,7,0,117,0,0,1,0,0
44,0.892,0,50,30,31,1,0,0,7,0,117,0,0,1,0,0
45,6.251,0,56,24,30,6,0,0,7,0,117,0,0,6,0,0
46,24.876,0,56,24,24,0,2,0,9,0,115,0,0,0,0,0
47,1.107,0,56,24,24,0,0,0,9,0,115,0,0,0,0,0
48,1.055,0,56,24,24,0,0,0,9,0,115,0,0,0,0,0
49,6.063,0,56,24,24,0,0,0,9,0,115,0,0,0,0,0
50,25.220,0,56,24,24,0,1,0,10,0,114,0,0,0,0,0
51,0.890,0,56,24,24,0,0,0,10,0,114,0,0,0,0,0
52,1.486,0,58,22,24,2,0,0,10,0,114,0,0,2,0,0
53,5.736,0,60,20,22,2,0,0,10,0,114,0,0,2,0,0
54,25.025,0,60,20,20,0,3,0,13,0,111,0,0,0,0,0
55,1.018,0,60,20,20,0,0,0,13,0,111,0,0,0,0,0
56,1.234,0,61,19,20,1,0,0,13,0,111,0,0,1,0,0
57,6.063,0,68,12,19,7,0,0,13,0,111,0,0,7,0,0
58,25.367,0,68,12,12,0,4,0,17,0,107,0,0,0,0,0
59,1.122,0,68,12,12,0,0,0,17,0,107,0,0,0,0,0
60,1.415,0,69,11,12,1,0,0,17,0,107,0,0,1,0,0
61,5.519,0,72,8,11,3,2,0,19,0,105,0,0,3,0,0
62,25.172,0,72,8,8,0,2,0,21,0,103,0,0,0,0,0
63,1.597,0,74,6,8,2,0,0,21,0,103,0,0,2,0,0
64,1.098,0,76,4,6,2,0,0,21,0,103,0,0,2,0,0
65,5.325,0,76,4,4,0,0,0,21,0,103,0,0,0,0,0
66,25.155,0,76,4,4,0,0,0,21,0,103,0,0,0,0,0
67,0.964,0,76,4,4,0,0,0,21,0,103,0,0,0,0,0
68,0.862,0,76,4,4,0,0,0,21,0,103,0,0,0,0,0
69,6.474,0,76,4,4,0,0,0,21,0,103,0,0,0,0,0
70,25.031,0,76,4,4,0,0,0,21,0,103,0,0,0,0,0
71,0.998,0,76,4,4,0,0,0,21,0,103,0,0,0,0,0
72,0.789,0,76,4,4,0,0,0,21,0,103,0,0,0,0,0
73,6.495,0,76,4,4,0,0,0,21,0,103,0,0,0,0,0
74,25.035,0,76,4,4,0,2,0,23,0,101,0,0,0,0,0
75,0.951,0,76,4,4,0,0,0,23,0,101,0,0,0,0,0
76,0.986,0,77,3,4,1,0,0,23,0,101,0,0,1,0,0
77,6.245,0,80,0,3,3,1,0,24,0,100,0,0,3,0,0
78,25.416,0,80,0,0,0,0,0,24,0,100,0,0,0,0,0
79,1.156,0,80,0,0,0,0,0,24,0,100,0,0,0,0,0
80,0.732,0,80,0,0,0,0,0,24,0,100,0,0,0,0,0
81,6.174,0,80,0,0,0,0,0,24,0,100,0,0,0,0,0
82,26.383,0,80,8,8,0,0,0,24,0,108,0,0,0,0,0
83,0.849,0,80,8,8,0,0,0,24,0,108,0,0,4,0,0
84,0.783,0,80,8,8,0,0,0,24,0,108,0,0,3,0,0
85,5.372,0,85,3,8,5,0,0,24,0,108,0,0,6,0,0
86,26.361,0,88,0,3,3,2,0,26,0,62,44,0,3,0,0
87,1.182,0,88,0,0,0,0,0,26,0,62,44,0,0,0,0
88,1.162,0,88,0,0,0,0,0,26,0,62,44,0,0,0,0
89,4.404,0,88,0,0,0,0,0,26,0,62,44,0,0,0,0
90,25.275,0,88,0,0,0,2,0,28,0,60,44,0,0,0,0
91,0.951,0,88,0,0,0,0,0,28,0,60,44,0,0,0,0
92,1.787,0,88,0,0,0,0,0,28,0,60,44,0,0,0,0
93,5.590,0,88,0,0,0,1,0,29,0,59,44,0,0,0,0
94,25.142,0,88,0,0,0,2,0,31,0,57,44,0,0,0,0
95,0.973,0,88,0,0,0,0,0,31,0,57,44,0,0,0,0
96,0.952,0,88,0,0,0,0,0,31,0,57,44,0,0,0,0
97,6.093,0,88,0,0,0,1,0,32,0,56,44,0,0,0,0
98,25.385,0,88,0,0,0,3,0,34,0,54,44,0,0,0,0
99,1.142,0,88,0,0,0,0,0,34,0,54,44,0,0,0,0
100,0.963,0,88,0,0,0,0,0,34,0,54,44,0,0,0,0
101,5.790,0,88,0,0,0,1,0,35,0,53,44,0,0,0,0
102,25.221,0,88,0,0,0,0,0,35,0,53,44,0,0,0,0
103,1.004,0,88,0,0,0,0,0,35,0,53,44,0,0,0,0
104,0.754,0,88,0,0,0,0,0,35,0,53,44,0,0,0,0
105,6.393,0,88,0,0,0,1,0,36,0,52,44,0,0,0,0
106,25.043,0,88,0,0,0,1,0,36,0,52,44,0,0,0,0
107,0.978,0,88,0,0,0,0,0,36,0,52,44,0,0,0,0
108,0.718,0,88,0,0,0,0,0,36,0,52,44,0,0,0,0
109,6.537,0,88,0,0,0,1,0,36,0,52,44,0,0,0,0
110,25.294,0,88,0,0,0,3,0,38,0,50,44,0,0,0,0
111,0.838,0,88,0,0,0,0,0,38,0,50,44,0,0,0,0
112,2.335,0,88,0,0,0,0,0,38,0,50,44,0,0,0,0
113,4.874,0,88,0,0,0,2,0,39,0,49,44,0,0,0,0
114,25.225,0,88,0,0,0,3,0,39,0,49,44,0,0,0,0
115,1.022,0,88,0,0,0,0,0,39,0,49,44,0,0,0,0
116,0.738,0,88,0,0,0,0,0,39,0,49,44,0,0,0,0
117,6.287,0,88,0,0,0,1,0,39,0,49,44,0,0,0,0
118,25.174,0,88,0,0,0,2,0,39,0,49,44,0,0,0,0
119,0.774,0,88,0,0,0,0,0,39,0,49,44,0,0,0,0
120,0.685,0,88,0,0,0,0,0,39,0,49,44,0,0,0,0
121,6.706,0,88,0,0,0,0,0,39,0,49,44,0,0,0,0
122,25.119,0,88,0,0,0,3,0,40,0,48,44,0,0,0,0
123,0.935,0,88,0,0,0,0,0,40,0,48,44,0,0,0,0
124,0.873,0,88,0,0,0,0,0,40,0,48,44,0,0,0,0
125,6.643,0,88,0,0,0,0,0,40,0,48,44,0,0,0,0
126,24.905,0,88,0,0,0,0,0,40,0,48,44,0,0,0,0
127,1.033,0,88,0,0,0,0,0,40,0,48,44,0,0,0,0
128,0.678,0,88,0,0,0,0,0,40,0,48,44,0,0,0,0
129,6.609,0,88,0,0,0,1,0,40,0,48,44,0,0,0,0
130,25.090,0,88,0,0,0,3,0,40,0,48,44,0,0,0,0
131,1.009,0,88,0,0,0,0,0,40,0,48,44,0,0,0,0
132,0.730,0,88,0,0,0,0,0,40,0,48,44,0,0,0,0
133,6.451,0,88,0,0,0,0,0,40,0,48,44,0,0,0,0
134,25.224,0,88,0,0,0,3,0,40,0,48,44,0,0,0,0
135,0.858,0,88,0,0,0,0,0,40,0,48,44,0,0,0,0
136,0.727,0,88,0,0,0,0,0,40,0,48,44,0,0,0,0
137,6.413,0,88,0,0,0,0,0,40,0,48,44,0,0,0,0
138,25.144,0,88,0,0,0,0,0,40,0,48,44,0,0,0,0
139,0.814,0,88,0,0,0,0,0,40,0,48,44,0,0,0,0
140,0.697,0,88,0,0,0,0,0,40,0,48,44,0,0,0,0
141,6.763,0,88,0,0,0,0,0,40,0,48,44,0,0,0,0
142,25.068,0,88,0,0,0,1,0,40,0,48,44,0,0,0,0
143,0.849,0,88,0,0,0,0,0,40,0,48,44,0,0,0,0
144,0.747,0,88,0,0,0,0,0,40,0,48,44,0,0,0,0
145,6.864,0,88,0,0,0,0,0,40,0,48,44,0,0,0,0
146,24.852,0,88,0,0,0,1,0,41,0,47,44,0,0,0,0
147,0.784,0,88,0,0,0,0,0,41,0,47,44,0,0,0,0
148,0.801,0,88,0,0,0,0,0,41,0,47,44,0,0,0,0
149,6.647,0,88,0,0,0,0,0,41,0,47,44,0,0,0,0
150,25.254,0,88,4,4,0,1,0,41,0,51,44,0,0,0,0
151,0.861,0,88,4,4,0,0,0,41,0,51,44,0,2,0,0
152,0.865,0,88,4,4,0,0,0,41,0,51,44,0,2,0,0
153,6.439,0,92,0,4,4,0,0,41,0,51,44,0,4,0,0
154,25.181,0,92,4,4,0,1,0,41,0,55,44,0,0,0,0
155,0.997,0,92,4,4,0,0,0,41,0,55,44,0,3,0,0
156,1.954,0,92,4,4,0,0,0,41,0,55,44,0,1,0,0
157,5.245,0,96,0,4,4,0,0,41,0,55,44,0,4,0,0
158,24.934,0,96,0,0,0,0,0,41,0,55,44,0,0,0,0
159,0.999,0,96,0,0,0,0,0,41,0,55,44,0,0,0,0
160,0.705,0,96,0,0,0,0,0,41,0,55,44,0,0,0,0
161,6.716,0,96,4,4,0,0,0,41,0,59,44,0,0,0,0
162,24.982,0,96,4,4,0,0,0,41,0,59,44,0,4,0,0
163,1.051,0,97,3,4,1,0,0,41,0,59,44,0,1,0,0
164,0.907,0,97,3,3,0,0,0,41,0,59,44,0,0,0,0
165,6.278,0,100,0,3,3,2,0,41,0,59,44,0,3,0,0
166,24.948,0,100,4,4,0,0,0,41,0,63,44,0,0,0,0
167,0.938,0,100,4,4,0,0,0,41,0,63,44,0,4,0,0
168,0.776,0,100,4,4,0,0,0,41,0,63,44,0,0,0,0
169,6.684,0,104,0,4,4,0,0,41,0,63,44,0,4,0,0
170,25.095,0,104,0,0,0,1,0,41,0,63,44,0,0,0,0
171,1.011,0,104,0,0,0,0,0,41,0,63,44,0,0,0,0
172,0.826,0,104,0,0,0,0,0,41,0,63,44,0,0,0,0
173,6.551,0,104,0,0,0,0,0,41,0,63,44,0,0,0,0
174,24.993,0,104,0,0,0,0,0,41,0,63,44,0,0,0,0
175,0.836,0,104,0,0,0,0,0,41,0,63,44,0,0,0,0
176,0.686,0,104,0,0,0,0,0,41,0,63,44,0,0,0,0
177,6.700,0,104,0,0,0,0,0,41,0,63,44,0,0,0,0
178,25.034,0,104,0,0,0,0,0,41,0,63,44,0,0,0,0
179,0.932,0,104,0,0,0,0,0,41,0,63,44,0,0,0,0
180,0.676,0,104,0,0,0,0,0,41,0,63,44,0,0,0,0
181,6.776,0,104,0,0,0,0,0,41,0,63,44,0,0,0,0
182,24.931,0,104,0,0,0,0,0,41,0,63,44,0,0,0,0
183,0.830,0,104,0,0,0,0,0,41,0,63,44,0,0,0,0
184,0.657,0,104,0,0,0,0,0,41,0,63,44,0,0,0,0
185,6.778,0,104,0,0,0,0,0,41,0,63,44,0,0,0,0
186,25.023,0,104,0,0,0,0,0,41,0,63,44,0,0,0,0
187,0.994,0,104,0,0,0,0,0,41,0,63,44,0,0,0,0
188,0.660,0,104,0,0,0,0,0,41,0,63,44,0,0,0,0
189,6.578,0,104,0,0,0,0,0,41,0,63,44,0,0,0,0
190,25.141,0,104,0,0,0,0,0,41,0,63,44,0,0,0,0
191,0.892,0,104,0,0,0,0,0,41,0,63,44,0,0,0,0
192,0.746,0,104,0,0,0,0,0,41,0,63,44,0,0,0,0
193,6.796,0,104,0,0,0,1,0,41,0,63,44,0,0,0,0
194,24.834,0,104,0,0,0,2,0,43,0,61,44,0,0,0,0
195,0.930,0,104,0,0,0,0,0,43,0,61,44,0,0,0,0
196,0.934,0,104,0,0,0,0,0,43,0,61,44,0,0,0,0
197,6.444,0,104,0,0,0,0,0,43,0,61,44,0,0,0,0
198,25.198,0,104,0,0,0,0,0,43,0,61,44,0,0,0,0
199,0.877,0,104,0,0,0,0,0,43,0,61,44,0,0,0,0
200,1.771,0,104,0,0,0,0,0,43,0,61,44,0,0,0,0
201,5.635,0,104,0,0,0,0,0,43,0,61,44,0,0,0,0
202,25.024,0,104,0,0,0,2,0,44,0,60,44,0,0,0,0
203,0.923,0,104,0,0,0,0,0,44,0,60,44,0,0,0,0
204,0.849,0,104,0,0,0,0,0,44,0,60,44,0,0,0,0
205,6.380,0,104,0,0,0,0,0,44,0,60,44,0,0,0,0
206,25.102,0,104,0,0,0,2,0,46,0,58,44,0,0,0,0
207,0.805,0,104,0,0,0,0,0,46,0,58,44,0,0,0,0
208,0.937,0,104,0,0,0,0,0,46,0,58,44,0,0,0,0
209,6.535,0,104,0,0,0,0,0,46,0,58,44,0,0,0,0
210,25.215,0,104,0,0,0,0,0,46,0,58,44,0,0,0,0
211,0.816,0,104,0,0,0,0,0,46,0,58,44,0,0,0,0
212,0.658,0,104,0,0,0,0,0,46,0,58,44,0,0,0,0
213,6.845,0,104,0,0,0,0,0,46,0,58,44,0,0,0,0
214,24.716,0,104,0,0,0,0,0,46,0,58,44,0,0,0,0
215,0.852,0,104,0,0,0,0,0,46,0,58,44,0,0,0,0
216,0.858,0,104,0,0,0,0,0,46,0,58,44,0,0,0,0
217,6.724,0,104,0,0,0,0,0,46,0,58,44,0,0,0,0
218,25.017,0,104,0,0,0,0,0,46,0,58,44,0,0,0,0
219,0.799,0,104,0,0,0,0,0,46,0,58,44,0,0,0,0
220,0.657,0,104,0,0,0,0,0,46,0,58,44,0,0,0,0
221,6.934,0,104,0,0,0,0,0,46,0,58,44,0,0,0,0
222,24.996,0,104,0,0,0,0,0,46,0,58,44,0,0,0,0
223,0.976,0,104,0,0,0,0,0,46,0,58,44,0,0,0,0
224,1.367,0,104,0,0,0,0,0,46,0,58,44,0,0,0,0
225,5.803,0,104,0,0,0,0,0,46,0,58,44,0,0,0,0
226,25.072,0,104,0,0,0,0,0,46,0,58,44,0,0,0,0
227,0.854,0,104,0,0,0,0,0,46,0,58,44,0,0,0,0
228,0.633,0,104,0,0,0,0,0,46,0,58,44,0,0,0,0
229,6.961,0,104,0,0,0,0,0,46,0,58,44,0,0,0,0
230,25.146,0,104,0,0,0,0,0,46,0,58,44,0,0,0,0
231,0.905,0,104,0,0,0,0,0,46,0,58,44,0,0,0,0
232,0.811,0,104,0,0,0,0,0,46,0,58,44,0,0,0,0
233,6.401,0,104,0,0,0,0,0,46,0,58,44,0,0,0,0
234,25.017,0,104,0,0,0,0,0,46,0,58,44,0,0,0,0
235,0.860,0,104,0,0,0,0,0,46,0,58,44,0,0,0,0
236,0.674,0,104,0,0,0,0,0,46,0,58,44,0,0,0,0
237,6.868,0,104,0,0,0,0,0,46,0,58,44,0,0,0,0
238,25.055,0,104,0,0,0,0,0,46,0,58,44,0,0,0,0
239,1.024,0,104,0,0,0,0,0,46,0,58,44,0,0,0,0
240,0.645,0,104,0,0,0,0,0,46,0,58,44,0,0,0,0
241,6.360,0,104,0,0,0,0,0,46,0,58,44,0,0,0,0
242,25.197,0,104,0,0,0,0,0,46,0,58,44,0,0,0,0
243,0.823,0,104,0,0,0,0,0,46,0,58,44,0,0,0,0
244,0.716,0,104,0,0,0,0,0,46,0,58,44,0,0,0,0
245,6.825,0,104,0,0,0,1,0,47,0,57,44,0,0,0,0
246,25.039,0,104,0,0,0,0,0,47,0,57,44,0,0,0,0
247,1.024,0,104,0,0,0,0,0,47,0,57,44,0,0,0,0
248,1.234,0,104,0,0,0,0,0,47,0,57,44,0,0,0,0
249,5.856,0,104,0,0,0,0,0,47,0,57,44,0,0,0,0
250,25.189,0,104,0,0,0,0,0,47,0,57,44,0,0,0,0
251,0.850,0,104,0,0,0,0,0,47,0,57,44,0,0,0,0
252,0.807,0,104,0,0,0,0,0,47,0,57,44,0,0,0,0
253,6.550,0,104,0,0,0,0,0,47,0,57,44,0,0,0,0
254,24.952,0,104,0,0,0,1,0,48,0,56,44,0,0,0,0
255,0.786,0,104,0,0,0,0,0,48,0,56,44,0,0,0,0
256,0.950,0,104,0,0,0,0,0,48,0,56,44,0,0,0,0
257,6.620,0,104,0,0,0,0,0,48,0,56,44,0,0,0,0
258,25.117,0,104,0,0,0,0,0,48,0,56,44,0,0,0,0
259,0.929,0,104,0,0,0,0,0,48,0,56,44,0,0,0,0
260,0.691,0,104,0,0,0,0,0,48,0,56,44,0,0,0,0
261,6.514,0,104,0,0,0,0,0,48,0,56,44,0,0,0,0
262,25.189,0,104,0,0,0,0,0,48,0,56,44,0,0,0,0
263,0.898,0,104,0,0,0,0,0,48,0,56,44,0,0,0,0
264,0.720,0,104,0,0,0,0,0,48,0,56,44,0,0,0,0
265,6.570,0,104,0,0,0,0,0,48,0,56,44,0,0,0,0
266,25.228,0,104,0,0,0,0,0,48,0,56,44,0,0,0,0
267,0.952,0,104,0,0,0,0,0,48,0,56,44,0,0,0,0
268,0.722,0,104,0,0,0,0,0,48,0,56,44,0,0,0,0
269,6.446,0,104,0,0,0,0,0,48,0,56,44,0,0,0,0
270,25.267,0,104,0,0,0,2,0,50,0,54,44,0,0,0,0
271,0.883,0,104,0,0,0,0,0,50,0,54,44,0,0,0,0
272,1.137,0,104,0,0,0,0,0,50,0,54,44,0,0,0,0
273,6.126,0,104,0,0,0,0,0,50,0,54,44,0,0,0,0
274,25.031,0,104,0,0,0,0,0,50,0,54,44,0,0,0,0
275,0.922,0,104,0,0,0,0,0,50,0,54,44,0,0,0,0
276,1.118,0,104,0,0,0,0,0,50,0,54,44,0,0,0,0
277,6.321,0,104,0,0,0,0,0,50,0,54,44,0,0,0,0
278,24.966,0,104,0,0,0,1,0,51,0,53,44,0,0,0,0
279,1.002,0,104,0,0,0,0,0,51,0,53,44,0,0,0,0
280,0.882,0,104,0,0,0,0,0,51,0,53,44,0,0,0,0
281,6.280,0,104,0,0,0,1,0,52,0,52,44,0,0,0,0
282,25.274,0,104,4,4,0,0,0,52,0,56,44,0,0,0,0
283,1.187,0,104,4,4,0,0,0,52,0,56,44,0,3,0,0
284,0.931,0,104,4,4,0,0,0,52,0,56,44,0,1,0,0
285,6.009,0,108,0,4,4,0,0,52,0,56,44,0,4,0,0
286,25.102,0,108,4,4,0,0,0,52,0,60,44,0,0,0,0
287,1.053,0,108,4,4,0,0,0,52,0,60,44,0,4,0,0
288,0.823,0,108,4,4,0,0,0,52,0,60,44,0,0,0,0
289,6.419,0,112,0,4,4,1,0,53,0,59,44,0,4,0,0
290,25.052,0,112,0,0,0,0,0,53,0,59,44,0,0,0,0
291,1.154,0,112,0,0,0,0,0,53,0,59,44,0,0,0,0
292,0.743,0,112,0,0,0,0,0,53,0,59,44,0,0,0,0
293,6.220,0,112,0,0,0,0,0,53,0,59,44,0,0,0,0
294,25.088,0,112,0,0,0,0,0,53,0,59,44,0,0,0,0
295,0.883,0,112,0,0,0,0,0,53,0,59,44,0,0,0,0
296,1.876,0,112,0,0,0,0,0,53,0,59,44,0,0,0,0
297,5.582,0,112,0,0,0,0,0,53,0,59,44,0,0,0,0
298,25.193,0,112,0,0,0,0,0,53,0,59,44,0,0,0,0
299,0.795,0,112,0,0,0,0,0,53,0,59,44,0,0,0,0
300,0.658,0,112,0,0,0,0,0,53,0,59,44,0,0,0,0
301,6.719,0,112,0,0,0,1,0,54,0,58,44,0,0,0,0
302,24.971,0,112,0,0,0,0,0,54,0,58,44,0,0,0,0
303,1.043,0,112,0,0,0,0,0,54,0,58,44,0,0,0,0
304,0.677,0,112,0,0,0,0,0,54,0,58,44,0,0,0,0
305,6.753,0,112,0,0,0,0,0,54,0,58,44,0,0,0,0
306,24.928,0,112,0,0,0,0,0,54,0,58,44,0,0,0,0
307,0.892,0,112,0,0,0,0,0,54,0,58,44,0,0,0,0
308,0.747,0,112,0,0,0,0,0,54,0,58,44,0,0,0,0
309,6.684,0,112,0,0,0,0,0,54,0,58,44,0,0,0,0
310,25.081,0,112,0,0,0,0,0,54,0,58,44,0,0,0,0
311,0.903,0,112,0,0,0,0,0,54,0,58,44,0,0,0,0
312,0.687,0,112,0,0,0,0,0,54,0,58,44,0,0,0,0
313,6.550,0,112,0,0,0,0,0,54,0,58,44,0,0,0,0
314,25.147,0,112,0,0,0,0,0,54,0,58,44,0,0,0,0
315,0.982,0,112,0,0,0,0,0,54,0,58,44,0,0,0,0
316,0.744,0,112,0,0,0,0,0,54,0,58,44,0,0,0,0
317,6.530,0,112,0,0,0,0,0,54,0,58,44,0,0,0,0
318,25.135,0,112,0,0,0,0,0,54,0,58,44,0,0,0,0
319,0.880,0,112,0,0,0,0,0,54,0,58,44,0,0,0,0
320,1.406,0,112,0,0,0,0,0,54,0,58,44,0,0,0,0
321,5.996,0,112,0,0,0,0,0,54,0,58,44,0,0,0,0
322,24.963,0,112,0,0,0,0,0,54,0,58,44,0,0,0,0
323,0.875,0,112,0,0,0,0,0,54,0,58,44,0,0,0,0
324,0.742,0,112,0,0,0,0,0,54,0,58,44,0,0,0,0
325,6.582,0,112,0,0,0,0,0,54,0,58,44,0,0,0,0
326,25.239,0,112,0,0,0,0,0,54,0,58,44,0,0,0,0
327,0.854,0,112,0,0,0,0,0,54,0,58,44,0,0,0,0
328,0.779,0,112,0,0,0,0,0,54,0,58,44,0,0,0,0
329,6.610,0,112,0,0,0,0,0,54,0,58,44,0,0,0,0
330,25.192,0,112,0,0,0,0,0,54,0,58,44,0,0,0,0
331,1.028,0,112,0,0,0,0,0,54,0,58,44,0,0,0,0
332,0.715,0,112,0,0,0,0,0,54,0,58,44,0,0,0,0
333,6.477,0,112,0,0,0,0,0,54,0,58,44,0,0,0,0
334,25.013,0,112,0,0,0,1,0,55,0,57,44,0,0,0,0
335,0.838,0,112,0,0,0,0,0,55,0,57,44,0,0,0,0
336,0.758,0,112,0,0,0,0,0,55,0,57,44,0,0,0,0
337,6.550,0,112,0,0,0,0,0,55,0,57,44,0,0,0,0
338,25.077,0,112,0,0,0,0,0,55,0,57,44,0,0,0,0
339,0.800,0,112,0,0,0,0,0,55,0,57,44,0,0,0,0
340,0.706,0,112,0,0,0,0,0,55,0,57,44,0,0,0,0
341,6.753,0,112,0,0,0,0,0,55,0,57,44,0,0,0,0
342,25.119,0,112,0,0,0,0,0,55,0,57,44,0,0,0,0
343,0.795,0,112,0,0,0,0,0,55,0,57,44,0,0,0,0
344,1.076,0,112,0,0,0,0,0,55,0,57,44,0,0,0,0
345,6.436,0,112,0,0,0,0,0,55,0,57,44,0,0,0,0
346,24.847,0,112,0,0,0,1,0,56,0,56,44,0,0,0,0
347,0.770,0,112,0,0,0,0,0,56,0,56,44,0,0,0,0
348,0.807,0,112,0,0,0,0,0,56,0,56,44,0,0,0,0
349,6.832,0,112,0,0,0,0,0,56,0,56,44,0,0,0,0
350,25.170,0,112,0,0,0,0,0,56,0,56,44,0,0,0,0
351,0.765,0,112,0,0,0,0,0,56,0,56,44,0,0,0,0
352,0.670,0,112,0,0,0,0,0,56,0,56,44,0,0,0,0
353,6.779,0,112,0,0,0,0,0,56,0,56,44,0,0,0,0
354,25.168,0,112,0,0,0,0,0,56,0,56,44,0,0,0,0
355,0.891,0,112,0,0,0,0,0,56,0,56,44,0,0,0,0
356,0.747,0,112,0,0,0,0,0,56,0,56,44,0,0,0,0
357,6.472,0,112,0,0,0,0,0,56,0,56,44,0,0,0,0
358,25.026,0,112,0,0,0,0,0,56,0,56,44,0,0,0,0
359,0.943,0,112,0,0,0,0,0,56,0,56,44,0,0,0,0
360,0.635,0,112,0,0,0,0,0,56,0,56,44,0,0,0,0
361,6.728,0,112,0,0,0,0,0,56,0,56,44,0,0,0,0
362,25.147,0,112,0,0,0,0,0,56,0,56,44,0,0,0,0
363,0.890,0,112,0,0,0,0,0,56,0,56,44,0,0,0,0
364,0.852,0,112,0,0,0,0,0,56,0,56,44,0,0,0,0
365,6.515,0,112,0,0,0,0,0,56,0,56,44,0,0,0,0
366,25.073,0,112,0,0,0,0,0,56,0,56,44,0,0,0,0
367,0.881,0,112,0,0,0,0,0,56,0,56,44,0,0,0,0
368,1.475,0,112,0,0,0,0,0,56,0,56,44,0,0,0,0
369,5.722,0,112,0,0,0,0,0,56,0,56,44,0,0,0,0
370,25.189,0,112,0,0,0,0,0,56,0,56,44,0,0,0,0
371,0.784,0,112,0,0,0,0,0,56,0,56,44,0,0,0,0
372,0.626,0,112,0,0,0,0,0,56,0,56,44,0,0,0,0
373,6.776,0,112,0,0,0,0,0,56,0,56,44,0,0,0,0
374,25.156,0,112,0,0,0,0,0,56,0,56,44,0,0,0,0
375,0.852,0,112,0,0,0,0,0,56,0,56,44,0,0,0,0
376,0.665,0,112,0,0,0,0,0,56,0,56,44,0,0,0,0
377,6.729,0,112,0,0,0,0,0,56,0,56,44,0,0,0,0
378,25.100,0,112,0,0,0,0,0,56,0,56,44,0,0,0,0
379,0.881,0,112,0,0,0,0,0,56,0,56,44,0,0,0,0
380,0.796,0,112,0,0,0,0,0,56,0,56,44,0,0,0,0
381,6.516,0,112,0,0,0,0,0,56,0,56,44,0,0,0,0
382,25.129,0,112,0,0,0,0,0,56,0,56,44,0,0,0,0
383,0.838,0,112,0,0,0,0,0,56,0,56,44,0,0,0,0
384,0.669,0,112,0,0,0,0,0,56,0,56,44,0,0,0,0
385,6.866,0,112,0,0,0,0,0,56,0,56,44,0,0,0,0
386,24.925,0,112,0,0,0,0,0,56,0,56,44,0,0,0,0
387,0.959,0,112,0,0,0,0,0,56,0,56,44,0,0,0,0
388,0.701,0,112,0,0,0,0,0,56,0,56,44,0,0,0,0
389,6.592,0,112,0,0,0,1,0,57,0,55,44,0,0,0,0
390,25.240,0,112,0,0,0,0,0,57,0,55,44,0,0,0,0
391,0.975,0,112,0,0,0,0,0,57,0,55,44,0,0,0,0
392,1.965,0,112,0,0,0,0,0,57,0,55,44,0,0,0,0
393,5.135,0,112,0,0,0,0,0,57,0,55,44,0,0,0,0
394,25.266,0,112,0,0,0,0,0,57,0,55,44,0,0,0,0
395,1.048,0,112,0,0,0,0,0,57,0,55,44,0,0,0,0
396,1.221,0,112,0,0,0,0,0,57,0,55,44,0,0,0,0
397,5.885,0,112,0,0,0,0,0,57,0,55,44,0,0,0,0
398,25.003,0,112,0,0,0,1,0,58,0,54,44,0,0,0,0
399,0.869,0,112,0,0,0,0,0,58,0,54,44,0,0,0,0
400,0.807,0,112,0,0,0,0,0,58,0,54,44,0,0,0,0
401,6.536,0,112,0,0,0,0,0,58,0,54,44,0,0,0,0
402,25.338,0,112,0,0,0,0,0,58,0,54,44,0,0,0,0
403,0.935,0,112,0,0,0,0,0,58,0,54,44,0,0,0,0
404,0.887,0,112,0,0,0,0,0,58,0,54,44,0,0,0,0
405,6.081,0,112,0,0,0,0,0,58,0,54,44,0,0,0,0
406,25.211,0,112,0,0,0,0,0,58,0,54,44,0,0,0,0
407,0.892,0,112,0,0,0,0,0,58,0,54,44,0,0,0,0
408,0.684,0,112,0,0,0,0,0,58,0,54,44,0,0,0,0
409,6.670,0,112,0,0,0,0,0,58,0,54,44,0,0,0,0
410,24.999,0,112,0,0,0,0,0,58,0,54,44,0,0,0,0
411,0.947,0,112,0,0,0,0,0,58,0,54,44,0,0,0,0
412,0.775,0,112,0,0,0,0,0,58,0,54,44,0,0,0,0
413,6.558,0,112,0,0,0,0,0,58,0,54,44,0,0,0,0
414,25.191,0,112,0,0,0,0,0,58,0,54,44,0,0,0,0
415,0.876,0,112,0,0,0,0,0,58,0,54,44,0,0,0,0
416,0.770,0,112,0,0,0,0,0,58,0,54,44,0,0,0,0
417,6.362,0,112,0,0,0,0,0,58,0,54,44,0,0,0,0
418,25.275,0,112,0,0,0,0,0,58,0,54,44,0,0,0,0
419,0.833,0,112,0,0,0,0,0,58,0,54,44,0,0,0,0
420,1.608,0,112,0,0,0,0,0,58,0,54,44,0,0,0,0
421,5.760,0,112,0,0,0,0,0,58,0,54,44,0,0,0,0
422,25.055,0,112,0,0,0,0,0,58,0,54,44,0,0,0,0
423,0.883,0,112,0,0,0,0,0,58,0,54,44,0,0,0,0
424,0.729,0,112,0,0,0,0,0,58,0,54,44,0,0,0,0
425,6.798,0,112,0,0,0,0,0,58,0,54,44,0,0,0,0
426,25.130,0,112,0,0,0,0,0,58,0,54,44,0,0,0,0
427,0.882,0,112,0,0,0,0,0,58,0,54,44,0,0,0,0
428,0.759,0,112,0,0,0,0,0,58,0,54,44,0,0,0,0
429,6.608,0,112,0,0,0,0,0,58,0,54,44,0,0,0,0
430,24.917,0,112,0,0,0,0,0,58,0,54,44,0,0,0,0
431,0.822,0,112,0,0,0,0,0,58,0,54,44,0,0,0,0
432,0.848,0,112,0,0,0,0,0,58,0,54,44,0,0,0,0
433,6.504,0,112,0,0,0,0,0,58,0,54,44,0,0,0,0
434,25.396,0,112,0,0,0,0,0,58,0,54,44,0,0,0,0
435,0.903,0,112,0,0,0,0,0,58,0,54,44,0,0,0,0
436,0.737,0,112,0,0,0,0,0,58,0,54,44,0,0,0,0
437,6.460,0,112,0,0,0,0,0,58,0,54,44,0,0,0,0
438,24.974,0,112,0,0,0,0,0,58,0,54,44,0,0,0,0
439,1.099,0,112,0,0,0,0,0,58,0,54,44,0,0,0,0
440,0.798,0,112,0,0,0,0,0,58,0,54,44,0,0,0,0
441,6.371,0,112,0,0,0,0,0,58,0,54,44,0,0,0,0
442,25.151,0,112,0,0,0,0,0,58,0,54,44,0,0,0,0
443,0.945,0,112,0,0,0,0,0,58,0,54,44,0,0,0,0
444,0.733,0,112,0,0,0,0,0,58,0,54,44,0,0,0,0
445,6.572,0,112,0,0,0,0,0,58,0,54,44,0,0,0,0
446,25.109,0,112,0,0,0,0,0,58,0,54,44,0,0,0,0
447,0.854,0,112,0,0,0,0,0,58,0,54,44,0,0,0,0
448,1.130,0,112,0,0,0,0,0,58,0,54,44,0,0,0,0
449,6.200,0,112,0,0,0,0,0,58,0,54,44,0,0,0,0
450,25.124,0,112,0,0,0,0,0,58,0,54,44,0,0,0,0
451,0.759,0,112,0,0,0,0,0,58,0,54,44,0,0,0,0
452,0.690,0,112,0,0,0,0,0,58,0,54,44,0,0,0,0
453,6.689,0,112,0,0,0,0,0,58,0,54,44,0,0,0,0
454,25.138,0,112,0,0,0,0,0,58,0,54,44,0,0,0,0
455,0.825,0,112,0,0,0,0,0,58,0,54,44,0,0,0,0
456,0.716,0,112,0,0,0,0,0,58,0,54,44,0,0,0,0
457,6.692,0,112,0,0,0,0,0,58,0,54,44,0,0,0,0
458,25.036,0,112,0,0,0,0,0,58,0,54,44,0,0,0,0
459,0.888,0,112,0,0,0,0,0,58,0,54,44,0,0,0,0
460,0.747,0,112,0,0,0,0,0,58,0,54,44,0,0,0,0
461,6.674,0,112,0,0,0,0,0,58,0,54,44,0,0,0,0
462,25.031,0,112,0,0,0,0,0,58,0,54,44,0,0,0,0
463,0.800,0,112,0,0,0,0,0,58,0,54,44,0,0,0,0
464,0.669,0,112,0,0,0,0,0,58,0,54,44,0,0,0,0
465,6.810,0,112,0,0,0,0,0,58,0,54,44,0,0,0,0
466,25.186,0,112,0,0,0,0,0,58,0,54,44,0,0,0,0
467,0.897,0,112,0,0,0,0,0,58,0,54,44,0,0,0,0
468,0.668,0,112,0,0,0,0,0,58,0,54,44,0,0,0,0
469,6.670,0,112,0,0,0,0,0,58,0,54,44,0,0,0,0
470,24.914,0,112,0,0,0,0,0,58,0,54,44,0,0,0,0
471,1.012,0,112,0,0,0,0,0,58,0,54,44,0,0,0,0
472,0.821,0,112,0,0,0,0,0,58,0,54,44,0,0,0,0
473,6.541,0,112,0,0,0,0,0,58,0,54,44,0,0,0,0
474,25.066,0,112,0,0,0,0,0,58,0,54,44,0,0,0,0
475,0.904,0,112,0,0,0,0,0,58,0,54,44,0,0,0,0
476,0.893,0,112,0,0,0,0,0,58,0,54,44,0,0,0,0
477,6.362,0,112,0,0,0,0,0,58,0,54,44,0,0,0,0
478,25.150,0,112,4,4,0,0,0,58,0,58,44,0,0,0,0
479,0.936,0,112,4,4,0,0,0,58,0,58,44,0,4,0,0
480,0.852,0,112,4,4,0,0,0,58,0,58,44,0,0,0,0
481,6.376,0,116,0,4,4,0,0,58,0,58,44,0,4,0,0
482,25.232,0,116,0,0,0,0,0,58,0,58,44,0,0,0,0
483,0.948,0,116,0,0,0,0,0,58,0,58,44,0,0,0,0
484,0.751,0,116,0,0,0,0,0,58,0,58,44,0,0,0,0
485,6.523,0,116,0,0,0,0,0,58,0,58,44,0,0,0,0
486,25.102,0,116,0,0,0,0,0,58,0,58,44,0,0,0,0
487,0.865,0,116,0,0,0,0,0,58,0,58,44,0,0,0,0
488,0.741,0,116,0,0,0,0,0,58,0,58,44,0,0,0,0
489,6.566,0,116,0,0,0,0,0,58,0,58,44,0,0,0,0
490,25.193,0,116,4,4,0,0,0,58,0,62,44,0,0,0,0
491,0.825,0,116,4,4,0,0,0,58,0,62,44,0,4,0,0
492,0.929,0,117,3,4,1,0,0,58,0,62,44,0,1,0,0
493,6.335,0,120,0,3,3,0,0,58,0,62,44,0,3,0,0
494,25.199,0,120,0,0,0,0,0,58,0,62,44,0,0,0,0
495,0.856,0,120,0,0,0,0,0,58,0,62,44,0,0,0,0
496,0.671,0,120,0,0,0,0,0,58,0,62,44,0,0,0,0
497,6.724,0,120,0,0,0,0,0,58,0,62,44,0,0,0,0
498,25.219,0,120,0,0,0,1,0,59,0,61,44,0,0,0,0
499,0.912,0,120,0,0,0,0,0,59,0,61,44,0,0,0,0
500,1.323,0,120,0,0,0,0,0,59,0,61,44,0,0,0,0
501,5.830,0,120,0,0,0,0,0,59,0,61,44,0,0,0,0
502,25.076,0,120,0,0,0,0,0,59,0,61,44,0,0,0,0
503,0.877,0,120,0,0,0,0,0,59,0,61,44,0,0,0,0
504,0.721,0,120,0,0,0,0,0,59,0,61,44,0,0,0,0
505,6.671,0,120,0,0,0,0,0,59,0,61,44,0,0,0,0
506,25.151,0,120,0,0,0,0,0,59,0,61,44,0,0,0,0
507,0.768,0,120,0,0,0,0,0,59,0,61,44,0,0,0,0
508,0.800,0,120,0,0,0,0,0,59,0,61,44,0,0,0,0
509,6.717,0,120,0,0,0,0,0,59,0,61,44,0,0,0,0
510,25.135,0,120,0,0,0,0,0,59,0,61,44,0,0,0,0
511,0.814,0,120,0,0,0,0,0,59,0,61,44,0,0,0,0
512,0.647,0,120,0,0,0,0,0,59,0,61,44,0,0,0,0
513,6.521,0,120,0,0,0,1,0,60,0,60,44,0,0,0,0
514,25.045,0,120,0,0,0,0,0,60,0,60,44,0,0,0,0
515,0.966,0,120,0,0,0,0,0,60,0,60,44,0,0,0,0
516,0.682,0,120,0,0,0,0,0,60,0,60,44,0,0,0,0
517,6.811,0,120,0,0,0,0,0,60,0,60,44,0,0,0,0
518,24.942,0,120,0,0,0,0,0,60,0,60,44,0,0,0,0
519,0.886,0,120,0,0,0,0,0,60,0,60,44,0,0,0,0
520,0.760,0,120,0,0,0,0,0,60,0,60,44,0,0,0,0
521,6.491,0,120,0,0,0,0,0,60,0,60,44,0,0,0,0
522,25.209,0,120,0,0,0,1,0,61,0,59,44,0,0,0,0
523,1.006,0,120,0,0,0,0,0,61,0,59,44,0,0,0,0
524,0.958,0,120,0,0,0,0,0,61,0,59,44,0,0,0,0
525,6.354,0,120,0,0,0,0,0,61,0,59,44,0,0,0,0
526,25.061,0,120,0,0,0,0,0,61,0,59,44,0,0,0,0
527,0.877,0,120,0,0,0,0,0,61,0,59,44,0,0,0,0
528,0.765,0,120,0,0,0,0,0,61,0,59,44,0,0,0,0
529,6.459,0,120,0,0,0,0,0,61,0,59,44,0,0,0,0
530,25.290,0,120,0,0,0,0,0,61,0,59,44,0,0,0,0
531,0.861,0,120,0,0,0,0,0,61,0,59,44,0,0,0,0
532,0.642,0,120,0,0,0,0,0,61,0,59,44,0,0,0,0
533,6.754,0,120,0,0,0,0,0,61,0,59,44,0,0,0,0
534,25.031,0,120,4,4,0,1,0,62,0,62,44,0,0,0,0
535,0.991,0,120,4,4,0,0,0,62,0,62,44,0,4,0,0
536,0.998,0,120,4,4,0,0,0,62,0,62,44,0,0,0,0
537,6.175,0,124,0,4,4,0,0,62,0,62,44,0,4,0,0
538,25.098,0,124,0,0,0,0,0,62,0,62,44,0,0,0,0
539,0.908,0,124,0,0,0,0,0,62,0,62,44,0,0,0,0
540,0.689,0,124,0,0,0,0,0,62,0,62,44,0,0,0,0
541,6.629,0,124,0,0,0,0,0,62,0,62,44,0,0,0,0
542,25.126,0,124,0,0,0,0,0,62,0,62,44,0,0,0,0
543,1.053,0,124,0,0,0,0,0,62,0,62,44,0,0,0,0
544,0.674,0,124,0,0,0,0,0,62,0,62,44,0,0,0,0
545,6.664,0,124,0,0,0,0,0,62,0,62,44,0,0,0,0
546,25.050,0,124,0,0,0,0,0,62,0,62,44,0,0,0,0
547,0.853,0,124,0,0,0,0,0,62,0,62,44,0,0,0,0
548,1.673,0,124,0,0,0,0,0,62,0,62,44,0,0,0,0
549,5.562,0,124,0,0,0,0,0,62,0,62,44,0,0,0,0
550,25.306,0,124,0,0,0,0,0,62,0,62,44,0,0,0,0
551,0.877,0,124,0,0,0,0,0,62,0,62,44,0,0,0,0
552,0.667,0,124,0,0,0,0,0,62,0,62,44,0,0,0,0
553,6.399,0,124,0,0,0,0,0,62,0,62,44,0,0,0,0
554,25.195,0,124,8,8,0,1,0,63,0,69,44,0,0,0,0
555,0.921,0,124,8,8,0,0,0,63,0,69,44,0,8,0,0
556,1.227,0,124,8,8,0,0,0,63,0,69,44,0,0,0,0
557,6.158,0,132,0,8,8,0,0,63,0,69,44,0,8,0,0
558,25.232,0,132,0,0,0,0,0,63,0,69,44,0,0,0,0
559,1.049,0,132,0,0,0,0,0,63,0,69,44,0,0,0,0
560,0.675,0,132,0,0,0,0,0,63,0,69,44,0,0,0,0
561,6.309,0,132,0,0,0,0,0,63,0,69,44,0,0,0,0
562,25.096,0,132,4,4,0,0,0,63,0,73,44,0,0,0,0
563,0.850,0,132,4,4,0,0,0,63,0,73,44,0,4,0,0
564,0.876,0,132,4,4,0,0,0,63,0,73,44,0,0,0,0
565,6.600,0,136,0,4,4,0,0,63,0,73,44,0,4,0,0
566,25.033,0,136,0,0,0,1,0,64,0,72,44,0,0,0,0
567,0.943,0,136,0,0,0,0,0,64,0,72,44,0,0,0,0
568,0.788,0,136,0,0,0,0,0,64,0,72,44,0,0,0,0
569,6.472,0,136,0,0,0,0,0,64,0,72,44,0,0,0,0
570,25.185,0,136,0,0,0,0,0,64,0,72,44,0,0,0,0
571,0.862,0,136,0,0,0,0,0,64,0,72,44,0,0,0,0
572,1.503,0,136,0,0,0,0,0,64,0,72,44,0,0,0,0
573,5.786,0,136,0,0,0,0,0,64,0,72,44,0,0,0,0
574,25.195,0,136,0,0,0,0,0,64,0,72,44,0,0,0,0
575,1.268,0,136,0,0,0,0,0,64,0,72,44,0,0,0,0
576,0.953,0,136,0,0,0,0,0,64,0,72,44,0,0,0,0
577,6.080,0,136,0,0,0,0,0,64,0,72,44,0,0,0,0
578,25.175,0,136,0,0,0,0,0,64,0,72,44,0,0,0,0
579,0.837,0,136,0,0,0,0,0,64,0,72,44,0,0,0,0
580,0.814,0,136,0,0,0,0,0,64,0,72,44,0,0,0,0
581,6.440,0,136,0,0,0,0,0,64,0,72,44,0,0,0,0
582,25.118,0,136,0,0,0,0,0,64,0,72,44,0,0,0,0
583,0.860,0,136,0,0,0,0,0,64,0,72,44,0,0,0,0
584,0.675,0,136,0,0,0,0,0,64,0,72,44,0,0,0,0
585,6.785,0,136,0,0,0,1,0,65,0,71,44,0,0,0,0
586,24.789,0,136,0,0,0,0,0,65,0,71,44,0,0,0,0
587,1.083,0,136,0,0,0,0,0,65,0,71,44,0,0,0,0
588,0.698,0,136,0,0,0,0,0,65,0,71,44,0,0,0,0
589,6.794,0,136,0,0,0,0,0,65,0,71,44,0,0,0,0
590,24.767,0,136,0,0,0,0,0,65,0,71,44,0,0,0,0
591,0.828,0,136,0,0,0,0,0,65,0,71,44,0,0,0,0
592,0.640,0,136,0,0,0,0,0,65,0,71,44,0,0,0,0
593,6.827,0,136,0,0,0,0,0,65,0,71,44,0,0,0,0
594,25.348,0,136,0,0,0,0,0,65,0,71,44,0,0,0,0
595,0.814,0,136,0,0,0,0,0,65,0,71,44,0,0,0,0
596,1.362,0,136,0,0,0,0,0,65,0,71,44,0,0,0,0
597,5.774,0,136,0,0,0,0,0,65,0,71,44,0,0,0,0
598,25.004,0,136,0,0,0,0,0,65,0,71,44,0,0,0,0
599,0.941,0,136,0,0,0,0,0,65,0,71,44,0,0,0,0
600,0.767,0,136,0,0,0,0,0,65,0,71,44,0,0,0,0
601,6.659,0,136,0,0,0,0,0,65,0,71,44,0,0,0,0
602,25.073,0,136,0,0,0,0,0,65,0,71,44,0,0,0,0
603,0.814,0,136,0,0,0,0,0,65,0,71,44,0,0,0,0
604,0.632,0,136,0,0,0,0,0,65,0,71,44,0,0,0,0
605,7.060,0,136,0,0,0,0,0,65,0,71,44,0,0,0,0
606,24.831,0,136,0,0,0,0,0,65,0,71,44,0,0,0,0
607,0.985,0,136,0,0,0,0,0,65,0,71,44,0,0,0,0
608,0.716,0,136,0,0,0,0,0,65,0,71,44,0,0,0,0
609,6.816,0,136,0,0,0,0,0,65,0,71,44,0,0,0,0
610,24.883,0,136,0,0,0,0,0,65,0,71,44,0,0,0,0
611,0.935,0,136,0,0,0,0,0,65,0,71,44,0,0,0,0
612,0.794,0,136,0,0,0,0,0,65,0,71,44,0,0,0,0
613,6.429,0,136,0,0,0,0,0,65,0,71,44,0,0,0,0
614,25.081,0,136,0,0,0,0,0,65,0,71,44,0,0,0,0
615,0.859,0,136,0,0,0,0,0,65,0,71,44,0,0,0,0
616,0.768,0,136,0,0,0,0,0,65,0,71,44,0,0,0,0
617,6.641,0,136,0,0,0,0,0,65,0,71,44,0,0,0,0
618,25.313,0,136,0,0,0,0,0,65,0,71,44,0,0,0,0
619,0.833,0,136,0,0,0,0,0,65,0,71,44,0,0,0,0
620,1.304,0,136,0,0,0,0,0,65,0,71,44,0,0,0,0
621,6.046,0,136,0,0,0,0,0,65,0,71,44,0,0,0,0
622,24.818,0,136,0,0,0,0,0,65,0,71,44,0,0,0,0
623,0.840,0,136,0,0,0,0,0,65,0,71,44,0,0,0,0
624,0.656,0,136,0,0,0,0,0,65,0,71,44,0,0,0,0
625,6.930,0,136,0,0,0,0,0,65,0,71,44,0,0,0,0
626,25.141,0,136,0,0,0,1,0,66,0,70,44,0,0,0,0
627,0.794,0,136,0,0,0,0,0,66,0,70,44,0,0,0,0
628,0.750,0,136,0,0,0,0,0,66,0,70,44,0,0,0,0
629,6.612,0,136,0,0,0,0,0,66,0,70,44,0,0,0,0
630,25.200,0,136,0,0,0,0,0,66,0,70,44,0,0,0,0
631,0.836,0,136,0,0,0,0,0,66,0,70,44,0,0,0,0
632,0.777,0,136,0,0,0,0,0,66,0,70,44,0,0,0,0
633,6.582,0,136,0,0,0,0,0,66,0,70,44,0,0,0,0
634,25.125,0,136,0,0,0,0,0,66,0,70,44,0,0,0,0
635,1.018,0,136,0,0,0,0,0,66,0,70,44,0,0,0,0
636,0.674,0,136,0,0,0,0,0,66,0,70,44,0,0,0,0
637,6.463,0,136,0,0,0,0,0,66,0,70,44,0,0,0,0
638,25.016,0,136,0,0,0,1,0,67,0,69,44,0,0,0,0
639,1.094,0,136,0,0,0,0,0,67,0,69,44,0,0,0,0
640,0.790,0,136,0,0,0,0,0,67,0,69,44,0,0,0,0
641,6.381,0,136,0,0,0,0,0,67,0,69,44,0,0,0,0
642,25.197,0,136,0,0,0,0,0,67,0,69,44,0,0,0,0
643,0.898,0,136,0,0,0,0,0,67,0,69,44,0,0,0,0
644,0.660,0,136,0,0,0,0,0,67,0,69,44,0,0,0,0
645,6.544,0,136,0,0,0,0,0,67,0,69,44,0,0,0,0
646,25.133,0,136,0,0,0,0,0,67,0,69,44,0,0,0,0
647,0.943,0,136,0,0,0,0,0,67,0,69,44,0,0,0,0
648,0.647,0,136,0,0,0,0,0,67,0,69,44,0,0,0,0
649,6.795,0,136,0,0,0,0,0,67,0,69,44,0,0,0,0
650,24.977,0,136,0,0,0,0,0,67,0,69,44,0,0,0,0
651,1.030,0,136,0,0,0,0,0,67,0,69,44,0,0,0,0
652,0.739,0,136,0,0,0,0,0,67,0,69,44,0,0,0,0
653,6.518,0,136,0,0,0,0,0,67,0,69,44,0,0,0,0
654,25.028,0,136,0,0,0,0,0,67,0,69,44,0,0,0,0
655,0.813,0,136,0,0,0,0,0,67,0,69,44,0,0,0,0
656,0.698,0,136,0,0,0,0,0,67,0,69,44,0,0,0,0
657,6.706,0,136,0,0,0,0,0,67,0,69,44,0,0,0,0
658,25.075,0,136,0,0,0,0,0,67,0,69,44,0,0,0,0
659,0.847,0,136,0,0,0,0,0,67,0,69,44,0,0,0,0
660,0.716,0,136,0,0,0,0,0,67,0,69,44,0,0,0,0
661,6.678,0,136,0,0,0,0,0,67,0,69,44,0,0,0,0
662,25.174,0,136,0,0,0,1,0,68,0,68,44,0,0,0,0
663,0.800,0,136,0,0,0,0,0,68,0,68,44,0,0,0,0
664,1.693,0,136,0,0,0,0,0,68,0,68,44,0,0,0,0
665,5.747,0,136,0,0,0,0,0,68,0,68,44,0,0,0,0
666,24.949,0,136,0,0,0,0,0,68,0,68,44,0,0,0,0
667,0.877,0,136,0,0,0,0,0,68,0,68,44,0,0,0,0
668,0.675,0,136,0,0,0,0,0,68,0,68,44,0,0,0,0
669,6.782,0,136,0,0,0,0,0,68,0,68,44,0,0,0,0
670,25.059,0,136,0,0,0,0,0,68,0,68,44,0,0,0,0
671,0.914,0,136,0,0,0,0,0,68,0,68,44,0,0,0,0
672,0.704,0,136,0,0,0,0,0,68,0,68,44,0,0,0,0
673,6.712,0,136,0,0,0,0,0,68,0,68,44,0,0,0,0
674,25.131,0,136,0,0,0,1,0,69,0,67,44,0,0,0,0
675,1.109,0,136,0,0,0,0,0,69,0,67,44,0,0,0,0
676,2.244,0,136,0,0,0,0,0,69,0,67,44,0,0,0,0
677,4.796,0,136,0,0,0,0,0,69,0,67,44,0,0,0,0
678,25.087,0,136,0,0,0,0,0,69,0,67,44,0,0,0,0
679,0.931,0,136,0,0,0,0,0,69,0,67,44,0,0,0,0
680,0.717,0,136,0,0,0,0,0,69,0,67,44,0,0,0,0
681,6.618,0,136,0,0,0,0,0,69,0,67,44,0,0,0,0
682,25.099,0,136,0,0,0,1,0,70,0,66,44,0,0,0,0
683,0.879,0,136,0,0,0,0,0,70,0,66,44,0,0,0,0
684,0.783,0,136,0,0,0,0,0,70,0,66,44,0,0,0,0
685,6.456,0,136,0,0,0,0,0,70,0,66,44,0,0,0,0
686,25.245,0,136,0,0,0,0,0,70,0,66,44,0,0,0,0
687,0.863,0,136,0,0,0,0,0,70,0,66,44,0,0,0,0
688,1.231,0,136,0,0,0,0,0,70,0,66,44,0,0,0,0
689,6.046,0,136,0,0,0,0,0,70,0,66,44,0,0,0,0
690,25.396,0,136,0,0,0,0,0,70,0,66,44,0,0,0,0
691,1.043,0,136,0,0,0,0,0,70,0,66,44,0,0,0,0
692,0.668,0,136,0,0,0,0,0,70,0,66,44,0,0,0,0
693,6.305,0,136,0,0,0,1,0,70,0,66,44,0,0,0,0
694,24.998,0,136,0,0,0,0,0,70,0,66,44,0,0,0,0
695,1.023,0,136,0,0,0,0,0,70,0,66,44,0,0,0,0
696,0.821,0,136,0,0,0,0,0,70,0,66,44,0,0,0,0
697,6.578,0,136,0,0,0,0,0,70,0,66,44,0,0,0,0
698,24.946,0,136,0,0,0,0,0,70,0,66,44,0,0,0,0
699,1.003,0,136,0,0,0,0,0,70,0,66,44,0,0,0,0
700,0.728,0,136,0,0,0,0,0,70,0,66,44,0,0,0,0
701,6.577,0,136,0,0,0,0,0,70,0,66,44,0,0,0,0
702,25.004,0,136,0,0,0,1,0,71,0,65,44,0,0,0,0
703,0.770,0,136,0,0,0,0,0,71,0,65,44,0,0,0,0
704,0.856,0,136,0,0,0,0,0,71,0,65,44,0,0,0,0
705,6.635,0,136,0,0,0,0,0,71,0,65,44,0,0,0,0
706,25.092,0,136,0,0,0,0,0,71,0,65,44,0,0,0,0
707,0.842,0,136,0,0,0,0,0,71,0,65,44,0,0,0,0
708,0.673,0,136,0,0,0,0,0,71,0,65,44,0,0,0,0
709,6.515,0,136,0,0,0,0,0,71,0,65,44,0,0,0,0
710,25.265,0,136,0,0,0,1,0,71,0,65,44,0,0,0,0
711,0.916,0,136,0,0,0,0,0,71,0,65,44,0,0,0,0
712,0.801,0,136,0,0,0,0,0,71,0,65,44,0,0,0,0
713,6.603,0,136,0,0,0,0,0,71,0,65,44,0,0,0,0
714,25.049,0,136,0,0,0,0,0,71,0,65,44,0,0,0,0
715,0.849,0,136,0,0,0,0,0,71,0,65,44,0,0,0,0
716,0.751,0,136,0,0,0,0,0,71,0,65,44,0,0,0,0
717,6.583,0,136,0,0,0,0,0,71,0,65,44,0,0,0,0
718,25.223,0,136,0,0,0,0,0,71,0,65,44,0,0,0,0
719,0.828,0,136,0,0,0,0,0,71,0,65,44,0,0,0,0
720,0.787,0,136,0,0,0,0,0,71,0,65,44,0,0,0,0
721,6.555,0,136,0,0,0,0,0,71,0,65,44,0,0,0,0
722,24.984,0,136,0,0,0,0,0,71,0,65,44,0,0,0,0
723,0.962,0,136,0,0,0,0,0,71,0,65,44,0,0,0,0
724,0.671,0,136,0,0,0,0,0,71,0,65,44,0,0,0,0
725,6.881,0,136,0,0,0,0,0,71,0,65,44,0,0,0,0
726,24.791,0,136,0,0,0,0,0,71,0,65,44,0,0,0,0
727,0.891,0,136,0,0,0,0,0,71,0,65,44,0,0,0,0
728,0.652,0,136,0,0,0,0,0,71,0,65,44,0,0,0,0
729,6.825,0,136,0,0,0,0,0,71,0,65,44,0,0,0,0
730,25.018,0,136,0,0,0,0,0,71,0,65,44,0,0,0,0
731,1.039,0,136,0,0,0,0,0,71,0,65,44,0,0,0,0
732,0.663,0,136,0,0,0,0,0,71,0,65,44,0,0,0,0
733,6.596,0,136,0,0,0,0,0,71,0,65,44,0,0,0,0
734,25.017,0,136,0,0,0,0,0,71,0,65,44,0,0,0,0
735,0.926,0,136,0,0,0,0,0,71,0,65,44,0,0,0,0
736,1.065,0,136,0,0,0,0,0,71,0,65,44,0,0,0,0
737,6.179,0,136,3,3,0,0,0,71,0,68,44,0,0,0,0
738,25.306,0,136,3,3,0,0,0,71,0,68,44,0,3,0,0
739,0.858,0,136,3,3,0,0,0,71,0,68,44,0,0,0,0
740,1.938,0,139,0,3,3,0,0,71,0,68,44,0,3,0,0
741,5.299,0,139,0,0,0,0,0,71,0,68,44,0,0,0,0
742,25.135,0,139,4,4,0,0,0,71,0,72,44,0,0,0,0
743,0.963,0,139,4,4,0,0,0,71,0,72,44,0,3,0,0
744,0.940,0,139,4,4,0,0,0,71,0,72,44,0,0,0,0
745,6.337,0,142,1,4,3,0,0,71,0,72,44,0,4,0,0
746,25.128,0,143,4,5,1,0,0,71,0,76,44,0,1,0,0
747,1.198,0,143,4,4,0,0,0,71,0,76,44,0,3,0,0
748,0.910,0,143,4,4,0,0,0,71,0,76,44,0,1,0,0
749,6.057,0,147,0,4,4,0,0,71,0,76,44,0,4,0,0
750,25.162,0,147,0,0,0,1,0,71,0,76,44,0,0,0,0
751,1.040,0,147,0,0,0,0,0,71,0,76,44,0,0,0,0
752,0.657,0,147,0,0,0,0,0,71,0,76,44,0,0,0,0
753,6.438,0,147,0,0,0,0,0,71,0,76,44,0,0,0,0
754,25.163,0,147,3,3,0,0,0,71,0,79,44,0,0,0,0
755,0.887,0,147,3,3,0,0,0,71,0,79,44,0,3,0,0
756,1.050,0,149,1,3,2,0,0,71,0,79,44,0,2,0,0
757,6.227,0,150,0,1,1,0,0,71,0,79,44,0,1,0,0
758,25.193,0,150,0,0,0,0,0,71,0,79,44,0,0,0,0
759,1.111,0,150,0,0,0,0,0,71,0,79,44,0,0,0,0
760,0.870,0,150,0,0,0,0,0,71,0,79,44,0,0,0,0
761,6.123,0,150,0,0,0,0,0,71,0,79,44,0,0,0,0
762,25.231,0,150,0,0,0,1,0,71,0,79,44,0,0,0,0
763,0.885,0,150,0,0,0,0,0,71,0,79,44,0,0,0,0
764,0.631,0,150,0,0,0,0,0,71,0,79,44,0,0,0,0
765,6.622,0,150,0,0,0,0,0,71,0,79,44,0,0,0,0
766,25.128,0,150,0,0,0,0,0,71,0,79,44,0,0,0,0
767,0.906,0,150,0,0,0,0,0,71,0,79,44,0,0,0,0
768,0.647,0,150,0,0,0,0,0,71,0,79,44,0,0,0,0
769,6.630,0,150,0,0,0,0,0,71,0,79,44,0,0,0,0
770,25.103,0,150,0,0,0,0,0,71,0,79,44,0,0,0,0
771,0.988,0,150,0,0,0,0,0,71,0,79,44,0,0,0,0
772,0.748,0,150,0,0,0,0,0,71,0,79,44,0,0,0,0
773,6.590,0,150,0,0,0,0,0,71,0,79,44,0,0,0,0
774,25.143,0,150,0,0,0,0,0,71,0,79,44,0,0,0,0
775,0.913,0,150,0,0,0,0,0,71,0,79,44,0,0,0,0
776,0.659,0,150,0,0,0,0,0,71,0,79,44,0,0,0,0
777,6.603,0,150,0,0,0,0,0,71,0,79,44,0,0,0,0
778,25.059,0,150,0,0,0,0,0,71,0,79,44,0,0,0,0
779,0.919,0,150,0,0,0,0,0,71,0,79,44,0,0,0,0
780,0.673,0,150,0,0,0,0,0,71,0,79,44,0,0,0,0
781,6.593,0,150,0,0,0,0,0,71,0,79,44,0,0,0,0
782,25.267,0,150,0,0,0,0,0,71,0,79,44,0,0,0,0
783,0.865,0,150,0,0,0,0,0,71,0,79,44,0,0,0,0
784,1.292,0,150,0,0,0,0,0,71,0,79,44,0,0,0,0
785,5.996,0,150,0,0,0,0,0,71,0,79,44,0,0,0,0
786,25.427,0,150,0,0,0,1,0,71,0,79,44,0,0,0,0
787,0.831,0,150,0,0,0,0,0,71,0,79,44,0,0,0,0
788,0.685,0,150,0,0,0,0,0,71,0,79,44,0,0,0,0
789,6.435,0,150,0,0,0,0,0,71,0,79,44,0,0,0,0
790,24.910,0,150,0,0,0,0,0,71,0,79,44,0,0,0,0
791,0.882,0,150,0,0,0,0,0,71,0,79,44,0,0,0,0
792,0.720,0,150,0,0,0,0,0,71,0,79,44,0,0,0,0
793,6.878,0,150,0,0,0,0,0,71,0,79,44,0,0,0,0
794,24.996,0,150,0,0,0,0,0,71,0,79,44,0,0,0,0
795,0.850,0,150,0,0,0,0,0,71,0,79,44,0,0,0,0
796,0.665,0,150,0,0,0,0,0,71,0,79,44,0,0,0,0
797,6.785,0,150,0,0,0,0,0,71,0,79,44,0,0,0,0
798,25.027,0,150,0,0,0,1,0,71,0,79,44,0,0,0,0
799,0.910,0,150,0,0,0,0,0,71,0,79,44,0,0,0,0
800,0.806,0,150,0,0,0,0,0,71,0,79,44,0,0,0,0
801,6.589,0,150,0,0,0,0,0,71,0,79,44,0,0,0,0
802,24.941,0,150,0,0,0,0,0,71,0,79,44,0,0,0,0
803,0.954,0,150,0,0,0,0,0,71,0,79,44,0,0,0,0
804,0.710,0,150,0,0,0,0,0,71,0,79,44,0,0,0,0
805,6.694,0,150,0,0,0,0,0,71,0,79,44,0,0,0,0
806,25.178,0,150,0,0,0,0,0,71,0,79,44,0,0,0,0
807,0.913,0,150,0,0,0,0,0,71,0,79,44,0,0,0,0
808,1.009,0,150,0,0,0,0,0,71,0,79,44,0,0,0,0
809,6.221,0,150,0,0,0,0,0,71,0,79,44,0,0,0,0
810,25.027,0,150,0,0,0,0,0,71,0,79,44,0,0,0,0
811,0.821,0,150,0,0,0,0,0,71,0,79,44,0,0,0,0
812,0.687,0,150,0,0,0,0,0,71,0,79,44,0,0,0,0
813,6.721,0,150,0,0,0,0,0,71,0,79,44,0,0,0,0
814,25.166,0,150,0,0,0,0,0,71,0,79,44,0,0,0,0
815,0.931,0,150,0,0,0,0,0,71,0,79,44,0,0,0,0
816,0.709,0,150,0,0,0,0,0,71,0,79,44,0,0,0,0
817,6.666,0,150,0,0,0,0,0,71,0,79,44,0,0,0,0
818,25.046,0,150,0,0,0,1,0,71,0,79,44,0,0,0,0
819,0.802,0,150,0,0,0,0,0,71,0,79,44,0,0,0,0
820,0.968,0,150,0,0,0,0,0,71,0,79,44,0,0,0,0
821,6.477,0,150,0,0,0,0,0,71,0,79,44,0,0,0,0
822,25.162,0,150,0,0,0,0,0,71,0,79,44,0,0,0,0
823,0.855,0,150,0,0,0,0,0,71,0,79,44,0,0,0,0
824,0.710,0,150,0,0,0,0,0,71,0,79,44,0,0,0,0
825,6.529,0,150,0,0,0,0,0,71,0,79,44,0,0,0,0
826,25.205,0,150,0,0,0,0,0,71,0,79,44,0,0,0,0
827,0.860,0,150,0,0,0,0,0,71,0,79,44,0,0,0,0
828,1.884,0,150,0,0,0,0,0,71,0,79,44,0,0,0,0
829,5.440,0,150,0,0,0,0,0,71,0,79,44,0,0,0,0
830,25.082,0,150,0,0,0,0,0,71,0,79,44,0,0,0,0
831,0.841,0,150,0,0,0,0,0,71,0,79,44,0,0,0,0
832,0.702,0,150,0,0,0,0,0,71,0,79,44,0,0,0,0
833,6.796,0,150,0,0,0,0,0,71,0,79,44,0,0,0,0
834,24.905,0,150,0,0,0,0,0,71,0,79,44,0,0,0,0
835,0.918,0,150,0,0,0,0,0,71,0,79,44,0,0,0,0
836,0.658,0,150,0,0,0,0,0,71,0,79,44,0,0,0,0
837,6.625,0,150,0,0,0,0,0,71,0,79,44,0,0,0,0
838,25.152,0,150,0,0,0,1,0,71,0,79,44,0,0,0,0
839,0.864,0,150,0,0,0,0,0,71,0,79,44,0,0,0,0
840,0.763,0,150,0,0,0,0,0,71,0,79,44,0,0,0,0
841,6.988,0,150,0,0,0,1,0,72,0,78,44,0,0,0,0
842,24.911,0,150,0,0,0,1,0,73,0,77,44,0,0,0,0
843,0.943,0,150,0,0,0,0,0,73,0,77,44,0,0,0,0
844,0.878,0,150,0,0,0,0,0,73,0,77,44,0,0,0,0
845,6.340,0,150,0,0,0,0,0,73,0,77,44,0,0,0,0
846,24.879,0,150,0,0,0,2,0,74,0,76,44,0,0,0,0
847,0.803,0,150,0,0,0,0,0,74,0,76,44,0,0,0,0
848,0.775,0,150,0,0,0,0,0,74,0,76,44,0,0,0,0
849,6.782,0,150,0,0,0,1,0,74,0,76,44,0,0,0,0
850,25.031,0,150,0,0,0,0,0,74,0,76,44,0,0,0,0
851,0.859,0,150,0,0,0,0,0,74,0,76,44,0,0,0,0
852,1.302,0,150,0,0,0,0,0,74,0,76,44,0,0,0,0
853,6.130,0,150,0,0,0,1,0,74,0,76,44,0,0,0,0
854,25.010,0,150,0,0,0,0,0,74,0,76,44,0,0,0,0
855,0.870,0,150,0,0,0,0,0,74,0,76,44,0,0,0,0
856,0.691,0,150,0,0,0,0,0,74,0,76,44,0,0,0,0
857,6.683,0,150,0,0,0,1,0,74,0,76,44,0,0,0,0
858,25.184,0,150,0,0,0,0,0,74,0,76,44,0,0,0,0
859,0.785,0,150,0,0,0,0,0,74,0,76,44,0,0,0,0
860,0.700,0,150,0,0,0,0,0,74,0,76,44,0,0,0,0
861,6.619,0,150,0,0,0,0,0,74,0,76,44,0,0,0,0
862,25.354,0,150,0,0,0,0,0,74,0,76,44,0,0,0,0
863,0.879,0,150,0,0,0,0,0,74,0,76,44,0,0,0,0
864,0.640,0,150,0,0,0,0,0,74,0,76,44,0,0,0,0
865,6.613,0,150,0,0,0,0,0,74,0,76,44,0,0,0,0
866,25.097,0,150,0,0,0,1,0,74,0,76,44,0,0,0,0
867,0.873,0,150,0,0,0,0,0,74,0,76,44,0,0,0,0
868,0.677,0,150,0,0,0,0,0,74,0,76,44,0,0,0,0
869,6.610,0,150,0,0,0,0,0,74,0,76,44,0,0,0,0
870,25.058,0,150,0,0,0,0,0,74,0,76,44,0,0,0,0
871,0.832,0,150,0,0,0,0,0,74,0,76,44,0,0,0,0
872,0.708,0,150,0,0,0,0,0,74,0,76,44,0,0,0,0
873,6.912,0,150,0,0,0,0,0,74,0,76,44,0,0,0,0
874,24.990,0,150,0,0,0,1,0,75,0,75,44,0,0,0,0
875,0.889,0,150,0,0,0,0,0,75,0,75,44,0,0,0,0
876,1.790,0,150,0,0,0,0,0,75,0,75,44,0,0,0,0
877,5.484,0,150,0,0,0,0,0,75,0,75,44,0,0,0,0
878,25.023,0,150,0,0,0,0,0,75,0,75,44,0,0,0,0
879,0.841,0,150,0,0,0,0,0,75,0,75,44,0,0,0,0
880,0.683,0,150,0,0,0,0,0,75,0,75,44,0,0,0,0
881,6.702,0,150,0,0,0,1,0,75,0,75,44,0,0,0,0
882,25.183,0,150,0,0,0,1,0,75,0,75,44,0,0,0,0
883,0.795,0,150,0,0,0,0,0,75,0,75,44,0,0,0,0
884,0.708,0,150,0,0,0,0,0,75,0,75,44,0,0,0,0
885,6.737,0,150,0,0,0,1,0,75,0,75,44,0,0,0,0
886,25.003,0,150,0,0,0,1,0,75,0,75,44,0,0,0,0
887,0.844,0,150,0,0,0,0,0,75,0,75,44,0,0,0,0
888,0.734,0,150,0,0,0,0,0,75,0,75,44,0,0,0,0
889,6.915,0,150,0,0,0,0,0,75,0,75,44,0,0,0,0
890,24.965,0,150,0,0,0,2,0,75,0,75,44,0,0,0,0
891,0.887,0,150,0,0,0,0,0,75,0,75,44,0,0,0,0
892,0.790,0,150,0,0,0,0,0,75,0,75,44,0,0,0,0
893,6.415,0,150,0,0,0,0,0,75,0,75,44,0,0,0,0
894,25.080,0,150,0,0,0,2,0,75,0,75,44,0,0,0,0
895,0.827,0,150,0,0,0,0,0,75,0,75,44,0,0,0,0
896,0.770,0,150,0,0,0,0,0,75,0,75,44,0,0,0,0
897,6.687,0,150,0,0,0,0,0,75,0,75,44,0,0,0,0
898,25.174,0,150,0,0,0,0,0,75,0,75,44,0,0,0,0
899,0.880,0,150,0,0,0,0,0,75,0,75,44,0,0,0,0
900,1.038,0,150,0,0,0,0,0,75,0,75,44,0,0,0,0
901,6.188,0,150,0,0,0,0,0,75,0,75,44,0,0,0,0
902,25.298,0,150,0,0,0,2,0,75,0,75,44,0,0,0,0
903,0.946,0,150,0,0,0,0,0,75,0,75,44,0,0,0,0
904,0.679,0,150,0,0,0,0,0,75,0,75,44,0,0,0,0
905,6.576,0,150,0,0,0,0,0,75,0,75,44,0,0,0,0
906,25.085,0,150,0,0,0,0,0,75,0,75,44,0,0,0,0
907,0.790,0,150,0,0,0,0,0,75,0,75,44,0,0,0,0
908,0.788,0,150,0,0,0,0,0,75,0,75,44,0,0,0,0
909,6.615,0,150,0,0,0,0,0,75,0,75,44,0,0,0,0
910,25.144,0,150,0,0,0,0,0,75,0,75,44,0,0,0,0
911,0.834,0,150,0,0,0,0,0,75,0,75,44,0,0,0,0
912,0.674,0,150,0,0,0,0,0,75,0,75,44,0,0,0,0
913,6.716,0,150,0,0,0,0,0,75,0,75,44,0,0,0,0
914,25.159,0,150,0,0,0,0,0,75,0,75,44,0,0,0,0
915,0.831,0,150,0,0,0,0,0,75,0,75,44,0,0,0,0
916,0.714,0,150,0,0,0,0,0,75,0,75,44,0,0,0,0
917,6.789,0,150,0,0,0,0,0,75,0,75,44,0,0,0,0
918,25.091,0,150,0,0,0,0,0,75,0,75,44,0,0,0,0
919,0.771,0,150,0,0,0,0,0,75,0,75,44,0,0,0,0
920,1.390,0,150,0,0,0,0,0,75,0,75,44,0,0,0,0
921,5.805,0,150,0,0,0,0,0,75,0,75,44,0,0,0,0
922,25.150,0,150,0,0,0,0,0,75,0,75,44,0,0,0,0
923,1.025,0,150,0,0,0,0,0,75,0,75,44,0,0,0,0
924,0.735,0,150,0,0,0,0,0,75,0,75,44,0,0,0,0
925,6.618,0,150,0,0,0,0,0,75,0,75,44,0,0,0,0
926,25.028,0,150,4,4,0,1,0,75,0,79,44,0,0,0,0
927,0.867,0,150,4,4,0,0,0,75,0,79,44,0,4,0,0
928,0.792,0,150,4,4,0,0,0,75,0,79,44,0,0,0,0
929,6.503,0,154,0,4,4,0,0,75,0,79,44,0,4,0,0
930,25.156,0,154,0,0,0,0,0,75,0,79,44,0,0,0,0
931,0.928,0,154,0,0,0,0,0,75,0,79,44,0,0,0,0
932,0.742,0,154,0,0,0,0,0,75,0,79,44,0,0,0,0
933,6.907,0,154,0,0,0,2,0,75,0,79,44,0,0,0,0
934,24.670,0,154,0,0,0,0,0,75,0,79,44,0,0,0,0
935,0.939,0,154,0,0,0,0,0,75,0,79,44,0,0,0,0
936,0.849,0,154,0,0,0,0,0,75,0,79,44,0,0,0,0
937,6.589,0,154,0,0,0,2,0,75,0,79,44,0,0,0,0
938,25.080,0,154,0,0,0,1,0,76,0,78,44,0,0,0,0
939,1.031,0,154,0,0,0,0,0,76,0,78,44,0,0,0,0
940,0.821,0,154,0,0,0,0,0,76,0,78,44,0,0,0,0
941,6.339,0,154,0,0,0,0,0,76,0,78,44,0,0,0,0
942,24.965,0,154,0,0,0,0,0,76,0,78,44,0,0,0,0
943,0.994,0,154,0,0,0,0,0,76,0,78,44,0,0,0,0
944,0.810,0,154,0,0,0,0,0,76,0,78,44,0,0,0,0
945,6.553,0,154,0,0,0,1,0,77,0,77,44,0,0,0,0
946,25.096,0,154,0,0,0,1,0,78,0,76,44,0,0,0,0
947,0.962,0,154,0,0,0,0,0,78,0,76,44,0,0,0,0
948,0.800,0,154,0,0,0,0,0,78,0,76,44,0,0,0,0
949,6.485,0,154,0,0,0,1,0,78,0,76,44,0,0,0,0
950,24.965,0,154,0,0,0,0,0,78,0,76,44,0,0,0,0
951,0.829,0,154,0,0,0,0,0,78,0,76,44,0,0,0,0
952,0.685,0,154,0,0,0,0,0,78,0,76,44,0,0,0,0
953,6.789,0,154,0,0,0,0,0,78,0,76,44,0,0,0,0
954,25.089,0,154,0,0,0,0,0,78,0,76,44,0,0,0,0
955,0.795,0,154,0,0,0,0,0,78,0,76,44,0,0,0,0
956,0.654,0,154,0,0,0,0,0,78,0,76,44,0,0,0,0
957,6.948,0,154,0,0,0,1,0,79,0,75,44,0,0,0,0
958,25.004,0,154,0,0,0,1,0,79,0,75,44,0,0,0,0
959,1.065,0,154,0,0,0,0,0,79,0,75,44,0,0,0,0
960,0.755,0,154,0,0,0,0,0,79,0,75,44,0,0,0,0
961,6.671,0,154,0,0,0,0,0,79,0,75,44,0,0,0,0
962,24.782,0,154,0,0,0,1,0,80,0,74,44,0,0,0,0
963,0.942,0,154,0,0,0,0,0,80,0,74,44,0,0,0,0
964,0.853,0,154,0,0,0,0,0,80,0,74,44,0,0,0,0
965,6.478,0,154,0,0,0,0,0,80,0,74,44,0,0,0,0
966,25.063,0,154,0,0,0,0,0,80,0,74,44,0,0,0,0
967,0.838,0,154,0,0,0,0,0,80,0,74,44,0,0,0,0
968,0.794,0,154,0,0,0,0,0,80,0,74,44,0,0,0,0
969,6.788,0,154,0,0,0,0,0,80,0,74,44,0,0,0,0
970,24.863,0,154,0,0,0,1,0,81,0,73,44,0,0,0,0
971,0.869,0,154,0,0,0,0,0,81,0,73,44,0,0,0,0
972,0.781,0,154,0,0,0,0,0,81,0,73,44,0,0,0,0
973,6.629,0,154,0,0,0,0,0,81,0,73,44,0,0,0,0
974,25.114,0,154,0,0,0,1,0,82,0,72,44,0,0,0,0
975,0.875,0,154,0,0,0,0,0,82,0,72,44,0,0,0,0
976,0.964,0,154,0,0,0,0,0,82,0,72,44,0,0,0,0
977,6.322,0,154,0,0,0,0,0,82,0,72,44,0,0,0,0
978,25.208,0,154,0,0,0,2,0,83,0,71,44,0,0,0,0
979,0.865,0,154,0,0,0,0,0,83,0,71,44,0,0,0,0
980,0.862,0,154,0,0,0,0,0,83,0,71,44,0,0,0,0
981,6.506,0,154,0,0,0,0,0,83,0,71,44,0,0,0,0
982,25.085,0,154,0,0,0,0,0,83,0,71,44,0,0,0,0
983,0.872,0,154,0,0,0,0,0,83,0,71,44,0,0,0,0
984,0.763,0,154,0,0,0,0,0,83,0,71,44,0,0,0,0
985,6.597,0,154,0,0,0,0,0,83,0,71,44,0,0,0,0
986,25.059,0,154,0,0,0,2,0,84,0,70,44,0,0,0,0
987,0.829,0,154,0,0,0,0,0,84,0,70,44,0,0,0,0
988,0.836,0,154,0,0,0,0,0,84,0,70,44,0,0,0,0
989,6.560,0,154,0,0,0,0,0,84,0,70,44,0,0,0,0
990,25.209,0,154,0,0,0,1,0,84,0,70,44,0,0,0,0
991,1.001,0,154,0,0,0,0,0,84,0,70,44,0,0,0,0
992,2.349,0,154,0,0,0,0,0,84,0,70,44,0,0,0,0
993,4.671,0,154,0,0,0,0,0,84,0,70,44,0,0,0,0
994,25.180,0,154,0,0,0,0,0,84,0,70,44,0,0,0,0
995,0.883,0,154,0,0,0,1,0,84,0,70,44,0,0,0,0
996,1.225,0,154,0,0,0,0,0,84,0,70,44,0,0,0,0
997,6.196,0,154,0,0,0,0,0,84,0,70,44,0,0,0,0
998,25.099,0,154,0,0,0,0,0,84,0,70,44,0,0,0,0
999,0.851,0,154,0,0,0,0,0,84,0,70,44,0,0,0,0
1000,0.731,0,154,0,0,0,0,0,84,0,70,44,0,0,0,0
1001,6.701,0,154,0,0,0,0,0,84,0,70,44,0,0,0,0
1002,24.901,0,154,0,0,0,1,0,85,0,69,44,0,0,0,0
1003,0.937,0,154,0,0,0,0,0,85,0,69,44,0,0,0,0
1004,0.815,0,154,0,0,0,1,0,85,0,69,44,0,0,0,0
1005,6.592,0,154,0,0,0,0,0,85,0,69,44,0,0,0,0
1006,25.074,0,154,0,0,0,0,0,85,0,69,44,0,0,0,0
1007,0.906,0,154,0,0,0,0,0,85,0,69,44,0,0,0,0
1008,0.684,0,154,0,0,0,0,0,85,0,69,44,0,0,0,0
1009,6.711,0,154,0,0,0,1,0,86,0,68,44,0,0,0,0
1010,24.940,0,154,0,0,0,0,0,86,0,68,44,0,0,0,0
1011,0.942,0,154,0,0,0,0,0,86,0,68,44,0,0,0,0
1012,0.779,0,154,0,0,0,0,0,86,0,68,44,0,0,0,0
1013,6.625,0,154,0,0,0,0,0,86,0,68,44,0,0,0,0
1014,24.934,0,154,0,0,0,3,0,88,0,66,44,0,0,0,0
1015,0.894,0,154,0,0,0,0,0,88,0,66,44,0,0,0,0
1016,0.931,0,154,0,0,0,0,0,88,0,66,44,0,0,0,0
1017,6.498,0,154,0,0,0,0,0,88,0,66,44,0,0,0,0
1018,25.104,0,154,0,0,0,0,0,88,0,66,44,0,0,0,0
1019,0.898,0,154,0,0,0,0,0,88,0,66,44,0,0,0,0
1020,0.847,0,154,0,0,0,0,0,88,0,66,44,0,0,0,0
1021,6.517,0,154,0,0,0,0,0,88,0,66,44,0,0,0,0
1022,25.056,0,154,0,0,0,0,0,88,0,66,44,0,0,0,0
1023,0.823,0,154,0,0,0,0,0,88,0,66,44,0,0,0,0
1024,0.731,0,154,0,0,0,0,0,88,0,66,44,0,0,0,0
1025,6.771,0,154,0,0,0,1,0,88,0,66,44,0,0,0,0
1026,25.017,0,154,0,0,0,1,0,88,0,66,44,0,0,0,0
1027,0.992,0,154,0,0,0,0,0,88,0,66,44,0,0,0,0
1028,0.721,0,154,0,0,0,0,0,88,0,66,44,0,0,0,0
1029,6.685,0,154,0,0,0,0,0,88,0,66,44,0,0,0,0
1030,24.935,0,154,0,0,0,0,0,88,0,66,44,0,0,0,0
1031,0.950,0,154,0,0,0,0,0,88,0,66,44,0,0,0,0
1032,0.726,0,154,0,0,0,0,0,88,0,66,44,0,0,0,0
1033,6.688,0,154,0,0,0,1,0,88,0,66,44,0,0,0,0
1034,25.067,0,154,0,0,0,0,0,88,0,66,44,0,0,0,0
1035,0.882,0,154,0,0,0,0,0,88,0,66,44,0,0,0,0
1036,0.810,0,154,0,0,0,0,0,88,0,66,44,0,0,0,0
1037,6.500,0,154,0,0,0,1,0,88,0,66,44,0,0,0,0
1038,25.077,0,154,0,0,0,1,0,89,0,65,44,0,0,0,0
1039,0.926,0,154,0,0,0,0,0,89,0,65,44,0,0,0,0
1040,1.461,0,154,0,0,0,0,0,89,0,65,44,0,0,0,0
1041,5.926,0,154,0,0,0,0,0,89,0,65,44,0,0,0,0
1042,25.141,0,154,0,0,0,0,0,89,0,65,44,0,0,0,0
1043,0.972,0,154,0,0,0,0,0,89,0,65,44,0,0,0,0
1044,0.741,0,154,0,0,0,0,0,89,0,65,44,0,0,0,0
1045,6.657,0,154,0,0,0,0,0,89,0,65,44,0,0,0,0
1046,24.989,0,154,0,0,0,0,0,89,0,65,44,0,0,0,0
1047,0.878,0,154,0,0,0,0,0,89,0,65,44,0,0,0,0
1048,0.681,0,154,0,0,0,0,0,89,0,65,44,0,0,0,0
1049,6.701,0,154,0,0,0,1,0,90,0,64,44,0,0,0,0
1050,25.148,0,154,0,0,0,1,0,91,0,63,44,0,0,0,0
1051,1.045,0,154,0,0,0,0,0,91,0,63,44,0,0,0,0
1052,0.927,0,154,0,0,0,0,0,91,0,63,44,0,0,0,0
1053,6.213,0,154,0,0,0,0,0,91,0,63,44,0,0,0,0
1054,25.017,0,154,0,0,0,0,0,91,0,63,44,0,0,0,0
1055,0.820,0,154,0,0,0,0,0,91,0,63,44,0,0,0,0
1056,0.910,0,154,0,0,0,0,0,91,0,63,44,0,0,0,0
1057,6.474,0,154,0,0,0,0,0,91,0,63,44,0,0,0,0
1058,25.211,0,154,0,0,0,1,0,91,0,63,44,0,0,0,0
1059,0.891,0,154,0,0,0,0,0,91,0,63,44,0,0,0,0
1060,0.790,0,154,0,0,0,0,0,91,0,63,44,0,0,0,0
1061,6.510,0,154,0,0,0,0,0,91,0,63,44,0,0,0,0
1062,25.255,0,154,0,0,0,0,0,91,0,63,44,0,0,0,0
1063,0.922,0,154,0,0,0,0,0,91,0,63,44,0,0,0,0
1064,1.346,0,154,0,0,0,0,0,91,0,63,44,0,0,0,0
1065,5.763,0,154,0,0,0,0,0,91,0,63,44,0,0,0,0
1066,24.988,0,154,0,0,0,0,0,91,0,63,44,0,0,0,0
1067,0.814,0,154,0,0,0,0,0,91,0,63,44,0,0,0,0
1068,0.743,0,154,0,0,0,0,0,91,0,63,44,0,0,0,0
1069,6.706,0,154,0,0,0,0,0,91,0,63,44,0,0,0,0
1070,25.199,0,154,0,0,0,2,0,91,0,63,44,0,0,0,0
1071,0.823,0,154,0,0,0,0,0,91,0,63,44,0,0,0,0
1072,0.754,0,154,0,0,0,0,0,91,0,63,44,0,0,0,0
1073,6.661,0,154,0,0,0,0,0,91,0,63,44,0,0,0,0
1074,24.955,0,154,0,0,0,0,0,91,0,63,44,0,0,0,0
1075,0.813,0,154,0,0,0,0,0,91,0,63,44,0,0,0,0
1076,0.730,0,154,0,0,0,0,0,91,0,63,44,0,0,0,0
1077,6.852,0,154,0,0,0,0,0,91,0,63,44,0,0,0,0
1078,25.014,0,154,0,0,0,1,0,92,0,62,44,0,0,0,0
1079,0.899,0,154,0,0,0,0,0,92,0,62,44,0,0,0,0
1080,0.886,0,154,0,0,0,0,0,92,0,62,44,0,0,0,0
1081,6.465,0,154,0,0,0,0,0,92,0,62,44,0,0,0,0
1082,25.043,0,154,0,0,0,1,0,93,0,61,44,0,0,0,0
1083,0.999,0,154,0,0,0,0,0,93,0,61,44,0,0,0,0
1084,0.882,0,154,0,0,0,0,0,93,0,61,44,0,0,0,0
1085,6.359,0,154,0,0,0,0,0,93,0,61,44,0,0,0,0
1086,25.201,0,154,0,0,0,1,0,94,0,60,44,0,0,0,0
1087,1.072,0,154,0,0,0,0,0,94,0,60,44,0,0,0,0
1088,2.405,0,154,0,0,0,0,0,94,0,60,44,0,0,0,0
1089,4.678,0,154,0,0,0,0,0,94,0,60,44,0,0,0,0
1090,25.254,0,154,0,0,0,0,0,94,0,60,44,0,0,0,0
1091,0.869,0,154,0,0,0,0,0,94,0,60,44,0,0,0,0
1092,0.830,0,154,0,0,0,0,0,94,0,60,44,0,0,0,0
1093,6.426,0,154,0,0,0,0,0,94,0,60,44,0,0,0,0
1094,24.954,0,154,0,0,0,1,0,95,0,59,44,0,0,0,0
1095,0.822,0,154,0,0,0,0,0,95,0,59,44,0,0,0,0
1096,0.941,0,154,0,0,0,0,0,95,0,59,44,0,0,0,0
1097,6.731,0,154,0,0,0,0,0,95,0,59,44,0,0,0,0
1098,24.906,0,154,0,0,0,0,0,95,0,59,44,0,0,0,0
1099,0.803,0,154,0,0,0,0,0,95,0,59,44,0,0,0,0
1100,0.702,0,154,0,0,0,0,0,95,0,59,44,0,0,0,0
1101,6.649,0,154,0,0,0,0,0,95,0,59,44,0,0,0,0
1102,25.049,0,154,0,0,0,0,0,95,0,59,44,0,0,0,0
1103,0.914,0,154,0,0,0,0,0,95,0,59,44,0,0,0,0
1104,0.689,0,154,0,0,0,0,0,95,0,59,44,0,0,0,0
1105,6.718,0,154,0,0,0,0,0,95,0,59,44,0,0,0,0
1106,25.218,0,154,0,0,0,0,0,95,0,59,44,0,0,0,0
1107,0.859,0,154,0,0,0,0,0,95,0,59,44,0,0,0,0
1108,0.662,0,154,0,0,0,0,0,95,0,59,44,0,0,0,0
1109,6.541,0,154,0,0,0,0,0,95,0,59,44,0,0,0,0
1110,25.258,0,154,0,0,0,0,0,95,0,59,44,0,0,0,0
1111,0.811,0,154,0,0,0,0,0,95,0,59,44,0,0,0,0
1112,1.766,0,154,0,0,0,0,0,95,0,59,44,0,0,0,0
1113,5.506,0,154,0,0,0,0,0,95,0,59,44,0,0,0,0
1114,25.229,0,154,0,0,0,0,0,95,0,59,44,0,0,0,0
1115,0.985,0,154,0,0,0,0,0,95,0,59,44,0,0,0,0
1116,0.691,0,154,0,0,0,0,0,95,0,59,44,0,0,0,0
1117,6.584,0,154,0,0,0,0,0,95,0,59,44,0,0,0,0
1118,24.938,0,154,0,0,0,0,0,95,0,59,44,0,0,0,0
1119,0.817,0,154,0,0,0,0,0,95,0,59,44,0,0,0,0
1120,0.656,0,154,0,0,0,0,0,95,0,59,44,0,0,0,0
1121,6.777,0,154,0,0,0,0,0,95,0,59,44,0,0,0,0
1122,25.102,0,154,0,0,0,2,0,96,0,58,44,0,0,0,0
1123,0.944,0,154,0,0,0,0,0,96,0,58,44,0,0,0,0
1124,0.760,0,154,0,0,0,0,0,96,0,58,44,0,0,0,0
1125,6.706,0,154,0,0,0,0,0,96,0,58,44,0,0,0,0
1126,24.964,0,154,0,0,0,0,0,96,0,58,44,0,0,0,0
1127,0.780,0,154,0,0,0,0,0,96,0,58,44,0,0,0,0
1128,0.686,0,154,0,0,0,0,0,96,0,58,44,0,0,0,0
1129,6.730,0,154,0,0,0,0,0,96,0,58,44,0,0,0,0
1130,25.274,0,154,0,0,0,0,0,96,0,58,44,0,0,0,0
1131,0.880,0,154,0,0,0,0,0,96,0,58,44,0,0,0,0
1132,0.855,0,154,0,0,0,0,0,96,0,58,44,0,0,0,0
1133,6.245,0,154,0,0,0,1,0,96,0,58,44,0,0,0,0
1134,25.243,0,154,0,0,0,0,0,96,0,58,44,0,0,0,0
1135,0.864,0,154,0,0,0,0,0,96,0,58,44,0,0,0,0
1136,1.207,0,154,0,0,0,0,0,96,0,58,44,0,0,0,0
1137,6.254,0,154,0,0,0,0,0,96,0,58,44,0,0,0,0
1138,24.958,0,154,0,0,0,0,0,96,0,58,44,0,0,0,0
1139,0.863,0,154,0,0,0,0,0,96,0,58,44,0,0,0,0
1140,0.693,0,154,0,0,0,0,0,96,0,58,44,0,0,0,0
1141,6.905,0,154,0,0,0,0,0,96,0,58,44,0,0,0,0
1142,24.876,0,154,0,0,0,1,0,97,0,57,44,0,0,0,0
1143,0.857,0,154,0,0,0,0,0,97,0,57,44,0,0,0,0
1144,0.811,0,154,0,0,0,0,0,97,0,57,44,0,0,0,0
1145,6.681,0,154,0,0,0,0,0,97,0,57,44,0,0,0,0
1146,25.032,0,154,0,0,0,0,0,97,0,57,44,0,0,0,0
1147,0.999,0,154,0,0,0,0,0,97,0,57,44,0,0,0,0
1148,0.749,0,154,0,0,0,0,0,97,0,57,44,0,0,0,0
1149,6.552,0,154,0,0,0,0,0,97,0,57,44,0,0,0,0
1150,24.856,0,154,0,0,0,0,0,97,0,57,44,0,0,0,0
1151,0.795,0,154,0,0,0,0,0,97,0,57,44,0,0,0,0
1152,0.726,0,154,0,0,0,0,0,97,0,57,44,0,0,0,0
1153,6.531,0,154,0,0,0,0,0,97,0,57,44,0,0,0,0
1154,25.225,0,154,0,0,0,0,0,97,0,57,44,0,0,0,0
1155,1.011,0,154,0,0,0,0,0,97,0,57,44,0,0,0,0
1156,0.655,0,154,0,0,0,0,0,97,0,57,44,0,0,0,0
1157,6.460,0,154,0,0,0,0,0,97,0,57,44,0,0,0,0
1158,25.206,0,154,0,0,0,0,0,97,0,57,44,0,0,0,0
1159,0.875,0,154,0,0,0,0,0,97,0,57,44,0,0,0,0
1160,2.391,0,154,0,0,0,0,0,97,0,57,44,0,0,0,0
1161,5.079,0,154,0,0,0,0,0,97,0,57,44,0,0,0,0
1162,24.947,0,154,0,0,0,1,0,97,0,57,44,0,0,0,0
1163,0.834,0,154,0,0,0,0,0,97,0,57,44,0,0,0,0
1164,0.665,0,154,0,0,0,0,0,97,0,57,44,0,0,0,0
1165,6.713,0,154,0,0,0,0,0,97,0,57,44,0,0,0,0
1166,25.218,0,154,0,0,0,0,0,97,0,57,44,0,0,0,0
1167,0.839,0,154,0,0,0,0,0,97,0,57,44,0,0,0,0
1168,0.821,0,154,0,0,0,0,0,97,0,57,44,0,0,0,0
1169,6.419,0,154,0,0,0,0,0,97,0,57,44,0,0,0,0
1170,25.424,0,154,0,0,0,0,0,97,0,57,44,0,0,0,0
1171,0.824,0,154,0,0,0,0,0,97,0,57,44,0,0,0,0
1172,0.797,0,154,0,0,0,0,0,97,0,57,44,0,0,0,0
1173,6.378,0,154,0,0,0,0,0,97,0,57,44,0,0,0,0
1174,24.957,0,154,0,0,0,0,0,97,0,57,44,0,0,0,0
1175,0.767,0,154,0,0,0,0,0,97,0,57,44,0,0,0,0
1176,0.796,0,154,0,0,0,0,0,97,0,57,44,0,0,0,0
1177,6.696,0,154,0,0,0,0,0,97,0,57,44,0,0,0,0
1178,25.119,0,154,0,0,0,0,0,97,0,57,44,0,0,0,0
1179,0.774,0,154,0,0,0,0,0,97,0,57,44,0,0,0,0
1180,0.723,0,154,0,0,0,0,0,97,0,57,44,0,0,0,0
1181,6.816,0,154,0,0,0,0,0,97,0,57,44,0,0,0,0
1182,25.175,0,154,0,0,0,0,0,97,0,57,44,0,0,0,0
1183,0.835,0,154,0,0,0,0,0,97,0,57,44,0,0,0,0
1184,2.171,0,154,0,0,0,0,0,97,0,57,44,0,0,0,0
1185,4.983,0,154,0,0,0,0,0,97,0,57,44,0,0,0,0
1186,25.195,0,154,0,0,0,0,0,97,0,57,44,0,0,0,0
1187,0.752,0,154,0,0,0,0,0,97,0,57,44,0,0,0,0
1188,0.700,0,154,0,0,0,0,0,97,0,57,44,0,0,0,0
1189,6.710,0,154,0,0,0,0,0,97,0,57,44,0,0,0,0
1190,25.344,0,154,0,0,0,0,0,97,0,57,44,0,0,0,0
1191,0.899,0,154,0,0,0,0,0,97,0,57,44,0,0,0,0
1192,0.648,0,154,0,0,0,0,0,97,0,57,44,0,0,0,0
1193,6.458,0,154,0,0,0,0,0,97,0,57,44,0,0,0,0
1194,25.318,0,154,0,0,0,0,0,97,0,57,44,0,0,0,0
1195,0.849,0,154,0,0,0,0,0,97,0,57,44,0,0,0,0
1196,0.647,0,154,0,0,0,0,0,97,0,57,44,0,0,0,0
1197,6.557,0,154,0,0,0,0,0,97,0,57,44,0,0,0,0
1198,25.131,0,154,0,0,0,0,0,97,0,57,44,0,0,0,0
1199,0.850,0,154,0,0,0,0,0,97,0,57,44,0,0,0,0
1200,0.648,0,154,0,0,0,0,0,97,0,57,44,0,0,0,0
1201,6.840,0,154,0,0,0,0,0,97,0,57,44,0,0,0,0
1202,25.158,0,154,0,0,0,0,0,97,0,57,44,0,0,0,0
1203,0.976,0,154,0,0,0,0,0,97,0,57,44,0,0,0,0
1204,0.724,0,154,0,0,0,0,0,97,0,57,44,0,0,0,0
1205,6.922,0,154,0,0,0,0,0,97,0,57,44,0,0,0,0
1206,24.536,0,154,0,0,0,0,0,97,0,57,44,0,0,0,0
1207,0.737,0,154,0,0,0,0,0,97,0,57,44,0,0,0,0
1208,1.374,0,154,0,0,0,0,0,97,0,57,44,0,0,0,0
1209,5.969,0,154,0,0,0,0,0,97,0,57,44,0,0,0,0
1210,25.283,0,154,0,0,0,0,0,97,0,57,44,0,0,0,0
1211,0.784,0,154,0,0,0,0,0,97,0,57,44,0,0,0,0
1212,0.667,0,154,0,0,0,0,0,97,0,57,44,0,0,0,0
1213,6.662,0,154,0,0,0,0,0,97,0,57,44,0,0,0,0
1214,25.412,0,154,0,0,0,0,0,97,0,57,44,0,0,0,0
1215,0.845,0,154,0,0,0,0,0,97,0,57,44,0,0,0,0
1216,0.665,0,154,0,0,0,0,0,97,0,57,44,0,0,0,0
1217,6.465,0,154,0,0,0,0,0,97,0,57,44,0,0,0,0
1218,25.244,0,154,0,0,0,0,0,97,0,57,44,0,0,0,0
1219,0.771,0,154,0,0,0,0,0,97,0,57,44,0,0,0,0
1220,0.656,0,154,0,0,0,0,0,97,0,57,44,0,0,0,0
1221,6.697,0,154,0,0,0,0,0,97,0,57,44,0,0,0,0
1222,25.132,0,154,0,0,0,0,0,97,0,57,44,0,0,0,0
1223,0.881,0,154,0,0,0,0,0,97,0,57,44,0,0,0,0
1224,0.677,0,154,0,0,0,0,0,97,0,57,44,0,0,0,0
1225,6.604,0,154,0,0,0,0,0,97,0,57,44,0,0,0,0
1226,25.297,0,154,0,0,0,0,0,97,0,57,44,0,0,0,0
1227,0.871,0,154,0,0,0,0,0,97,0,57,44,0,0,0,0
1228,0.662,0,154,0,0,0,0,0,97,0,57,44,0,0,0,0
1229,6.657,0,154,0,0,0,0,0,97,0,57,44,0,0,0,0
1230,25.163,0,154,0,0,0,0,0,97,0,57,44,0,0,0,0
1231,0.877,0,154,0,0,0,0,0,97,0,57,44,0,0,0,0
1232,0.798,0,154,0,0,0,0,0,97,0,57,44,0,0,0,0
1233,6.286,0,154,0,0,0,0,0,97,0,57,44,0,0,0,0
1234,25.376,0,154,0,0,0,0,0,97,0,57,44,0,0,0,0
1235,0.817,0,154,0,0,0,0,0,97,0,57,44,0,0,0,0
1236,1.205,0,154,0,0,0,0,0,97,0,57,44,0,0,0,0
1237,6.074,0,154,0,0,0,0,0,97,0,57,44,0,0,0,0
1238,25.110,0,154,0,0,0,0,0,97,0,57,44,0,0,0,0
1239,0.817,0,154,0,0,0,0,0,97,0,57,44,0,0,0,0
1240,0.714,0,154,0,0,0,0,0,97,0,57,44,0,0,0,0
1241,6.590,0,154,0,0,0,0,0,97,0,57,44,0,0,0,0
1242,25.221,0,154,0,0,0,0,0,97,0,57,44,0,0,0,0
1243,0.801,0,154,0,0,0,0,0,97,0,57,44,0,0,0,0
1244,0.739,0,154,0,0,0,0,0,97,0,57,44,0,0,0,0
1245,6.588,0,154,0,0,0,0,0,97,0,57,44,0,0,0,0
1246,25.336,0,154,0,0,0,0,0,97,0,57,44,0,0,0,0
1247,0.786,0,154,0,0,0,0,0,97,0,57,44,0,0,0,0
1248,0.675,0,154,0,0,0,0,0,97,0,57,44,0,0,0,0
1249,6.454,0,154,0,0,0,0,0,97,0,57,44,0,0,0,0
1250,25.315,0,154,0,0,0,1,0,98,0,56,44,0,0,0,0
1251,0.829,0,154,0,0,0,0,0,98,0,56,44,0,0,0,0
1252,0.829,0,154,0,0,0,0,0,98,0,56,44,0,0,0,0
1253,6.707,0,154,0,0,0,0,0,98,0,56,44,0,0,0,0
1254,24.928,0,154,0,0,0,0,0,98,0,56,44,0,0,0,0
1255,0.808,0,154,0,0,0,0,0,98,0,56,44,0,0,0,0
1256,0.614,0,154,0,0,0,0,0,98,0,56,44,0,0,0,0
1257,6.708,0,154,0,0,0,0,0,98,0,56,44,0,0,0,0
1258,25.183,0,154,0,0,0,0,0,98,0,56,44,0,0,0,0
1259,0.957,0,154,0,0,0,0,0,98,0,56,44,0,0,0,0
1260,1.776,0,154,0,0,0,0,0,98,0,56,44,0,0,0,0
1261,5.438,0,154,0,0,0,0,0,98,0,56,44,0,0,0,0
1262,25.171,0,154,0,0,0,1,0,99,0,55,44,0,0,0,0
1263,0.942,0,154,0,0,0,0,0,99,0,55,44,0,0,0,0
1264,0.776,0,154,0,0,0,0,0,99,0,55,44,0,0,0,0
1265,6.507,0,154,0,0,0,0,0,99,0,55,44,0,0,0,0
1266,25.202,0,154,0,0,0,0,0,99,0,55,44,0,0,0,0
1267,0.834,0,154,0,0,0,0,0,99,0,55,44,0,0,0,0
1268,0.643,0,154,0,0,0,0,0,99,0,55,44,0,0,0,0
1269,6.505,0,154,0,0,0,0,0,99,0,55,44,0,0,0,0
1270,25.324,0,154,0,0,0,0,0,99,0,55,44,0,0,0,0
1271,0.915,0,154,0,0,0,0,0,99,0,55,44,0,0,0,0
1272,0.688,0,154,0,0,0,0,0,99,0,55,44,0,0,0,0
1273,6.617,0,154,0,0,0,1,0,100,0,54,44,0,0,0,0
1274,25.161,0,154,0,0,0,0,0,100,0,54,44,0,0,0,0
1275,0.884,0,154,0,0,0,0,0,100,0,54,44,0,0,0,0
1276,0.733,0,154,0,0,0,0,0,100,0,54,44,0,0,0,0
1277,6.541,0,154,0,0,0,0,0,100,0,54,44,0,0,0,0
1278,25.133,0,154,0,0,0,0,0,100,0,54,44,0,0,0,0
1279,0.830,0,154,0,0,0,0,0,100,0,54,44,0,0,0,0
1280,0.733,0,154,0,0,0,0,0,100,0,54,44,0,0,0,0
1281,6.752,0,154,0,0,0,0,0,100,0,54,44,0,0,0,0
1282,24.941,0,154,0,0,0,0,0,100,0,54,44,0,0,0,0
1283,0.991,0,154,0,0,0,0,0,100,0,54,44,0,0,0,0
1284,0.781,0,154,0,0,0,0,0,100,0,54,44,0,0,0,0
1285,6.525,0,154,0,0,0,0,0,100,0,54,44,0,0,0,0
1286,24.995,0,154,0,0,0,1,0,100,0,54,44,0,0,0,0
1287,0.909,0,154,0,0,0,0,0,100,0,54,44,0,0,0,0
1288,1.366,0,154,0,0,0,0,0,100,0,54,44,0,0,0,0
1289,5.877,0,154,0,0,0,0,0,100,0,54,44,0,0,0,0
1290,25.219,0,154,0,0,0,0,0,100,0,54,44,0,0,0,0
1291,0.833,0,154,0,0,0,0,0,100,0,54,44,0,0,0,0
1292,0.625,0,154,0,0,0,0,0,100,0,54,44,0,0,0,0
1293,6.734,0,154,0,0,0,0,0,100,0,54,44,0,0,0,0
1294,25.220,0,154,0,0,0,0,0,100,0,54,44,0,0,0,0
1295,0.873,0,154,0,0,0,0,0,100,0,54,44,0,0,0,0
1296,0.766,0,154,0,0,0,0,0,100,0,54,44,0,0,0,0
1297,6.466,0,154,0,0,0,0,0,100,0,54,44,0,0,0,0
1298,25.249,0,154,0,0,0,0,0,100,0,54,44,0,0,0,0
1299,0.865,0,154,0,0,0,0,0,100,0,54,44,0,0,0,0
1300,0.636,0,154,0,0,0,0,0,100,0,54,44,0,0,0,0
1301,6.662,0,154,0,0,0,0,0,100,0,54,44,0,0,0,0
1302,25.188,0,154,0,0,0,0,0,100,0,54,44,0,0,0,0
1303,0.814,0,154,0,0,0,0,0,100,0,54,44,0,0,0,0
1304,0.774,0,154,0,0,0,0,0,100,0,54,44,0,0,0,0
1305,6.489,0,154,0,0,0,0,0,100,0,54,44,0,0,0,0
1306,25.183,0,154,0,0,0,0,0,100,0,54,44,0,0,0,0
1307,0.825,0,154,0,0,0,0,0,100,0,54,44,0,0,0,0
1308,0.690,0,154,0,0,0,0,0,100,0,54,44,0,0,0,0
1309,6.742,0,154,0,0,0,0,0,100,0,54,44,0,0,0,0
1310,25.039,0,154,0,0,0,0,0,100,0,54,44,0,0,0,0
1311,1.028,0,154,0,0,0,0,0,100,0,54,44,0,0,0,0
1312,2.412,0,154,0,0,0,0,0,100,0,54,44,0,0,0,0
1313,4.644,0,154,0,0,0,0,0,100,0,54,44,0,0,0,0
1314,25.244,0,154,0,0,0,0,0,100,0,54,44,0,0,0,0
1315,0.998,0,154,0,0,0,0,0,100,0,54,44,0,0,0,0
1316,1.049,0,154,0,0,0,0,0,100,0,54,44,0,0,0,0
1317,6.096,0,154,0,0,0,0,0,100,0,54,44,0,0,0,0
1318,25.242,0,154,0,0,0,0,0,100,0,54,44,0,0,0,0
1319,0.762,0,154,0,0,0,0,0,100,0,54,44,0,0,0,0
1320,0.692,0,154,0,0,0,0,0,100,0,54,44,0,0,0,0
1321,6.682,0,154,0,0,0,0,0,100,0,54,44,0,0,0,0
1322,25.202,0,154,0,0,0,0,0,100,0,54,44,0,0,0,0
1323,0.834,0,154,0,0,0,0,0,100,0,54,44,0,0,0,0
1324,0.745,0,154,0,0,0,0,0,100,0,54,44,0,0,0,0
1325,6.612,0,154,0,0,0,0,0,100,0,54,44,0,0,0,0
1326,25.122,0,154,0,0,0,0,0,100,0,54,44,0,0,0,0
1327,0.864,0,154,0,0,0,0,0,100,0,54,44,0,0,0,0
1328,0.648,0,154,0,0,0,0,0,100,0,54,44,0,0,0,0
1329,6.578,0,154,0,0,0,0,0,100,0,54,44,0,0,0,0
1330,25.276,0,154,0,0,0,0,0,100,0,54,44,0,0,0,0
1331,0.817,0,154,0,0,0,0,0,100,0,54,44,0,0,0,0
1332,0.660,0,154,0,0,0,0,0,100,0,54,44,0,0,0,0
1333,6.711,0,154,0,0,0,0,0,100,0,54,44,0,0,0,0
1334,25.088,0,154,0,0,0,0,0,100,0,54,44,0,0,0,0
1335,0.936,0,154,0,0,0,0,0,100,0,54,44,0,0,0,0
1336,2.078,0,154,0,0,0,0,0,100,0,54,44,0,0,0,0
1337,5.182,0,154,0,0,0,0,0,100,0,54,44,0,0,0,0
1338,25.275,0,154,0,0,0,0,0,100,0,54,44,0,0,0,0
1339,0.847,0,154,0,0,0,0,0,100,0,54,44,0,0,0,0
1340,0.739,0,154,0,0,0,0,0,100,0,54,44,0,0,0,0
1341,6.296,0,154,0,0,0,0,0,100,0,54,44,0,0,0,0
1342,25.291,0,154,0,0,0,0,0,100,0,54,44,0,0,0,0
1343,0.800,0,154,0,0,0,0,0,100,0,54,44,0,0,0,0
1344,0.692,0,154,0,0,0,0,0,100,0,54,44,0,0,0,0
1345,6.608,0,154,0,0,0,0,0,100,0,54,44,0,0,0,0
1346,25.234,0,154,0,0,0,0,0,100,0,54,44,0,0,0,0
1347,0.867,0,154,0,0,0,0,0,100,0,54,44,0,0,0,0
1348,0.707,0,154,0,0,0,0,0,100,0,54,44,0,0,0,0
1349,6.634,0,154,0,0,0,0,0,100,0,54,44,0,0,0,0
1350,25.131,0,154,0,0,0,0,0,100,0,54,44,0,0,0,0
1351,0.919,0,154,0,0,0,0,0,100,0,54,44,0,0,0,0
1352,0.629,0,154,0,0,0,0,0,100,0,54,44,0,0,0,0
1353,6.631,0,154,0,0,0,0,0,100,0,54,44,0,0,0,0
1354,25.239,0,154,0,0,0,0,0,100,0,54,44,0,0,0,0
1355,0.830,0,154,0,0,0,0,0,100,0,54,44,0,0,0,0
1356,0.705,0,154,0,0,0,0,0,100,0,54,44,0,0,0,0
1357,6.661,0,154,0,0,0,0,0,100,0,54,44,0,0,0,0
1358,25.139,0,154,0,0,0,1,0,100,0,54,44,0,0,0,0
1359,0.941,0,154,0,0,0,0,0,100,0,54,44,0,0,0,0
1360,0.705,0,154,0,0,0,0,0,100,0,54,44,0,0,0,0
1361,6.510,0,154,0,0,0,0,0,100,0,54,44,0,0,0,0
1362,25.186,0,154,0,0,0,0,0,100,0,54,44,0,0,0,0
1363,0.984,0,154,0,0,0,0,0,100,0,54,44,0,0,0,0
1364,1.322,0,154,0,0,0,0,0,100,0,54,44,0,0,0,0
1365,5.691,0,154,0,0,0,0,0,100,0,54,44,0,0,0,0
1366,25.103,0,154,0,0,0,0,0,100,0,54,44,0,0,0,0
1367,0.908,0,154,0,0,0,0,0,100,0,54,44,0,0,0,0
1368,0.627,0,154,0,0,0,0,0,100,0,54,44,0,0,0,0
1369,6.631,0,154,0,0,0,0,0,100,0,54,44,0,0,0,0
1370,25.387,0,154,0,0,0,0,0,100,0,54,44,0,0,0,0
1371,0.854,0,154,0,0,0,0,0,100,0,54,44,0,0,0,0
1372,0.620,0,154,0,0,0,0,0,100,0,54,44,0,0,0,0
1373,6.747,0,154,0,0,0,0,0,100,0,54,44,0,0,0,0
1374,24.993,0,154,0,0,0,0,0,100,0,54,44,0,0,0,0
1375,0.893,0,154,0,0,0,0,0,100,0,54,44,0,0,0,0
1376,0.673,0,154,0,0,0,0,0,100,0,54,44,0,0,0,0
1377,6.529,0,154,0,0,0,0,0,100,0,54,44,0,0,0,0
1378,25.304,0,154,0,0,0,0,0,100,0,54,44,0,0,0,0
1379,0.849,0,154,0,0,0,0,0,100,0,54,44,0,0,0,0
1380,0.760,0,154,0,0,0,0,0,100,0,54,44,0,0,0,0
1381,6.558,0,154,0,0,0,0,0,100,0,54,44,0,0,0,0
1382,25.076,0,154,0,0,0,0,0,100,0,54,44,0,0,0,0
1383,0.949,0,154,0,0,0,0,0,100,0,54,44,0,0,0,0
1384,0.680,0,154,0,0,0,0,0,100,0,54,44,0,0,0,0
1385,6.519,0,154,0,0,0,0,0,100,0,54,44,0,0,0,0
1386,25.298,0,154,0,0,0,0,0,100,0,54,44,0,0,0,0
1387,0.796,0,154,0,0,0,0,0,100,0,54,44,0,0,0,0
1388,0.677,0,154,0,0,0,0,0,100,0,54,44,0,0,0,0
1389,6.547,0,154,0,0,0,0,0,100,0,54,44,0,0,0,0
1390,25.247,0,154,0,0,0,0,0,100,0,54,44,0,0,0,0
1391,0.775,0,154,0,0,0,0,0,100,0,54,44,0,0,0,0
1392,0.678,0,154,0,0,0,0,0,100,0,54,44,0,0,0,0
1393,6.648,0,154,0,0,0,0,0,100,0,54,44,0,0,0,0
1394,25.229,0,154,0,0,0,1,0,100,0,54,44,0,0,0,0
1395,0.784,0,154,0,0,0,0,0,100,0,54,44,0,0,0,0
1396,0.740,0,154,0,0,0,0,0,100,0,54,44,0,0,0,0
1397,6.577,0,154,0,0,0,0,0,100,0,54,44,0,0,0,0
1398,25.320,0,154,0,0,0,0,0,100,0,54,44,0,0,0,0
1399,0.887,0,154,0,0,0,0,0,100,0,54,44,0,0,0,0
1400,0.658,0,154,0,0,0,0,0,100,0,54,44,0,0,0,0
1401,6.415,0,154,0,0,0,0,0,100,0,54,44,0,0,0,0
1402,25.369,0,154,0,0,0,1,0,101,0,53,44,0,0,0,0
1403,0.944,0,154,0,0,0,0,0,101,0,53,44,0,0,0,0
1404,0.791,0,154,0,0,0,0,0,101,0,53,44,0,0,0,0
1405,6.559,0,154,0,0,0,0,0,101,0,53,44,0,0,0,0
1406,24.895,0,154,0,0,0,0,0,101,0,53,44,0,0,0,0
1407,0.868,0,154,0,0,0,0,0,101,0,53,44,0,0,0,0
1408,0.696,0,154,0,0,0,0,0,101,0,53,44,0,0,0,0
1409,6.742,0,154,0,0,0,0,0,101,0,53,44,0,0,0,0
1410,25.451,0,154,0,0,0,1,0,102,0,52,44,0,0,0,0
1411,0.894,0,154,0,0,0,0,0,102,0,52,44,0,0,0,0
1412,1.684,0,154,0,0,0,0,0,102,0,52,44,0,0,0,0
1413,5.109,0,154,0,0,0,0,0,102,0,52,44,0,0,0,0
1414,25.433,0,154,0,0,0,0,0,102,0,52,44,0,0,0,0
1415,0.835,0,154,0,0,0,0,0,102,0,52,44,0,0,0,0
1416,2.777,0,154,0,0,0,0,0,102,0,52,44,0,0,0,0
1417,4.206,0,154,0,0,0,0,0,102,0,52,44,0,0,0,0
1418,25.204,0,154,0,0,0,0,0,102,0,52,44,0,0,0,0
1419,0.824,0,154,0,0,0,0,0,102,0,52,44,0,0,0,0
1420,0.666,0,154,0,0,0,0,0,102,0,52,44,0,0,0,0
1421,6.703,0,154,0,0,0,0,0,102,0,52,44,0,0,0,0
1422,25.181,0,154,0,0,0,1,0,103,0,51,44,0,0,0,0
1423,0.855,0,154,0,0,0,0,0,103,0,51,44,0,0,0,0
1424,0.780,0,154,0,0,0,0,0,103,0,51,44,0,0,0,0
1425,6.616,0,154,0,0,0,0,0,103,0,51,44,0,0,0,0
1426,25.166,0,154,0,0,0,0,0,103,0,51,44,0,0,0,0
1427,0.816,0,154,0,0,0,0,0,103,0,51,44,0,0,0,0
1428,0.640,0,154,0,0,0,0,0,103,0,51,44,0,0,0,0
1429,6.699,0,154,0,0,0,0,0,103,0,51,44,0,0,0,0
1430,25.132,0,154,0,0,0,1,0,104,0,50,44,0,0,0,0
1431,0.836,0,154,0,0,0,0,0,104,0,50,44,0,0,0,0
1432,0.818,0,154,0,0,0,0,0,104,0,50,44,0,0,0,0
1433,6.719,0,154,0,0,0,0,0,104,0,50,44,0,0,0,0
1434,25.067,0,154,0,0,0,0,0,104,0,50,44,0,0,0,0
1435,0.952,0,154,0,0,0,0,0,104,0,50,44,0,0,0,0
1436,1.654,0,154,0,0,0,0,0,104,0,50,44,0,0,0,0
1437,5.426,0,154,0,0,0,0,0,104,0,50,44,0,0,0,0
1438,25.192,0,154,0,0,0,0,0,104,0,50,44,0,0,0,0
1439,0.823,0,154,0,0,0,0,0,104,0,50,44,0,0,0,0
1440,0.795,0,154,0,0,0,0,0,104,0,50,44,0,0,0,0
1441,6.517,0,154,0,0,0,1,0,104,0,50,44,0,0,0,0
1442,25.209,0,154,0,0,0,0,0,104,0,50,44,0,0,0,0
1443,0.880,0,154,0,0,0,0,0,104,0,50,44,0,0,0,0
1444,0.639,0,154,0,0,0,0,0,104,0,50,44,0,0,0,0
1445,6.611,0,154,0,0,0,0,0,104,0,50,44,0,0,0,0
1446,25.250,0,154,0,0,0,1,0,104,0,50,44,0,0,0,0
1447,0.861,0,154,0,0,0,0,0,104,0,50,44,0,0,0,0
1448,0.754,0,154,0,0,0,0,0,104,0,50,44,0,0,0,0
1449,6.543,0,154,0,0,0,0,0,104,0,50,44,0,0,0,0
1450,25.137,0,154,0,0,0,0,0,104,0,50,44,0,0,0,0
1451,0.792,0,154,0,0,0,0,0,104,0,50,44,0,0,0,0
1452,0.616,0,154,0,0,0,0,0,104,0,50,44,0,0,0,0
1453,6.762,0,154,0,0,0,0,0,104,0,50,44,0,0,0,0
1454,25.185,0,154,0,0,0,0,0,104,0,50,44,0,0,0,0
1455,0.802,0,154,0,0,0,0,0,104,0,50,44,0,0,0,0
1456,0.743,0,154,0,0,0,0,0,104,0,50,44,0,0,0,0
1457,6.714,0,154,0,0,0,0,0,104,0,50,44,0,0,0,0
1458,25.344,0,154,0,0,0,1,0,104,0,50,44,0,0,0,0
1459,0.842,0,154,0,0,0,0,0,104,0,50,44,0,0,0,0
1460,1.214,0,154,0,0,0,0,0,104,0,50,44,0,0,0,0
1461,5.769,0,154,0,0,0,0,0,104,0,50,44,0,0,0,0
1462,25.143,0,154,0,0,0,0,0,104,0,50,44,0,0,0,0
1463,0.844,0,154,0,0,0,0,0,104,0,50,44,0,0,0,0
1464,0.633,0,154,0,0,0,0,0,104,0,50,44,0,0,0,0
1465,6.642,0,154,0,0,0,0,0,104,0,50,44,0,0,0,0
1466,25.378,0,154,0,0,0,1,0,104,0,50,44,0,0,0,0
1467,0.893,0,154,0,0,0,0,0,104,0,50,44,0,0,0,0
1468,0.664,0,154,0,0,0,0,0,104,0,50,44,0,0,0,0
1469,6.566,0,154,0,0,0,0,0,104,0,50,44,0,0,0,0
1470,25.097,0,154,0,0,0,0,0,104,0,50,44,0,0,0,0
1471,0.806,0,154,0,0,0,0,0,104,0,50,44,0,0,0,0
1472,0.676,0,154,0,0,0,0,0,104,0,50,44,0,0,0,0
1473,6.676,0,154,0,0,0,0,0,104,0,50,44,0,0,0,0
1474,25.239,0,154,0,0,0,1,0,105,0,49,44,0,0,0,0
1475,0.819,0,154,0,0,0,0,0,105,0,49,44,0,0,0,0
1476,0.799,0,154,0,0,0,0,0,105,0,49,44,0,0,0,0
1477,6.538,0,154,0,0,0,0,0,105,0,49,44,0,0,0,0
1478,25.074,0,154,0,0,0,0,0,105,0,49,44,0,0,0,0
1479,0.922,0,154,0,0,0,0,0,105,0,49,44,0,0,0,0
1480,0.722,0,154,0,0,0,0,0,105,0,49,44,0,0,0,0
1481,6.527,0,154,0,0,0,0,0,105,0,49,44,0,0,0,0
1482,25.463,0,154,0,0,0,1,0,106,0,48,44,0,0,0,0
1483,1.018,0,154,0,0,0,0,0,106,0,48,44,0,0,0,0
1484,1.526,0,154,0,0,0,0,0,106,0,48,44,0,0,0,0
1485,5.332,0,154,0,0,0,0,0,106,0,48,44,0,0,0,0
1486,25.206,0,154,0,0,0,0,0,106,0,48,44,0,0,0,0
1487,0.921,0,154,0,0,0,0,0,106,0,48,44,0,0,0,0
1488,0.651,0,154,0,0,0,0,0,106,0,48,44,0,0,0,0
1489,6.413,0,154,0,0,0,0,0,106,0,48,44,0,0,0,0
1490,25.468,0,154,0,0,0,0,0,106,0,48,44,0,0,0,0
1491,0.857,0,154,0,0,0,0,0,106,0,48,44,0,0,0,0
1492,0.679,0,154,0,0,0,0,0,106,0,48,44,0,0,0,0
1493,6.794,0,154,0,0,0,0,0,106,0,48,44,0,0,0,0
1494,24.805,0,154,0,0,0,0,0,106,0,48,44,0,0,0,0
1495,0.764,0,154,0,0,0,0,0,106,0,48,44,0,0,0,0
1496,0.603,0,154,0,0,0,0,0,106,0,48,44,0,0,0,0
1497,6.752,0,154,0,0,0,0,0,106,0,48,44,0,0,0,0
1498,25.238,0,154,0,0,0,0,0,106,0,48,44,0,0,0,0
1499,0.814,0,154,0,0,0,0,0,106,0,48,44,0,0,0,0
1500,0.731,0,154,0,0,0,0,0,106,0,48,44,0,0,0,0
1501,6.711,0,154,0,0,0,0,0,106,0,48,44,0,0,0,0
1502,25.134,0,154,0,0,0,0,0,106,0,48,44,0,0,0,0
1503,0.897,0,154,0,0,0,0,0,106,0,48,44,0,0,0,0
1504,0.822,0,154,0,0,0,0,0,106,0,48,44,0,0,0,0
1505,6.476,0,154,0,0,0,0,0,106,0,48,44,0,0,0,0
1506,25.237,0,154,0,0,0,0,0,106,0,48,44,0,0,0,0
1507,0.912,0,154,0,0,0,0,0,106,0,48,44,0,0,0,0
1508,0.672,0,154,0,0,0,0,0,106,0,48,44,0,0,0,0
1509,6.423,0,154,0,0,0,0,0,106,0,48,44,0,0,0,0
1510,25.356,0,154,0,0,0,0,0,106,0,48,44,0,0,0,0
1511,0.824,0,154,0,0,0,0,0,106,0,48,44,0,0,0,0
1512,1.017,0,154,0,0,0,0,0,106,0,48,44,0,0,0,0
1513,6.290,0,154,0,0,0,0,0,106,0,48,44,0,0,0,0
1514,25.107,0,154,0,0,0,0,0,106,0,48,44,0,0,0,0
1515,0.838,0,154,0,0,0,0,0,106,0,48,44,0,0,0,0
1516,0.692,0,154,0,0,0,0,0,106,0,48,44,0,0,0,0
1517,6.680,0,154,0,0,0,0,0,106,0,48,44,0,0,0,0
1518,25.040,0,154,0,0,0,0,0,106,0,48,44,0,0,0,0
1519,0.773,0,154,0,0,0,0,0,106,0,48,44,0,0,0,0
1520,0.649,0,154,0,0,0,0,0,106,0,48,44,0,0,0,0
1521,6.768,0,154,0,0,0,0,0,106,0,48,44,0,0,0,0
1522,25.202,0,154,0,0,0,0,0,106,0,48,44,0,0,0,0
1523,0.827,0,154,0,0,0,0,0,106,0,48,44,0,0,0,0
1524,0.629,0,154,0,0,0,0,0,106,0,48,44,0,0,0,0
1525,6.737,0,154,0,0,0,0,0,106,0,48,44,0,0,0,0
1526,25.075,0,154,0,0,0,0,0,106,0,48,44,0,0,0,0
1527,0.811,0,154,0,0,0,0,0,106,0,48,44,0,0,0,0
1528,0.699,0,154,0,0,0,0,0,106,0,48,44,0,0,0,0
1529,6.724,0,154,0,0,0,0,0,106,0,48,44,0,0,0,0
1530,25.188,0,154,0,0,0,0,0,106,0,48,44,0,0,0,0
1531,0.825,0,154,0,0,0,0,0,106,0,48,44,0,0,0,0
1532,0.681,0,154,0,0,0,0,0,106,0,48,44,0,0,0,0
1533,6.899,0,154,0,0,0,0,0,106,0,48,44,0,0,0,0
1534,24.927,0,154,0,0,0,0,0,106,0,48,44,0,0,0,0
1535,0.810,0,154,0,0,0,0,0,106,0,48,44,0,0,0,0
1536,0.711,0,154,0,0,0,0,0,106,0,48,44,0,0,0,0
1537,6.613,0,154,0,0,0,0,0,106,0,48,44,0,0,0,0
1538,25.244,0,154,0,0,0,1,0,107,0,47,44,0,0,0,0
1539,0.837,0,154,0,0,0,0,0,107,0,47,44,0,0,0,0
1540,2.454,0,154,0,0,0,0,0,107,0,47,44,0,0,0,0
1541,4.861,0,154,0,0,0,0,0,107,0,47,44,0,0,0,0
1542,25.096,0,154,0,0,0,0,0,107,0,47,44,0,0,0,0
1543,1.046,0,154,0,0,0,0,0,107,0,47,44,0,0,0,0
1544,0.635,0,154,0,0,0,0,0,107,0,47,44,0,0,0,0
1545,6.370,0,154,0,0,0,0,0,107,0,47,44,0,0,0,0
1546,25.236,0,154,0,0,0,0,0,107,0,47,44,0,0,0,0
1547,0.827,0,154,0,0,0,0,0,107,0,47,44,0,0,0,0
1548,0.729,0,154,0,0,0,0,0,107,0,47,44,0,0,0,0
1549,6.516,0,154,0,0,0,1,0,108,0,46,44,0,0,0,0
1550,25.217,0,154,0,0,0,0,0,108,0,46,44,0,0,0,0
1551,0.879,0,154,0,0,0,0,0,108,0,46,44,0,0,0,0
1552,0.652,0,154,0,0,0,0,0,108,0,46,44,0,0,0,0
1553,6.699,0,154,0,0,0,0,0,108,0,46,44,0,0,0,0
1554,25.229,0,154,0,0,0,0,0,108,0,46,44,0,0,0,0
1555,0.762,0,154,0,0,0,0,0,108,0,46,44,0,0,0,0
1556,0.645,0,154,0,0,0,0,0,108,0,46,44,0,0,0,0
1557,6.911,0,154,0,0,0,0,0,108,0,46,44,0,0,0,0
1558,24.923,0,154,0,0,0,0,0,108,0,46,44,0,0,0,0
1559,0.818,0,154,0,0,0,0,0,108,0,46,44,0,0,0,0
1560,0.673,0,154,0,0,0,0,0,108,0,46,44,0,0,0,0
1561,6.736,0,154,0,0,0,0,0,108,0,46,44,0,0,0,0
1562,25.006,0,154,0,0,0,0,0,108,0,46,44,0,0,0,0
1563,0.806,0,154,0,0,0,0,0,108,0,46,44,0,0,0,0
1564,0.632,0,154,0,0,0,0,0,108,0,46,44,0,0,0,0
1565,6.962,0,154,0,0,0,0,0,108,0,46,44,0,0,0,0
1566,25.098,0,154,0,0,0,1,0,108,0,46,44,0,0,0,0
1567,0.805,0,154,0,0,0,0,0,108,0,46,44,0,0,0,0
1568,1.606,0,154,0,0,0,0,0,108,0,46,44,0,0,0,0
1569,5.576,0,154,0,0,0,0,0,108,0,46,44,0,0,0,0
1570,25.285,0,154,0,0,0,0,0,108,0,46,44,0,0,0,0
1571,0.882,0,154,0,0,0,0,0,108,0,46,44,0,0,0,0
1572,0.722,0,154,0,0,0,0,0,108,0,46,44,0,0,0,0
1573,6.534,0,154,0,0,0,0,0,108,0,46,44,0,0,0,0
1574,25.117,0,154,0,0,0,1,0,108,0,46,44,0,0,0,0
1575,0.773,0,154,0,0,0,0,0,108,0,46,44,0,0,0,0
1576,0.686,0,154,0,0,0,0,0,108,0,46,44,0,0,0,0
1577,6.787,0,154,0,0,0,0,0,108,0,46,44,0,0,0,0
1578,25.217,0,154,0,0,0,0,0,108,0,46,44,0,0,0,0
1579,0.847,0,154,0,0,0,0,0,108,0,46,44,0,0,0,0
1580,0.650,0,154,0,0,0,0,0,108,0,46,44,0,0,0,0
1581,6.560,0,154,0,0,0,0,0,108,0,46,44,0,0,0,0
1582,25.251,0,154,0,0,0,0,0,108,0,46,44,0,0,0,0
1583,0.782,0,154,0,0,0,0,0,108,0,46,44,0,0,0,0
1584,0.656,0,154,0,0,0,0,0,108,0,46,44,0,0,0,0
1585,6.763,0,154,0,0,0,0,0,108,0,46,44,0,0,0,0
1586,25.345,0,154,0,0,0,1,0,108,0,46,44,0,0,0,0
1587,0.769,0,154,0,0,0,0,0,108,0,46,44,0,0,0,0
1588,0.675,0,154,0,0,0,0,0,108,0,46,44,0,0,0,0
1589,6.542,0,154,0,0,0,0,0,108,0,46,44,0,0,0,0
1590,25.189,0,154,0,0,0,0,0,108,0,46,44,0,0,0,0
1591,0.862,0,154,0,0,0,0,0,108,0,46,44,0,0,0,0
1592,1.633,0,154,0,0,0,0,0,108,0,46,44,0,0,0,0
1593,5.443,0,154,0,0,0,0,0,108,0,46,44,0,0,0,0
1594,25.449,0,154,0,0,0,0,0,108,0,46,44,0,0,0,0
1595,0.856,0,154,0,0,0,0,0,108,0,46,44,0,0,0,0
1596,0.684,0,154,0,0,0,0,0,108,0,46,44,0,0,0,0
1597,6.494,0,154,0,0,0,0,0,108,0,46,44,0,0,0,0
1598,25.219,0,154,0,0,0,0,0,108,0,46,44,0,0,0,0
1599,0.894,0,154,0,0,0,0,0,108,0,46,44,0,0,0,0
1600,0.706,0,154,0,0,0,0,0,108,0,46,44,0,0,0,0
1601,6.521,0,154,0,0,0,0,0,108,0,46,44,0,0,0,0
1602,25.167,0,154,0,0,0,0,0,108,0,46,44,0,0,0,0
1603,0.851,0,154,0,0,0,0,0,108,0,46,44,0,0,0,0
1604,0.674,0,154,0,0,0,0,0,108,0,46,44,0,0,0,0
1605,6.827,0,154,0,0,0,0,0,108,0,46,44,0,0,0,0
1606,24.914,0,154,0,0,0,1,0,108,0,46,44,0,0,0,0
1607,0.911,0,154,0,0,0,0,0,108,0,46,44,0,0,0,0
1608,0.735,0,154,0,0,0,0,0,108,0,46,44,0,0,0,0
1609,6.604,0,154,0,0,0,0,0,108,0,46,44,0,0,0,0
1610,25.103,0,154,0,0,0,0,0,108,0,46,44,0,0,0,0
1611,0.830,0,154,0,0,0,0,0,108,0,46,44,0,0,0,0
1612,0.698,0,154,0,0,0,0,0,108,0,46,44,0,0,0,0
1613,6.716,0,154,0,0,0,0,0,108,0,46,44,0,0,0,0
1614,25.033,0,154,0,0,0,0,0,108,0,46,44,0,0,0,0
1615,0.917,0,154,0,0,0,0,0,108,0,46,44,0,0,0,0
1616,1.682,0,154,0,0,0,0,0,108,0,46,44,0,0,0,0
1617,5.611,0,154,0,0,0,0,0,108,0,46,44,0,0,0,0
1618,25.096,0,154,0,0,0,1,0,109,0,45,44,0,0,0,0
1619,0.852,0,154,0,0,0,0,0,109,0,45,44,0,0,0,0
1620,0.737,0,154,0,0,0,0,0,109,0,45,44,0,0,0,0
1621,6.546,0,154,0,0,0,0,0,109,0,45,44,0,0,0,0
1622,25.233,0,154,0,0,0,0,0,109,0,45,44,0,0,0,0
1623,0.832,0,154,0,0,0,0,0,109,0,45,44,0,0,0,0
1624,0.728,0,154,0,0,0,0,0,109,0,45,44,0,0,0,0
1625,6.560,0,154,0,0,0,0,0,109,0,45,44,0,0,0,0
1626,25.424,0,154,0,0,0,0,0,109,0,45,44,0,0,0,0
1627,0.837,0,154,0,0,0,0,0,109,0,45,44,0,0,0,0
1628,0.631,0,154,0,0,0,0,0,109,0,45,44,0,0,0,0
1629,6.385,0,154,0,0,0,1,0,110,0,44,44,0,0,0,0
1630,25.312,0,154,0,0,0,0,0,110,0,44,44,0,0,0,0
1631,0.936,0,154,0,0,0,0,0,110,0,44,44,0,0,0,0
1632,0.728,0,154,0,0,0,0,0,110,0,44,44,0,0,0,0
1633,6.633,0,154,0,0,0,0,0,110,0,44,44,0,0,0,0
1634,24.909,0,154,0,0,0,0,0,110,0,44,44,0,0,0,0
1635,0.802,0,154,0,0,0,0,0,110,0,44,44,0,0,0,0
1636,0.658,0,154,0,0,0,0,0,110,0,44,44,0,0,0,0
1637,6.823,0,154,0,0,0,0,0,110,0,44,44,0,0,0,0
1638,25.306,0,154,0,0,0,0,0,110,0,44,44,0,0,0,0
1639,0.994,0,154,0,0,0,0,0,110,0,44,44,0,0,0,0
1640,0.839,0,154,0,0,0,0,0,110,0,44,44,0,0,0,0
1641,6.185,0,154,0,0,0,0,0,110,0,44,44,0,0,0,0
1642,25.239,0,154,0,0,0,0,0,110,0,44,44,0,0,0,0
1643,0.860,0,154,0,0,0,0,0,110,0,44,44,0,0,0,0
1644,0.746,0,154,0,0,0,0,0,110,0,44,44,0,0,0,0
1645,6.483,0,154,0,0,0,0,0,110,0,44,44,0,0,0,0
1646,25.134,0,154,0,0,0,1,0,111,0,43,44,0,0,0,0
1647,0.793,0,154,0,0,0,0,0,111,0,43,44,0,0,0,0
1648,0.844,0,154,0,0,0,0,0,111,0,43,44,0,0,0,0
1649,6.533,0,154,0,0,0,0,0,111,0,43,44,0,0,0,0
1650,25.241,0,154,0,0,0,0,0,111,0,43,44,0,0,0,0
1651,0.829,0,154,0,0,0,0,0,111,0,43,44,0,0,0,0
1652,0.719,0,154,0,0,0,0,0,111,0,43,44,0,0,0,0
1653,6.638,0,154,0,0,0,0,0,111,0,43,44,0,0,0,0
1654,25.076,0,154,0,0,0,0,0,111,0,43,44,0,0,0,0
1655,0.854,0,154,0,0,0,0,0,111,0,43,44,0,0,0,0
1656,0.736,0,154,0,0,0,0,0,111,0,43,44,0,0,0,0
1657,6.592,0,154,0,0,0,0,0,111,0,43,44,0,0,0,0
1658,25.181,0,154,0,0,0,0,0,111,0,43,44,0,0,0,0
1659,0.929,0,154,0,0,0,0,0,111,0,43,44,0,0,0,0
1660,0.785,0,154,0,0,0,0,0,111,0,43,44,0,0,0,0
1661,6.559,0,154,0,0,0,0,0,111,0,43,44,0,0,0,0
1662,25.168,0,154,0,0,0,0,0,111,0,43,44,0,0,0,0
1663,1.035,0,154,0,0,0,0,0,111,0,43,44,0,0,0,0
1664,0.908,0,154,0,0,0,0,0,111,0,43,44,0,0,0,0
1665,6.048,0,154,0,0,0,0,0,111,0,43,44,0,0,0,0
1666,25.163,0,154,0,0,0,0,0,111,0,43,44,0,0,0,0
1667,0.811,0,154,0,0,0,0,0,111,0,43,44,0,0,0,0
1668,0.787,0,154,0,0,0,0,0,111,0,43,44,0,0,0,0
1669,6.522,0,154,0,0,0,0,0,111,0,43,44,0,0,0,0
1670,25.487,0,154,0,0,0,0,0,111,0,43,44,0,0,0,0
1671,0.934,0,154,0,0,0,1,0,112,0,42,44,0,0,0,0
1672,1.424,0,154,0,0,0,0,0,112,0,42,44,0,0,0,0
1673,5.541,0,154,0,0,0,0,0,112,0,42,44,0,0,0,0
1674,25.123,0,154,0,0,0,0,0,112,0,42,44,0,0,0,0
1675,0.782,0,154,0,0,0,0,0,112,0,42,44,0,0,0,0
1676,0.644,0,154,0,0,0,0,0,112,0,42,44,0,0,0,0
1677,6.780,0,154,0,0,0,0,0,112,0,42,44,0,0,0,0
1678,25.373,0,154,0,0,0,0,0,112,0,42,44,0,0,0,0
1679,0.885,0,154,0,0,0,0,0,112,0,42,44,0,0,0,0
1680,0.936,0,154,0,0,0,0,0,112,0,42,44,0,0,0,0
1681,6.255,0,154,0,0,0,0,0,112,0,42,44,0,0,0,0
1682,25.071,0,154,0,0,0,0,0,112,0,42,44,0,0,0,0
1683,0.829,0,154,0,0,0,0,0,112,0,42,44,0,0,0,0
1684,0.890,0,154,0,0,0,0,0,112,0,42,44,0,0,0,0
1685,6.609,0,154,0,0,0,0,0,112,0,42,44,0,0,0,0
1686,25.031,0,154,0,0,0,0,0,112,0,42,44,0,0,0,0
1687,0.841,0,154,0,0,0,0,0,112,0,42,44,0,0,0,0
1688,0.681,0,154,0,0,0,0,0,112,0,42,44,0,0,0,0
1689,6.603,0,154,0,0,0,0,0,112,0,42,44,0,0,0,0
1690,25.232,0,154,0,0,0,0,0,112,0,42,44,0,0,0,0
1691,0.901,0,154,0,0,0,0,0,112,0,42,44,0,0,0,0
1692,0.709,0,154,0,0,0,0,0,112,0,42,44,0,0,0,0
1693,6.556,0,154,0,0,0,0,0,112,0,42,44,0,0,0,0
1694,25.079,0,154,0,0,0,0,0,112,0,42,44,0,0,0,0
1695,0.872,0,154,0,0,0,0,0,112,0,42,44,0,0,0,0
1696,1.679,0,154,0,0,0,0,0,112,0,42,44,0,0,0,0
1697,5.600,0,154,0,0,0,0,0,112,0,42,44,0,0,0,0
1698,25.201,0,154,0,0,0,0,0,112,0,42,44,0,0,0,0
1699,0.893,0,154,0,0,0,0,0,112,0,42,44,0,0,0,0
1700,0.666,0,154,0,0,0,0,0,112,0,42,44,0,0,0,0
1701,6.769,0,154,0,0,0,0,0,112,0,42,44,0,0,0,0
1702,25.116,0,154,0,0,0,0,0,112,0,42,44,0,0,0,0
1703,0.961,0,154,0,0,0,0,0,112,0,42,44,0,0,0,0
1704,0.684,0,154,0,0,0,0,0,112,0,42,44,0,0,0,0
1705,6.420,0,154,0,0,0,0,0,112,0,42,44,0,0,0,0
1706,25.229,0,154,0,0,0,0,0,112,0,42,44,0,0,0,0
1707,0.916,0,154,0,0,0,0,0,112,0,42,44,0,0,0,0
1708,0.717,0,154,0,0,0,0,0,112,0,42,44,0,0,0,0
1709,6.484,0,154,0,0,0,0,0,112,0,42,44,0,0,0,0
1710,25.297,0,154,0,0,0,0,0,112,0,42,44,0,0,0,0
1711,0.913,0,154,0,0,0,0,0,112,0,42,44,0,0,0,0
1712,0.739,0,154,0,0,0,0,0,112,0,42,44,0,0,0,0
1713,6.429,0,154,0,0,0,1,0,112,0,42,44,0,0,0,0
1714,25.066,0,154,0,0,0,0,0,112,0,42,44,0,0,0,0
1715,0.787,0,154,0,0,0,0,0,112,0,42,44,0,0,0,0
1716,0.604,0,154,0,0,0,0,0,112,0,42,44,0,0,0,0
1717,6.956,0,154,0,0,0,0,0,112,0,42,44,0,0,0,0
1718,24.968,0,154,0,0,0,0,0,112,0,42,44,0,0,0,0
1719,0.911,0,154,0,0,0,0,0,112,0,42,44,0,0,0,0
1720,0.746,0,154,0,0,0,0,0,112,0,42,44,0,0,0,0
1721,6.526,0,154,0,0,0,0,0,112,0,42,44,0,0,0,0
1722,25.302,0,154,0,0,0,0,0,112,0,42,44,0,0,0,0
1723,0.816,0,154,0,0,0,0,0,112,0,42,44,0,0,0,0
1724,1.339,0,154,0,0,0,0,0,112,0,42,44,0,0,0,0
1725,5.858,0,154,0,0,0,0,0,112,0,42,44,0,0,0,0
1726,25.136,0,154,0,0,0,0,0,112,0,42,44,0,0,0,0
1727,0.792,0,154,0,0,0,0,0,112,0,42,44,0,0,0,0
1728,0.617,0,154,0,0,0,0,0,112,0,42,44,0,0,0,0
1729,6.802,0,154,0,0,0,0,0,112,0,42,44,0,0,0,0
1730,25.396,0,154,0,0,0,0,0,112,0,42,44,0,0,0,0
1731,0.833,0,154,0,0,0,0,0,112,0,42,44,0,0,0,0
1732,0.626,0,154,0,0,0,0,0,112,0,42,44,0,0,0,0
1733,6.541,0,154,0,0,0,0,0,112,0,42,44,0,0,0,0
1734,25.189,0,154,0,0,0,0,0,112,0,42,44,0,0,0,0
1735,0.864,0,154,0,0,0,0,0,112,0,42,44,0,0,0,0
1736,0.613,0,154,0,0,0,0,0,112,0,42,44,0,0,0,0
1737,6.829,0,154,0,0,0,0,0,112,0,42,44,0,0,0,0
1738,24.956,0,154,0,0,0,0,0,112,0,42,44,0,0,0,0
1739,0.920,0,154,0,0,0,0,0,112,0,42,44,0,0,0,0
1740,0.764,0,154,0,0,0,0,0,112,0,42,44,0,0,0,0
1741,6.475,0,154,0,0,0,0,0,112,0,42,44,0,0,0,0
1742,25.164,0,154,0,0,0,0,0,112,0,42,44,0,0,0,0
1743,0.867,0,154,0,0,0,0,0,112,0,42,44,0,0,0,0
1744,0.801,0,154,0,0,0,0,0,112,0,42,44,0,0,0,0
1745,6.670,0,154,0,0,0,0,0,112,0,42,44,0,0,0,0
1746,25.125,0,154,0,0,0,0,0,112,0,42,44,0,0,0,0
1747,0.980,0,154,0,0,0,0,0,112,0,42,44,0,0,0,0
1748,2.015,0,154,0,0,0,0,0,112,0,42,44,0,0,0,0
1749,5.025,0,154,0,0,0,0,0,112,0,42,44,0,0,0,0
1750,25.243,0,154,0,0,0,0,0,112,0,42,44,0,0,0,0
1751,0.800,0,154,0,0,0,0,0,112,0,42,44,0,0,0,0
1752,0.680,0,154,0,0,0,0,0,112,0,42,44,0,0,0,0
1753,6.598,0,154,0,0,0,0,0,112,0,42,44,0,0,0,0
1754,25.198,0,154,0,0,0,0,0,112,0,42,44,0,0,0,0
1755,0.819,0,154,0,0,0,0,0,112,0,42,44,0,0,0,0
1756,0.631,0,154,0,0,0,0,0,112,0,42,44,0,0,0,0
1757,6.775,0,154,0,0,0,0,0,112,0,42,44,0,0,0,0
1758,25.182,0,154,0,0,0,0,0,112,0,42,44,0,0,0,0
1759,0.814,0,154,0,0,0,0,0,112,0,42,44,0,0,0,0
1760,0.713,0,154,0,0,0,0,0,112,0,42,44,0,0,0,0
1761,6.665,0,154,0,0,0,0,0,112,0,42,44,0,0,0,0
1762,25.158,0,154,0,0,0,0,0,112,0,42,44,0,0,0,0
1763,0.848,0,154,0,0,0,0,0,112,0,42,44,0,0,0,0
1764,0.838,0,154,0,0,0,0,0,112,0,42,44,0,0,0,0
1765,6.577,0,154,0,0,0,0,0,112,0,42,44,0,0,0,0
1766,25.026,0,154,0,0,0,0,0,112,0,42,44,0,0,0,0
1767,0.856,0,154,0,0,0,0,0,112,0,42,44,0,0,0,0
1768,0.626,0,154,0,0,0,0,0,112,0,42,44,0,0,0,0
1769,6.758,0,154,0,0,0,0,0,112,0,42,44,0,0,0,0
1770,25.034,0,154,0,0,0,0,0,112,0,42,44,0,0,0,0
1771,0.849,0,154,0,0,0,0,0,112,0,42,44,0,0,0,0
1772,0.781,0,154,0,0,0,0,0,112,0,42,44,0,0,0,0
1773,6.547,0,154,0,0,0,0,0,112,0,42,44,0,0,0,0
1774,25.325,0,154,0,0,0,0,0,112,0,42,44,0,0,0,0
1775,0.789,0,154,0,0,0,0,0,112,0,42,44,0,0,0,0
1776,1.267,0,154,0,0,0,0,0,112,0,42,44,0,0,0,0
1777,5.867,0,154,0,0,0,0,0,112,0,42,44,0,0,0,0
1778,25.366,0,154,0,0,0,0,0,112,0,42,44,0,0,0,0
1779,0.857,0,154,0,0,0,0,0,112,0,42,44,0,0,0,0
1780,0.701,0,154,0,0,0,0,0,112,0,42,44,0,0,0,0
1781,6.515,0,154,0,0,0,0,0,112,0,42,44,0,0,0,0
1782,25.176,0,154,0,0,0,1,0,112,0,42,44,0,0,0,0
1783,0.840,0,154,0,0,0,0,0,112,0,42,44,0,0,0,0
1784,0.645,0,154,0,0,0,0,0,112,0,42,44,0,0,0,0
1785,6.554,0,154,0,0,0,0,0,112,0,42,44,0,0,0,0
1786,25.305,0,154,0,0,0,0,0,112,0,42,44,0,0,0,0
1787,0.816,0,154,0,0,0,0,0,112,0,42,44,0,0,0,0
1788,0.638,0,154,0,0,0,0,0,112,0,42,44,0,0,0,0
1789,6.745,0,154,0,0,0,0,0,112,0,42,44,0,0,0,0
1790,25.022,0,154,0,0,0,0,0,112,0,42,44,0,0,0,0
1791,0.814,0,154,0,0,0,0,0,112,0,42,44,0,0,0,0
1792,0.592,0,154,0,0,0,0,0,112,0,42,44,0,0,0,0
1793,6.848,0,154,0,0,0,0,0,112,0,42,44,0,0,0,0
1794,25.378,0,154,0,0,0,1,0,112,0,42,44,0,0,0,0
1795,0.864,0,154,0,0,0,0,0,112,0,42,44,0,0,0,0
1796,0.708,0,154,0,0,0,0,0,112,0,42,44,0,0,0,0
1797,6.371,0,154,0,0,0,0,0,112,0,42,44,0,0,0,0
1798,25.398,0,154,0,0,0,0,0,112,0,42,44,0,0,0,0
1799,0.765,0,154,0,0,0,0,0,112,0,42,44,0,0,0,0
1800,1.792,0,154,0,0,0,0,0,112,0,42,44,0,0,0,0
1801,5.390,0,154,0,0,0,0,0,112,0,42,44,0,0,0,0
1802,25.092,0,154,0,0,0,0,0,112,0,42,44,0,0,0,0
1803,0.904,0,154,0,0,0,0,0,112,0,42,44,0,0,0,0
1804,0.630,0,154,0,0,0,0,0,112,0,42,44,0,0,0,0
1805,6.668,0,154,0,0,0,0,0,112,0,42,44,0,0,0,0
1806,25.329,0,154,0,0,0,0,0,112,0,42,44,0,0,0,0
1807,0.920,0,154,0,0,0,0,0,112,0,42,44,0,0,0,0
1808,0.648,0,154,0,0,0,0,0,112,0,42,44,0,0,0,0
1809,6.387,0,154,0,0,0,0,0,112,0,42,44,0,0,0,0
1810,25.371,0,154,0,0,0,0,0,112,0,42,44,0,0,0,0
1811,0.901,0,154,0,0,0,0,0,112,0,42,44,0,0,0,0
1812,0.672,0,154,0,0,0,0,0,112,0,42,44,0,0,0,0
1813,6.543,0,154,0,0,0,0,0,112,0,42,44,0,0,0,0
1814,25.047,0,154,0,0,0,0,0,112,0,42,44,0,0,0,0
1815,0.820,0,154,0,0,0,0,0,112,0,42,44,0,0,0,0
1816,0.679,0,154,0,0,0,0,0,112,0,42,44,0,0,0,0
1817,6.644,0,154,0,0,0,0,0,112,0,42,44,0,0,0,0
1818,25.172,0,154,0,0,0,0,0,112,0,42,44,0,0,0,0
1819,0.821,0,154,0,0,0,0,0,112,0,42,44,0,0,0,0
1820,0.667,0,154,0,0,0,0,0,112,0,42,44,0,0,0,0
1821,6.681,0,154,0,0,0,0,0,112,0,42,44,0,0,0,0
1822,25.189,0,154,0,0,0,0,0,112,0,42,44,0,0,0,0
1823,0.850,0,154,0,0,0,0,0,112,0,42,44,0,0,0,0
1824,1.171,0,154,0,0,0,0,0,112,0,42,44,0,0,0,0
1825,6.041,0,154,0,0,0,0,0,112,0,42,44,0,0,0,0
1826,25.290,0,154,0,0,0,0,0,112,0,42,44,0,0,0,0
1827,0.788,0,154,0,0,0,0,0,112,0,42,44,0,0,0,0
1828,0.655,0,154,0,0,0,0,0,112,0,42,44,0,0,0,0
1829,6.672,0,154,0,0,0,0,0,112,0,42,44,0,0,0,0
1830,25.362,0,154,0,0,0,0,0,112,0,42,44,0,0,0,0
1831,0.825,0,154,0,0,0,0,0,112,0,42,44,0,0,0,0
1832,0.634,0,154,0,0,0,0,0,112,0,42,44,0,0,0,0
1833,6.552,0,154,0,0,0,1,0,112,0,42,44,0,0,0,0
1834,25.134,0,154,0,0,0,0,0,112,0,42,44,0,0,0,0
1835,0.895,0,154,0,0,0,0,0,112,0,42,44,0,0,0,0
1836,0.730,0,154,0,0,0,0,0,112,0,42,44,0,0,0,0
1837,6.679,0,154,0,0,0,0,0,112,0,42,44,0,0,0,0
1838,25.096,0,154,0,0,0,0,0,112,0,42,44,0,0,0,0
1839,0.868,0,154,0,0,0,0,0,112,0,42,44,0,0,0,0
1840,0.700,0,154,0,0,0,0,0,112,0,42,44,0,0,0,0
1841,6.573,0,154,0,0,0,0,0,112,0,42,44,0,0,0,0
1842,25.118,0,154,0,0,0,1,0,113,0,41,44,0,0,0,0
1843,0.839,0,154,0,0,0,0,0,113,0,41,44,0,0,0,0
1844,0.720,0,154,0,0,0,0,0,113,0,41,44,0,0,0,0
1845,6.679,0,154,0,0,0,0,0,113,0,41,44,0,0,0,0
1846,25.169,0,154,0,0,0,0,0,113,0,41,44,0,0,0,0
1847,0.829,0,154,0,0,0,0,0,113,0,41,44,0,0,0,0
1848,1.984,0,154,0,0,0,0,0,113,0,41,44,0,0,0,0
1849,5.214,0,154,0,0,0,0,0,113,0,41,44,0,0,0,0
1850,25.262,0,154,0,0,0,0,0,113,0,41,44,0,0,0,0
1851,0.804,0,154,0,0,0,0,0,113,0,41,44,0,0,0,0
1852,0.644,0,154,0,0,0,0,0,113,0,41,44,0,0,0,0
1853,6.816,0,154,0,0,0,0,0,113,0,41,44,0,0,0,0
1854,25.110,0,154,0,0,0,0,0,113,0,41,44,0,0,0,0
1855,0.868,0,154,0,0,0,0,0,113,0,41,44,0,0,0,0
1856,0.807,0,154,0,0,0,1,0,114,0,40,44,0,0,0,0
1857,6.371,0,154,0,0,0,0,0,114,0,40,44,0,0,0,0
1858,25.181,0,154,0,0,0,0,0,114,0,40,44,0,0,0,0
1859,0.888,0,154,0,0,0,0,0,114,0,40,44,0,0,0,0
1860,0.696,0,154,0,0,0,0,0,114,0,40,44,0,0,0,0
1861,6.722,0,154,0,0,0,0,0,114,0,40,44,0,0,0,0
1862,25.020,0,154,0,0,0,0,0,114,0,40,44,0,0,0,0
1863,0.786,0,154,0,0,0,0,0,114,0,40,44,0,0,0,0
1864,0.720,0,154,0,0,0,0,0,114,0,40,44,0,0,0,0
1865,6.762,0,154,0,0,0,0,0,114,0,40,44,0,0,0,0
1866,25.090,0,154,0,0,0,1,0,115,0,39,44,0,0,0,0
1867,0.781,0,154,0,0,0,0,0,115,0,39,44,0,0,0,0
1868,0.822,0,154,0,0,0,0,0,115,0,39,44,0,0,0,0
1869,6.701,0,154,0,0,0,0,0,115,0,39,44,0,0,0,0
1870,25.179,0,154,0,0,0,0,0,115,0,39,44,0,0,0,0
1871,0.905,0,154,0,0,0,0,0,115,0,39,44,0,0,0,0
1872,1.344,0,154,0,0,0,0,0,115,0,39,44,0,0,0,0
1873,5.721,0,154,0,0,0,0,0,115,0,39,44,0,0,0,0
1874,25.229,0,154,0,0,0,0,0,115,0,39,44,0,0,0,0
1875,0.832,0,154,0,0,0,0,0,115,0,39,44,0,0,0,0
1876,0.698,0,154,0,0,0,0,0,115,0,39,44,0,0,0,0
1877,6.718,0,154,0,0,0,0,0,115,0,39,44,0,0,0,0
1878,25.194,0,154,0,0,0,0,0,115,0,39,44,0,0,0,0
1879,0.896,0,154,0,0,0,0,0,115,0,39,44,0,0,0,0
1880,0.783,0,154,0,0,0,0,0,115,0,39,44,0,0,0,0
1881,6.505,0,154,0,0,0,0,0,115,0,39,44,0,0,0,0
1882,25.126,0,154,0,0,0,0,0,115,0,39,44,0,0,0,0
1883,0.762,0,154,0,0,0,0,0,115,0,39,44,0,0,0,0
1884,0.683,0,154,0,0,0,0,0,115,0,39,44,0,0,0,0
1885,6.758,0,154,0,0,0,0,0,115,0,39,44,0,0,0,0
1886,25.035,0,154,0,0,0,1,0,116,0,38,44,0,0,0,0
1887,0.797,0,154,0,0,0,0,0,116,0,38,44,0,0,0,0
1888,0.930,0,154,0,0,0,0,0,116,0,38,44,0,0,0,0
1889,6.444,0,154,0,0,0,0,0,116,0,38,44,0,0,0,0
1890,25.070,0,154,0,0,0,0,0,116,0,38,44,0,0,0,0
1891,0.817,0,154,0,0,0,0,0,116,0,38,44,0,0,0,0
1892,0.722,0,154,0,0,0,0,0,116,0,38,44,0,0,0,0
1893,6.738,0,154,0,0,0,0,0,116,0,38,44,0,0,0,0
1894,25.122,0,154,0,0,0,0,0,116,0,38,44,0,0,0,0
1895,0.833,0,154,0,0,0,0,0,116,0,38,44,0,0,0,0
1896,1.763,0,154,0,0,0,0,0,116,0,38,44,0,0,0,0
1897,5.680,0,154,0,0,0,0,0,116,0,38,44,0,0,0,0
1898,25.108,0,154,0,0,0,1,0,116,0,38,44,0,0,0,0
1899,0.922,0,154,0,0,0,0,0,116,0,38,44,0,0,0,0
1900,0.735,0,154,0,0,0,0,0,116,0,38,44,0,0,0,0
1901,6.576,0,154,0,0,0,0,0,116,0,38,44,0,0,0,0
1902,24.943,0,154,0,0,0,0,0,116,0,38,44,0,0,0,0
1903,0.843,0,154,0,0,0,0,0,116,0,38,44,0,0,0,0
1904,0.714,0,154,0,0,0,0,0,116,0,38,44,0,0,0,0
1905,6.767,0,154,0,0,0,0,0,116,0,38,44,0,0,0,0
1906,25.165,0,154,0,0,0,0,0,116,0,38,44,0,0,0,0
1907,0.883,0,154,0,0,0,0,0,116,0,38,44,0,0,0,0
1908,0.658,0,154,0,0,0,0,0,116,0,38,44,0,0,0,0
1909,6.574,0,154,0,0,0,0,0,116,0,38,44,0,0,0,0
1910,25.292,0,154,0,0,0,0,0,116,0,38,44,0,0,0,0
1911,0.850,0,154,0,0,0,0,0,116,0,38,44,0,0,0,0
1912,0.726,0,154,0,0,0,0,0,116,0,38,44,0,0,0,0
1913,6.515,0,154,0,0,0,0,0,116,0,38,44,0,0,0,0
1914,25.105,0,154,0,0,0,0,0,116,0,38,44,0,0,0,0
1915,0.922,0,154,0,0,0,0,0,116,0,38,44,0,0,0,0
1916,0.709,0,154,0,0,0,0,0,116,0,38,44,0,0,0,0
1917,6.652,0,154,0,0,0,0,0,116,0,38,44,0,0,0,0
1918,25.121,0,154,0,0,0,0,0,116,0,38,44,0,0,0,0
1919,0.904,0,154,0,0,0,0,0,116,0,38,44,0,0,0,0
1920,0.872,0,154,0,0,0,0,0,116,0,38,44,0,0,0,0
1921,6.328,0,154,0,0,0,0,0,116,0,38,44,0,0,0,0
1922,25.212,0,154,0,0,0,0,0,116,0,38,44,0,0,0,0
1923,0.864,0,154,0,0,0,0,0,116,0,38,44,0,0,0,0
1924,1.238,0,154,0,0,0,0,0,116,0,38,44,0,0,0,0
1925,5.945,0,154,0,0,0,0,0,116,0,38,44,0,0,0,0
1926,25.242,0,154,0,0,0,0,0,116,0,38,44,0,0,0,0
1927,0.816,0,154,0,0,0,0,0,116,0,38,44,0,0,0,0
1928,0.717,0,154,0,0,0,0,0,116,0,38,44,0,0,0,0
1929,6.654,0,154,0,0,0,0,0,116,0,38,44,0,0,0,0
1930,25.274,0,154,0,0,0,0,0,116,0,38,44,0,0,0,0
1931,0.798,0,154,0,0,0,0,0,116,0,38,44,0,0,0,0
1932,0.691,0,154,0,0,0,0,0,116,0,38,44,0,0,0,0
1933,6.581,0,154,0,0,0,0,0,116,0,38,44,0,0,0,0
1934,25.215,0,154,0,0,0,0,0,116,0,38,44,0,0,0,0
1935,0.783,0,154,0,0,0,0,0,116,0,38,44,0,0,0,0
1936,0.712,0,154,0,0,0,0,0,116,0,38,44,0,0,0,0
1937,6.572,0,154,0,0,0,0,0,116,0,38,44,0,0,0,0
1938,25.133,0,154,0,0,0,0,0,116,0,38,44,0,0,0,0
1939,0.950,0,154,0,0,0,0,0,116,0,38,44,0,0,0,0
1940,0.728,0,154,0,0,0,0,0,116,0,38,44,0,0,0,0
1941,6.463,0,154,0,0,0,0,0,116,0,38,44,0,0,0,0
1942,25.280,0,154,0,0,0,1,0,116,0,38,44,0,0,0,0
1943,0.833,0,154,0,0,0,0,0,116,0,38,44,0,0,0,0
1944,0.696,0,154,0,0,0,0,0,116,0,38,44,0,0,0,0
1945,6.640,0,154,0,0,0,0,0,116,0,38,44,0,0,0,0
1946,25.292,0,154,0,0,0,0,0,116,0,38,44,0,0,0,0
1947,0.772,0,154,0,0,0,0,0,116,0,38,44,0,0,0,0
1948,1.290,0,154,0,0,0,0,0,116,0,38,44,0,0,0,0
1949,5.848,0,154,0,0,0,0,0,116,0,38,44,0,0,0,0
1950,25.441,0,154,0,0,0,0,0,116,0,38,44,0,0,0,0
1951,0.851,0,154,0,0,0,0,0,116,0,38,44,0,0,0,0
1952,0.610,0,154,0,0,0,0,0,116,0,38,44,0,0,0,0
1953,6.460,0,154,0,0,0,0,0,116,0,38,44,0,0,0,0
1954,25.267,0,154,0,0,0,0,0,116,0,38,44,0,0,0,0
1955,0.930,0,154,0,0,0,0,0,116,0,38,44,0,0,0,0
1956,0.834,0,154,0,0,0,0,0,116,0,38,44,0,0,0,0
1957,6.276,0,154,0,0,0,0,0,116,0,38,44,0,0,0,0
1958,25.243,0,154,0,0,0,0,0,116,0,38,44,0,0,0,0
1959,0.907,0,154,0,0,0,0,0,116,0,38,44,0,0,0,0
1960,0.700,0,154,0,0,0,0,0,116,0,38,44,0,0,0,0
1961,6.550,0,154,0,0,0,0,0,116,0,38,44,0,0,0,0
1962,25.137,0,154,0,0,0,0,0,116,0,38,44,0,0,0,0
1963,0.863,0,154,0,0,0,0,0,116,0,38,44,0,0,0,0
1964,0.763,0,154,0,0,0,0,0,116,0,38,44,0,0,0,0
1965,6.571,0,154,0,0,0,0,0,116,0,38,44,0,0,0,0
1966,25.159,0,154,0,0,0,1,0,116,0,38,44,0,0,0,0
1967,0.868,0,154,0,0,0,0,0,116,0,38,44,0,0,0,0
1968,0.741,0,154,0,0,0,0,0,116,0,38,44,0,0,0,0
1969,6.597,0,154,0,0,0,0,0,116,0,38,44,0,0,0,0
1970,25.081,0,154,0,0,0,0,0,116,0,38,44,0,0,0,0
1971,0.824,0,154,0,0,0,0,0,116,0,38,44,0,0,0,0
1972,0.662,0,154,0,0,0,0,0,116,0,38,44,0,0,0,0
1973,6.771,0,154,0,0,0,0,0,116,0,38,44,0,0,0,0
1974,25.192,0,154,0,0,0,0,0,116,0,38,44,0,0,0,0
1975,0.797,0,154,0,0,0,0,0,116,0,38,44,0,0,0,0
1976,1.641,0,154,0,0,0,0,0,116,0,38,44,0,0,0,0
1977,5.600,0,154,0,0,0,0,0,116,0,38,44,0,0,0,0
1978,25.380,0,154,0,0,0,0,0,116,0,38,44,0,0,0,0
1979,1.024,0,154,0,0,0,0,0,116,0,38,44,0,0,0,0
1980,0.748,0,154,0,0,0,0,0,116,0,38,44,0,0,0,0
1981,6.251,0,154,0,0,0,1,0,116,0,38,44,0,0,0,0
1982,25.071,0,154,0,0,0,0,0,116,0,38,44,0,0,0,0
1983,0.843,0,154,0,0,0,0,0,116,0,38,44,0,0,0,0
1984,0.619,0,154,0,0,0,0,0,116,0,38,44,0,0,0,0
1985,6.741,0,154,0,0,0,0,0,116,0,38,44,0,0,0,0
1986,25.168,0,154,0,0,0,0,0,116,0,38,44,0,0,0,0
1987,0.946,0,154,0,0,0,0,0,116,0,38,44,0,0,0,0
1988,0.688,0,154,0,0,0,0,0,116,0,38,44,0,0,0,0
1989,6.500,0,154,0,0,0,0,0,116,0,38,44,0,0,0,0
1990,25.239,0,154,0,0,0,1,0,117,0,37,44,0,0,0,0
1991,0.861,0,154,0,0,0,0,0,117,0,37,44,0,0,0,0
1992,0.869,0,154,0,0,0,0,0,117,0,37,44,0,0,0,0
1993,6.455,0,154,0,0,0,0,0,117,0,37,44,0,0,0,0
1994,25.185,0,154,0,0,0,0,0,117,0,37,44,0,0,0,0
1995,0.830,0,154,0,0,0,0,0,117,0,37,44,0,0,0,0
1996,0.729,0,154,0,0,0,0,0,117,0,37,44,0,0,0,0
1997,6.567,0,154,0,0,0,0,0,117,0,37,44,0,0,0,0
1998,25.238,0,154,0,0,0,0,0,117,0,37,44,0,0,0,0
1999,0.798,0,154,0,0,0,0,0,117,0,37,44,0,0,0,0
2000,0.700,0,154,0,0,0,0,0,117,0,37,44,0,0,0,0
2001,6.725,0,154,0,0,0,0,0,117,0,37,44,0,0,0,0
2002,25.007,0,154,0,0,0,0,0,117,0,37,44,0,0,0,0
2003,0.844,0,154,0,0,0,0,0,117,0,37,44,0,0,0,0
2004,1.825,0,154,0,0,0,0,0,117,0,37,44,0,0,0,0
2005,5.546,0,154,0,0,0,0,0,117,0,37,44,0,0,0,0
2006,25.345,0,154,0,0,0,0,0,117,0,37,44,0,0,0,0
2007,0.920,0,154,0,0,0,0,0,117,0,37,44,0,0,0,0
2008,0.656,0,154,0,0,0,0,0,117,0,37,44,0,0,0,0
2009,6.336,0,154,0,0,0,0,0,117,0,37,44,0,0,0,0
2010,25.283,0,154,0,0,0,0,0,117,0,37,44,0,0,0,0
2011,0.869,0,154,0,0,0,0,0,117,0,37,44,0,0,0,0
2012,0.791,0,154,0,0,0,0,0,117,0,37,44,0,0,0,0
2013,6.441,0,154,0,0,0,1,0,118,0,36,44,0,0,0,0
2014,25.113,0,154,0,0,0,0,0,118,0,36,44,0,0,0,0
2015,0.910,0,154,0,0,0,0,0,118,0,36,44,0,0,0,0
2016,0.671,0,154,0,0,0,0,0,118,0,36,44,0,0,0,0
2017,6.556,0,154,0,0,0,0,0,118,0,36,44,0,0,0,0
2018,25.147,0,154,0,0,0,0,0,118,0,36,44,0,0,0,0
2019,0.839,0,154,0,0,0,0,0,118,0,36,44,0,0,0,0
2020,0.702,0,154,0,0,0,0,0,118,0,36,44,0,0,0,0
2021,6.705,0,154,0,0,0,0,0,118,0,36,44,0,0,0,0
2022,25.447,0,154,0,0,0,1,0,119,0,35,44,0,0,0,0
2023,1.029,0,154,0,0,0,0,0,119,0,35,44,0,0,0,0
2024,0.942,0,154,0,0,0,0,0,119,0,35,44,0,0,0,0
2025,5.849,0,154,0,0,0,0,0,119,0,35,44,0,0,0,0
2026,25.198,0,154,0,0,0,0,0,119,0,35,44,0,0,0,0
2027,0.898,0,154,0,0,0,0,0,119,0,35,44,0,0,0,0
2028,0.689,0,154,0,0,0,0,0,119,0,35,44,0,0,0,0
2029,6.557,0,154,0,0,0,0,0,119,0,35,44,0,0,0,0
2030,25.272,0,154,0,0,0,0,0,119,0,35,44,0,0,0,0
2031,0.909,0,154,0,0,0,0,0,119,0,35,44,0,0,0,0
2032,0.806,0,154,0,0,0,0,0,119,0,35,44,0,0,0,0
2033,6.299,0,154,0,0,0,0,0,119,0,35,44,0,0,0,0
2034,25.130,0,154,0,0,0,0,0,119,0,35,44,0,0,0,0
2035,0.837,0,154,0,0,0,0,0,119,0,35,44,0,0,0,0
2036,0.663,0,154,0,0,0,0,0,119,0,35,44,0,0,0,0
2037,6.823,0,154,0,0,0,0,0,119,0,35,44,0,0,0,0
2038,25.131,0,154,0,0,0,0,0,119,0,35,44,0,0,0,0
2039,0.953,0,154,0,0,0,0,0,119,0,35,44,0,0,0,0
2040,0.739,0,154,0,0,0,0,0,119,0,35,44,0,0,0,0
2041,6.507,0,154,0,0,0,0,0,119,0,35,44,0,0,0,0
2042,25.292,0,154,0,0,0,0,0,119,0,35,44,0,0,0,0
2043,0.843,0,154,0,0,0,0,0,119,0,35,44,0,0,0,0
2044,0.706,0,154,0,0,0,0,0,119,0,35,44,0,0,0,0
2045,6.566,0,154,0,0,0,0,0,119,0,35,44,0,0,0,0
2046,25.044,0,154,0,0,0,0,0,119,0,35,44,0,0,0,0
2047,0.880,0,154,0,0,0,0,0,119,0,35,44,0,0,0,0
2048,0.666,0,154,0,0,0,0,0,119,0,35,44,0,0,0,0
2049,6.860,0,154,0,0,0,0,0,119,0,35,44,0,0,0,0
2050,24.922,0,154,0,0,0,0,0,119,0,35,44,0,0,0,0
2051,0.898,0,154,0,0,0,0,0,119,0,35,44,0,0,0,0
2052,0.690,0,154,0,0,0,0,0,119,0,35,44,0,0,0,0
2053,6.651,0,154,0,0,0,0,0,119,0,35,44,0,0,0,0
2054,25.205,0,154,0,0,0,0,0,119,0,35,44,0,0,0,0
2055,0.952,0,154,0,0,0,0,0,119,0,35,44,0,0,0,0
2056,0.661,0,154,0,0,0,0,0,119,0,35,44,0,0,0,0
2057,6.454,0,154,0,0,0,0,0,119,0,35,44,0,0,0,0
2058,25.294,0,154,0,0,0,1,0,120,0,34,44,0,0,0,0
2059,0.981,0,154,0,0,0,0,0,120,0,34,44,0,0,0,0
2060,1.712,0,154,0,0,0,0,0,120,0,34,44,0,0,0,0
2061,5.304,0,154,0,0,0,0,0,120,0,34,44,0,0,0,0
2062,25.210,0,154,0,0,0,0,0,120,0,34,44,0,0,0,0
2063,0.888,0,154,0,0,0,0,0,120,0,34,44,0,0,0,0
2064,0.641,0,154,0,0,0,0,0,120,0,34,44,0,0,0,0
2065,6.635,0,154,0,0,0,0,0,120,0,34,44,0,0,0,0
2066,25.214,0,154,0,0,0,0,0,120,0,34,44,0,0,0,0
2067,0.901,0,154,0,0,0,0,0,120,0,34,44,0,0,0,0
2068,0.658,0,154,0,0,0,0,0,120,0,34,44,0,0,0,0
2069,6.633,0,154,0,0,0,0,0,120,0,34,44,0,0,0,0
2070,25.185,0,154,0,0,0,0,0,120,0,34,44,0,0,0,0
2071,0.891,0,154,0,0,0,0,0,120,0,34,44,0,0,0,0
2072,0.619,0,154,0,0,0,0,0,120,0,34,44,0,0,0,0
2073,6.683,0,154,0,0,0,0,0,120,0,34,44,0,0,0,0
2074,24.988,0,154,0,0,0,0,0,120,0,34,44,0,0,0,0
2075,0.866,0,154,0,0,0,0,0,120,0,34,44,0,0,0,0
2076,0.679,0,154,0,0,0,0,0,120,0,34,44,0,0,0,0
2077,6.827,0,154,0,0,0,0,0,120,0,34,44,0,0,0,0
2078,25.100,0,154,0,0,0,0,0,120,0,34,44,0,0,0,0
2079,0.821,0,154,0,0,0,0,0,120,0,34,44,0,0,0,0
2080,0.800,0,154,0,0,0,0,0,120,0,34,44,0,0,0,0
2081,6.426,0,154,0,0,0,0,0,120,0,34,44,0,0,0,0
2082,25.268,0,154,0,0,0,0,0,120,0,34,44,0,0,0,0
2083,0.815,0,154,0,0,0,0,0,120,0,34,44,0,0,0,0
2084,1.383,0,154,0,0,0,0,0,120,0,34,44,0,0,0,0
2085,6.018,0,154,0,0,0,0,0,120,0,34,44,0,0,0,0
2086,24.973,0,154,0,0,0,0,0,120,0,34,44,0,0,0,0
2087,0.795,0,154,0,0,0,0,0,120,0,34,44,0,0,0,0
2088,0.800,0,154,0,0,0,0,0,120,0,34,44,0,0,0,0
2089,6.564,0,154,0,0,0,0,0,120,0,34,44,0,0,0,0
2090,25.195,0,154,0,0,0,1,0,120,0,34,44,0,0,0,0
2091,0.846,0,154,0,0,0,0,0,120,0,34,44,0,0,0,0
2092,0.680,0,154,0,0,0,0,0,120,0,34,44,0,0,0,0
2093,6.696,0,154,0,0,0,0,0,120,0,34,44,0,0,0,0
2094,25.105,0,154,0,0,0,0,0,120,0,34,44,0,0,0,0
2095,0.834,0,154,0,0,0,0,0,120,0,34,44,0,0,0,0
2096,0.725,0,154,0,0,0,0,0,120,0,34,44,0,0,0,0
2097,6.758,0,154,0,0,0,0,0,120,0,34,44,0,0,0,0
2098,25.027,0,154,0,0,0,0,0,120,0,34,44,1,0,0,0
2099,0.897,0,154,0,0,0,0,0,120,0,34,44,1,0,0,0
2100,0.676,0,154,0,0,0,0,0,120,0,34,44,1,0,0,0
2101,6.671,0,154,0,0,0,0,0,120,0,34,44,2,0,0,0
2102,25.154,0,154,0,0,0,1,0,120,0,34,44,2,0,0,0
2103,0.824,0,154,0,0,0,0,0,120,0,34,44,2,0,0,0
2104,0.685,0,154,0,0,0,0,0,120,0,34,44,2,0,0,0
2105,6.757,0,154,0,0,0,0,0,120,0,34,44,2,0,0,0
2106,25.212,0,154,0,0,0,0,0,120,0,34,44,2,0,0,0
2107,0.896,0,154,0,0,0,0,0,120,0,34,44,2,0,0,0
2108,1.748,0,154,0,0,0,0,0,120,0,34,44,2,0,0,0
2109,5.441,0,154,0,0,0,0,0,120,0,34,44,2,0,0,0
2110,25.068,0,154,0,0,0,0,0,120,0,34,44,2,0,0,0
2111,0.863,0,154,0,0,0,0,0,120,0,34,44,2,0,0,0
2112,0.634,0,154,0,0,0,0,0,120,0,34,44,2,0,0,0
2113,6.734,0,154,0,0,0,0,0,120,0,34,44,2,0,0,0
2114,25.154,0,154,0,0,0,1,0,121,0,32,44,3,0,0,0
2115,0.789,0,154,0,0,0,0,0,121,0,32,44,3,0,0,0
2116,0.779,0,154,0,0,0,0,0,121,0,32,44,3,0,0,0
2117,6.591,0,154,0,0,0,0,0,121,0,32,44,3,0,0,0
2118,25.140,0,154,0,0,0,0,0,121,0,31,44,4,0,0,0
2119,0.794,0,154,0,0,0,0,0,121,0,31,44,4,0,0,0
2120,0.629,0,154,0,0,0,0,0,121,0,31,44,4,0,0,0
2121,6.663,0,154,0,0,0,0,0,121,0,31,44,4,0,0,0
2122,25.272,0,154,0,0,0,1,0,122,0,30,44,4,0,0,0
2123,0.829,0,154,0,0,0,0,0,122,0,30,44,4,0,0,0
2124,0.739,0,154,0,0,0,0,0,122,0,30,44,4,0,0,0
2125,6.525,0,154,0,0,0,0,0,122,0,30,44,4,0,0,0
2126,25.176,0,154,0,0,0,2,0,124,0,28,44,4,0,0,0
2127,0.918,0,154,0,0,0,0,0,124,0,28,44,4,0,0,0
2128,0.819,0,154,0,0,0,0,0,124,0,28,44,4,0,0,0
2129,6.522,0,154,0,0,0,0,0,124,0,28,44,4,0,0,0
2130,25.074,0,154,0,0,0,1,0,125,0,27,44,4,0,0,0
2131,0.788,0,154,0,0,0,0,0,125,0,27,44,4,0,0,0
2132,2.311,0,154,0,0,0,0,0,125,0,27,44,4,0,0,0
2133,5.000,0,154,0,0,0,0,0,125,0,27,44,4,0,0,0
2134,25.250,0,154,0,0,0,0,0,125,0,26,44,5,0,0,0
2135,0.852,0,154,0,0,0,0,0,125,0,26,44,5,0,0,0
2136,0.666,0,154,0,0,0,0,0,125,0,26,44,5,0,0,0
2137,6.603,0,154,0,0,0,1,0,126,0,25,44,5,0,0,0
2138,25.206,0,154,0,0,0,3,0,128,0,23,44,5,0,0,0
2139,0.918,0,154,0,0,0,0,0,128,0,23,44,5,0,0,0
2140,0.827,0,154,0,0,0,0,0,128,0,23,44,5,0,0,0
2141,6.411,0,154,0,0,0,0,0,128,0,23,44,5,0,0,0
2142,25.119,0,154,0,0,0,0,0,128,0,23,44,5,0,0,0
2143,0.913,0,154,0,0,0,0,0,128,0,23,44,5,0,0,0
2144,0.719,0,154,0,0,0,0,0,128,0,23,44,5,0,0,0
2145,6.650,0,154,0,0,0,0,0,128,0,23,44,5,0,0,0
2146,25.124,0,154,0,0,0,1,0,128,0,23,44,5,0,0,0
2147,0.885,0,154,0,0,0,0,0,128,0,23,44,5,0,0,0
2148,0.681,0,154,0,0,0,0,0,128,0,23,44,5,0,0,0
2149,6.966,0,154,0,0,0,1,0,128,0,23,44,5,0,0,0
2150,24.790,0,154,0,0,0,0,0,128,0,23,44,5,0,0,0
2151,0.776,0,154,0,0,0,0,0,128,0,23,44,5,0,0,0
2152,0.680,0,154,0,0,0,0,0,128,0,23,44,5,0,0,0
2153,6.671,0,154,0,0,0,0,0,128,0,23,44,5,0,0,0
2154,25.088,0,154,0,0,0,0,0,128,0,23,44,5,0,0,0
2155,0.826,0,154,0,0,0,0,0,128,0,23,44,5,0,0,0
2156,0.678,0,154,0,0,0,0,0,128,0,23,44,5,0,0,0
2157,6.794,0,154,0,0,0,0,0,128,0,23,44,5,0,0,0
2158,25.355,0,154,0,0,0,1,0,128,0,23,44,5,0,0,0
2159,0.974,0,154,0,0,0,0,0,128,0,23,44,5,0,0,0
2160,1.430,0,154,0,0,0,0,0,128,0,23,44,5,0,0,0
2161,5.484,0,154,0,0,0,0,0,128,0,23,44,5,0,0,0
2162,25.163,0,154,0,0,0,0,0,128,0,23,44,5,0,0,0
2163,0.877,0,154,0,0,0,0,0,128,0,23,44,5,0,0,0
2164,0.667,0,154,0,0,0,0,0,128,0,23,44,5,0,0,0
2165,6.670,0,154,0,0,0,0,0,128,0,23,44,5,0,0,0
2166,25.138,0,154,0,0,0,1,0,128,0,23,44,5,0,0,0
2167,0.801,0,154,0,0,0,0,0,128,0,23,44,5,0,0,0
2168,0.646,0,154,0,0,0,0,0,128,0,23,44,5,0,0,0
2169,6.816,0,154,0,0,0,1,0,128,0,23,44,5,0,0,0
2170,25.271,0,154,0,0,0,0,0,128,0,23,44,5,0,0,0
2171,0.837,0,154,0,0,0,0,0,128,0,23,44,5,0,0,0
2172,0.723,0,154,0,0,0,0,0,128,0,23,44,5,0,0,0
2173,6.458,0,154,0,0,0,0,0,128,0,23,44,5,0,0,0
2174,25.267,0,154,0,0,0,0,0,128,0,23,44,5,0,0,0
2175,0.914,0,154,0,0,0,0,0,128,0,23,44,5,0,0,0
2176,0.785,0,154,0,0,0,0,0,128,0,23,44,5,0,0,0
2177,6.478,0,154,0,0,0,1,0,129,0,22,44,5,0,0,0
2178,25.074,0,154,0,0,0,0,0,129,0,22,44,5,0,0,0
2179,0.963,0,154,0,0,0,0,0,129,0,22,44,5,0,0,0
2180,0.740,0,154,0,0,0,0,0,129,0,22,44,5,0,0,0
2181,6.562,0,154,0,0,0,0,0,129,0,22,44,5,0,0,0
2182,24.964,0,154,0,0,0,0,0,129,0,22,44,5,0,0,0
2183,0.913,0,154,0,0,0,0,0,129,0,22,44,5,0,0,0
2184,0.810,0,154,0,0,0,1,0,130,0,21,44,5,0,0,0
2185,6.414,0,154,0,0,0,0,0,130,0,21,44,5,0,0,0
2186,25.373,0,154,0,0,0,0,0,130,0,20,44,7,0,0,0
2187,0.983,0,154,0,0,0,0,0,130,0,20,44,7,0,0,0
2188,0.773,0,154,0,0,0,0,0,130,0,20,44,7,0,0,0
2189,6.189,0,154,0,0,0,0,0,130,0,20,44,7,0,0,0
2190,25.331,0,154,0,0,0,0,0,130,0,20,44,7,0,0,0
2191,1.068,0,154,0,0,0,0,0,130,0,20,44,7,0,0,0
2192,0.819,0,154,0,0,0,0,0,130,0,20,44,7,0,0,0
2193,6.361,0,154,0,0,0,0,0,130,0,20,44,7,0,0,0
2194,24.980,0,154,0,0,0,1,0,131,0,19,44,7,0,0,0
2195,0.904,0,154,0,0,0,0,0,131,0,19,44,7,0,0,0
2196,0.872,0,154,0,0,0,1,0,131,0,19,44,7,0,0,0
2197,6.555,0,154,0,0,0,0,0,131,0,19,44,7,0,0,0
2198,25.127,0,154,0,0,0,0,0,131,0,19,44,7,0,0,0
2199,0.854,0,154,0,0,0,0,0,131,0,19,44,7,0,0,0
2200,0.663,0,154,0,0,0,0,0,131,0,19,44,7,0,0,0
2201,6.741,0,154,0,0,0,0,0,131,0,19,44,7,0,0,0
2202,25.044,0,154,0,0,0,1,0,132,0,18,44,7,0,0,0
2203,0.949,0,154,0,0,0,0,0,132,0,18,44,7,0,0,0
2204,0.745,0,154,0,0,0,0,0,132,0,18,44,7,0,0,0
2205,6.514,0,154,0,0,0,0,0,132,0,18,44,7,0,0,0
2206,25.099,0,154,0,0,0,1,0,132,0,18,44,7,0,0,0
2207,0.972,0,154,0,0,0,0,0,132,0,18,44,7,0,0,0
2208,0.724,0,154,0,0,0,0,0,132,0,18,44,7,0,0,0
2209,6.509,0,154,0,0,0,0,0,132,0,18,44,7,0,0,0
2210,25.142,0,154,0,0,0,0,0,132,0,18,44,7,0,0,0
2211,0.835,0,154,0,0,0,0,0,132,0,18,44,7,0,0,0
2212,1.698,0,154,0,0,0,0,0,132,0,18,44,7,0,0,0
2213,5.645,0,154,0,0,0,0,0,132,0,18,44,7,0,0,0
2214,25.131,0,154,0,0,0,0,0,132,0,18,44,7,0,0,0
2215,0.744,0,154,0,0,0,0,0,132,0,18,44,7,0,0,0
2216,0.657,0,154,0,0,0,0,0,132,0,18,44,7,0,0,0
2217,6.822,0,154,0,0,0,0,0,132,0,18,44,7,0,0,0
2218,25.018,0,154,0,0,0,0,0,132,0,18,44,7,0,0,0
2219,0.900,0,154,0,0,0,0,0,132,0,18,44,7,0,0,0
2220,0.745,0,154,0,0,0,0,0,132,0,18,44,7,0,0,0
2221,6.442,0,154,0,0,0,0,0,132,0,18,44,7,0,0,0
2222,25.211,0,154,0,0,0,0,0,132,0,18,44,7,0,0,0
2223,0.710,0,154,0,0,0,0,0,132,0,18,44,7,0,0,0
2224,0.645,0,154,0,0,0,0,0,132,0,18,44,7,0,0,0
2225,6.787,0,154,0,0,0,0,0,132,0,18,44,7,0,0,0
2226,25.244,0,154,0,0,0,0,0,132,0,18,44,7,0,0,0
2227,0.795,0,154,0,0,0,0,0,132,0,18,44,7,0,0,0
2228,0.638,0,154,0,0,0,0,0,132,0,18,44,7,0,0,0
2229,6.686,0,154,0,0,0,0,0,132,0,18,44,7,0,0,0
2230,25.164,0,154,0,0,0,0,0,132,0,18,44,7,0,0,0
2231,0.814,0,154,0,0,0,0,0,132,0,18,44,7,0,0,0
2232,0.726,0,154,0,0,0,0,0,132,0,18,44,7,0,0,0
2233,6.668,0,154,0,0,0,0,0,132,0,18,44,7,0,0,0
2234,25.240,0,154,0,0,0,0,0,132,0,18,44,7,0,0,0
2235,0.896,0,154,0,0,0,0,0,132,0,18,44,7,0,0,0
2236,2.241,0,154,0,0,0,0,0,132,0,18,44,7,0,0,0
2237,4.967,0,154,0,0,0,0,0,132,0,18,44,7,0,0,0
2238,25.102,0,154,0,0,0,1,0,133,0,17,44,7,0,0,0
2239,0.820,0,154,0,0,0,0,0,133,0,17,44,7,0,0,0
2240,0.793,0,154,0,0,0,0,0,133,0,17,44,7,0,0,0
2241,6.608,0,154,0,0,0,0,0,133,0,17,44,7,0,0,0
2242,25.227,0,154,0,0,0,0,0,133,0,17,44,7,0,0,0
2243,1.436,0,154,0,0,0,0,0,133,0,17,44,7,0,0,0
2244,0.725,0,154,0,0,0,0,0,133,0,17,44,7,0,0,0
2245,5.936,0,154,0,0,0,0,0,133,0,17,44,7,0,0,0
2246,25.114,0,154,0,0,0,0,0,133,0,17,44,7,0,0,0
2247,0.807,0,154,0,0,0,0,0,133,0,17,44,7,0,0,0
2248,0.680,0,154,0,0,0,0,0,133,0,17,44,7,0,0,0
2249,6.850,0,154,0,0,0,0,0,133,0,17,44,7,0,0,0
2250,25.106,0,154,0,0,0,0,0,133,0,17,44,7,0,0,0
2251,0.929,0,154,0,0,0,0,0,133,0,17,44,7,0,0,0
2252,0.712,0,154,0,0,0,0,0,133,0,17,44,7,0,0,0
2253,6.595,0,154,0,0,0,0,0,133,0,17,44,8,0,0,0
2254,25.087,0,154,0,0,0,0,0,133,0,17,44,8,0,0,0
2255,0.816,0,154,0,0,0,0,0,133,0,17,44,8,0,0,0
2256,0.748,0,154,0,0,0,0,0,133,0,17,44,8,0,0,0
2257,6.626,0,154,0,0,0,0,0,133,0,17,44,8,0,0,0
2258,25.089,0,154,0,0,0,0,0,133,0,17,44,8,0,0,0
2259,0.858,0,154,0,0,0,0,0,133,0,17,44,8,0,0,0
2260,0.691,0,154,0,0,0,0,0,133,0,17,44,8,0,0,0
2261,6.550,0,154,0,0,0,0,0,133,0,17,44,8,0,0,0
2262,25.185,0,154,0,0,0,0,0,133,0,17,44,9,0,0,0
2263,1.241,0,154,0,0,0,0,0,133,0,17,44,9,0,0,0
2264,0.863,0,154,0,0,0,0,0,133,0,17,44,9,0,0,0
2265,6.045,0,154,0,0,0,0,0,133,0,17,44,9,0,0,0
2266,25.191,0,154,0,0,0,0,0,133,0,17,44,9,0,0,0
2267,0.786,0,154,0,0,0,0,0,133,0,17,44,9,0,0,0
2268,0.666,0,154,0,0,0,0,0,133,0,17,44,9,0,0,0
2269,6.635,0,154,0,0,0,0,0,133,0,17,44,9,0,0,0
2270,25.239,0,154,0,0,0,0,0,133,0,17,44,9,0,0,0
2271,0.814,0,154,0,0,0,0,0,133,0,17,44,9,0,0,0
2272,0.652,0,154,0,0,0,0,0,133,0,17,44,9,0,0,0
2273,6.697,0,154,0,0,0,0,0,133,0,17,44,9,0,0,0
2274,25.208,0,154,0,0,0,0,0,133,0,17,44,9,0,0,0
2275,0.828,0,154,0,0,0,0,0,133,0,17,44,9,0,0,0
2276,0.708,0,154,0,0,0,0,0,133,0,17,44,9,0,0,0
2277,6.694,0,154,0,0,0,0,0,133,0,17,44,9,0,0,0
2278,25.244,0,154,0,0,0,0,0,133,0,17,44,9,0,0,0
2279,1.017,0,154,0,0,0,1,0,134,0,16,44,9,0,0,0
2280,0.856,0,154,0,0,0,0,0,134,0,16,44,9,0,0,0
2281,6.167,0,154,0,0,0,0,0,134,0,16,44,9,0,0,0
2282,25.095,0,154,0,0,0,1,0,134,0,16,44,9,0,0,0
2283,0.806,0,154,0,0,0,0,0,134,0,16,44,9,0,0,0
2284,0.698,0,154,0,0,0,0,0,134,0,16,44,9,0,0,0
2285,6.826,0,154,0,0,0,0,0,134,0,16,44,9,0,0,0
2286,25.131,0,154,0,0,0,0,0,134,0,16,44,9,0,0,0
2287,0.866,0,154,0,0,0,0,0,134,0,16,44,9,0,0,0
2288,1.580,0,154,0,0,0,0,0,134,0,16,44,9,0,0,0
2289,5.563,0,154,0,0,0,0,0,134,0,16,44,9,0,0,0
2290,25.267,0,154,0,0,0,2,0,136,0,14,44,9,0,0,0
2291,0.903,0,154,0,0,0,0,0,136,0,14,44,9,0,0,0
2292,0.816,0,154,0,0,0,0,0,136,0,14,44,9,0,0,0
2293,6.501,0,154,0,0,0,0,0,136,0,14,44,9,0,0,0
2294,25.084,0,154,0,0,0,0,0,136,0,14,44,9,0,0,0
2295,0.812,0,154,0,0,0,0,0,136,0,14,44,9,0,0,0
2296,0.697,0,154,0,0,0,0,0,136,0,14,44,9,0,0,0
2297,6.554,0,154,0,0,0,0,0,136,0,14,44,9,0,0,0
2298,25.326,0,154,0,0,0,1,0,137,0,13,44,9,0,0,0
2299,0.828,0,154,0,0,0,0,0,137,0,13,44,9,0,0,0
2300,0.920,0,154,0,0,0,1,0,138,0,12,44,9,0,0,0
2301,6.512,0,154,0,0,0,0,0,138,0,12,44,9,0,0,0
2302,25.058,0,154,0,0,0,0,0,138,0,12,44,9,0,0,0
2303,0.935,0,154,0,0,0,0,0,138,0,12,44,9,0,0,0
2304,0.722,0,154,0,0,0,0,0,138,0,12,44,9,0,0,0
2305,6.506,0,154,0,0,0,0,0,138,0,12,44,9,0,0,0
2306,25.179,0,154,0,0,0,0,0,138,0,12,44,9,0,0,0
2307,0.853,0,154,0,0,0,0,0,138,0,12,44,9,0,0,0
2308,0.691,0,154,0,0,0,0,0,138,0,12,44,9,0,0,0
2309,6.586,0,154,0,0,0,0,0,138,0,12,44,9,0,0,0
2310,25.207,0,154,0,0,0,0,0,138,0,12,44,9,0,0,0
2311,0.908,0,154,0,0,0,0,0,138,0,12,44,9,0,0,0
2312,0.743,0,154,0,0,0,0,0,138,0,12,44,9,0,0,0
2313,6.519,0,154,0,0,0,0,0,138,0,12,44,9,0,0,0
2314,25.064,0,154,0,0,0,0,0,138,0,12,44,9,0,0,0
2315,0.843,0,154,0,0,0,0,0,138,0,12,44,9,0,0,0
2316,1.269,0,154,0,0,0,0,0,138,0,12,44,9,0,0,0
2317,6.077,0,154,0,0,0,1,0,139,0,11,44,9,0,0,0
2318,25.173,0,154,0,0,0,0,0,139,0,11,44,9,0,0,0
2319,0.918,0,154,0,0,0,0,0,139,0,11,44,9,0,0,0
2320,0.677,0,154,0,0,0,0,0,139,0,11,44,9,0,0,0
2321,6.568,0,154,0,0,0,0,0,139,0,11,44,9,0,0,0
2322,25.194,0,154,0,0,0,0,0,139,0,11,44,9,0,0,0
2323,0.814,0,154,0,0,0,0,0,139,0,11,44,9,0,0,0
2324,0.681,0,154,0,0,0,0,0,139,0,11,44,9,0,0,0
2325,6.695,0,154,0,0,0,0,0,139,0,11,44,9,0,0,0
2326,25.124,0,154,0,0,0,1,0,140,0,10,44,9,0,0,0
2327,0.816,0,154,0,0,0,0,0,140,0,10,44,9,0,0,0
2328,0.737,0,154,0,0,0,0,0,140,0,10,44,9,0,0,0
2329,6.756,0,154,0,0,0,0,0,140,0,10,44,9,0,0,0
2330,25.110,0,154,0,0,0,0,0,140,0,10,44,9,0,0,0
2331,0.881,0,154,0,0,0,0,0,140,0,10,44,9,0,0,0
2332,0.659,0,154,0,0,0,0,0,140,0,10,44,9,0,0,0
2333,6.526,0,154,0,0,0,0,0,140,0,10,44,9,0,0,0
2334,25.118,0,154,0,0,0,1,0,141,0,9,44,9,0,0,0
2335,0.765,0,154,0,0,0,0,0,141,0,9,44,9,0,0,0
2336,0.734,0,154,0,0,0,0,0,141,0,9,44,9,0,0,0
2337,6.803,0,154,0,0,0,0,0,141,0,9,44,9,0,0,0
2338,25.116,0,154,0,0,0,0,0,141,0,9,44,9,0,0,0
2339,0.784,0,154,0,0,0,0,0,141,0,9,44,9,0,0,0
2340,0.739,0,154,0,0,0,0,0,141,0,9,44,9,0,0,0
2341,6.601,0,154,0,0,0,0,0,141,0,9,44,9,0,0,0
2342,25.093,0,154,0,0,0,1,0,142,0,8,44,9,0,0,0
2343,0.816,0,154,0,0,0,0,0,142,0,8,44,9,0,0,0
2344,0.947,0,154,0,0,0,0,0,142,0,8,44,9,0,0,0
2345,6.355,0,154,0,0,0,0,0,142,0,8,44,9,0,0,0
2346,25.252,0,154,0,0,0,0,0,142,0,8,44,9,0,0,0
2347,0.885,0,154,0,0,0,0,0,142,0,8,44,9,0,0,0
2348,0.742,0,154,0,0,0,0,0,142,0,8,44,9,0,0,0
2349,6.579,0,154,0,0,0,0,0,142,0,8,44,9,0,0,0
2350,25.184,0,154,0,0,0,1,0,142,0,8,44,9,0,0,0
2351,0.895,0,154,0,0,0,0,0,142,0,8,44,9,0,0,0
2352,0.752,0,154,0,0,0,0,0,142,0,8,44,9,0,0,0
2353,6.597,0,154,0,0,0,0,0,142,0,8,44,9,0,0,0
2354,24.985,0,154,0,0,0,0,0,142,0,8,44,9,0,0,0
2355,0.808,0,154,0,0,0,0,0,142,0,8,44,9,0,0,0
2356,0.602,0,154,0,0,0,0,0,142,0,8,44,9,0,0,0
2357,6.890,0,154,0,0,0,0,0,142,0,8,44,9,0,0,0
2358,25.204,0,154,0,0,0,1,0,142,0,8,44,9,0,0,0
2359,0.731,0,154,0,0,0,0,0,142,0,8,44,9,0,0,0
2360,0.647,0,154,0,0,0,0,0,142,0,8,44,9,0,0,0
2361,6.816,0,154,0,0,0,0,0,142,0,8,44,9,0,0,0
2362,24.970,0,154,0,0,0,0,0,142,0,8,44,9,0,0,0
2363,0.806,0,154,0,0,0,0,0,142,0,8,44,9,0,0,0
2364,0.677,0,154,0,0,0,0,0,142,0,8,44,9,0,0,0
2365,6.727,0,154,0,0,0,0,0,142,0,8,44,9,0,0,0
2366,25.280,0,154,0,0,0,1,0,142,0,8,44,9,0,0,0
2367,0.888,0,154,0,0,0,0,0,142,0,8,44,9,0,0,0
2368,1.145,0,154,0,0,0,0,0,142,0,8,44,9,0,0,0
2369,5.962,0,154,0,0,0,0,0,142,0,8,44,9,0,0,0
2370,25.331,0,154,0,0,0,0,0,142,0,8,44,9,0,0,0
2371,0.827,0,154,0,0,0,0,0,142,0,8,44,9,0,0,0
2372,0.666,0,154,0,0,0,0,0,142,0,8,44,9,0,0,0
2373,6.529,0,154,0,0,0,0,0,142,0,8,44,9,0,0,0
2374,25.273,0,154,0,0,0,0,0,142,0,8,44,9,0,0,0
2375,0.769,0,154,0,0,0,0,0,142,0,8,44,9,0,0,0
2376,0.657,0,154,0,0,0,0,0,142,0,8,44,9,0,0,0
2377,6.665,0,154,0,0,0,0,0,142,0,8,44,9,0,0,0
2378,25.169,0,154,0,0,0,1,0,143,0,7,44,9,0,0,0
2379,0.849,0,154,0,0,0,0,0,143,0,7,44,9,0,0,0
2380,0.767,0,154,0,0,0,0,0,143,0,7,44,9,0,0,0
2381,6.627,0,154,0,0,0,0,0,143,0,7,44,9,0,0,0
2382,25.084,0,154,0,0,0,0,0,143,0,7,44,9,0,0,0
2383,0.789,0,154,0,0,0,0,0,143,0,7,44,9,0,0,0
2384,0.667,0,154,0,0,0,0,0,143,0,7,44,9,0,0,0
2385,6.744,0,154,0,0,0,0,0,143,0,7,44,9,0,0,0
2386,25.132,0,154,0,0,0,1,0,143,0,7,44,9,0,0,0
2387,1.128,0,154,0,0,0,0,0,143,0,7,44,9,0,0,0
2388,1.800,0,154,0,0,0,0,0,143,0,7,44,9,0,0,0
2389,5.176,0,154,0,0,0,0,0,143,0,7,44,9,0,0,0
2390,25.371,0,154,0,0,0,0,0,143,0,7,44,9,0,0,0
2391,0.842,0,154,0,0,0,0,0,143,0,7,44,9,0,0,0
2392,1.409,0,154,0,0,0,0,0,143,0,7,44,9,0,0,0
2393,5.804,0,154,0,0,0,0,0,143,0,7,44,9,0,0,0
2394,25.279,0,154,0,0,0,1,0,143,0,7,44,9,0,0,0
2395,0.874,0,154,0,0,0,0,0,143,0,7,44,9,0,0,0
2396,0.731,0,154,0,0,0,0,0,143,0,7,44,9,0,0,0
2397,6.457,0,154,0,0,0,0,0,143,0,7,44,9,0,0,0
2398,25.120,0,154,0,0,0,0,0,143,0,7,44,9,0,0,0
2399,0.982,0,154,0,0,0,0,0,143,0,7,44,9,0,0,0
2400,0.709,0,154,0,0,0,0,0,143,0,7,44,9,0,0,0
2401,6.460,0,154,0,0,0,0,0,143,0,7,44,9,0,0,0
2402,25.297,0,154,0,0,0,1,0,143,0,7,44,9,0,0,0
2403,0.882,0,154,0,0,0,0,0,143,0,7,44,9,0,0,0
2404,0.665,0,154,0,0,0,0,0,143,0,7,44,9,0,0,0
2405,6.685,0,154,0,0,0,0,0,143,0,7,44,9,0,0,0
2406,25.045,0,154,0,0,0,0,0,143,0,7,44,9,0,0,0
2407,0.946,0,154,0,0,0,0,0,143,0,7,44,9,0,0,0
2408,0.785,0,154,0,0,0,0,0,143,0,7,44,9,0,0,0
2409,6.476,0,154,0,0,0,0,0,143,0,7,44,9,0,0,0
2410,25.075,0,154,0,0,0,0,0,143,0,7,44,9,0,0,0
2411,0.830,0,154,0,0,0,0,0,143,0,7,44,9,0,0,0
2412,0.784,0,154,0,0,0,0,0,143,0,7,44,9,0,0,0
2413,6.651,0,154,0,0,0,0,0,143,0,7,44,9,0,0,0
2414,25.458,0,154,0,0,0,0,0,143,0,7,44,9,0,0,0
2415,0.879,0,154,0,0,0,0,0,143,0,7,44,9,0,0,0
2416,1.944,0,154,0,0,0,0,0,143,0,7,44,9,0,0,0
2417,5.041,0,154,0,0,0,0,0,143,0,7,44,9,0,0,0
2418,25.386,0,154,0,0,0,1,0,143,0,7,44,9,0,0,0
2419,0.887,0,154,0,0,0,0,0,143,0,7,44,9,0,0,0
2420,0.640,0,154,0,0,0,0,0,143,0,7,44,9,0,0,0
2421,6.376,0,154,0,0,0,0,0,143,0,7,44,9,0,0,0
2422,25.026,0,154,0,0,0,0,0,143,0,7,44,9,0,0,0
2423,0.809,0,154,0,0,0,0,0,143,0,7,44,9,0,0,0
2424,0.663,0,154,0,0,0,0,0,143,0,7,44,9,0,0,0
2425,6.775,0,154,0,0,0,0,0,143,0,7,44,9,0,0,0
2426,25.294,0,154,0,0,0,0,0,143,0,7,44,9,0,0,0
2427,0.928,0,154,0,0,0,0,0,143,0,7,44,9,0,0,0
2428,0.806,0,154,0,0,0,0,0,143,0,7,44,9,0,0,0
2429,6.378,0,154,0,0,0,0,0,143,0,7,44,9,0,0,0
2430,25.094,0,154,0,0,0,0,0,143,0,7,44,9,0,0,0
2431,0.838,0,154,0,0,0,0,0,143,0,7,44,9,0,0,0
2432,0.670,0,154,0,0,0,0,0,143,0,7,44,9,0,0,0
2433,6.633,0,154,0,0,0,0,0,143,0,7,44,9,0,0,0
2434,25.236,0,154,0,0,0,0,0,143,0,7,44,9,0,0,0
2435,0.909,0,154,0,0,0,0,0,143,0,7,44,9,0,0,0
2436,0.630,0,154,0,0,0,0,0,143,0,7,44,9,0,0,0
2437,6.614,0,154,0,0,0,0,0,143,0,7,44,9,0,0,0
2438,25.147,0,154,0,0,0,0,0,143,0,7,44,9,0,0,0
2439,0.861,0,154,0,0,0,0,0,143,0,7,44,9,0,0,0
2440,0.756,0,154,0,0,0,0,0,143,0,7,44,9,0,0,0
2441,6.515,0,154,0,0,0,0,0,143,0,7,44,9,0,0,0
2442,25.210,0,154,0,0,0,0,0,143,0,7,44,9,0,0,0
2443,0.789,0,154,0,0,0,0,0,143,0,7,44,9,0,0,0
2444,1.712,0,154,0,0,0,0,0,143,0,7,44,9,0,0,0
2445,5.637,0,154,0,0,0,0,0,143,0,7,44,9,0,0,0
2446,25.251,0,154,0,0,0,0,0,143,0,7,44,9,0,0,0
2447,0.864,0,154,0,0,0,0,0,143,0,7,44,9,0,0,0
2448,0.688,0,154,0,0,0,0,0,143,0,7,44,9,0,0,0
2449,6.549,0,154,0,0,0,0,0,143,0,7,44,9,0,0,0
2450,25.384,0,154,0,0,0,0,0,143,0,7,44,9,0,0,0
2451,0.893,0,154,0,0,0,0,0,143,0,7,44,9,0,0,0
2452,0.879,0,154,0,0,0,0,0,143,0,7,44,9,0,0,0
2453,6.593,0,154,0,0,0,0,0,143,0,7,44,9,0,0,0
2454,24.833,0,154,0,0,0,0,0,143,0,7,44,9,0,0,0
2455,0.887,0,154,0,0,0,0,0,143,0,7,44,9,0,0,0
2456,0.796,0,154,0,0,0,0,0,143,0,7,44,9,0,0,0
2457,6.505,0,154,0,0,0,0,0,143,0,7,44,9,0,0,0
2458,25.131,0,154,0,0,0,1,0,144,0,6,44,9,0,0,0
2459,0.899,0,154,0,0,0,0,0,144,0,6,44,9,0,0,0
2460,0.777,0,154,0,0,0,0,0,144,0,6,44,9,0,0,0
2461,6.347,0,154,0,0,0,0,0,144,0,6,44,9,0,0,0
2462,25.261,0,154,0,0,0,0,0,144,0,6,44,9,0,0,0
2463,0.958,0,154,0,0,0,0,0,144,0,6,44,9,0,0,0
2464,0.777,0,154,0,0,0,0,0,144,0,6,44,9,0,0,0
2465,6.528,0,154,0,0,0,0,0,144,0,6,44,9,0,0,0
2466,25.209,0,154,0,0,0,0,0,144,0,6,44,9,0,0,0
2467,1.114,0,154,0,0,0,0,0,144,0,6,44,9,0,0,0
2468,0.768,0,154,0,0,0,0,0,144,0,6,44,9,0,0,0
2469,6.061,0,154,0,0,0,0,0,144,0,6,44,9,0,0,0
2470,25.209,0,154,0,0,0,1,0,145,0,5,44,9,0,0,0
2471,0.958,0,154,0,0,0,0,0,145,0,5,44,9,0,0,0
2472,0.788,0,154,0,0,0,0,0,145,0,5,44,9,0,0,0
2473,6.411,0,154,0,0,0,0,0,145,0,5,44,9,0,0,0
2474,25.300,0,154,0,0,0,0,0,145,0,5,44,9,0,0,0
2475,0.878,0,154,0,0,0,0,0,145,0,5,44,9,0,0,0
2476,0.718,0,154,0,0,0,0,0,145,0,5,44,9,0,0,0
2477,6.409,0,154,0,0,0,0,0,145,0,5,44,9,0,0,0
2478,25.218,0,154,0,0,0,0,0,145,0,5,44,9,0,0,0
2479,0.784,0,154,0,0,0,0,0,145,0,5,44,9,0,0,0
2480,0.608,0,154,0,0,0,0,0,145,0,5,44,9,0,0,0
2481,6.782,0,154,0,0,0,0,0,145,0,5,44,9,0,0,0
2482,25.133,0,154,0,0,0,0,0,145,0,5,44,9,0,0,0
2483,0.820,0,154,0,0,0,0,0,145,0,5,44,9,0,0,0
2484,0.712,0,154,0,0,0,0,0,145,0,5,44,9,0,0,0
2485,6.720,0,154,0,0,0,0,0,145,0,5,44,9,0,0,0
2486,25.024,0,154,0,0,0,0,0,145,0,5,44,9,0,0,0
2487,0.816,0,154,0,0,0,0,0,145,0,5,44,9,0,0,0
2488,0.801,0,154,0,0,0,0,0,145,0,5,44,9,0,0,0
2489,6.595,0,154,0,0,0,0,0,145,0,5,44,9,0,0,0
2490,26.280,0,154,0,0,0,0,0,145,0,5,44,9,0,0,0
2491,0.896,0,154,0,0,0,0,0,145,0,5,44,9,0,0,0
2492,0.906,0,154,0,0,0,0,0,145,0,5,44,9,0,0,0
2493,5.179,0,154,0,0,0,0,0,145,0,5,44,9,0,0,0
2494,25.250,0,154,0,0,0,0,0,145,0,5,44,9,0,0,0
2495,0.914,0,154,0,0,0,0,0,145,0,5,44,9,0,0,0
2496,0.707,0,154,0,0,0,0,0,145,0,5,44,9,0,0,0
2497,6.405,0,154,0,0,0,0,0,145,0,5,44,9,0,0,0
2498,25.457,0,154,0,0,0,0,0,145,0,5,44,9,0,0,0
2499,0.870,0,154,0,0,0,0,0,145,0,5,44,9,0,0,0
2500,0.684,0,154,0,0,0,0,0,145,0,5,44,9,0,0,0
2501,6.512,0,154,0,0,0,0,0,145,0,5,44,9,0,0,0
2502,25.149,0,154,0,0,0,0,0,145,0,5,44,9,0,0,0
2503,0.827,0,154,0,0,0,0,0,145,0,5,44,9,0,0,0
2504,0.633,0,154,0,0,0,0,0,145,0,5,44,9,0,0,0
2505,6.695,0,154,0,0,0,0,0,145,0,5,44,9,0,0,0
2506,25.115,0,154,0,0,0,0,0,145,0,5,44,9,0,0,0
2507,0.844,0,154,0,0,0,0,0,145,0,5,44,9,0,0,0
2508,0.702,0,154,0,0,0,0,0,145,0,5,44,9,0,0,0
2509,6.603,0,154,0,0,0,0,0,145,0,5,44,9,0,0,0
2510,25.248,0,154,0,0,0,0,0,145,0,5,44,9,0,0,0
2511,0.761,0,154,0,0,0,0,0,145,0,5,44,9,0,0,0
2512,0.646,0,154,0,0,0,0,0,145,0,5,44,9,0,0,0
2513,6.758,0,154,0,0,0,0,0,145,0,5,44,9,0,0,0
2514,25.217,0,154,0,0,0,0,0,145,0,5,44,9,0,0,0
2515,0.952,0,154,0,0,0,0,0,145,0,5,44,9,0,0,0
2516,1.820,0,154,0,0,0,0,0,145,0,5,44,9,0,0,0
2517,5.142,0,154,0,0,0,0,0,145,0,5,44,9,0,0,0
2518,25.365,0,154,0,0,0,0,0,145,0,5,44,9,0,0,0
2519,0.891,0,154,0,0,0,0,0,145,0,5,44,9,0,0,0
2520,0.649,0,154,0,0,0,0,0,145,0,5,44,9,0,0,0
2521,6.494,0,154,0,0,0,0,0,145,0,5,44,9,0,0,0
2522,25.255,0,154,0,0,0,0,0,145,0,5,44,9,0,0,0
2523,0.841,0,154,0,0,0,0,0,145,0,5,44,9,0,0,0
2524,0.678,0,154,0,0,0,0,0,145,0,5,44,9,0,0,0
2525,7.019,0,154,0,0,0,0,0,145,0,5,44,9,0,0,0
2526,24.798,0,154,0,0,0,0,0,145,0,5,44,9,0,0,0
2527,0.828,0,154,0,0,0,0,0,145,0,5,44,9,0,0,0
2528,0.668,0,154,0,0,0,0,0,145,0,5,44,9,0,0,0
2529,6.568,0,154,0,0,0,0,0,145,0,5,44,9,0,0,0
2530,25.330,0,154,0,0,0,0,0,145,0,5,44,9,0,0,0
2531,0.865,0,154,0,0,0,0,0,145,0,5,44,9,0,0,0
2532,0.678,0,154,0,0,0,0,0,145,0,5,44,9,0,0,0
2533,6.660,0,154,0,0,0,0,0,145,0,5,44,9,0,0,0
2534,24.971,0,154,0,0,0,1,0,146,0,4,44,9,0,0,0
2535,0.803,0,154,0,0,0,0,0,146,0,4,44,9,0,0,0
2536,0.751,0,154,0,0,0,0,0,146,0,4,44,9,0,0,0
2537,6.725,0,154,0,0,0,0,0,146,0,4,44,9,0,0,0
2538,25.145,0,154,0,0,0,0,0,146,0,4,44,9,0,0,0
2539,0.799,0,154,0,0,0,0,0,146,0,4,44,9,0,0,0
2540,1.793,0,154,0,0,0,0,0,146,0,4,44,9,0,0,0
2541,5.472,0,154,0,0,0,0,0,146,0,4,44,9,0,0,0
2542,25.302,0,154,0,0,0,0,0,146,0,4,44,9,0,0,0
2543,0.784,0,154,0,0,0,0,0,146,0,4,44,9,0,0,0
2544,0.683,0,154,0,0,0,0,0,146,0,4,44,9,0,0,0
2545,6.636,0,154,0,0,0,0,0,146,0,4,44,9,0,0,0
2546,25.322,0,154,0,0,0,0,0,146,0,4,44,9,0,0,0
2547,0.842,0,154,0,0,0,0,0,146,0,4,44,9,0,0,0
2548,0.668,0,154,0,0,0,0,0,146,0,4,44,9,0,0,0
2549,6.481,0,154,0,0,0,0,0,146,0,4,44,9,0,0,0
2550,25.290,0,154,0,0,0,0,0,146,0,4,44,9,0,0,0
2551,0.810,0,154,0,0,0,0,0,146,0,4,44,9,0,0,0
2552,0.693,0,154,0,0,0,0,0,146,0,4,44,9,0,0,0
2553,6.782,0,154,0,0,0,0,0,146,0,4,44,9,0,0,0
2554,25.028,0,154,0,0,0,0,0,146,0,4,44,9,0,0,0
2555,0.825,0,154,0,0,0,0,0,146,0,4,44,9,0,0,0
2556,0.684,0,154,0,0,0,0,0,146,0,4,44,9,0,0,0
2557,6.750,0,154,0,0,0,0,0,146,0,4,44,9,0,0,0
2558,25.154,0,154,0,0,0,0,0,146,0,4,44,9,0,0,0
2559,0.973,0,154,0,0,0,0,0,146,0,4,44,9,0,0,0
2560,0.758,0,154,0,0,0,0,0,146,0,4,44,9,0,0,0
2561,6.355,0,154,0,0,0,0,0,146,0,4,44,9,0,0,0
2562,25.065,0,154,0,0,0,0,0,146,0,4,44,9,0,0,0
2563,0.821,0,154,0,0,0,0,0,146,0,4,44,9,0,0,0
2564,0.776,0,154,0,0,0,0,0,146,0,4,44,9,0,0,0
2565,6.683,0,154,0,0,0,0,0,146,0,4,44,9,0,0,0
2566,25.124,0,154,0,0,0,0,0,146,0,4,44,9,0,0,0
2567,0.796,0,154,0,0,0,0,0,146,0,4,44,9,0,0,0
2568,1.622,0,154,0,0,0,0,0,146,0,4,44,9,0,0,0
2569,5.535,0,154,0,0,0,0,0,146,0,4,44,9,0,0,0
2570,25.283,0,154,0,0,0,0,0,146,0,4,44,9,0,0,0
2571,0.854,0,154,0,0,0,0,0,146,0,4,44,9,0,0,0
2572,0.645,0,154,0,0,0,0,0,146,0,4,44,9,0,0,0
2573,6.802,0,154,0,0,0,0,0,146,0,4,44,9,0,0,0
2574,25.134,0,154,0,0,0,1,0,146,0,4,44,9,0,0,0
2575,0.785,0,154,0,0,0,0,0,146,0,4,44,9,0,0,0
2576,0.699,0,154,0,0,0,0,0,146,0,4,44,9,0,0,0
2577,6.481,0,154,0,0,0,0,0,146,0,4,44,9,0,0,0
2578,25.343,0,154,0,0,0,0,0,146,0,4,44,9,0,0,0
2579,0.782,0,154,0,0,0,0,0,146,0,4,44,9,0,0,0
2580,0.690,0,154,0,0,0,0,0,146,0,4,44,9,0,0,0
2581,6.647,0,154,0,0,0,0,0,146,0,4,44,9,0,0,0
2582,25.211,0,154,0,0,0,0,0,146,0,4,44,9,0,0,0
2583,0.815,0,154,0,0,0,0,0,146,0,4,44,9,0,0,0
2584,0.675,0,154,0,0,0,0,0,146,0,4,44,9,0,0,0
2585,6.774,0,154,0,0,0,0,0,146,0,4,44,9,0,0,0
2586,25.028,0,154,0,0,0,0,0,146,0,4,44,9,0,0,0
2587,0.934,0,154,0,0,0,0,0,146,0,4,44,9,0,0,0
2588,0.889,0,154,0,0,0,0,0,146,0,4,44,9,0,0,0
2589,6.353,0,154,0,0,0,0,0,146,0,4,44,9,0,0,0
2590,25.080,0,154,0,0,0,0,0,146,0,4,44,9,0,0,0
2591,0.739,0,154,0,0,0,0,0,146,0,4,44,9,0,0,0
2592,0.680,0,154,0,0,0,0,0,146,0,4,44,9,0,0,0
2593,6.737,0,154,0,0,0,0,0,146,0,4,44,9,0,0,0
2594,25.423,0,154,0,0,0,0,0,146,0,4,44,9,0,0,0
2595,0.865,0,154,0,0,0,0,0,146,0,4,44,9,0,0,0
2596,1.147,0,154,0,0,0,0,0,146,0,4,44,9,0,0,0
2597,6.033,0,154,0,0,0,0,0,146,0,4,44,9,0,0,0
2598,25.038,0,154,0,0,0,0,0,146,0,4,44,9,0,0,0
2599,0.788,0,154,0,0,0,0,0,146,0,4,44,9,0,0,0
2600,0.685,0,154,0,0,0,0,0,146,0,4,44,9,0,0,0
2601,6.604,0,154,0,0,0,0,0,146,0,4,44,9,0,0,0
2602,25.230,0,154,0,0,0,0,0,146,0,4,44,9,0,0,0
2603,0.797,0,154,0,0,0,0,0,146,0,4,44,9,0,0,0
2604,0.695,0,154,0,0,0,0,0,146,0,4,44,9,0,0,0
2605,6.690,0,154,0,0,0,0,0,146,0,4,44,9,0,0,0
2606,25.417,0,154,0,0,0,0,0,146,0,4,44,9,0,0,0
2607,0.781,0,154,0,0,0,0,0,146,0,4,44,9,0,0,0
2608,0.663,0,154,0,0,0,0,0,146,0,4,44,9,0,0,0
2609,6.657,0,154,0,0,0,0,0,146,0,4,44,9,0,0,0
2610,25.130,0,154,0,0,0,1,0,146,0,4,44,9,0,0,0
2611,0.815,0,154,0,0,0,0,0,146,0,4,44,9,0,0,0
2612,0.707,0,154,0,0,0,0,0,146,0,4,44,9,0,0,0
2613,6.775,0,154,0,0,0,0,0,146,0,4,44,9,0,0,0
2614,24.967,0,154,0,0,0,0,0,146,0,4,44,9,0,0,0
2615,0.823,0,154,0,0,0,0,0,146,0,4,44,9,0,0,0
2616,0.672,0,154,0,0,0,0,0,146,0,4,44,9,0,0,0
2617,6.702,0,154,0,0,0,0,0,146,0,4,44,9,0,0,0
2618,25.099,0,154,0,0,0,0,0,146,0,4,44,9,0,0,0
2619,0.772,0,154,0,0,0,0,0,146,0,4,44,9,0,0,0
2620,0.602,0,154,0,0,0,0,0,146,0,4,44,9,0,0,0
2621,6.911,0,154,0,0,0,0,0,146,0,4,44,9,0,0,0
2622,24.993,0,154,0,0,0,0,0,146,0,4,44,9,0,0,0
2623,1.032,0,154,0,0,0,0,0,146,0,4,44,9,0,0,0
2624,0.699,0,154,0,0,0,0,0,146,0,4,44,9,0,0,0
2625,6.430,0,154,0,0,0,0,0,146,0,4,44,9,0,0,0
2626,25.243,0,154,0,0,0,0,0,146,0,4,44,9,0,0,0
2627,0.786,0,154,0,0,0,0,0,146,0,4,44,9,0,0,0
2628,1.325,0,154,0,0,0,0,0,146,0,4,44,9,0,0,0
2629,5.995,0,154,0,0,0,0,0,146,0,4,44,9,0,0,0
2630,25.192,0,154,0,0,0,1,0,146,0,4,44,9,0,0,0
2631,0.949,0,154,0,0,0,0,0,146,0,4,44,9,0,0,0
2632,0.697,0,154,0,0,0,0,0,146,0,4,44,9,0,0,0
2633,6.536,0,154,0,0,0,0,0,146,0,4,44,9,0,0,0
2634,25.116,0,154,0,0,0,0,0,146,0,4,44,9,0,0,0
2635,0.873,0,154,0,0,0,0,0,146,0,4,44,9,0,0,0
2636,0.677,0,154,0,0,0,0,0,146,0,4,44,9,0,0,0
2637,6.546,0,154,0,0,0,0,0,146,0,4,44,9,0,0,0
2638,25.351,0,154,0,0,0,0,0,146,0,4,44,9,0,0,0
2639,0.773,0,154,0,0,0,0,0,146,0,4,44,9,0,0,0
2640,0.693,0,154,0,0,0,0,0,146,0,4,44,9,0,0,0
2641,6.699,0,154,0,0,0,0,0,146,0,4,44,9,0,0,0
2642,25.021,0,154,0,0,0,0,0,146,0,4,44,9,0,0,0
2643,0.878,0,154,0,0,0,0,0,146,0,4,44,9,0,0,0
2644,0.655,0,154,0,0,0,0,0,146,0,4,44,9,0,0,0
2645,6.756,0,154,0,0,0,0,0,146,0,4,44,9,0,0,0
2646,25.287,0,154,0,0,0,1,0,147,0,3,44,9,0,0,0
2647,0.840,0,154,0,0,0,0,0,147,0,3,44,9,0,0,0
2648,0.907,0,154,0,0,0,0,0,147,0,3,44,9,0,0,0
2649,6.233,0,154,0,0,0,0,0,147,0,3,44,9,0,0,0
2650,25.334,0,154,0,0,0,0,0,147,0,3,44,9,0,0,0
2651,0.934,0,154,0,0,0,0,0,147,0,3,44,9,0,0,0
2652,1.149,0,154,0,0,0,0,0,147,0,3,44,9,0,0,0
2653,5.927,0,154,0,0,0,0,0,147,0,3,44,9,0,0,0
2654,25.115,0,154,0,0,0,0,0,147,0,3,44,9,0,0,0
2655,0.931,0,154,0,0,0,0,0,147,0,3,44,9,0,0,0
2656,0.717,0,154,0,0,0,0,0,147,0,3,44,9,0,0,0
2657,6.564,0,154,0,0,0,0,0,147,0,3,44,9,0,0,0
2658,25.173,0,154,0,0,0,0,0,147,0,3,44,9,0,0,0
2659,0.791,0,154,0,0,0,0,0,147,0,3,44,9,0,0,0
2660,0.642,0,154,0,0,0,0,0,147,0,3,44,9,0,0,0
2661,6.681,0,154,0,0,0,0,0,147,0,3,44,9,0,0,0
2662,25.286,0,154,0,0,0,0,0,147,0,3,44,9,0,0,0
2663,0.775,0,154,0,0,0,0,0,147,0,3,44,9,0,0,0
2664,0.743,0,154,0,0,0,0,0,147,0,3,44,9,0,0,0
2665,6.625,0,154,0,0,0,1,0,148,0,2,44,9,0,0,0
2666,25.144,0,154,0,0,0,0,0,148,0,2,44,9,0,0,0
2667,1.004,0,154,0,0,0,0,0,148,0,2,44,9,0,0,0
2668,0.743,0,154,0,0,0,0,0,148,0,2,44,9,0,0,0
2669,6.309,0,154,0,0,0,0,0,148,0,2,44,9,0,0,0
2670,25.364,0,154,0,0,0,0,0,148,0,2,44,9,0,0,0
2671,0.904,0,154,0,0,0,0,0,148,0,2,44,9,0,0,0
2672,0.821,0,154,0,0,0,0,0,148,0,2,44,9,0,0,0
2673,6.291,0,154,0,0,0,0,0,148,0,2,44,9,0,0,0
2674,25.225,0,154,0,0,0,0,0,148,0,2,44,9,0,0,0
2675,0.842,0,154,0,0,0,0,0,148,0,2,44,9,0,0,0
2676,1.290,0,154,0,0,0,0,0,148,0,2,44,9,0,0,0
2677,5.983,0,154,0,0,0,0,0,148,0,2,44,9,0,0,0
2678,25.291,0,154,0,0,0,0,0,148,0,2,44,9,0,0,0
2679,0.793,0,154,0,0,0,0,0,148,0,2,44,9,0,0,0
2680,0.772,0,154,0,0,0,0,0,148,0,2,44,9,0,0,0
2681,6.489,0,154,0,0,0,0,0,148,0,2,44,9,0,0,0
2682,25.278,0,154,0,0,0,0,0,148,0,2,44,9,0,0,0
2683,0.847,0,154,0,0,0,0,0,148,0,2,44,9,0,0,0
2684,0.728,0,154,0,0,0,0,0,148,0,2,44,9,0,0,0
2685,6.513,0,154,0,0,0,1,0,149,0,1,44,9,0,0,0
2686,25.194,0,154,0,0,0,0,0,149,0,1,44,9,0,0,0
2687,0.903,0,154,0,0,0,0,0,149,0,1,44,9,0,0,0
2688,0.764,0,154,0,0,0,0,0,149,0,1,44,9,0,0,0
2689,6.423,0,154,0,0,0,0,0,149,0,1,44,9,0,0,0
2690,25.215,0,154,0,0,0,0,0,149,0,1,44,9,0,0,0
2691,1.029,0,154,0,0,0,0,0,149,0,1,44,9,0,0,0
2692,0.690,0,154,0,0,0,0,0,149,0,1,44,9,0,0,0
2693,6.417,0,154,0,0,0,0,0,149,0,1,44,9,0,0,0
2694,25.171,0,154,0,0,0,0,0,149,0,1,44,9,0,0,0
2695,0.738,0,154,0,0,0,0,0,149,0,1,44,9,0,0,0
2696,0.843,0,154,0,0,0,0,0,149,0,1,44,9,0,0,0
2697,6.632,0,154,0,0,0,0,0,149,0,1,44,9,0,0,0
2698,25.138,0,154,0,0,0,1,0,150,0,0,44,9,0,0,0
2699,0.845,0,154,0,0,0,0,0,150,0,0,44,9,0,0,0
2700,1.692,0,154,0,0,0,0,0,150,0,0,44,9,0,0,0
2701,5.476,0,154,0,0,0,0,0,150,0,0,44,9,0,0,0
2702,25.179,0,154,0,0,0,0,0,150,0,0,44,9,0,0,0
2703,0.827,0,154,0,0,0,0,0,150,0,0,44,9,0,0,0
2704,0.684,0,154,0,0,0,0,0,150,0,0,44,9,0,0,0
2705,6.658,0,154,0,0,0,0,0,150,0,0,44,9,0,0,0
2706,25.376,0,154,0,0,0,0,0,150,0,0,44,9,0,0,0
2707,0.805,0,154,0,0,0,0,0,150,0,0,44,9,0,0,0
2708,0.688,0,154,0,0,0,0,0,150,0,0,44,9,0,0,0
2709,6.625,0,154,0,0,0,0,0,150,0,0,44,9,0,0,0
2710,25.081,0,154,0,0,0,0,0,150,0,0,44,9,0,0,0
2711,0.812,0,154,0,0,0,0,0,150,0,0,44,9,0,0,0
2712,0.775,0,154,0,0,0,0,0,150,0,0,44,9,0,0,0
2713,6.577,0,154,0,0,0,0,0,150,0,0,44,9,0,0,0
2714,25.125,0,154,0,0,0,0,0,150,0,0,44,9,0,0,0
2715,0.841,0,154,0,0,0,0,0,150,0,0,44,9,0,0,0
2716,0.721,0,154,0,0,0,0,0,150,0,0,44,9,0,0,0
2717,6.663,0,154,0,0,0,0,0,150,0,0,44,9,0,0,0
2718,25.143,0,154,0,0,0,0,0,150,0,0,44,9,0,0,0
2719,0.778,0,154,0,0,0,0,0,150,0,0,44,9,0,0,0
2720,0.644,0,154,0,0,0,0,0,150,0,0,44,9,0,0,0
2721,6.811,0,154,0,0,0,0,0,150,0,0,44,9,0,0,0
2722,25.222,0,154,0,0,0,0,0,150,0,0,44,9,0,0,0
2723,0.789,0,154,0,0,0,0,0,150,0,0,44,9,0,0,0
2724,0.646,0,154,0,0,0,0,0,150,0,0,44,9,0,0,0
2725,6.557,0,154,0,0,0,0,0,150,0,0,44,9,0,0,0
2726,25.167,0,154,0,0,0,0,0,150,0,0,44,9,0,0,0
2727,0.898,0,154,0,0,0,0,0,150,0,0,44,9,0,0,0
2728,0.796,0,154,0,0,0,0,0,150,0,0,44,9,0,0,0
2729,6.581,0,154,0,0,0,0,0,150,0,0,44,9,0,0,0
2730,25.148,0,154,1,1,0,0,0,150,0,1,44,9,0,0,0
2731,0.789,0,154,1,1,0,0,0,150,0,1,44,9,1,0,0
2732,0.831,0,154,1,1,0,0,0,150,0,1,44,9,0,0,0
2733,6.469,0,155,0,1,1,1,0,150,0,1,44,9,1,0,0
2734,25.157,0,155,0,0,0,0,0,150,0,1,44,9,0,0,0
2735,0.824,0,155,0,0,0,0,0,150,0,1,44,9,0,0,0
2736,0.657,0,155,0,0,0,0,0,150,0,1,44,9,0,0,0
2737,6.798,0,155,0,0,0,0,0,150,0,1,44,9,0,0,0
2738,25.035,0,155,0,0,0,0,0,150,0,1,44,9,0,0,0
2739,0.811,0,155,0,0,0,0,0,150,0,1,44,9,0,0,0
2740,0.710,0,155,0,0,0,0,0,150,0,1,44,9,0,0,0
2741,6.676,0,155,0,0,0,0,0,150,0,1,44,9,0,0,0
2742,25.215,0,155,0,0,0,0,0,150,0,1,44,9,0,0,0
2743,0.805,0,155,0,0,0,0,0,150,0,1,44,9,0,0,0
2744,0.662,0,155,0,0,0,0,0,150,0,1,44,9,0,0,0
2745,6.634,0,155,0,0,0,0,0,150,0,1,44,9,0,0,0
2746,25.252,0,155,0,0,0,0,0,150,0,1,44,9,0,0,0
2747,0.746,0,155,0,0,0,0,0,150,0,1,44,9,0,0,0
2748,0.652,0,155,0,0,0,0,0,150,0,1,44,9,0,0,0
2749,6.870,0,155,0,0,0,0,0,150,0,1,44,9,0,0,0
2750,24.906,0,155,0,0,0,1,0,150,0,1,44,9,0,0,0
2751,0.955,0,155,0,0,0,0,0,150,0,1,44,9,0,0,0
2752,0.681,0,155,0,0,0,0,0,150,0,1,44,9,0,0,0
2753,6.671,0,155,0,0,0,0,0,150,0,1,44,9,0,0,0
2754,25.113,0,155,0,0,0,0,0,150,0,1,44,9,0,0,0
2755,0.919,0,155,0,0,0,0,0,150,0,1,44,9,0,0,0
2756,0.721,0,155,0,0,0,0,0,150,0,1,44,9,0,0,0
2757,6.538,0,155,0,0,0,0,0,150,0,1,44,9,0,0,0
2758,25.171,0,155,0,0,0,0,0,150,0,1,44,9,0,0,0
2759,0.824,0,155,0,0,0,0,0,150,0,1,44,9,0,0,0
2760,0.688,0,155,0,0,0,0,0,150,0,1,44,9,0,0,0
2761,6.618,0,155,0,0,0,0,0,150,0,1,44,9,0,0,0
2762,25.180,0,155,0,0,0,0,0,150,0,1,44,9,0,0,0
2763,0.808,0,155,0,0,0,0,0,150,0,1,44,9,0,0,0
2764,0.694,0,155,0,0,0,0,0,150,0,1,44,9,0,0,0
2765,6.644,0,155,0,0,0,0,0,150,0,1,44,9,0,0,0
2766,25.235,0,155,0,0,0,1,0,150,0,1,44,9,0,0,0
2767,0.861,0,155,0,0,0,0,0,150,0,1,44,9,0,0,0
2768,0.743,0,155,0,0,0,0,0,150,0,1,44,9,0,0,0
2769,6.483,0,155,0,0,0,0,0,150,0,1,44,9,0,0,0
2770,25.209,0,155,0,0,0,0,0,150,0,1,44,9,0,0,0
2771,0.764,0,155,0,0,0,0,0,150,0,1,44,9,0,0,0
2772,0.647,0,155,0,0,0,0,0,150,0,1,44,9,0,0,0
2773,6.808,0,155,0,0,0,0,0,150,0,1,44,9,0,0,0
2774,25.181,0,155,0,0,0,0,0,150,0,1,44,9,0,0,0
2775,0.738,0,155,0,0,0,0,0,150,0,1,44,9,0,0,0
2776,0.764,0,155,0,0,0,0,0,150,0,1,44,9,0,0,0
2777,6.676,0,155,0,0,0,0,0,150,0,1,44,9,0,0,0
2778,25.212,0,155,0,0,0,1,0,150,0,1,44,9,0,0,0
2779,0.833,0,155,0,0,0,0,0,150,0,1,44,9,0,0,0
2780,1.586,0,155,0,0,0,0,0,150,0,1,44,9,0,0,0
2781,5.508,0,155,0,0,0,0,0,150,0,1,44,9,0,0,0
2782,25.271,0,155,4,4,0,0,0,150,0,5,44,9,0,0,0
2783,0.903,0,155,4,4,0,0,0,150,0,5,44,9,2,0,0
2784,0.919,0,155,4,4,0,0,0,150,0,5,44,9,2,0,0
2785,6.402,0,159,0,4,4,0,0,150,0,5,44,9,4,0,0
2786,25.091,0,159,0,0,0,0,0,150,0,5,44,9,0,0,0
2787,0.895,0,159,0,0,0,0,0,150,0,5,44,9,0,0,0
2788,0.672,0,159,0,0,0,0,0,150,0,5,44,9,0,0,0
2789,6.587,0,159,0,0,0,1,0,151,0,4,44,9,0,0,0
2790,25.211,0,159,0,0,0,0,0,151,0,4,44,9,0,0,0
2791,0.902,0,159,0,0,0,0,0,151,0,4,44,9,0,0,0
2792,0.692,0,159,0,0,0,0,0,151,0,4,44,9,0,0,0
2793,6.683,0,159,0,0,0,0,0,151,0,4,44,9,0,0,0
2794,25.152,0,159,0,0,0,0,0,151,0,4,44,9,0,0,0
2795,0.916,0,159,0,0,0,0,0,151,0,4,44,9,0,0,0
2796,0.672,0,159,0,0,0,0,0,151,0,4,44,9,0,0,0
2797,6.688,0,159,0,0,0,1,0,151,0,4,44,9,0,0,0
2798,24.867,0,159,4,4,0,0,0,151,0,8,44,9,0,0,0
2799,0.796,0,159,4,4,0,0,0,151,0,8,44,9,4,0,0
2800,0.675,0,159,4,4,0,0,0,151,0,8,44,9,0,0,0
2801,6.780,0,163,0,4,4,0,0,151,0,8,44,9,4,0,0
2802,25.152,0,163,0,0,0,0,0,151,0,8,44,9,0,0,0
2803,0.832,0,163,0,0,0,0,0,151,0,8,44,9,0,0,0
2804,0.644,0,163,0,0,0,0,0,151,0,8,44,9,0,0,0
2805,6.656,0,163,0,0,0,0,0,151,0,8,44,9,0,0,0
2806,25.329,0,163,0,0,0,1,0,152,0,7,44,9,0,0,0
2807,0.804,0,163,0,0,0,0,0,152,0,7,44,9,0,0,0
2808,1.620,0,163,0,0,0,0,0,152,0,7,44,9,0,0,0
2809,5.559,0,163,0,0,0,0,0,152,0,7,44,9,0,0,0
2810,25.339,0,163,0,0,0,0,0,152,0,7,44,9,0,0,0
2811,0.927,0,163,0,0,0,0,0,152,0,7,44,9,0,0,0
2812,0.639,0,163,0,0,0,0,0,152,0,7,44,9,0,0,0
2813,6.573,0,163,0,0,0,0,0,152,0,7,44,9,0,0,0
2814,25.102,0,163,0,0,0,0,0,152,0,7,44,9,0,0,0
2815,0.805,0,163,0,0,0,0,0,152,0,7,44,9,0,0,0
2816,0.597,0,163,0,0,0,0,0,152,0,7,44,9,0,0,0
2817,6.620,0,163,0,0,0,0,0,152,0,7,44,9,0,0,0
2818,25.366,0,163,0,0,0,0,0,152,0,7,44,9,0,0,0
2819,0.853,0,163,0,0,0,0,0,152,0,7,44,9,0,0,0
2820,0.640,0,163,0,0,0,0,0,152,0,7,44,9,0,0,0
2821,6.723,0,163,0,0,0,0,0,152,0,7,44,9,0,0,0
2822,24.914,0,163,0,0,0,0,0,152,0,7,44,9,0,0,0
2823,0.814,0,163,0,0,0,0,0,152,0,7,44,9,0,0,0
2824,0.676,0,163,0,0,0,0,0,152,0,7,44,9,0,0,0
2825,6.748,0,163,0,0,0,0,0,152,0,7,44,9,0,0,0
2826,25.265,0,163,0,0,0,0,0,152,0,7,44,9,0,0,0
2827,0.833,0,163,0,0,0,0,0,152,0,7,44,9,0,0,0
2828,0.647,0,163,0,0,0,0,0,152,0,7,44,9,0,0,0
2829,6.670,0,163,0,0,0,0,0,152,0,7,44,9,0,0,0
2830,25.399,0,163,0,0,0,0,0,152,0,7,44,9,0,0,0
2831,0.938,0,163,0,0,0,0,0,152,0,7,44,9,0,0,0
2832,0.661,0,163,0,0,0,0,0,152,0,7,44,9,0,0,0
2833,6.349,0,163,0,0,0,0,0,152,0,7,44,9,0,0,0
2834,25.057,0,163,0,0,0,0,0,152,0,7,44,9,0,0,0
2835,0.798,0,163,0,0,0,0,0,152,0,7,44,9,0,0,0
2836,0.589,0,163,0,0,0,0,0,152,0,7,44,9,0,0,0
2837,6.778,0,163,0,0,0,0,0,152,0,7,44,9,0,0,0
2838,25.233,0,163,0,0,0,0,0,152,0,7,44,9,0,0,0
2839,0.818,0,163,0,0,0,0,0,152,0,7,44,9,0,0,0
2840,0.661,0,163,0,0,0,0,0,152,0,7,44,9,0,0,0
2841,6.529,0,163,0,0,0,0,0,152,0,7,44,9,0,0,0
2842,25.222,0,163,0,0,0,0,0,152,0,7,44,9,0,0,0
2843,0.828,0,163,0,0,0,0,0,152,0,7,44,9,0,0,0
2844,0.628,0,163,0,0,0,0,0,152,0,7,44,9,0,0,0
2845,6.841,0,163,0,0,0,0,0,152,0,7,44,9,0,0,0
2846,25.092,0,163,0,0,0,0,0,152,0,7,44,9,0,0,0
2847,0.811,0,163,0,0,0,0,0,152,0,7,44,9,0,0,0
2848,0.662,0,163,0,0,0,0,0,152,0,7,44,9,0,0,0
2849,6.825,0,163,0,0,0,0,0,152,0,7,44,9,0,0,0
2850,25.095,0,163,0,0,0,0,0,152,0,7,44,9,0,0,0
2851,0.799,0,163,0,0,0,0,0,152,0,7,44,9,0,0,0
2852,0.640,0,163,0,0,0,0,0,152,0,7,44,9,0,0,0
2853,6.707,0,163,0,0,0,0,0,152,0,7,44,9,0,0,0
2854,25.060,0,163,0,0,0,0,0,152,0,7,44,9,0,0,0
2855,0.839,0,163,0,0,0,0,0,152,0,7,44,9,0,0,0
2856,1.463,0,163,0,0,0,0,0,152,0,7,44,9,0,0,0
2857,5.889,0,163,0,0,0,0,0,152,0,7,44,9,0,0,0
2858,25.310,0,163,0,0,0,0,0,152,0,7,44,9,0,0,0
2859,0.908,0,163,0,0,0,0,0,152,0,7,44,9,0,0,0
2860,0.759,0,163,0,0,0,0,0,152,0,7,44,9,0,0,0
2861,6.478,0,163,0,0,0,0,0,152,0,7,44,9,0,0,0
2862,25.119,0,163,0,0,0,0,0,152,0,7,44,9,0,0,0
2863,0.823,0,163,0,0,0,0,0,152,0,7,44,9,0,0,0
2864,0.643,0,163,0,0,0,0,0,152,0,7,44,9,0,0,0
2865,6.530,0,163,0,0,0,0,0,152,0,7,44,9,0,0,0
2866,25.341,0,163,0,0,0,0,0,152,0,7,44,9,0,0,0
2867,0.841,0,163,0,0,0,0,0,152,0,7,44,9,0,0,0
2868,0.681,0,163,0,0,0,0,0,152,0,7,44,9,0,0,0
2869,6.701,0,163,0,0,0,1,0,153,0,6,44,9,0,0,0
2870,25.097,0,163,0,0,0,0,0,153,0,6,44,9,0,0,0
2871,0.948,0,163,0,0,0,0,0,153,0,6,44,9,0,0,0
2872,0.760,0,163,0,0,0,0,0,153,0,6,44,9,0,0,0
2873,6.381,0,163,0,0,0,0,0,153,0,6,44,9,0,0,0
2874,25.231,0,163,0,0,0,0,0,153,0,6,44,9,0,0,0
2875,0.794,0,163,0,0,0,0,0,153,0,6,44,9,0,0,0
2876,0.668,0,163,0,0,0,0,0,153,0,6,44,9,0,0,0
2877,6.817,0,163,0,0,0,0,0,153,0,6,44,9,0,0,0
2878,25.222,0,163,0,0,0,0,0,153,0,6,44,9,0,0,0
2879,0.910,0,163,0,0,0,0,0,153,0,6,44,9,0,0,0
2880,0.785,0,163,0,0,0,0,0,153,0,6,44,9,0,0,0
2881,6.435,0,163,0,0,0,0,0,153,0,6,44,9,0,0,0
2882,25.163,0,163,0,0,0,1,0,154,0,5,44,9,0,0,0
2883,0.888,0,163,0,0,0,0,0,154,0,5,44,9,0,0,0
2884,1.313,0,163,0,0,0,0,0,154,0,5,44,9,0,0,0
2885,5.906,0,163,0,0,0,0,0,154,0,5,44,9,0,0,0
2886,25.234,0,163,0,0,0,0,0,154,0,5,44,9,0,0,0
2887,0.824,0,163,0,0,0,0,0,154,0,5,44,9,0,0,0
2888,0.781,0,163,0,0,0,0,0,154,0,5,44,9,0,0,0
2889,6.447,0,163,0,0,0,0,0,154,0,5,44,9,0,0,0
2890,25.241,0,163,0,0,0,0,0,154,0,5,44,9,0,0,0
2891,0.924,0,163,0,0,0,0,0,154,0,5,44,9,0,0,0
2892,0.694,0,163,0,0,0,0,0,154,0,5,44,9,0,0,0
2893,6.537,0,163,0,0,0,1,0,155,0,4,44,9,0,0,0
2894,25.111,0,163,0,0,0,0,0,155,0,4,44,9,0,0,0
2895,0.917,0,163,0,0,0,0,0,155,0,4,44,9,0,0,0
2896,0.674,0,163,0,0,0,0,0,155,0,4,44,9,0,0,0
2897,6.559,0,163,0,0,0,1,0,155,0,4,44,9,0,0,0
2898,25.207,0,163,0,0,0,0,0,155,0,4,44,9,0,0,0
2899,0.778,0,163,0,0,0,0,0,155,0,4,44,9,0,0,0
2900,0.676,0,163,0,0,0,0,0,155,0,4,44,9,0,0,0
2901,6.570,0,163,0,0,0,0,0,155,0,4,44,9,0,0,0
2902,25.277,0,163,0,0,0,1,0,155,0,4,44,9,0,0,0
2903,0.918,0,163,0,0,0,0,0,155,0,4,44,9,0,0,0
2904,2.563,0,163,0,0,0,0,0,155,0,4,44,9,0,0,0
2905,4.460,0,163,0,0,0,0,0,155,0,4,44,9,0,0,0
2906,25.440,0,163,0,0,0,0,0,155,0,4,44,9,0,0,0
2907,0.807,0,163,0,0,0,0,0,155,0,4,44,9,0,0,0
2908,0.709,0,163,0,0,0,0,0,155,0,4,44,9,0,0,0
2909,6.510,0,163,0,0,0,0,0,155,0,4,44,9,0,0,0
2910,25.237,0,163,0,0,0,1,0,155,0,4,44,9,0,0,0
2911,0.821,0,163,0,0,0,0,0,155,0,4,44,9,0,0,0
2912,0.741,0,163,0,0,0,0,0,155,0,4,44,9,0,0,0
2913,6.611,0,163,0,0,0,0,0,155,0,4,44,9,0,0,0
2914,25.249,0,163,0,0,0,0,0,155,0,4,44,9,0,0,0
2915,0.810,0,163,0,0,0,0,0,155,0,4,44,9,0,0,0
2916,0.654,0,163,0,0,0,0,0,155,0,4,44,9,0,0,0
2917,6.575,0,163,0,0,0,0,0,155,0,4,44,9,0,0,0
2918,25.289,0,163,0,0,0,0,0,155,0,4,44,9,0,0,0
2919,0.874,0,163,0,0,0,0,0,155,0,4,44,9,0,0,0
2920,0.712,0,163,0,0,0,0,0,155,0,4,44,9,0,0,0
2921,6.577,0,163,0,0,0,1,0,156,0,3,44,9,0,0,0
2922,25.167,0,163,0,0,0,0,0,156,0,3,44,9,0,0,0
2923,0.882,0,163,0,0,0,0,0,156,0,3,44,9,0,0,0
2924,0.683,0,163,0,0,0,0,0,156,0,3,44,9,0,0,0
2925,6.532,0,163,0,0,0,0,0,156,0,3,44,9,0,0,0
2926,25.225,0,163,0,0,0,0,0,156,0,3,44,9,0,0,0
2927,0.922,0,163,0,0,0,0,0,156,0,3,44,10,0,0,0
2928,0.681,0,163,0,0,0,0,0,156,0,3,44,10,0,0,0
2929,6.584,0,163,0,0,0,0,0,156,0,3,44,10,0,0,0
2930,25.215,0,163,0,0,0,1,0,157,0,2,44,10,0,0,0
2931,0.896,0,163,0,0,0,0,0,157,0,2,44,10,0,0,0
2932,0.804,0,163,0,0,0,0,0,157,0,2,44,10,0,0,0
2933,6.313,0,163,0,0,0,0,0,157,0,2,44,10,0,0,0
2934,25.219,0,163,0,0,0,0,0,157,0,2,44,10,0,0,0
2935,0.776,0,163,0,0,0,0,0,157,0,2,44,10,0,0,0
2936,0.702,0,163,0,0,0,0,0,157,0,2,44,10,0,0,0
2937,6.521,0,163,0,0,0,0,0,157,0,2,44,10,0,0,0
2938,25.250,0,163,0,0,0,0,0,157,0,2,44,10,0,0,0
2939,0.910,0,163,0,0,0,0,0,157,0,2,44,10,0,0,0
2940,0.671,0,163,0,0,0,0,0,157,0,2,44,10,0,0,0
2941,6.545,0,163,0,0,0,0,0,157,0,2,44,11,0,0,0
2942,25.211,0,163,0,0,0,1,0,158,0,1,44,11,0,0,0
2943,0.793,0,163,0,0,0,0,0,158,0,1,44,11,0,0,0
2944,0.945,0,163,0,0,0,0,0,158,0,1,44,11,0,0,0
2945,6.509,0,163,0,0,0,0,0,158,0,1,44,11,0,0,0
2946,25.133,0,163,0,0,0,0,0,158,0,1,44,11,0,0,0
2947,0.854,0,163,0,0,0,0,0,158,0,1,44,11,0,0,0
2948,0.708,0,163,0,0,0,0,0,158,0,1,44,11,0,0,0
2949,6.549,0,163,0,0,0,0,0,158,0,1,44,11,0,0,0
2950,25.236,0,163,0,0,0,1,0,159,0,0,44,11,0,0,0
2951,0.943,0,163,0,0,0,0,0,159,0,0,44,11,0,0,0
2952,2.000,0,163,0,0,0,0,0,159,0,0,44,11,0,0,0
2953,5.087,0,163,0,0,0,0,0,159,0,0,44,11,0,0,0
2954,25.108,0,163,0,0,0,1,0,159,0,0,44,11,0,0,0
2955,0.757,0,163,0,0,0,0,0,159,0,0,44,11,0,0,0
2956,0.661,0,163,0,0,0,0,0,159,0,0,44,11,0,0,0
2957,6.782,0,163,0,0,0,0,0,159,0,0,44,11,0,0,0
2958,25.461,0,163,0,0,0,0,0,159,0,0,44,11,0,0,0
2959,1.017,0,163,0,0,0,0,0,159,0,0,44,11,0,0,0
2960,0.678,0,163,0,0,0,0,0,159,0,0,44,11,0,0,0
2961,6.311,0,163,0,0,0,0,0,159,0,0,44,11,0,0,0
2962,25.124,0,163,0,0,0,0,0,159,0,0,44,11,0,0,0
2963,0.897,0,163,0,0,0,0,0,159,0,0,44,11,0,0,0
2964,0.760,0,163,0,0,0,0,0,159,0,0,44,11,0,0,0
2965,6.540,0,163,0,0,0,0,0,159,0,0,44,11,0,0,0
2966,25.174,0,163,0,0,0,0,0,159,0,0,44,11,0,0,0
2967,0.839,0,163,0,0,0,1,0,159,0,0,44,11,0,0,0
2968,0.696,0,163,0,0,0,0,0,159,0,0,44,11,0,0,0
2969,6.608,0,163,0,0,0,0,0,159,0,0,44,11,0,0,0
2970,25.224,0,163,0,0,0,1,0,159,0,0,44,11,0,0,0
2971,0.841,0,163,0,0,0,0,0,159,0,0,44,11,0,0,0
2972,0.740,0,163,0,0,0,0,0,159,0,0,44,11,0,0,0
2973,6.610,0,163,0,0,0,0,0,159,0,0,44,11,0,0,0
2974,25.217,0,163,0,0,0,0,0,159,0,0,44,11,0,0,0
2975,0.830,0,163,0,0,0,0,0,159,0,0,44,11,0,0,0
2976,1.351,0,163,0,0,0,0,0,159,0,0,44,11,0,0,0
2977,5.849,0,163,0,0,0,0,0,159,0,0,44,11,0,0,0
2978,25.191,0,163,0,0,0,0,0,159,0,0,44,11,0,0,0
2979,0.861,0,163,0,0,0,0,0,159,0,0,44,11,0,0,0
2980,0.713,0,163,0,0,0,0,0,159,0,0,44,11,0,0,0
2981,6.528,0,163,0,0,0,0,0,159,0,0,44,11,0,0,0
2982,25.290,0,163,0,0,0,0,0,159,0,0,44,11,0,0,0
2983,0.814,0,163,0,0,0,0,0,159,0,0,44,11,0,0,0
2984,0.669,0,163,0,0,0,0,0,159,0,0,44,11,0,0,0
2985,6.533,0,163,0,0,0,0,0,159,0,0,44,11,0,0,0
2986,25.173,0,163,0,0,0,0,0,159,0,0,44,11,0,0,0
2987,0.791,0,163,0,0,0,0,0,159,0,0,44,11,0,0,0
2988,0.620,0,163,0,0,0,0,0,159,0,0,44,11,0,0,0
2989,6.785,0,163,0,0,0,0,0,159,0,0,44,11,0,0,0
2990,25.163,0,163,0,0,0,0,0,159,0,0,44,11,0,0,0
2991,0.807,0,163,0,0,0,0,0,159,0,0,44,11,0,0,0
2992,0.669,0,163,0,0,0,0,0,159,0,0,44,11,0,0,0
2993,6.629,0,163,0,0,0,0,0,159,0,0,44,11,0,0,0
2994,25.223,0,163,0,0,0,0,0,159,0,0,44,11,0,0,0
2995,0.856,0,163,0,0,0,0,0,159,0,0,44,11,0,0,0
2996,0.714,0,163,0,0,0,0,0,159,0,0,44,11,0,0,0
2997,6.667,0,163,0,0,0,0,0,159,0,0,44,11,0,0,0
2998,25.102,0,163,0,0,0,0,0,159,0,0,44,11,0,0,0
2999,0.749,0,163,0,0,0,0,0,159,0,0,44,11,0,0,0
3000,0.624,0,163,0,0,0,0,0,159,0,0,44,11,0,0,0
3001,6.873,0,163,0,0,0,0,0,159,0,0,44,11,0,0,0
3002,25.066,0,163,0,0,0,0,0,159,0,0,44,11,0,0,0
3003,0.901,0,163,0,0,0,0,0,159,0,0,44,11,0,0,0
3004,1.090,0,163,0,0,0,0,0,159,0,0,44,11,0,0,0
3005,6.469,0,163,0,0,0,0,0,159,0,0,44,11,0,0,0
3006,25.157,0,163,0,0,0,0,0,159,0,0,44,12,0,0,0
3007,0.746,0,163,0,0,0,0,0,159,0,0,44,12,0,0,0
3008,1.264,0,163,0,0,0,0,0,159,0,0,44,12,0,0,0
3009,5.738,0,163,0,0,0,0,0,159,0,0,44,12,0,0,0
3010,25.359,0,163,0,0,0,0,0,159,0,0,44,12,0,0,0
3011,0.762,0,163,0,0,0,0,0,159,0,0,44,12,0,0,0
3012,0.586,0,163,0,0,0,0,0,159,0,0,44,12,0,0,0
3013,6.622,0,163,0,0,0,0,0,159,0,0,44,12,0,0,0
3014,25.348,0,163,0,0,0,0,0,159,0,0,44,12,0,0,0
3015,0.822,0,163,0,0,0,0,0,159,0,0,44,12,0,0,0
3016,0.634,0,163,0,0,0,0,0,159,0,0,44,12,0,0,0
3017,6.602,0,163,0,0,0,0,0,159,0,0,44,12,0,0,0
3018,25.270,0,163,0,0,0,0,0,159,0,0,44,12,0,0,0
3019,1.001,0,163,0,0,0,0,0,159,0,0,44,12,0,0,0
3020,0.804,0,163,0,0,0,0,0,159,0,0,44,12,0,0,0
3021,6.375,0,163,0,0,0,0,0,159,0,0,44,12,0,0,0
3022,25.192,0,163,0,0,0,0,0,159,0,0,44,12,0,0,0
3023,0.786,0,163,0,0,0,0,0,159,0,0,44,12,0,0,0
3024,0.687,0,163,0,0,0,0,0,159,0,0,44,12,0,0,0
3025,6.723,0,163,0,0,0,0,0,159,0,0,44,12,0,0,0
3026,25.095,0,163,0,0,0,0,0,159,0,0,44,12,0,0,0
3027,0.858,0,163,0,0,0,0,0,159,0,0,44,12,0,0,0
3028,0.720,0,163,0,0,0,0,0,159,0,0,44,12,0,0,0
3029,6.513,0,163,0,0,0,0,0,159,0,0,44,12,0,0,0
3030,25.299,0,163,0,0,0,0,0,159,0,0,44,12,0,0,0
3031,0.886,0,163,0,0,0,0,0,159,0,0,44,12,0,0,0
3032,1.925,0,163,0,0,0,0,0,159,0,0,44,12,0,0,0
3033,5.253,0,163,0,0,0,0,0,159,0,0,44,12,0,0,0
3034,25.177,0,163,0,0,0,0,0,159,0,0,44,12,0,0,0
3035,0.926,0,163,0,0,0,0,0,159,0,0,44,12,0,0,0
3036,0.678,0,163,0,0,0,0,0,159,0,0,44,12,0,0,0
3037,6.545,0,163,0,0,0,0,0,159,0,0,44,12,0,0,0
3038,25.115,0,163,0,0,0,0,0,159,0,0,44,12,0,0,0
3039,0.852,0,163,0,0,0,0,0,159,0,0,44,12,0,0,0
3040,0.679,0,163,0,0,0,0,0,159,0,0,44,12,0,0,0
3041,6.692,0,163,0,0,0,0,0,159,0,0,44,12,0,0,0
3042,25.040,0,163,0,0,0,0,0,159,0,0,44,12,0,0,0
3043,0.820,0,163,0,0,0,0,0,159,0,0,44,12,0,0,0
3044,0.677,0,163,0,0,0,0,0,159,0,0,44,12,0,0,0
3045,6.858,0,163,0,0,0,0,0,159,0,0,44,12,0,0,0
3046,25.070,0,163,0,0,0,0,0,159,0,0,44,12,0,0,0
3047,0.857,0,163,0,0,0,0,0,159,0,0,44,12,0,0,0
3048,0.649,0,163,0,0,0,0,0,159,0,0,44,12,0,0,0
3049,6.658,0,163,0,0,0,0,0,159,0,0,44,12,0,0,0
3050,25.347,0,163,0,0,0,0,0,159,0,0,44,12,0,0,0
3051,0.974,0,163,0,0,0,0,0,159,0,0,44,12,0,0,0
3052,0.744,0,163,0,0,0,0,0,159,0,0,44,12,0,0,0
3053,6.279,0,163,0,0,0,0,0,159,0,0,44,12,0,0,0
3054,25.154,0,163,0,0,0,0,0,159,0,0,44,12,0,0,0
3055,0.983,0,163,0,0,0,0,0,159,0,0,44,12,0,0,0
3056,0.693,0,163,0,0,0,0,0,159,0,0,44,12,0,0,0
3057,6.447,0,163,0,0,0,0,0,159,0,0,44,12,0,0,0
3058,25.253,0,163,0,0,0,0,0,159,0,0,44,12,0,0,0
3059,1.010,0,163,0,0,0,0,0,159,0,0,44,12,0,0,0
3060,1.051,0,163,0,0,0,0,0,159,0,0,44,12,0,0,0
3061,5.944,0,163,0,0,0,0,0,159,0,0,44,12,0,0,0
3062,25.466,0,163,0,0,0,0,0,159,0,0,44,12,0,0,0
3063,0.911,0,163,0,0,0,0,0,159,0,0,44,12,0,0,0
3064,0.761,0,163,0,0,0,0,0,159,0,0,44,12,0,0,0
3065,6.227,0,163,0,0,0,0,0,159,0,0,44,12,0,0,0
3066,25.276,0,163,0,0,0,0,0,159,0,0,44,12,0,0,0
3067,0.956,0,163,0,0,0,0,0,159,0,0,44,12,0,0,0
3068,0.717,0,163,0,0,0,0,0,159,0,0,44,12,0,0,0
3069,6.340,0,163,0,0,0,0,0,159,0,0,44,12,0,0,0
3070,25.430,0,163,0,0,0,0,0,159,0,0,44,12,0,0,0
3071,0.874,0,163,0,0,0,0,0,159,0,0,44,12,0,0,0
3072,0.712,0,163,0,0,0,0,0,159,0,0,44,12,0,0,0
3073,6.520,0,163,0,0,0,0,0,159,0,0,44,12,0,0,0
3074,25.192,0,163,0,0,0,0,0,159,0,0,44,13,0,0,0
3075,0.843,0,163,0,0,0,0,0,159,0,0,44,13,0,0,0
3076,0.735,0,163,0,0,0,0,0,159,0,0,44,13,0,0,0
3077,6.588,0,163,0,0,0,0,0,159,0,0,44,13,0,0,0
3078,25.126,0,163,0,0,0,0,0,159,0,0,44,13,0,0,0
3079,0.843,0,163,0,0,0,0,0,159,0,0,44,13,0,0,0
3080,0.864,0,163,0,0,0,0,0,159,0,0,44,13,0,0,0
3081,6.396,0,163,0,0,0,0,0,159,0,0,44,13,0,0,0
3082,25.311,0,163,0,0,0,0,0,159,0,0,44,13,0,0,0
3083,0.910,0,163,0,0,0,0,0,159,0,0,44,13,0,0,0
3084,0.925,0,163,0,0,0,0,0,159,0,0,44,13,0,0,0
3085,6.228,0,163,0,0,0,0,0,159,0,0,44,13,0,0,0
3086,25.151,0,163,0,0,0,0,0,159,0,0,44,13,0,0,0
3087,0.917,0,163,0,0,0,0,0,159,0,0,44,13,0,0,0
3088,0.640,0,163,0,0,0,0,0,159,0,0,44,13,0,0,0
3089,6.570,0,163,0,0,0,0,0,159,0,0,44,13,0,0,0
3090,25.271,0,163,0,0,0,0,0,159,0,0,44,13,0,0,0
3091,0.838,0,163,0,0,0,0,0,159,0,0,44,13,0,0,0
3092,0.831,0,163,0,0,0,0,0,159,0,0,44,13,0,0,0
3093,6.399,0,163,0,0,0,0,0,159,0,0,44,13,0,0,0
3094,25.259,0,163,0,0,0,0,0,159,0,0,44,13,0,0,0
3095,0.816,0,163,0,0,0,0,0,159,0,0,44,13,0,0,0
3096,0.643,0,163,0,0,0,0,0,159,0,0,44,13,0,0,0
3097,6.749,0,163,0,0,0,0,0,159,0,0,44,13,0,0,0
3098,25.000,0,163,0,0,0,0,0,159,0,0,44,13,0,0,0
3099,0.884,0,163,0,0,0,0,0,159,0,0,44,13,0,0,0
3100,0.707,0,163,0,0,0,0,0,159,0,0,44,13,0,0,0
3101,6.675,0,163,0,0,0,0,0,159,0,0,44,13,0,0,0
3102,25.113,0,163,0,0,0,0,0,159,0,0,44,13,0,0,0
3103,0.901,0,163,0,0,0,0,0,159,0,0,44,13,0,0,0
3104,0.789,0,163,0,0,0,0,0,159,0,0,44,13,0,0,0
3105,6.515,0,163,0,0,0,0,0,159,0,0,44,13,0,0,0
3106,25.166,0,163,0,0,0,0,0,159,0,0,44,13,0,0,0
3107,0.866,0,163,0,0,0,0,0,159,0,0,44,13,0,0,0
3108,0.819,0,163,0,0,0,0,0,159,0,0,44,13,0,0,0
3109,6.462,0,163,0,0,0,0,0,159,0,0,44,13,0,0,0
3110,25.100,0,163,0,0,0,0,0,159,0,0,44,13,0,0,0
3111,0.801,0,163,0,0,0,0,0,159,0,0,44,13,0,0,0
3112,2.140,0,163,0,0,0,0,0,159,0,0,44,13,0,0,0
3113,5.258,0,163,0,0,0,0,0,159,0,0,44,13,0,0,0
3114,25.235,0,163,0,0,0,0,0,159,0,0,44,13,0,0,0
3115,0.864,0,163,0,0,0,0,0,159,0,0,44,13,0,0,0
3116,0.695,0,163,0,0,0,0,0,159,0,0,44,13,0,0,0
3117,6.758,0,163,0,0,0,0,0,159,0,0,44,13,0,0,0
3118,25.028,0,163,0,0,0,0,0,159,0,0,44,13,0,0,0
3119,0.850,0,163,0,0,0,0,0,159,0,0,44,13,0,0,0
3120,0.700,0,163,0,0,0,0,0,159,0,0,44,13,0,0,0
3121,6.628,0,163,0,0,0,0,0,159,0,0,44,13,0,0,0
3122,25.089,0,163,0,0,0,0,0,159,0,0,44,13,0,0,0
3123,0.755,0,163,0,0,0,0,0,159,0,0,44,13,0,0,0
3124,0.688,0,163,0,0,0,0,0,159,0,0,44,13,0,0,0
3125,6.816,0,163,0,0,0,0,0,159,0,0,44,14,0,0,0
3126,25.144,0,163,0,0,0,0,0,159,0,0,44,14,0,0,0
3127,0.796,0,163,0,0,0,0,0,159,0,0,44,14,0,0,0
3128,0.640,0,163,0,0,0,0,0,159,0,0,44,14,0,0,0
3129,6.585,0,163,0,0,0,0,0,159,0,0,44,14,0,0,0
3130,25.182,0,163,0,0,0,0,0,159,0,0,44,14,0,0,0
3131,0.829,0,163,0,0,0,0,0,159,0,0,44,14,0,0,0
3132,0.637,0,163,0,0,0,0,0,159,0,0,44,14,0,0,0
3133,6.758,0,163,0,0,0,0,0,159,0,0,44,14,0,0,0
3134,25.127,0,163,0,0,0,0,0,159,0,0,44,14,0,0,0
3135,0.934,0,163,0,0,0,0,0,159,0,0,44,14,0,0,0
3136,0.698,0,163,0,0,0,0,0,159,0,0,44,14,0,0,0
3137,6.627,0,163,0,0,0,0,0,159,0,0,44,14,0,0,0
3138,25.184,0,163,0,0,0,0,0,159,0,0,44,14,0,0,0
3139,0.821,0,163,0,0,0,0,0,159,0,0,44,14,0,0,0
3140,1.231,0,163,0,0,0,0,0,159,0,0,44,14,0,0,0
3141,6.064,0,163,0,0,0,0,0,159,0,0,44,14,0,0,0
3142,25.045,0,163,0,0,0,0,0,159,0,0,44,14,0,0,0
3143,0.774,0,163,0,0,0,0,0,159,0,0,44,14,0,0,0
3144,0.649,0,163,0,0,0,0,0,159,0,0,44,14,0,0,0
3145,6.744,0,163,0,0,0,0,0,159,0,0,44,14,0,0,0
3146,25.255,0,163,0,0,0,0,0,159,0,0,44,14,0,0,0
3147,0.817,0,163,0,0,0,0,0,159,0,0,44,14,0,0,0
3148,0.729,0,163,0,0,0,0,0,159,0,0,44,14,0,0,0
3149,6.500,0,163,0,0,0,0,0,159,0,0,44,14,0,0,0
3150,25.375,0,163,0,0,0,0,0,159,0,0,44,14,0,0,0
3151,0.750,0,163,0,0,0,0,0,159,0,0,44,14,0,0,0
3152,0.662,0,163,0,0,0,0,0,159,0,0,44,14,0,0,0
3153,6.661,0,163,0,0,0,0,0,159,0,0,44,14,0,0,0
3154,25.188,0,163,0,0,0,0,0,159,0,0,44,14,0,0,0
3155,0.862,0,163,0,0,0,0,0,159,0,0,44,14,0,0,0
3156,0.733,0,163,0,0,0,0,0,159,0,0,44,14,0,0,0
3157,6.556,0,163,0,0,0,0,0,159,0,0,44,14,0,0,0
3158,25.131,0,163,0,0,0,0,0,159,0,0,44,14,0,0,0
3159,0.996,0,163,0,0,0,0,0,159,0,0,44,14,0,0,0
3160,0.749,0,163,0,0,0,0,0,159,0,0,44,14,0,0,0
3161,6.521,0,163,0,0,0,0,0,159,0,0,44,14,0,0,0
3162,25.157,0,163,0,0,0,0,0,159,0,0,44,14,0,0,0
3163,0.845,0,163,0,0,0,0,0,159,0,0,44,14,0,0,0
3164,1.270,0,163,0,0,0,0,0,159,0,0,44,14,0,0,0
3165,5.976,0,163,0,0,0,0,0,159,0,0,44,14,0,0,0
3166,25.226,0,163,0,0,0,0,0,159,0,0,44,14,0,0,0
3167,0.800,0,163,0,0,0,0,0,159,0,0,44,14,0,0,0
3168,0.671,0,163,0,0,0,0,0,159,0,0,44,14,0,0,0
3169,6.659,0,163,0,0,0,0,0,159,0,0,44,14,0,0,0
3170,25.346,0,163,0,0,0,0,0,159,0,0,44,14,0,0,0
3171,0.831,0,163,0,0,0,0,0,159,0,0,44,14,0,0,0
3172,0.675,0,163,0,0,0,0,0,159,0,0,44,14,0,0,0
3173,6.443,0,163,0,0,0,0,0,159,0,0,44,14,0,0,0
3174,25.196,0,163,0,0,0,0,0,159,0,0,44,14,0,0,0
3175,0.832,0,163,0,0,0,0,0,159,0,0,44,14,0,0,0
3176,0.754,0,163,0,0,0,0,0,159,0,0,44,14,0,0,0
3177,6.526,0,163,0,0,0,0,0,159,0,0,44,14,0,0,0
3178,25.195,0,163,0,0,0,0,0,159,0,0,44,14,0,0,0
3179,0.750,0,163,0,0,0,0,0,159,0,0,44,14,0,0,0
3180,0.748,0,163,0,0,0,0,0,159,0,0,44,14,0,0,0
3181,6.694,0,163,0,0,0,0,0,159,0,0,44,14,0,0,0
3182,25.440,0,163,0,0,0,0,0,159,0,0,44,14,0,0,0
3183,0.751,0,163,0,0,0,0,0,159,0,0,44,14,0,0,0
3184,0.611,0,163,0,0,0,0,0,159,0,0,44,14,0,0,0
3185,6.444,0,163,0,0,0,0,0,159,0,0,44,14,0,0,0
3186,25.183,0,163,0,0,0,0,0,159,0,0,44,14,0,0,0
3187,0.844,0,163,0,0,0,0,0,159,0,0,44,14,0,0,0
3188,0.727,0,163,0,0,0,0,0,159,0,0,44,14,0,0,0
3189,6.696,0,163,0,0,0,0,0,159,0,0,44,14,0,0,0
3190,25.171,0,163,0,0,0,0,0,159,0,0,44,14,0,0,0
3191,0.884,0,163,0,0,0,0,0,159,0,0,44,14,0,0,0
3192,0.885,0,163,0,0,0,0,0,159,0,0,44,14,0,0,0
3193,6.290,0,163,0,0,0,0,0,159,0,0,44,14,0,0,0
3194,25.173,0,163,0,0,0,0,0,159,0,0,44,14,0,0,0
3195,0.827,0,163,0,0,0,0,0,159,0,0,44,14,0,0,0
3196,0.732,0,163,0,0,0,0,0,159,0,0,44,14,0,0,0
3197,6.675,0,163,0,0,0,0,0,159,0,0,44,14,0,0,0
3198,25.133,0,163,0,0,0,0,0,159,0,0,44,14,0,0,0
3199,0.864,0,163,0,0,0,0,0,159,0,0,44,14,0,0,0
3200,0.704,0,163,0,0,0,0,0,159,0,0,44,14,0,0,0
3201,6.601,0,163,0,0,0,0,0,159,0,0,44,14,0,0,0
3202,25.260,0,163,0,0,0,0,0,159,0,0,44,14,0,0,0
3203,0.959,0,163,0,0,0,0,0,159,0,0,44,14,0,0,0
3204,0.748,0,163,0,0,0,0,0,159,0,0,44,14,0,0,0
3205,6.609,0,163,0,0,0,0,0,159,0,0,44,14,0,0,0
3206,24.919,0,163,0,0,0,0,0,159,0,0,44,14,0,0,0
3207,0.888,0,163,0,0,0,0,0,159,0,0,44,14,0,0,0
3208,0.654,0,163,0,0,0,0,0,159,0,0,44,14,0,0,0
3209,6.661,0,163,0,0,0,0,0,159,0,0,44,14,0,0,0
3210,25.267,0,163,0,0,0,0,0,159,0,0,44,14,0,0,0
3211,0.842,0,163,0,0,0,0,0,159,0,0,44,14,0,0,0
3212,0.794,0,163,0,0,0,0,0,159,0,0,44,14,0,0,0
3213,6.578,0,163,0,0,0,0,0,159,0,0,44,14,0,0,0
3214,25.249,0,163,0,0,0,0,0,159,0,0,44,14,0,0,0
3215,0.831,0,163,0,0,0,0,0,159,0,0,44,14,0,0,0
3216,1.410,0,163,0,0,0,0,0,159,0,0,44,14,0,0,0
3217,5.765,0,163,0,0,0,0,0,159,0,0,44,14,0,0,0
3218,25.123,0,163,0,0,0,0,0,159,0,0,44,14,0,0,0
3219,0.838,0,163,0,0,0,0,0,159,0,0,44,14,0,0,0
3220,0.710,0,163,0,0,0,0,0,159,0,0,44,14,0,0,0
3221,6.629,0,163,0,0,0,0,0,159,0,0,44,14,0,0,0
3222,25.280,0,163,0,0,0,0,0,159,0,0,44,14,0,0,0
3223,1.075,0,163,0,0,0,0,0,159,0,0,44,14,0,0,0
3224,0.764,0,163,0,0,0,0,0,159,0,0,44,14,0,0,0
3225,6.301,0,163,0,0,0,0,0,159,0,0,44,14,0,0,0
3226,25.119,0,163,0,0,0,0,0,159,0,0,44,14,0,0,0
3227,0.959,0,163,0,0,0,0,0,159,0,0,44,14,0,0,0
3228,0.712,0,163,0,0,0,0,0,159,0,0,44,14,0,0,0
3229,6.613,0,163,0,0,0,0,0,159,0,0,44,14,0,0,0
3230,25.214,0,163,0,0,0,0,0,159,0,0,44,14,0,0,0
3231,0.773,0,163,0,0,0,0,0,159,0,0,44,14,0,0,0
3232,0.792,0,163,0,0,0,0,0,159,0,0,44,14,0,0,0
3233,6.353,0,163,0,0,0,0,0,159,0,0,44,14,0,0,0
3234,25.092,0,163,0,0,0,0,0,159,0,0,44,14,0,0,0
3235,0.913,0,163,0,0,0,0,0,159,0,0,44,14,0,0,0
3236,0.769,0,163,0,0,0,0,0,159,0,0,44,14,0,0,0
3237,6.719,0,163,0,0,0,0,0,159,0,0,44,14,0,0,0
3238,25.132,0,163,0,0,0,0,0,159,0,0,44,14,0,0,0
3239,0.899,0,163,0,0,0,0,0,159,0,0,44,14,0,0,0
3240,0.810,0,163,0,0,0,0,0,159,0,0,44,14,0,0,0
3241,6.350,0,163,0,0,0,0,0,159,0,0,44,14,0,0,0
3242,25.366,0,163,0,0,0,0,0,159,0,0,44,14,0,0,0
3243,0.899,0,163,0,0,0,0,0,159,0,0,44,14,0,0,0
3244,1.170,0,163,0,0,0,0,0,159,0,0,44,14,0,0,0
3245,6.054,0,163,0,0,0,0,0,159,0,0,44,14,0,0,0
3246,24.910,0,163,0,0,0,0,0,159,0,0,44,14,0,0,0
3247,0.952,0,163,0,0,0,0,0,159,0,0,44,14,0,0,0
3248,0.738,0,163,0,0,0,0,0,159,0,0,44,14,0,0,0
3249,6.547,0,163,0,0,0,0,0,159,0,0,44,14,0,0,0
3250,25.276,0,163,0,0,0,0,0,159,0,0,44,14,0,0,0
3251,0.906,0,163,0,0,0,0,0,159,0,0,44,14,0,0,0
3252,0.697,0,163,0,0,0,0,0,159,0,0,44,14,0,0,0
3253,6.515,0,163,0,0,0,0,0,159,0,0,44,14,0,0,0
3254,25.084,0,163,0,0,0,0,0,159,0,0,44,14,0,0,0
3255,0.849,0,163,0,0,0,0,0,159,0,0,44,14,0,0,0
3256,0.773,0,163,0,0,0,0,0,159,0,0,44,14,0,0,0
3257,6.747,0,163,0,0,0,0,0,159,0,0,44,14,0,0,0
3258,24.973,0,163,0,0,0,0,0,159,0,0,44,14,0,0,0
3259,0.808,0,163,0,0,0,0,0,159,0,0,44,14,0,0,0
3260,0.708,0,163,0,0,0,0,0,159,0,0,44,14,0,0,0
3261,7.140,0,163,0,0,0,0,0,159,0,0,44,14,0,0,0
3262,24.717,0,163,0,0,0,0,0,159,0,0,44,14,0,0,0
3263,0.772,0,163,0,0,0,0,0,159,0,0,44,14,0,0,0
3264,0.689,0,163,0,0,0,0,0,159,0,0,44,14,0,0,0
3265,6.754,0,163,0,0,0,0,0,159,0,0,44,14,0,0,0
3266,25.318,0,163,0,0,0,0,0,159,0,0,44,14,0,0,0
3267,0.909,0,163,0,0,0,0,0,159,0,0,44,14,0,0,0
3268,0.719,0,163,0,0,0,0,0,159,0,0,44,14,0,0,0
3269,6.381,0,163,0,0,0,0,0,159,0,0,44,14,0,0,0
3270,25.061,0,163,0,0,0,0,0,159,0,0,44,14,0,0,0
3271,0.805,0,163,0,0,0,0,0,159,0,0,44,14,0,0,0
3272,1.840,0,163,0,0,0,0,0,159,0,0,44,14,0,0,0
3273,5.724,0,163,0,0,0,0,0,159,0,0,44,14,0,0,0
3274,25.100,0,163,0,0,0,0,0,159,0,0,44,14,0,0,0
3275,0.933,0,163,0,0,0,0,0,159,0,0,44,14,0,0,0
3276,0.784,0,163,0,0,0,0,0,159,0,0,44,14,0,0,0
3277,6.613,0,163,0,0,0,0,0,159,0,0,44,14,0,0,0
3278,25.037,0,163,0,0,0,0,0,159,0,0,44,14,0,0,0
3279,0.928,0,163,0,0,0,0,0,159,0,0,44,14,0,0,0
3280,0.684,0,163,0,0,0,0,0,159,0,0,44,14,0,0,0
3281,6.496,0,163,0,0,0,0,0,159,0,0,44,14,0,0,0
3282,25.188,0,163,0,0,0,0,0,159,0,0,44,14,0,0,0
3283,0.901,0,163,0,0,0,0,0,159,0,0,44,14,0,0,0
3284,0.745,0,163,0,0,0,0,0,159,0,0,44,14,0,0,0
3285,6.695,0,163,0,0,0,0,0,159,0,0,44,14,0,0,0
3286,24.935,0,163,0,0,0,0,0,159,0,0,44,14,0,0,0
3287,0.924,0,163,0,0,0,0,0,159,0,0,44,14,0,0,0
3288,0.842,0,163,0,0,0,0,0,159,0,0,44,14,0,0,0
3289,6.491,0,163,0,0,0,0,0,159,0,0,44,14,0,0,0
3290,25.056,0,163,0,0,0,0,0,159,0,0,44,14,0,0,0
3291,0.908,0,163,0,0,0,0,0,159,0,0,44,14,0,0,0
3292,0.743,0,163,0,0,0,0,0,159,0,0,44,14,0,0,0
3293,6.599,0,163,0,0,0,0,0,159,0,0,44,14,0,0,0
3294,25.036,0,163,0,0,0,0,0,159,0,0,44,14,0,0,0
3295,0.938,0,163,0,0,0,0,0,159,0,0,44,14,0,0,0
3296,0.756,0,163,0,0,0,0,0,159,0,0,44,14,0,0,0
3297,6.695,0,163,0,0,0,0,0,159,0,0,44,14,0,0,0
3298,24.973,0,163,0,0,0,0,0,159,0,0,44,14,0,0,0
3299,0.944,0,163,0,0,0,0,0,159,0,0,44,14,0,0,0
3300,0.764,0,163,0,0,0,0,0,159,0,0,44,14,0,0,0
3301,6.504,0,163,0,0,0,0,0,159,0,0,44,14,0,0,0
3302,25.151,0,163,0,0,0,0,0,159,0,0,44,14,0,0,0
3303,1.068,0,163,0,0,0,0,0,159,0,0,44,14,0,0,0
3304,0.856,0,163,0,0,0,0,0,159,0,0,44,14,0,0,0
3305,6.391,0,163,0,0,0,0,0,159,0,0,44,14,0,0,0
3306,24.959,0,163,0,0,0,0,0,159,0,0,44,14,0,0,0
3307,0.987,0,163,0,0,0,0,0,159,0,0,44,14,0,0,0
3308,0.743,0,163,0,0,0,0,0,159,0,0,44,14,0,0,0
3309,6.651,0,163,0,0,0,0,0,159,0,0,44,14,0,0,0
3310,24.991,0,163,0,0,0,0,0,159,0,0,44,14,0,0,0
3311,1.023,0,163,0,0,0,0,0,159,0,0,44,14,0,0,0
3312,0.757,0,163,0,0,0,0,0,159,0,0,44,14,0,0,0
3313,6.386,0,163,0,0,0,0,0,159,0,0,44,14,0,0,0
3314,25.095,0,163,0,0,0,0,0,159,0,0,44,14,0,0,0
3315,0.968,0,163,0,0,0,0,0,159,0,0,44,14,0,0,0
3316,0.753,0,163,0,0,0,0,0,159,0,0,44,14,0,0,0
3317,6.535,0,163,0,0,0,0,0,159,0,0,44,14,0,0,0
3318,25.924,0,163,0,0,0,0,0,159,0,0,44,14,0,0,0
3319,1.281,0,163,0,0,0,0,0,159,0,0,44,14,0,0,0
3320,2.089,0,163,0,0,0,0,0,159,0,0,44,14,0,0,0
3321,4.091,0,163,0,0,0,0,0,159,0,0,44,14,0,0,0
3322,25.199,0,163,0,0,0,0,0,159,0,0,44,14,0,0,0
3323,1.048,0,163,0,0,0,0,0,159,0,0,44,14,0,0,0
3324,0.776,0,163,0,0,0,0,0,159,0,0,44,14,0,0,0
3325,6.240,0,163,0,0,0,0,0,159,0,0,44,14,0,0,0
3326,25.080,0,163,0,0,0,0,0,159,0,0,44,14,0,0,0
3327,0.872,0,163,0,0,0,0,0,159,0,0,44,14,0,0,0
3328,0.776,0,163,0,0,0,0,0,159,0,0,44,14,0,0,0
3329,6.623,0,163,0,0,0,0,0,159,0,0,44,14,0,0,0
3330,25.114,0,163,0,0,0,0,0,159,0,0,44,14,0,0,0
3331,0.909,0,163,0,0,0,0,0,159,0,0,44,14,0,0,0
3332,0.763,0,163,0,0,0,0,0,159,0,0,44,14,0,0,0
3333,6.658,0,163,0,0,0,0,0,159,0,0,44,14,0,0,0
3334,25.185,0,163,0,0,0,0,0,159,0,0,44,14,0,0,0
3335,0.901,0,163,0,0,0,0,0,159,0,1,44,14,0,0,0
3336,0.714,0,163,0,0,0,0,0,159,0,1,44,14,0,0,0
3337,6.639,0,163,0,0,0,0,0,159,0,1,44,14,0,0,0
3338,25.148,0,163,0,0,0,0,0,159,0,1,44,14,0,0,0
3339,1.022,0,163,0,0,0,0,0,159,0,1,44,14,0,0,0
3340,0.812,0,163,0,0,0,0,0,159,0,1,44,14,0,0,0
3341,6.132,0,163,0,0,0,0,0,159,0,1,44,14,0,0,0
3342,25.090,0,163,0,0,0,0,0,159,0,1,44,14,0,0,0
3343,0.950,0,163,0,0,0,0,0,159,0,1,44,14,0,0,0
3344,0.797,0,163,0,0,0,0,0,159,0,1,44,14,0,0,0
3345,6.802,0,163,0,0,0,0,0,159,0,1,44,14,0,0,0
3346,25.092,0,163,0,0,0,0,0,159,0,1,44,14,0,0,0
3347,0.935,0,163,0,0,0,0,0,159,0,1,44,14,0,0,0
3348,1.888,0,163,0,0,0,0,0,159,0,1,44,14,0,0,0
3349,5.120,0,163,0,0,0,0,0,159,0,1,44,14,0,0,0
3350,25.421,0,163,0,0,0,0,0,159,0,1,44,14,0,0,0
3351,1.036,0,163,0,0,0,0,0,159,0,1,44,14,0,0,0
3352,0.763,0,163,0,0,0,0,0,159,0,1,44,14,0,0,0
3353,6.215,0,163,0,0,0,0,0,159,0,1,44,14,0,0,0
3354,25.097,0,163,0,0,0,0,0,159,0,1,44,14,0,0,0
3355,0.967,0,163,0,0,0,0,0,159,0,1,44,14,0,0,0
3356,0.822,0,163,0,0,0,0,0,159,0,1,44,14,0,0,0
3357,6.356,0,163,0,0,0,0,0,159,0,1,44,14,0,0,0
3358,25.064,0,163,0,0,0,0,0,159,0,1,44,14,0,0,0
3359,0.922,0,163,0,0,0,0,0,159,0,1,44,14,0,0,0
3360,0.639,0,163,0,0,0,0,0,159,0,1,44,14,0,0,0
3361,6.855,0,163,0,0,0,0,0,159,0,1,44,14,0,0,0
3362,24.970,0,163,0,0,0,0,0,159,0,1,44,14,0,0,0
3363,1.064,0,163,0,0,0,0,0,159,0,1,44,14,0,0,0
3364,0.719,0,163,0,0,0,0,0,159,0,1,44,14,0,0,0
3365,6.464,0,163,0,0,0,0,0,159,0,1,44,14,0,0,0
3366,24.972,0,163,0,0,0,0,0,159,0,1,44,14,0,0,0
3367,0.809,0,163,0,0,0,0,0,159,0,1,44,14,0,0,0
3368,0.711,0,163,0,0,0,0,0,159,0,1,44,14,0,0,0
3369,6.822,0,163,0,0,0,0,0,159,0,1,44,14,0,0,0
3370,25.093,0,163,0,0,0,0,0,159,0,1,44,14,0,0,0
3371,0.917,0,163,0,0,0,0,0,159,0,1,44,14,0,0,0
3372,1.960,0,163,0,0,0,0,0,159,0,1,44,14,0,0,0
3373,5.304,0,163,0,0,0,0,0,159,0,1,44,14,0,0,0
3374,25.220,0,163,0,0,0,0,0,159,0,1,44,14,0,0,0
3375,0.906,0,163,0,0,0,0,0,159,0,1,44,14,0,0,0
3376,0.750,0,163,0,0,0,0,0,159,0,1,44,14,0,0,0
3377,6.487,0,163,0,0,0,0,0,159,0,1,44,14,0,0,0
3378,25.067,0,163,0,0,0,0,0,159,0,1,44,14,0,0,0
3379,1.008,0,163,0,0,0,0,0,159,0,1,44,14,0,0,0
3380,0.780,0,163,0,0,0,0,0,159,0,1,44,14,0,0,0
3381,6.477,0,163,0,0,0,0,0,159,0,1,44,14,0,0,0
3382,25.106,0,163,0,0,0,0,0,159,0,1,44,14,0,0,0
3383,1.000,0,163,0,0,0,0,0,159,0,1,44,14,0,0,0
3384,0.763,0,163,0,0,0,0,0,159,0,1,44,14,0,0,0
3385,6.555,0,163,0,0,0,0,0,159,0,1,44,14,0,0,0
3386,25.119,0,163,0,0,0,0,0,159,0,1,44,14,0,0,0
3387,0.951,0,163,0,0,0,0,0,159,0,1,44,14,0,0,0
3388,0.722,0,163,0,0,0,0,0,159,0,1,44,14,0,0,0
3389,6.730,0,163,0,0,0,0,0,159,0,1,44,14,0,0,0
3390,24.719,0,163,0,0,0,0,0,159,0,1,44,14,0,0,0
3391,0.887,0,163,0,0,0,0,0,159,0,1,44,14,0,0,0
3392,0.724,0,163,0,0,0,0,0,159,0,1,44,14,0,0,0
3393,6.836,0,163,0,0,0,0,0,159,0,1,44,14,0,0,0
3394,25.004,0,163,0,0,0,0,0,159,0,1,44,14,0,0,0
3395,1.047,0,163,0,0,0,0,0,159,0,1,44,14,0,0,0
3396,1.101,0,163,0,0,0,0,0,159,0,1,44,14,0,0,0
3397,6.185,0,163,0,0,0,0,0,159,0,1,44,14,0,0,0
3398,24.919,0,163,0,0,0,0,0,159,0,1,44,14,0,0,0
3399,0.893,0,163,0,0,0,0,0,159,0,1,44,14,0,0,0
3400,0.770,0,163,0,0,0,0,0,159,0,1,44,14,0,0,0
3401,6.689,0,163,0,0,0,0,0,159,0,1,44,14,0,0,0
3402,25.213,0,163,0,0,0,0,0,159,0,1,44,14,0,0,0
3403,1.050,0,163,0,0,0,0,0,159,0,1,44,14,0,0,0
3404,1.726,0,163,0,0,0,0,0,159,0,1,44,14,0,0,0
3405,5.337,0,163,0,0,0,0,0,159,0,1,44,14,0,0,0
3406,25.064,0,163,0,0,0,0,0,159,0,1,44,14,0,0,0
3407,1.017,0,163,0,0,0,0,0,159,0,1,44,14,0,0,0
3408,0.722,0,163,0,0,0,0,0,159,0,1,44,14,0,0,0
3409,6.543,0,163,0,0,0,0,0,159,0,1,44,14,0,0,0
3410,25.104,0,163,0,0,0,0,0,159,0,1,44,14,0,0,0
3411,0.869,0,163,0,0,0,0,0,159,0,1,44,14,0,0,0
3412,0.738,0,163,0,0,0,0,0,159,0,1,44,14,0,0,0
3413,6.642,0,163,0,0,0,0,0,159,0,1,44,14,0,0,0
3414,24.953,0,163,0,0,0,0,0,159,0,1,44,14,0,0,0
3415,0.987,0,163,0,0,0,0,0,159,0,1,44,14,0,0,0
3416,0.718,0,163,0,0,0,0,0,159,0,1,44,14,0,0,0
3417,6.631,0,163,0,0,0,0,0,159,0,1,44,14,0,0,0
3418,25.063,0,163,0,0,0,0,0,159,0,1,44,14,0,0,0
3419,0.873,0,163,0,0,0,0,0,159,0,1,44,14,0,0,0
3420,0.760,0,163,0,0,0,0,0,159,0,1,44,14,0,0,0
3421,6.557,0,163,0,0,0,0,0,159,0,1,44,14,0,0,0
3422,25.101,0,163,0,0,0,0,0,159,0,1,44,14,0,0,0
3423,0.876,0,163,0,0,0,0,0,159,0,1,44,14,0,0,0
3424,0.718,0,163,0,0,0,0,0,159,0,1,44,14,0,0,0
3425,6.644,0,163,0,0,0,0,0,159,0,1,44,14,0,0,0
3426,25.027,0,163,0,0,0,0,0,159,0,1,44,14,0,0,0
3427,1.053,0,163,0,0,0,0,0,159,0,1,44,14,0,0,0
3428,1.875,0,163,0,0,0,0,0,159,0,1,44,14,0,0,0
3429,5.391,0,163,0,0,0,0,0,159,0,1,44,14,0,0,0
3430,25.095,0,163,0,0,0,0,0,159,0,1,44,14,0,0,0
3431,0.940,0,163,0,0,0,0,0,159,0,1,44,14,0,0,0
3432,0.716,0,163,0,0,0,0,0,159,0,1,44,14,0,0,0
3433,6.543,0,163,0,0,0,0,0,159,0,1,44,14,0,0,0
3434,25.080,0,163,0,0,0,0,0,159,0,1,44,14,0,0,0
3435,0.903,0,163,0,0,0,0,0,159,0,1,44,14,0,0,0
3436,0.686,0,163,0,0,0,0,0,159,0,1,44,14,0,0,0
3437,6.715,0,163,0,0,0,0,0,159,0,2,44,14,0,0,0
3438,25.179,0,163,0,0,0,0,0,159,0,2,44,14,0,0,0
3439,0.860,0,163,0,0,0,0,0,159,0,2,44,14,0,0,0
3440,0.729,0,163,0,0,0,0,0,159,0,2,44,14,0,0,0
3441,6.602,0,163,0,0,0,0,0,159,0,2,44,14,0,0,0
3442,25.074,0,163,0,0,0,0,0,159,0,2,44,14,0,0,0
3443,0.967,0,163,0,0,0,0,0,159,0,2,44,14,0,0,0
3444,0.682,0,163,0,0,0,0,0,159,0,2,44,14,0,0,0
3445,6.718,0,163,0,0,0,0,0,159,0,2,44,14,0,0,0
3446,24.956,0,163,0,0,0,0,0,159,0,2,44,14,0,0,0
3447,0.991,0,163,0,0,0,0,0,159,0,2,44,14,0,0,0
3448,0.797,0,163,0,0,0,0,0,159,0,2,44,14,0,0,0
3449,6.454,0,163,0,0,0,0,0,159,0,2,44,14,0,0,0
3450,25.055,0,163,0,0,0,0,0,159,0,2,44,14,0,0,0
3451,0.850,0,163,0,0,0,0,0,159,0,2,44,14,0,0,0
3452,0.698,0,163,0,0,0,0,0,159,0,2,44,14,0,0,0
3453,6.852,0,163,0,0,0,0,0,159,0,2,44,14,0,0,0
3454,24.919,0,163,0,0,0,0,0,159,0,2,44,14,0,0,0
3455,0.916,0,163,0,0,0,0,0,159,0,2,44,14,0,0,0
3456,1.799,0,163,0,0,0,0,0,159,0,2,44,14,0,0,0
3457,5.464,0,163,0,0,0,0,0,159,0,2,44,14,0,0,0
3458,26.397,0,163,0,0,0,0,0,159,0,2,44,14,0,0,0
3459,1.140,0,163,0,0,0,0,0,159,0,2,44,14,0,0,0
3460,0.834,0,163,0,0,0,0,0,159,0,2,44,14,0,0,0
3461,4.974,0,163,0,0,0,0,0,159,0,2,44,14,0,0,0
3462,25.118,0,163,0,0,0,0,0,159,0,2,44,14,0,0,0
3463,1.143,0,163,0,0,0,0,0,159,0,2,44,14,0,0,0
3464,0.748,0,163,0,0,0,0,0,159,0,2,44,14,0,0,0
3465,6.395,0,163,0,0,0,0,0,159,0,2,44,14,0,0,0
3466,25.282,0,163,0,0,0,0,0,159,0,2,44,14,0,0,0
3467,0.896,0,163,0,0,0,0,0,159,0,2,44,14,0,0,0
3468,0.671,0,163,0,0,0,0,0,159,0,2,44,14,0,0,0
3469,6.673,0,163,0,0,0,0,0,159,0,2,44,14,0,0,0
3470,24.882,0,163,0,0,0,0,0,159,0,2,44,14,0,0,0
3471,0.870,0,163,0,0,0,0,0,159,0,2,44,14,0,0,0
3472,0.746,0,163,0,0,0,0,0,159,0,2,44,14,0,0,0
3473,6.689,0,163,0,0,0,0,0,159,0,2,44,14,0,0,0
3474,25.068,0,163,0,0,0,0,0,159,0,2,44,14,0,0,0
3475,0.981,0,163,0,0,0,0,0,159,0,2,44,14,0,0,0
3476,0.745,0,163,0,0,0,0,0,159,0,2,44,14,0,0,0
3477,6.649,0,163,0,0,0,0,0,159,0,2,44,14,0,0,0
3478,24.912,0,163,0,0,0,0,0,159,0,2,44,14,0,0,0
3479,1.034,0,163,0,0,0,0,0,159,0,2,44,14,0,0,0
3480,0.696,0,163,0,0,0,0,0,159,0,2,44,14,0,0,0
3481,6.655,0,163,0,0,0,0,0,159,0,2,44,14,0,0,0
3482,24.999,0,163,0,0,0,0,0,159,0,2,44,14,0,0,0
3483,0.905,0,163,0,0,0,0,0,159,0,2,44,14,0,0,0
3484,1.460,0,163,0,0,0,0,0,159,0,2,44,14,0,0,0
3485,5.861,0,163,0,0,0,0,0,159,0,2,44,14,0,0,0
3486,25.177,0,163,0,0,0,0,0,159,0,2,44,14,0,0,0
3487,0.954,0,163,0,0,0,0,0,159,0,2,44,14,0,0,0
3488,1.498,0,163,0,0,0,0,0,159,0,2,44,14,0,0,0
3489,5.808,0,163,0,0,0,0,0,159,0,2,44,14,0,0,0
3490,24.905,0,163,0,0,0,0,0,159,0,3,44,14,0,0,0
3491,0.989,0,163,0,0,0,0,0,159,0,3,44,14,0,0,0
3492,0.786,0,163,0,0,0,0,0,159,0,3,44,14,0,0,0
3493,6.610,0,163,0,0,0,0,0,159,0,3,44,14,0,0,0
3494,25.074,0,163,0,0,0,0,0,159,0,3,44,14,0,0,0
3495,1.068,0,163,0,0,0,0,0,159,0,3,44,14,0,0,0
3496,0.750,0,163,0,0,0,0,0,159,0,3,44,14,0,0,0
3497,6.353,0,163,0,0,0,0,0,159,0,3,44,14,0,0,0
3498,25.183,0,163,0,0,0,0,0,159,0,3,44,14,0,0,0
3499,0.924,0,163,0,0,0,0,0,159,0,3,44,14,0,0,0
3500,0.752,0,163,0,0,0,0,0,159,0,3,44,14,0,0,0
3501,6.679,0,163,0,0,0,0,0,159,0,3,44,14,0,0,0
3502,24.867,0,163,0,0,0,0,0,159,0,3,44,14,0,0,0
3503,0.971,0,163,0,0,0,0,0,159,0,3,44,14,0,0,0
3504,0.807,0,163,0,0,0,0,0,159,0,3,44,14,0,0,0
3505,6.481,0,163,0,0,0,0,0,159,0,3,44,14,0,0,0
3506,25.189,0,163,0,0,0,0,0,159,0,3,44,14,0,0,0
3507,1.077,0,163,0,0,0,0,0,159,0,3,44,14,0,0,0
3508,0.889,0,163,0,0,0,0,0,159,0,3,44,14,0,0,0
3509,6.168,0,163,0,0,0,0,0,159,0,3,44,14,0,0,0
3510,25.073,0,163,0,0,0,0,0,159,0,3,44,14,0,0,0
3511,1.203,0,163,0,0,0,0,0,159,0,3,44,14,0,0,0
3512,1.886,0,163,0,0,0,0,0,159,0,3,44,14,0,0,0
3513,5.244,0,163,0,0,0,0,0,159,0,3,44,14,0,0,0
3514,25.082,0,163,0,0,0,0,0,159,0,3,44,14,0,0,0
3515,0.967,0,163,0,0,0,0,0,159,0,3,44,14,0,0,0
3516,0.717,0,163,0,0,0,0,0,159,0,3,44,14,0,0,0
3517,6.477,0,163,0,0,0,0,0,159,0,3,44,14,0,0,0
3518,25.268,0,163,0,0,0,0,0,159,0,3,44,14,0,0,0
3519,0.962,0,163,0,0,0,0,0,159,0,3,44,14,0,0,0
3520,0.901,0,163,0,0,0,0,0,159,0,3,44,14,0,0,0
3521,6.292,0,163,0,0,0,0,0,159,0,3,44,14,0,0,0
3522,25.226,0,163,0,0,0,0,0,159,0,3,44,14,0,0,0
3523,0.888,0,163,0,0,0,0,0,159,0,3,44,14,0,0,0
3524,0.765,0,163,0,0,0,0,0,159,0,3,44,14,0,0,0
3525,6.392,0,163,0,0,0,0,0,159,0,3,44,14,0,0,0
3526,25.081,0,163,0,0,0,1,0,160,0,2,44,14,0,0,0
3527,0.999,0,163,0,0,0,0,0,160,0,2,44,14,0,0,0
3528,0.929,0,163,0,0,0,0,0,160,0,2,44,14,0,0,0
3529,6.376,0,163,0,0,0,0,0,160,0,2,44,14,0,0,0
3530,25.049,0,163,0,0,0,0,0,160,0,2,44,14,0,0,0
3531,0.865,0,163,0,0,0,0,0,160,0,2,44,14,0,0,0
3532,1.626,0,163,0,0,0,0,0,160,0,2,44,14,0,0,0
3533,5.998,0,163,0,0,0,0,0,160,0,2,44,14,0,0,0
3534,24.977,0,163,0,0,0,0,0,160,0,2,44,14,0,0,0
3535,0.926,0,163,0,0,0,0,0,160,0,2,44,14,0,0,0
3536,1.769,0,163,0,0,0,0,0,160,0,2,44,14,0,0,0
3537,5.420,0,163,0,0,0,0,0,160,0,2,44,14,0,0,0
3538,25.241,0,163,0,0,0,0,0,160,0,2,44,14,0,0,0
3539,1.014,0,163,0,0,0,0,0,160,0,2,44,14,0,0,0
3540,0.773,0,163,0,0,0,0,0,160,0,2,44,14,0,0,0
3541,6.387,0,163,0,0,0,0,0,160,0,2,44,14,0,0,0
3542,25.069,0,163,0,0,0,0,0,160,0,2,44,14,0,0,0
3543,1.059,0,163,0,0,0,0,0,160,0,2,44,14,0,0,0
3544,0.763,0,163,0,0,0,0,0,160,0,2,44,14,0,0,0
3545,6.254,0,163,0,0,0,0,0,160,0,2,44,14,0,0,0
3546,25.102,0,163,0,0,0,0,0,160,0,2,44,14,0,0,0
3547,1.084,0,163,0,0,0,0,0,160,0,2,44,14,0,0,0
3548,0.893,0,163,0,0,0,0,0,160,0,2,44,14,0,0,0
3549,6.496,0,163,0,0,0,0,0,160,0,2,44,14,0,0,0
3550,24.947,0,163,0,0,0,0,0,160,0,2,44,14,0,0,0
3551,0.928,0,163,0,0,0,0,0,160,0,2,44,14,0,0,0
3552,0.731,0,163,0,0,0,0,0,160,0,2,44,14,0,0,0
3553,6.691,0,163,0,0,0,0,0,160,0,2,44,14,0,0,0
3554,24.903,0,163,0,0,0,0,0,160,0,2,44,14,0,0,0
3555,1.093,0,163,0,0,0,0,0,160,0,2,44,14,0,0,0
3556,0.782,0,163,0,0,0,0,0,160,0,2,44,14,0,0,0
3557,6.437,0,163,0,0,0,0,0,160,0,2,44,14,0,0,0
3558,25.024,0,163,0,0,0,0,0,160,0,2,44,14,0,0,0
3559,0.997,0,163,0,0,0,0,0,160,0,2,44,14,0,0,0
3560,2.096,0,163,0,0,0,0,0,160,0,2,44,14,0,0,0
3561,5.423,0,163,0,0,0,0,0,160,0,2,44,14,0,0,0
3562,24.850,0,163,0,0,0,0,0,160,0,2,44,14,0,0,0
3563,0.915,0,163,0,0,0,0,0,160,0,2,44,14,0,0,0
3564,0.755,0,163,0,0,0,0,0,160,0,2,44,14,0,0,0
3565,6.554,0,163,0,0,0,0,0,160,0,2,44,14,0,0,0
3566,25.081,0,163,0,0,0,0,0,160,0,2,44,14,0,0,0
3567,0.979,0,163,0,0,0,0,0,160,0,2,44,14,0,0,0
3568,0.689,0,163,0,0,0,0,0,160,0,2,44,14,0,0,0
3569,6.576,0,163,0,0,0,0,0,160,0,2,44,14,0,0,0
3570,25.142,0,163,0,0,0,0,0,160,0,2,44,14,0,0,0
3571,0.937,0,163,0,0,0,0,0,160,0,2,44,14,0,0,0
3572,0.706,0,163,0,0,0,0,0,160,0,2,44,14,0,0,0
3573,6.612,0,163,0,0,0,0,0,160,0,2,44,14,0,0,0
3574,24.960,0,163,0,0,0,0,0,160,0,2,44,14,0,0,0
3575,0.952,0,163,0,0,0,0,0,160,0,2,44,14,0,0,0
3576,0.662,0,163,0,0,0,0,0,160,0,2,44,14,0,0,0
3577,6.894,0,163,0,0,0,0,0,160,0,2,44,14,0,0,0
3578,24.911,0,163,0,0,0,0,0,160,0,2,44,14,0,0,0
3579,0.871,0,163,0,0,0,0,0,160,0,2,44,14,0,0,0
3580,0.720,0,163,0,0,0,0,0,160,0,2,44,14,0,0,0
3581,6.751,0,163,0,0,0,0,0,160,0,2,44,14,0,0,0
3582,24.931,0,163,0,0,0,0,0,160,0,2,44,14,0,0,0
3583,0.886,0,163,0,0,0,0,0,160,0,2,44,14,0,0,0
3584,0.829,0,163,0,0,0,0,0,160,0,2,44,14,0,0,0
3585,6.596,0,163,0,0,0,0,0,160,0,2,44,14,0,0,0
3586,25.174,0,163,0,0,0,0,0,160,0,2,44,14,0,0,0
3587,1.020,0,163,0,0,0,0,0,160,0,2,44,14,0,0,0
3588,0.711,0,163,0,0,0,0,0,160,0,2,44,14,0,0,0
3589,6.468,0,163,0,0,0,0,0,160,0,2,44,14,0,0,0
3590,25.011,0,163,0,0,0,0,0,160,0,2,44,14,0,0,0
3591,1.001,0,163,0,0,0,0,0,160,0,2,44,14,0,0,0
3592,0.725,0,163,0,0,0,0,0,160,0,2,44,14,0,0,0
3593,6.553,0,163,0,0,0,0,0,160,0,2,44,14,0,0,0
3594,25.002,0,163,0,0,0,0,0,160,0,2,44,14,0,0,0
3595,0.991,0,163,0,0,0,0,0,160,0,2,44,14,0,0,0
3596,0.713,0,163,0,0,0,0,0,160,0,2,44,14,0,0,0
3597,6.653,0,163,0,0,0,0,0,160,0,2,44,14,0,0,0
3598,25.090,0,163,0,0,0,0,0,160,0,2,44,14,0,0,0
3599,1.029,0,163,0,0,0,0,0,160,0,2,44,14,0,0,0
3600,0.786,0,163,0,0,0,0,0,160,0,2,44,14,0,0,0
3601,6.620,0,163,0,0,0,0,0,160,0,2,44,14,0,0,0
3602,24.884,0,163,0,0,0,0,0,160,0,2,44,14,0,0,0
3603,1.056,0,163,0,0,0,0,0,160,0,2,44,14,0,0,0
3604,0.792,0,163,0,0,0,0,0,160,0,2,44,14,0,0,0
3605,6.474,0,163,0,0,0,0,0,160,0,2,44,14,0,0,0
3606,24.988,0,163,0,0,0,0,0,160,0,2,44,14,0,0,0
3607,0.945,0,163,0,0,0,0,0,160,0,2,44,14,0,0,0
3608,0.833,0,163,0,0,0,0,0,160,0,2,44,14,0,0,0
3609,6.465,0,163,0,0,0,0,0,160,0,2,44,14,0,0,0
3610,25.175,0,163,0,0,0,0,0,160,0,2,44,14,0,0,0
3611,1.079,0,163,0,0,0,0,0,160,0,2,44,14,0,0,0
3612,1.750,0,163,0,0,0,0,0,160,0,2,44,14,0,0,0
3613,5.418,0,163,0,0,0,0,0,160,0,2,44,14,0,0,0
3614,25.027,0,163,0,0,0,0,0,160,0,2,44,14,0,0,0
3615,0.917,0,163,0,0,0,0,0,160,0,2,44,14,0,0,0
3616,0.696,0,163,0,0,0,0,0,160,0,2,44,14,0,0,0
3617,6.736,0,163,0,0,0,0,0,160,0,2,44,14,0,0,0
3618,25.014,0,163,0,0,0,0,0,160,0,2,44,14,0,0,0
3619,0.990,0,163,0,0,0,0,0,160,0,2,44,14,0,0,0
3620,0.804,0,163,0,0,0,0,0,160,0,2,44,14,0,0,0
3621,6.369,0,163,0,0,0,0,0,160,0,2,44,14,0,0,0
3622,25.100,0,163,0,0,0,0,0,160,0,2,44,14,0,0,0
3623,1.030,0,163,0,0,0,0,0,160,0,2,44,14,0,0,0
3624,0.768,0,163,0,0,0,0,0,160,0,2,44,14,0,0,0
3625,6.439,0,163,0,0,0,0,0,160,0,2,44,14,0,0,0
3626,25.048,0,163,0,0,0,0,0,160,0,2,44,14,0,0,0
3627,0.950,0,163,0,0,0,0,0,160,0,2,44,14,0,0,0
3628,0.732,0,163,0,0,0,0,0,160,0,2,44,14,0,0,0
3629,6.816,0,163,0,0,0,0,0,160,0,2,44,14,0,0,0
3630,24.863,0,163,0,0,0,0,0,160,0,2,44,14,0,0,0
3631,0.874,0,163,0,0,0,0,0,160,0,2,44,14,0,0,0
3632,0.734,0,163,0,0,0,0,0,160,0,2,44,14,0,0,0
3633,6.680,0,163,0,0,0,0,0,160,0,2,44,14,0,0,0
3634,25.049,0,163,0,0,0,0,0,160,0,2,44,14,0,0,0
3635,0.934,0,163,0,0,0,0,0,160,0,2,44,14,0,0,0
3636,0.818,0,163,0,0,0,0,0,160,0,2,44,14,0,0,0
3637,6.554,0,163,0,0,0,0,0,160,0,2,44,14,0,0,0
3638,24.936,0,163,0,0,0,0,0,160,0,2,44,14,0,0,0
3639,1.010,0,163,0,0,0,0,0,160,0,2,44,14,0,0,0
3640,0.793,0,163,0,0,0,0,0,160,0,2,44,14,0,0,0
3641,6.488,0,163,0,0,0,0,0,160,0,2,44,14,0,0,0
3642,25.247,0,163,0,0,0,0,0,160,0,2,44,14,0,0,0
3643,0.892,0,163,0,0,0,0,0,160,0,2,44,14,0,0,0
3644,0.814,0,163,0,0,0,0,0,160,0,2,44,14,0,0,0
3645,6.390,0,163,0,0,0,0,0,160,0,2,44,14,0,0,0
3646,25.105,0,163,0,0,0,0,0,160,0,2,44,14,0,0,0
3647,0.983,0,163,0,0,0,0,0,160,0,2,44,14,0,0,0
3648,0.734,0,163,0,0,0,0,0,160,0,2,44,14,0,0,0
3649,6.588,0,163,0,0,0,0,0,160,0,2,44,14,0,0,0
3650,25.147,0,163,0,0,0,0,0,160,0,2,44,14,0,0,0
3651,0.925,0,163,0,0,0,0,0,160,0,2,44,14,0,0,0
3652,0.717,0,163,0,0,0,0,0,160,0,2,44,14,0,0,0
3653,6.605,0,163,0,0,0,0,0,160,0,2,44,14,0,0,0
3654,24.973,0,163,0,0,0,0,0,160,0,2,44,14,0,0,0
3655,0.997,0,163,0,0,0,0,0,160,0,2,44,14,0,0,0
3656,0.762,0,163,0,0,0,0,0,160,0,2,44,14,0,0,0
3657,6.606,0,163,0,0,0,0,0,160,0,2,44,14,0,0,0
3658,25.183,0,163,0,0,0,0,0,160,0,2,44,14,0,0,0
3659,0.896,0,163,0,0,0,0,0,160,0,2,44,14,0,0,0
3660,0.676,0,163,0,0,0,0,0,160,0,2,44,14,0,0,0
3661,6.497,0,163,0,0,0,0,0,160,0,2,44,14,0,0,0
3662,24.928,0,163,0,0,0,0,0,160,0,2,44,14,0,0,0
3663,0.906,0,163,0,0,0,0,0,160,0,2,44,14,0,0,0
3664,0.800,0,163,0,0,0,0,0,160,0,2,44,14,0,0,0
3665,6.613,0,163,0,0,0,0,0,160,0,2,44,14,0,0,0
3666,25.079,0,163,0,0,0,0,0,160,0,2,44,14,0,0,0
3667,1.083,0,163,0,0,0,0,0,160,0,2,44,14,0,0,0
3668,1.973,0,163,0,0,0,0,0,160,0,2,44,14,0,0,0
3669,5.190,0,163,0,0,0,0,0,160,0,2,44,14,0,0,0
3670,25.325,0,163,0,0,0,0,0,160,0,2,44,14,0,0,0
3671,0.858,0,163,0,0,0,0,0,160,0,2,44,14,0,0,0
3672,0.792,0,163,0,0,0,0,0,160,0,2,44,14,0,0,0
3673,6.388,0,163,0,0,0,0,0,160,0,2,44,14,0,0,0
3674,25.157,0,163,0,0,0,0,0,160,0,2,44,14,0,0,0
3675,1.023,0,163,0,0,0,0,0,160,0,2,44,14,0,0,0
3676,0.707,0,163,0,0,0,0,0,160,0,2,44,14,0,0,0
3677,6.531,0,163,0,0,0,0,0,160,0,2,44,14,0,0,0
3678,25.205,0,163,0,0,0,0,0,160,0,2,44,14,0,0,0
3679,0.947,0,163,0,0,0,0,0,160,0,2,44,14,0,0,0
3680,0.796,0,163,0,0,0,0,0,160,0,2,44,14,0,0,0
3681,6.392,0,163,0,0,0,0,0,160,0,2,44,14,0,0,0
3682,25.037,0,163,0,0,0,0,0,160,0,2,44,14,0,0,0
3683,0.981,0,163,0,0,0,0,0,160,0,2,44,14,0,0,0
3684,0.730,0,163,0,0,0,0,0,160,0,2,44,14,0,0,0
3685,6.684,0,163,0,0,0,0,0,160,0,2,44,14,0,0,0
3686,25.069,0,163,0,0,0,0,0,160,0,2,44,14,0,0,0
3687,0.974,0,163,0,0,0,0,0,160,0,2,44,14,0,0,0
3688,0.788,0,163,0,0,0,0,0,160,0,2,44,14,0,0,0
3689,6.360,0,163,0,0,0,0,0,160,0,2,44,14,0,0,0
3690,25.063,0,163,0,0,0,0,0,160,0,2,44,14,0,0,0
3691,0.885,0,163,0,0,0,0,0,160,0,2,44,14,0,0,0
3692,0.754,0,163,0,0,0,0,0,160,0,2,44,14,0,0,0
3693,6.637,0,163,0,0,0,0,0,160,0,2,44,14,0,0,0
3694,25.094,0,163,0,0,0,0,0,160,0,2,44,14,0,0,0
3695,1.002,0,163,0,0,0,0,0,160,0,2,44,14,0,0,0
3696,0.824,0,163,0,0,0,0,0,160,0,2,44,14,0,0,0
3697,6.579,0,163,0,0,0,0,0,160,0,2,44,14,0,0,0
3698,25.093,0,163,0,0,0,0,0,160,0,2,44,14,0,0,0
3699,0.953,0,163,0,0,0,0,0,160,0,2,44,14,0,0,0
3700,1.698,0,163,0,0,0,0,0,160,0,2,44,14,0,0,0
3701,5.423,0,163,0,0,0,0,0,160,0,2,44,14,0,0,0
3702,25.120,0,163,0,0,0,0,0,160,0,2,44,14,0,0,0
3703,0.926,0,163,0,0,0,0,0,160,0,2,44,14,0,0,0
3704,0.677,0,163,0,0,0,0,0,160,0,2,44,14,0,0,0
3705,6.618,0,163,0,0,0,0,0,160,0,2,44,14,0,0,0
3706,25.214,0,163,0,0,0,0,0,160,0,2,44,14,0,0,0
3707,1.160,0,163,0,0,0,0,0,160,0,2,44,14,0,0,0
3708,0.803,0,163,0,0,0,0,0,160,0,2,44,14,0,0,0
3709,6.135,0,163,0,0,0,0,0,160,0,2,44,14,0,0,0
3710,25.141,0,163,0,0,0,0,0,160,0,2,44,14,0,0,0
3711,0.888,0,163,0,0,0,0,0,160,0,2,44,14,0,0,0
3712,0.813,0,163,0,0,0,0,0,160,0,2,44,14,0,0,0
3713,6.459,0,163,0,0,0,0,0,160,0,2,44,14,0,0,0
3714,25.208,0,163,0,0,0,0,0,160,0,2,44,14,0,0,0
3715,0.907,0,163,0,0,0,0,0,160,0,2,44,14,0,0,0
3716,0.776,0,163,0,0,0,0,0,160,0,2,44,14,0,0,0
3717,6.769,0,163,0,0,0,0,0,160,0,2,44,14,0,0,0
3718,24.785,0,163,0,0,0,0,0,160,0,2,44,14,0,0,0
3719,0.992,0,163,0,0,0,0,0,160,0,2,44,14,0,0,0
3720,0.775,0,163,0,0,0,0,0,160,0,2,44,14,0,0,0
3721,6.517,0,163,0,0,0,0,0,160,0,2,44,14,0,0,0
3722,25.128,0,163,0,0,0,0,0,160,0,2,44,14,0,0,0
3723,0.849,0,163,0,0,0,0,0,160,0,2,44,14,0,0,0
3724,0.688,0,163,0,0,0,0,0,160,0,2,44,14,0,0,0
3725,6.904,0,163,0,0,0,0,0,160,0,2,44,14,0,0,0
3726,24.889,0,163,0,0,0,0,0,160,0,2,44,14,0,0,0
3727,1.114,0,163,0,0,0,0,0,160,0,2,44,14,0,0,0
3728,1.558,0,163,0,0,0,0,0,160,0,2,44,14,0,0,0
3729,5.572,0,163,0,0,0,0,0,160,0,2,44,14,0,0,0
3730,25.201,0,163,0,0,0,0,0,160,0,2,44,14,0,0,0
3731,0.946,0,163,0,0,0,0,0,160,0,2,44,14,0,0,0
3732,0.758,0,163,0,0,0,0,0,160,0,2,44,14,0,0,0
3733,6.346,0,163,0,0,0,0,0,160,0,2,44,14,0,0,0
3734,25.097,0,163,0,0,0,0,0,160,0,2,44,14,0,0,0
3735,0.920,0,163,0,0,0,0,0,160,0,2,44,14,0,0,0
3736,0.711,0,163,0,0,0,0,0,160,0,2,44,14,0,0,0
3737,6.640,0,163,0,0,0,0,0,160,0,2,44,14,0,0,0
3738,25.072,0,163,0,0,0,0,0,160,0,2,44,14,0,0,0
3739,1.179,0,163,0,0,0,0,0,160,0,2,44,14,0,0,0
3740,0.846,0,163,0,0,0,0,0,160,0,2,44,14,0,0,0
3741,6.152,0,163,0,0,0,0,0,160,0,2,44,14,0,0,0
3742,25.205,0,163,0,0,0,0,0,160,0,2,44,14,0,0,0
3743,0.920,0,163,0,0,0,0,0,160,0,2,44,14,0,0,0
3744,0.719,0,163,0,0,0,0,0,160,0,2,44,14,0,0,0
3745,6.685,0,163,0,0,0,0,0,160,0,2,44,14,0,0,0
3746,24.881,0,163,0,0,0,0,0,160,0,2,44,14,0,0,0
3747,0.998,0,163,0,0,0,0,0,160,0,2,44,14,0,0,0
3748,0.807,0,163,0,0,0,0,0,160,0,2,44,14,0,0,0
3749,6.621,0,163,0,0,0,0,0,160,0,2,44,14,0,0,0
3750,24.873,0,163,0,0,0,0,0,160,0,2,44,14,0,0,0
3751,0.986,0,163,0,0,0,0,0,160,0,2,44,14,0,0,0
3752,0.884,0,163,0,0,0,0,0,160,0,2,44,14,0,0,0
3753,6.445,0,163,0,0,0,0,0,160,0,2,44,14,0,0,0
3754,25.059,0,163,0,0,0,0,0,160,0,2,44,14,0,0,0
3755,1.159,0,163,0,0,0,0,0,160,0,2,44,14,0,0,0
3756,1.556,0,163,0,0,0,0,0,160,0,2,44,14,0,0,0
3757,5.585,0,163,0,0,0,0,0,160,0,2,44,14,0,0,0
3758,24.968,0,163,0,0,0,0,0,160,0,2,44,14,0,0,0
3759,0.945,0,163,0,0,0,0,0,160,0,2,44,14,0,0,0
3760,0.779,0,163,0,0,0,0,0,160,0,2,44,14,0,0,0
3761,6.629,0,163,0,0,0,0,0,160,0,2,44,14,0,0,0
3762,25.156,0,163,0,0,0,0,0,160,0,2,44,14,0,0,0
3763,0.955,0,163,0,0,0,0,0,160,0,2,44,14,0,0,0
3764,0.832,0,163,0,0,0,0,0,160,0,2,44,14,0,0,0
3765,6.311,0,163,0,0,0,0,0,160,0,2,44,14,0,0,0
3766,25.155,0,163,0,0,0,0,0,160,0,2,44,14,0,0,0
3767,0.955,0,163,0,0,0,0,0,160,0,2,44,14,0,0,0
3768,0.741,0,163,0,0,0,0,0,160,0,2,44,14,0,0,0
3769,6.711,0,163,0,0,0,0,0,160,0,2,44,14,0,0,0
3770,24.895,0,163,0,0,0,0,0,160,0,2,44,14,0,0,0
3771,1.014,0,163,0,0,0,0,0,160,0,2,44,14,0,0,0
3772,0.714,0,163,0,0,0,0,0,160,0,2,44,14,0,0,0
3773,6.636,0,163,0,0,0,0,0,160,0,2,44,14,0,0,0
3774,24.960,0,163,0,0,0,0,0,160,0,2,44,14,0,0,0
3775,0.975,0,163,0,0,0,0,0,160,0,2,44,14,0,0,0
3776,0.831,0,163,0,0,0,0,0,160,0,2,44,14,0,0,0
3777,6.497,0,163,0,0,0,0,0,160,0,2,44,14,0,0,0
3778,25.087,0,163,0,0,0,0,0,160,0,2,44,14,0,0,0
3779,0.937,0,163,0,0,0,0,0,160,0,2,44,14,0,0,0
3780,0.800,0,163,0,0,0,0,0,160,0,2,44,14,0,0,0
3781,6.640,0,163,0,0,0,0,0,160,0,2,44,14,0,0,0
3782,24.983,0,163,0,0,0,0,0,160,0,2,44,14,0,0,0
3783,0.952,0,163,0,0,0,0,0,160,0,2,44,14,0,0,0
3784,1.194,0,163,0,0,0,0,0,160,0,2,44,14,0,0,0
3785,5.968,0,163,0,0,0,0,0,160,0,2,44,14,0,0,0
3786,25.129,0,163,0,0,0,0,0,160,0,2,44,14,0,0,0
3787,0.929,0,163,0,0,0,0,0,160,0,2,44,14,0,0,0
3788,0.766,0,163,0,0,0,0,0,160,0,2,44,14,0,0,0
3789,6.636,0,163,0,0,0,0,0,160,0,2,44,14,0,0,0
3790,24.974,0,163,0,0,0,0,0,160,0,2,44,14,0,0,0
3791,0.892,0,163,0,0,0,0,0,160,0,2,44,14,0,0,0
3792,0.717,0,163,0,0,0,0,0,160,0,2,44,14,0,0,0
3793,6.749,0,163,0,0,0,0,0,160,0,2,44,14,0,0,0
3794,25.112,0,163,0,0,0,0,0,160,0,2,44,14,0,0,0
3795,0.921,0,163,0,0,0,0,0,160,0,2,44,14,0,0,0
3796,0.730,0,163,0,0,0,0,0,160,0,2,44,14,0,0,0
3797,6.694,0,163,0,0,0,0,0,160,0,2,44,14,0,0,0
3798,24.925,0,163,0,0,0,0,0,160,0,2,44,14,0,0,0
3799,0.896,0,163,0,0,0,0,0,160,0,2,44,14,0,0,0
3800,0.741,0,163,0,0,0,0,0,160,0,2,44,14,0,0,0
3801,6.687,0,163,0,0,0,0,0,160,0,2,44,14,0,0,0
3802,24.971,0,163,0,0,0,0,0,160,0,2,44,14,0,0,0
3803,0.980,0,163,0,0,0,0,0,160,0,2,44,14,0,0,0
3804,0.680,0,163,0,0,0,0,0,160,0,2,44,14,0,0,0
3805,6.676,0,163,0,0,0,0,0,160,0,2,44,14,0,0,0
3806,25.113,0,163,0,0,0,0,0,160,0,2,44,14,0,0,0
3807,1.022,0,163,0,0,0,0,0,160,0,2,44,14,0,0,0
3808,2.341,0,163,0,0,0,0,0,160,0,2,44,14,0,0,0
3809,4.792,0,163,0,0,0,0,0,160,0,2,44,14,0,0,0
3810,25.112,0,163,0,0,0,0,0,160,0,2,44,14,0,0,0
3811,0.903,0,163,0,0,0,0,0,160,0,2,44,14,0,0,0
3812,0.740,0,163,0,0,0,0,0,160,0,2,44,14,0,0,0
3813,6.538,0,163,0,0,0,0,0,160,0,2,44,14,0,0,0
3814,25.163,0,163,0,0,0,0,0,160,0,2,44,14,0,0,0
3815,0.975,0,163,0,0,0,0,0,160,0,2,44,14,0,0,0
3816,0.739,0,163,0,0,0,0,0,160,0,2,44,14,0,0,0
3817,6.479,0,163,0,0,0,0,0,160,0,2,44,14,0,0,0
3818,25.145,0,163,0,0,0,0,0,160,0,2,44,14,0,0,0
3819,0.894,0,163,0,0,0,0,0,160,0,2,44,14,0,0,0
3820,0.770,0,163,0,0,0,0,0,160,0,2,44,14,0,0,0
3821,6.543,0,163,0,0,0,0,0,160,0,2,44,14,0,0,0
3822,25.072,0,163,0,0,0,0,0,160,0,2,44,14,0,0,0
3823,0.955,0,163,0,0,0,0,0,160,0,2,44,14,0,0,0
3824,0.829,0,163,0,0,0,0,0,160,0,2,44,14,0,0,0
3825,6.489,0,163,0,0,0,0,0,160,0,2,44,14,0,0,0
3826,24.989,0,163,0,0,0,0,0,160,0,2,44,14,0,0,0
3827,0.961,0,163,0,0,0,0,0,160,0,2,44,14,0,0,0
3828,0.787,0,163,0,0,0,0,0,160,0,2,44,14,0,0,0
3829,6.760,0,163,0,0,0,0,0,160,0,2,44,14,0,0,0
3830,24.945,0,163,0,0,0,0,0,160,0,2,44,14,0,0,0
3831,0.914,0,163,0,0,0,0,0,160,0,2,44,14,0,0,0
3832,0.674,0,163,0,0,0,0,0,160,0,2,44,14,0,0,0
3833,6.659,0,163,0,0,0,0,0,160,0,2,44,14,0,0,0
3834,25.051,0,163,0,0,0,0,0,160,0,2,44,14,0,0,0
3835,1.065,0,163,0,0,0,0,0,160,0,2,44,14,0,0,0
3836,2.142,0,163,0,0,0,0,0,160,0,2,44,14,0,0,0
3837,4.957,0,163,0,0,0,0,0,160,0,2,44,14,0,0,0
3838,25.185,0,163,0,0,0,0,0,160,0,2,44,14,0,0,0
3839,1.045,0,163,0,0,0,0,0,160,0,2,44,14,0,0,0
3840,1.134,0,163,0,0,0,0,0,160,0,2,44,14,0,0,0
3841,6.032,0,163,0,0,0,0,0,160,0,2,44,14,0,0,0
3842,25.069,0,163,0,0,0,0,0,160,0,2,44,14,0,0,0
3843,0.878,0,163,0,0,0,0,0,160,0,2,44,14,0,0,0
3844,0.756,0,163,0,0,0,0,0,160,0,2,44,14,0,0,0
3845,6.705,0,163,0,0,0,0,0,160,0,2,44,14,0,0,0
3846,24.936,0,163,0,0,0,0,0,160,0,2,44,14,0,0,0
3847,0.913,0,163,0,0,0,0,0,160,0,2,44,14,0,0,0
3848,0.738,0,163,0,0,0,0,0,160,0,2,44,14,0,0,0
3849,6.657,0,163,0,0,0,0,0,160,0,2,44,14,0,0,0
3850,25.114,0,163,0,0,0,0,0,160,0,2,44,14,0,0,0
3851,0.931,0,163,0,0,0,0,0,160,0,2,44,14,0,0,0
3852,0.803,0,163,0,0,0,0,0,160,0,2,44,14,0,0,0
3853,6.519,0,163,0,0,0,0,0,160,0,2,44,14,0,0,0
3854,25.119,0,163,0,0,0,0,0,160,0,2,44,14,0,0,0
3855,1.188,0,163,0,0,0,0,0,160,0,2,44,14,0,0,0
3856,0.728,0,163,0,0,0,0,0,160,0,2,44,14,0,0,0
3857,6.376,0,163,0,0,0,0,0,160,0,2,44,14,0,0,0
3858,24.953,0,163,0,0,0,0,0,160,0,2,44,14,0,0,0
3859,0.945,0,163,0,0,0,0,0,160,0,2,44,14,0,0,0
3860,0.740,0,163,0,0,0,0,0,160,0,2,44,14,0,0,0
3861,6.545,0,163,0,0,0,0,0,160,0,2,44,14,0,0,0
3862,25.128,0,163,0,0,0,0,0,160,0,2,44,14,0,0,0
3863,0.923,0,163,0,0,0,0,0,160,0,2,44,14,0,0,0
3864,2.140,0,163,0,0,0,0,0,160,0,2,44,14,0,0,0
3865,5.326,0,163,0,0,0,0,0,160,0,2,44,14,0,0,0
3866,24.952,0,163,0,0,0,0,0,160,0,2,44,14,0,0,0
3867,1.007,0,163,0,0,0,0,0,160,0,2,44,14,0,0,0
3868,0.774,0,163,0,0,0,0,0,160,0,2,44,14,0,0,0
3869,6.443,0,163,0,0,0,0,0,160,0,2,44,14,0,0,0
3870,25.108,0,163,0,0,0,0,0,160,0,2,44,14,0,0,0
3871,0.949,0,163,0,0,0,0,0,160,0,2,44,14,0,0,0
3872,0.747,0,163,0,0,0,0,0,160,0,2,44,14,0,0,0
3873,6.537,0,163,0,0,0,0,0,160,0,2,44,14,0,0,0
3874,25.093,0,163,0,0,0,0,0,160,0,2,44,14,0,0,0
3875,0.947,0,163,0,0,0,0,0,160,0,2,44,14,0,0,0
3876,0.809,0,163,0,0,0,0,0,160,0,2,44,14,0,0,0
3877,6.490,0,163,0,0,0,0,0,160,0,2,44,14,0,0,0
3878,24.999,0,163,0,0,0,0,0,160,0,2,44,14,0,0,0
3879,1.007,0,163,0,0,0,0,0,160,0,2,44,14,0,0,0
3880,0.750,0,163,0,0,0,0,0,160,0,2,44,14,0,0,0
3881,6.664,0,163,0,0,0,0,0,160,0,2,44,14,0,0,0
3882,24.980,0,163,0,0,0,0,0,160,0,2,44,14,0,0,0
3883,0.904,0,163,0,0,0,0,0,160,0,2,44,14,0,0,0
3884,0.734,0,163,0,0,0,0,0,160,0,2,44,14,0,0,0
3885,6.609,0,163,0,0,0,0,0,160,0,2,44,14,0,0,0
3886,25.040,0,163,0,0,0,0,0,160,0,2,44,14,0,0,0
3887,0.953,0,163,0,0,0,0,0,160,0,2,44,14,0,0,0
3888,0.782,0,163,0,0,0,0,0,160,0,2,44,14,0,0,0
3889,6.548,0,163,0,0,0,0,0,160,0,2,44,14,0,0,0
3890,25.253,0,163,0,0,0,0,0,160,0,2,44,14,0,0,0
3891,0.881,0,163,0,0,0,0,0,160,0,2,44,14,0,0,0
3892,2.751,0,163,0,0,0,0,0,160,0,2,44,14,0,0,0
3893,4.366,0,163,0,0,0,0,0,160,0,2,44,14,0,0,0
3894,25.287,0,163,0,0,0,0,0,160,0,2,44,14,0,0,0
3895,0.822,0,163,0,0,0,0,0,160,0,2,44,14,0,0,0
3896,0.720,0,163,0,0,0,0,0,160,0,2,44,14,0,0,0
3897,6.660,0,163,0,0,0,0,0,160,0,2,44,14,0,0,0
3898,25.045,0,163,0,0,0,0,0,160,0,2,44,14,0,0,0
3899,0.970,0,163,0,0,0,0,0,160,0,2,44,14,0,0,0
3900,0.724,0,163,0,0,0,0,0,160,0,2,44,14,0,0,0
3901,6.465,0,163,0,0,0,0,0,160,0,2,44,14,0,0,0
3902,25.091,0,163,0,0,0,0,0,160,0,2,44,14,0,0,0
3903,0.959,0,163,0,0,0,0,0,160,0,2,44,14,0,0,0
3904,0.754,0,163,0,0,0,0,0,160,0,2,44,14,0,0,0
3905,6.500,0,163,0,0,0,0,0,160,0,2,44,14,0,0,0
3906,25.184,0,163,0,0,0,0,0,160,0,2,44,14,0,0,0
3907,0.903,0,163,0,0,0,0,0,160,0,2,44,14,0,0,0
3908,0.703,0,163,0,0,0,0,0,160,0,2,44,14,0,0,0
3909,6.798,0,163,0,0,0,0,0,160,0,2,44,14,0,0,0
3910,24.810,0,163,0,0,0,0,0,160,0,2,44,14,0,0,0
3911,0.998,0,163,0,0,0,0,0,160,0,2,44,14,0,0,0
3912,0.807,0,163,0,0,0,0,0,160,0,2,44,14,0,0,0
3913,6.526,0,163,0,0,0,0,0,160,0,2,44,14,0,0,0
3914,25.027,0,163,0,0,0,0,0,160,0,2,44,14,0,0,0
3915,0.918,0,163,0,0,0,0,0,160,0,2,44,14,0,0,0
3916,0.738,0,163,0,0,0,0,0,160,0,2,44,14,0,0,0
3917,6.732,0,163,0,0,0,0,0,160,0,2,44,14,0,0,0
3918,24.915,0,163,0,0,0,0,0,160,0,2,44,14,0,0,0
3919,0.983,0,163,0,0,0,0,0,160,0,2,44,14,0,0,0
3920,1.617,0,163,0,0,0,0,0,160,0,2,44,14,0,0,0
3921,5.745,0,163,0,0,0,0,0,160,0,2,44,14,0,0,0
3922,24.997,0,163,0,0,0,0,0,160,0,2,44,14,0,0,0
3923,0.955,0,163,0,0,0,0,0,160,0,2,44,14,0,0,0
3924,0.739,0,163,0,0,0,0,0,160,0,2,44,14,0,0,0
3925,6.525,0,163,0,0,0,0,0,160,0,2,44,14,0,0,0
3926,25.281,0,163,0,0,0,0,0,160,0,2,44,14,0,0,0
3927,0.859,0,163,0,0,0,0,0,160,0,2,44,14,0,0,0
3928,0.801,0,163,0,0,0,0,0,160,0,2,44,14,0,0,0
3929,6.498,0,163,0,0,0,0,0,160,0,2,44,14,0,0,0
3930,25.420,0,163,0,0,0,0,0,160,0,2,44,14,0,0,0
3931,1.016,0,163,0,0,0,0,0,160,0,2,44,14,0,0,0
3932,0.771,0,163,0,0,0,0,0,160,0,2,44,14,0,0,0
3933,6.479,0,163,0,0,0,0,0,160,0,2,44,14,0,0,0
3934,24.661,0,163,0,0,0,0,0,160,0,2,44,14,0,0,0
3935,0.842,0,163,0,0,0,0,0,160,0,2,44,14,0,0,0
3936,0.794,0,163,0,0,0,0,0,160,0,2,44,14,0,0,0
3937,6.631,0,163,0,0,0,0,0,160,0,2,44,14,0,0,0
3938,25.115,0,163,0,0,0,0,0,160,0,2,44,14,0,0,0
3939,0.946,0,163,0,0,0,0,0,160,0,2,44,14,0,0,0
3940,0.919,0,163,0,0,0,0,0,160,0,2,44,14,0,0,0
3941,6.433,0,163,0,0,0,0,0,160,0,2,44,14,0,0,0
3942,25.008,0,163,0,0,0,0,0,160,0,2,44,14,0,0,0
3943,0.886,0,163,0,0,0,0,0,160,0,2,44,14,0,0,0
3944,1.198,0,163,0,0,0,0,0,160,0,2,44,14,0,0,0
3945,6.184,0,163,0,0,0,0,0,160,0,2,44,14,0,0,0
3946,25.146,0,163,0,0,0,0,0,160,0,2,44,14,0,0,0
3947,0.863,0,163,0,0,0,0,0,160,0,2,44,14,0,0,0
3948,0.755,0,163,0,0,0,0,0,160,0,2,44,14,0,0,0
3949,6.665,0,163,0,0,0,0,0,160,0,2,44,14,0,0,0
3950,25.026,0,163,0,0,0,0,0,160,0,2,44,14,0,0,0
3951,0.928,0,163,0,0,0,0,0,160,0,2,44,14,0,0,0
3952,0.724,0,163,0,0,0,0,0,160,0,2,44,14,0,0,0
3953,6.596,0,163,0,0,0,0,0,160,0,2,44,14,0,0,0
3954,25.038,0,163,0,0,0,0,0,160,0,2,44,14,0,0,0
3955,1.054,0,163,0,0,0,0,0,160,0,2,44,14,0,0,0
3956,0.782,0,163,0,0,0,0,0,160,0,2,44,14,0,0,0
3957,6.549,0,163,0,0,0,0,0,160,0,2,44,14,0,0,0
3958,24.907,0,163,0,0,0,0,0,160,0,2,44,14,0,0,0
3959,0.908,0,163,0,0,0,0,0,160,0,2,44,14,0,0,0
3960,0.771,0,163,0,0,0,0,0,160,0,2,44,14,0,0,0
3961,6.712,0,163,0,0,0,0,0,160,0,2,44,14,0,0,0
3962,25.111,0,163,0,0,0,0,0,160,0,2,44,14,0,0,0
3963,0.933,0,163,0,0,0,0,0,160,0,2,44,14,0,0,0
3964,1.810,0,163,0,0,0,0,0,160,0,2,44,14,0,0,0
3965,5.546,0,163,0,0,0,0,0,160,0,2,44,14,0,0,0
3966,24.911,0,163,0,0,0,0,0,160,0,2,44,14,0,0,0
3967,0.933,0,163,0,0,0,0,0,160,0,2,44,14,0,0,0
3968,0.778,0,163,0,0,0,0,0,160,0,2,44,14,0,0,0
3969,6.505,0,163,0,0,0,0,0,160,0,2,44,14,0,0,0
3970,25.178,0,163,0,0,0,0,0,160,0,2,44,14,0,0,0
3971,0.938,0,163,0,0,0,0,0,160,0,2,44,14,0,0,0
3972,0.689,0,163,0,0,0,0,0,160,0,2,44,14,0,0,0
3973,6.598,0,163,0,0,0,0,0,160,0,2,44,14,0,0,0
3974,25.057,0,163,0,0,0,0,0,160,0,2,44,14,0,0,0
3975,0.919,0,163,0,0,0,0,0,160,0,2,44,14,0,0,0
3976,0.970,0,163,0,0,0,0,0,160,0,2,44,14,0,0,0
3977,6.444,0,163,0,0,0,0,0,160,0,2,44,14,0,0,0
3978,25.033,0,163,0,0,0,0,0,160,0,2,44,14,0,0,0
3979,0.983,0,163,0,0,0,0,0,160,0,2,44,14,0,0,0
3980,0.729,0,163,0,0,0,0,0,160,0,2,44,14,0,0,0
3981,6.632,0,163,0,0,0,0,0,160,0,2,44,14,0,0,0
3982,24.878,0,163,0,0,0,0,0,160,0,2,44,14,0,0,0
3983,0.988,0,163,0,0,0,0,0,160,0,2,44,14,0,0,0
3984,0.809,0,163,0,0,0,0,0,160,0,2,44,14,0,0,0
3985,6.688,0,163,0,0,0,0,0,160,0,2,44,14,0,0,0
3986,24.926,0,163,0,0,0,0,0,160,0,2,44,14,0,0,0
3987,1.139,0,163,0,0,0,0,0,160,0,2,44,14,0,0,0
3988,0.892,0,163,0,0,0,0,0,160,0,2,44,14,0,0,0
3989,6.245,0,163,0,0,0,0,0,160,0,2,44,14,0,0,0
3990,25.188,0,163,0,0,0,0,0,160,0,2,44,14,0,0,0
3991,0.887,0,163,0,0,0,0,0,160,0,2,44,14,0,0,0
3992,1.466,0,163,0,0,0,0,0,160,0,2,44,14,0,0,0
3993,5.701,0,163,0,0,0,0,0,160,0,2,44,14,0,0,0
3994,25.098,0,163,0,0,0,0,0,160,0,2,44,14,0,0,0
3995,1.010,0,163,0,0,0,0,0,160,0,2,44,14,0,0,0
3996,0.716,0,163,0,0,0,0,0,160,0,2,44,14,0,0,0
3997,6.702,0,163,0,0,0,0,0,160,0,2,44,14,0,0,0
3998,25.004,0,163,0,0,0,0,0,160,0,2,44,14,0,0,0
3999,0.951,0,163,0,0,0,0,0,160,0,2,44,14,0,0,0
4000,0.731,0,163,0,0,0,0,0,160,0,2,44,14,0,0,0
4001,6.521,0,163,0,0,0,0,0,160,0,2,44,14,0,0,0
4002,25.021,0,163,0,0,0,0,0,160,0,2,44,14,0,0,0
4003,0.948,0,163,0,0,0,0,0,160,0,2,44,14,0,0,0
4004,0.755,0,163,0,0,0,0,0,160,0,2,44,14,0,0,0
4005,6.530,0,163,0,0,0,0,0,160,0,2,44,14,0,0,0
4006,25.061,0,163,0,0,0,0,0,160,0,2,44,14,0,0,0
4007,0.908,0,163,0,0,0,0,0,160,0,2,44,14,0,0,0
4008,0.685,0,163,0,0,0,0,0,160,0,2,44,14,0,0,0
4009,6.663,0,163,0,0,0,0,0,160,0,2,44,14,0,0,0
4010,25.229,0,163,0,0,0,0,0,160,0,2,44,14,0,0,0
4011,0.864,0,163,0,0,0,0,0,160,0,2,44,14,0,0,0
4012,0.696,0,163,0,0,0,0,0,160,0,2,44,14,0,0,0
4013,6.723,0,163,0,0,0,0,0,160,0,2,44,14,0,0,0
4014,24.902,0,163,0,0,0,0,0,160,0,2,44,14,0,0,0
4015,0.920,0,163,0,0,0,0,0,160,0,2,44,14,0,0,0
4016,0.754,0,163,0,0,0,0,0,160,0,2,44,14,0,0,0
4017,6.601,0,163,0,0,0,0,0,160,0,2,44,14,0,0,0
4018,25.210,0,163,0,0,0,0,0,160,0,2,44,14,0,0,0
4019,0.873,0,163,0,0,0,0,0,160,0,2,44,14,0,0,0
4020,1.278,0,163,0,0,0,0,0,160,0,2,44,14,0,0,0
4021,6.005,0,163,0,0,0,0,0,160,0,2,44,14,0,0,0
4022,25.122,0,163,0,0,0,0,0,160,0,2,44,14,0,0,0
4023,1.089,0,163,0,0,0,0,0,160,0,2,44,14,0,0,0
4024,0.871,0,163,0,0,0,0,0,160,0,2,44,14,0,0,0
4025,6.213,0,163,0,0,0,0,0,160,0,2,44,14,0,0,0
4026,25.227,0,163,0,0,0,0,0,160,0,2,44,14,0,0,0
4027,0.873,0,163,0,0,0,0,0,160,0,2,44,14,0,0,0
4028,0.813,0,163,0,0,0,0,0,160,0,2,44,14,0,0,0
4029,6.490,0,163,0,0,0,0,0,160,0,2,44,14,0,0,0
4030,25.086,0,163,0,0,0,0,0,160,0,2,44,14,0,0,0
4031,0.864,0,163,0,0,0,0,0,160,0,2,44,14,0,0,0
4032,0.714,0,163,0,0,0,0,0,160,0,2,44,14,0,0,0
4033,6.741,0,163,0,0,0,0,0,160,0,2,44,14,0,0,0
4034,24.941,0,163,0,0,0,0,0,160,0,2,44,14,0,0,0
4035,1.081,0,163,0,0,0,0,0,160,0,2,44,14,0,0,0
4036,0.755,0,163,0,0,0,0,0,160,0,2,44,14,0,0,0
4037,6.423,0,163,0,0,0,0,0,160,0,2,44,14,0,0,0
4038,25.091,0,163,0,0,0,0,0,160,0,2,44,14,0,0,0
4039,0.998,0,163,0,0,0,0,0,160,0,2,44,14,0,0,0
4040,0.724,0,163,0,0,0,0,0,160,0,2,44,14,0,0,0
4041,6.498,0,163,0,0,0,0,0,160,0,2,44,14,0,0,0
4042,25.115,0,163,0,0,0,0,0,160,0,2,44,14,0,0,0
4043,0.890,0,163,0,0,0,0,0,160,0,2,44,14,0,0,0
4044,1.534,0,163,0,0,0,0,0,160,0,2,44,14,0,0,0
4045,5.884,0,163,0,0,0,0,0,160,0,2,44,14,0,0,0
4046,24.972,0,163,0,0,0,0,0,160,0,2,44,14,0,0,0
4047,0.972,0,163,0,0,0,0,0,160,0,2,44,14,0,0,0
4048,0.732,0,163,0,0,0,0,0,160,0,2,44,14,0,0,0
4049,6.564,0,163,0,0,0,0,0,160,0,2,44,14,0,0,0
4050,25.068,0,163,0,0,0,0,0,160,0,2,44,14,0,0,0
4051,0.908,0,163,0,0,0,0,0,160,0,2,44,14,0,0,0
4052,0.832,0,163,0,0,0,0,0,160,0,2,44,14,0,0,0
4053,6.592,0,163,0,0,0,0,0,160,0,2,44,14,0,0,0
4054,24.972,0,163,0,0,0,0,0,160,0,2,44,14,0,0,0
4055,0.940,0,163,0,0,0,0,0,160,0,2,44,14,0,0,0
4056,0.753,0,163,0,0,0,0,0,160,0,2,44,14,0,0,0
4057,6.669,0,163,0,0,0,0,0,160,0,2,44,14,0,0,0
4058,25.013,0,163,0,0,0,0,0,160,0,2,44,14,0,0,0
4059,0.927,0,163,0,0,0,0,0,160,0,2,44,14,0,0,0
4060,0.687,0,163,0,0,0,0,0,160,0,2,44,14,0,0,0
4061,6.540,0,163,0,0,0,0,0,160,0,2,44,14,0,0,0
4062,25.211,0,163,0,0,0,0,0,160,0,2,44,14,0,0,0
4063,0.891,0,163,0,0,0,0,0,160,0,2,44,14,0,0,0
4064,0.735,0,163,0,0,0,0,0,160,0,2,44,14,0,0,0
4065,6.554,0,163,0,0,0,0,0,160,0,2,44,14,0,0,0
4066,25.051,0,163,0,0,0,0,0,160,0,2,44,14,0,0,0
4067,0.835,0,163,0,0,0,0,0,160,0,2,44,14,0,0,0
4068,0.939,0,163,0,0,0,0,0,160,0,2,44,14,0,0,0
4069,6.631,0,163,0,0,0,0,0,160,0,2,44,14,0,0,0
4070,24.961,0,163,0,0,0,0,0,160,0,2,44,14,0,0,0
4071,0.905,0,163,0,0,0,0,0,160,0,2,44,14,0,0,0
4072,1.552,0,163,0,0,0,0,0,160,0,2,44,14,0,0,0
4073,5.826,0,163,0,0,0,0,0,160,0,2,44,14,0,0,0
4074,24.988,0,163,0,0,0,0,0,160,0,2,44,14,0,0,0
4075,1.078,0,163,0,0,0,0,0,160,0,2,44,14,0,0,0
4076,0.814,0,163,0,0,0,0,0,160,0,2,44,14,0,0,0
4077,6.450,0,163,0,0,0,0,0,160,0,2,44,14,0,0,0
4078,25.055,0,163,0,0,0,0,0,160,0,2,44,14,0,0,0
4079,0.821,0,163,0,0,0,0,0,160,0,2,44,14,0,0,0
4080,0.694,0,163,0,0,0,0,0,160,0,2,44,14,0,0,0
4081,6.790,0,163,0,0,0,0,0,160,0,2,44,14,0,0,0
4082,25.049,0,163,0,0,0,0,0,160,0,2,44,15,0,0,0
4083,1.008,0,163,0,0,0,0,0,160,0,2,44,15,0,0,0
4084,0.811,0,163,0,0,0,0,0,160,0,2,44,15,0,0,0
4085,6.452,0,163,0,0,0,0,0,160,0,2,44,15,0,0,0
4086,25.138,0,163,0,0,0,0,0,160,0,2,44,15,0,0,0
4087,0.962,0,163,0,0,0,0,0,160,0,3,44,15,0,0,0
4088,0.741,0,163,0,0,0,0,0,160,0,3,44,15,0,0,0
4089,6.556,0,163,0,0,0,0,0,160,0,3,44,15,0,0,0
4090,25.075,0,163,0,0,0,0,0,160,0,3,44,15,0,0,0
4091,1.013,0,163,0,0,0,0,0,160,0,3,44,15,0,0,0
4092,0.705,0,163,0,0,0,0,0,160,0,3,44,15,0,0,0
4093,6.450,0,163,0,0,0,0,0,160,0,3,44,15,0,0,0
4094,25.111,0,163,0,0,0,0,0,160,0,3,44,15,0,0,0
4095,1.015,0,163,0,0,0,0,0,160,0,3,44,15,0,0,0
4096,0.871,0,163,0,0,0,0,0,160,0,3,44,15,0,0,0
4097,6.391,0,163,0,0,0,0,0,160,0,3,44,15,0,0,0
4098,25.076,0,163,0,0,0,0,0,160,0,3,44,15,0,0,0
4099,0.905,0,163,0,0,0,0,0,160,0,3,44,15,0,0,0
4100,1.118,0,163,0,0,0,0,0,160,0,3,44,15,0,0,0
4101,6.110,0,163,0,0,0,0,0,160,0,3,44,15,0,0,0
4102,25.070,0,163,0,0,0,0,0,160,0,3,44,15,0,0,0
4103,0.869,0,163,0,0,0,0,0,160,0,3,44,15,0,0,0
4104,0.749,0,163,0,0,0,0,0,160,0,3,44,15,0,0,0
4105,6.794,0,163,0,0,0,0,0,160,0,3,44,15,0,0,0
4106,25.129,0,163,0,0,0,0,0,160,0,3,44,15,0,0,0
4107,0.890,0,163,0,0,0,0,0,160,0,3,44,15,0,0,0
4108,0.809,0,163,0,0,0,0,0,160,0,3,44,15,0,0,0
4109,6.447,0,163,0,0,0,0,0,160,0,3,44,15,0,0,0
4110,25.164,0,163,0,0,0,0,0,160,0,3,44,15,0,0,0
4111,0.795,0,163,0,0,0,0,0,160,0,3,44,15,0,0,0
4112,0.701,0,163,0,0,0,0,0,160,0,3,44,15,0,0,0
4113,6.840,0,163,0,0,0,0,0,160,0,3,44,15,0,0,0
4114,24.879,0,163,0,0,0,0,0,160,0,3,44,15,0,0,0
4115,1.020,0,163,0,0,0,0,0,160,0,3,44,15,0,0,0
4116,0.758,0,163,0,0,0,0,0,160,0,3,44,15,0,0,0
4117,6.518,0,163,0,0,0,0,0,160,0,3,44,15,0,0,0
4118,25.082,0,163,0,0,0,0,0,160,0,3,44,16,0,0,0
4119,0.953,0,163,0,0,0,0,0,160,0,3,44,16,0,0,0
4120,1.075,0,163,0,0,0,0,0,160,0,3,44,16,0,0,0
4121,6.381,0,163,0,0,0,0,0,160,0,3,44,16,0,0,0
4122,25.008,0,163,0,0,0,0,0,160,0,3,44,16,0,0,0
4123,0.880,0,163,0,0,0,0,0,160,0,3,44,16,0,0,0
4124,1.481,0,163,0,0,0,0,0,160,0,3,44,16,0,0,0
4125,5.777,0,163,0,0,0,0,0,160,0,3,44,16,0,0,0
4126,25.005,0,163,0,0,0,0,0,160,0,3,44,16,0,0,0
4127,0.999,0,163,0,0,0,0,0,160,0,3,44,16,0,0,0
4128,0.688,0,163,0,0,0,0,0,160,0,3,44,16,0,0,0
4129,6.768,0,163,0,0,0,0,0,160,0,3,44,16,0,0,0
4130,24.905,0,163,0,0,0,0,0,160,0,3,44,18,0,0,0
4131,0.949,0,163,0,0,0,0,0,160,0,3,44,18,0,0,0
4132,0.702,0,163,0,0,0,0,0,160,0,3,44,18,0,0,0
4133,6.750,0,163,0,0,0,0,0,160,0,3,44,18,0,0,0
4134,24.910,0,163,0,0,0,0,0,160,0,3,44,18,0,0,0
4135,1.068,0,163,0,0,0,0,0,160,0,3,44,18,0,0,0
4136,0.947,0,163,0,0,0,0,0,160,0,3,44,18,0,0,0
4137,6.812,0,163,0,0,0,0,0,160,0,3,44,18,0,0,0
4138,24.886,0,163,0,0,0,0,0,160,0,3,44,18,0,0,0
4139,0.824,0,163,0,0,0,0,0,160,0,3,44,18,0,0,0
4140,0.725,0,163,0,0,0,0,0,160,0,3,44,18,0,0,0
4141,6.456,0,163,0,0,0,0,0,160,0,3,44,18,0,0,0
4142,24.933,0,163,0,0,0,0,0,160,0,3,44,18,0,0,0
4143,0.940,0,163,0,0,0,0,0,160,0,3,44,18,0,0,0
4144,0.721,0,163,0,0,0,0,0,160,0,3,44,18,0,0,0
4145,6.667,0,163,0,0,0,0,0,160,0,3,44,18,0,0,0
4146,25.083,0,163,0,0,0,0,0,160,0,3,44,18,0,0,0
4147,1.022,0,163,0,0,0,0,0,160,0,3,44,18,0,0,0
4148,1.916,0,163,0,0,0,0,0,160,0,3,44,18,0,0,0
4149,5.371,0,163,0,0,0,0,0,160,0,3,44,19,0,0,0
4150,25.009,0,163,0,0,0,0,0,160,0,3,44,19,0,0,0
4151,0.867,0,163,0,0,0,0,0,160,0,3,44,19,0,0,0
4152,0.663,0,163,0,0,0,0,0,160,0,3,44,19,0,0,0
4153,6.665,0,163,0,0,0,0,0,160,0,3,44,19,0,0,0
4154,25.098,0,163,0,0,0,0,0,160,0,3,44,19,0,0,0
4155,0.864,0,163,0,0,0,0,0,160,0,3,44,19,0,0,0
4156,0.711,0,163,0,0,0,0,0,160,0,3,44,19,0,0,0
4157,6.620,0,163,0,0,0,0,0,160,0,3,44,19,0,0,0
4158,25.201,0,163,0,0,0,0,0,160,0,3,44,19,0,0,0
4159,0.916,0,163,0,0,0,0,0,160,0,3,44,19,0,0,0
4160,0.815,0,163,0,0,0,0,0,160,0,3,44,19,0,0,0
4161,6.510,0,163,0,0,0,0,0,160,0,3,44,19,0,0,0
4162,24.966,0,163,0,0,0,0,0,160,0,3,44,19,0,0,0
4163,0.891,0,163,0,0,0,0,0,160,0,3,44,19,0,0,0
4164,0.694,0,163,0,0,0,0,0,160,0,3,44,19,0,0,0
4165,6.809,0,163,0,0,0,0,0,160,0,3,44,19,0,0,0
4166,24.910,0,163,0,0,0,0,0,160,0,3,44,19,0,0,0
4167,0.830,0,163,0,0,0,0,0,160,0,3,44,19,0,0,0
4168,0.697,0,163,0,0,0,0,0,160,0,3,44,19,0,0,0
4169,6.954,0,163,0,0,0,0,0,160,0,3,44,19,0,0,0
4170,24.879,0,163,0,0,0,0,0,160,0,3,44,20,0,0,0
4171,1.003,0,163,0,0,0,0,0,160,0,3,44,20,0,0,0
4172,0.906,0,163,0,0,0,0,0,160,0,3,44,20,0,0,0
4173,6.417,0,163,0,0,0,0,0,160,0,3,44,20,0,0,0
4174,25.090,0,163,0,0,0,0,0,160,0,3,44,20,0,0,0
4175,0.919,0,163,0,0,0,0,0,160,0,3,44,20,0,0,0
4176,1.521,0,163,0,0,0,0,0,160,0,3,44,20,0,0,0
4177,5.823,0,163,0,0,0,0,0,160,0,3,44,20,0,0,0
4178,25.134,0,163,0,0,0,0,0,160,0,3,44,20,0,0,0
4179,0.946,0,163,0,0,0,0,0,160,0,3,44,20,0,0,0
4180,0.777,0,163,0,0,0,0,0,160,0,3,44,20,0,0,0
4181,6.542,0,163,0,0,0,0,0,160,0,3,44,20,0,0,0
4182,25.043,0,163,0,0,0,0,0,160,0,3,44,20,0,0,0
4183,1.004,0,163,0,0,0,0,0,160,0,3,44,20,0,0,0
4184,0.701,0,163,0,0,0,0,0,160,0,3,44,20,0,0,0
4185,6.527,0,163,0,0,0,0,0,160,0,3,44,20,0,0,0
4186,25.024,0,163,0,0,0,0,0,160,0,3,44,20,0,0,0
4187,0.890,0,163,0,0,0,0,0,160,0,3,44,20,0,0,0
4188,0.733,0,163,0,0,0,0,0,160,0,3,44,20,0,0,0
4189,6.653,0,163,0,0,0,0,0,160,0,3,44,21,0,0,0
4190,24.967,0,163,0,0,0,0,0,160,0,3,44,21,0,0,0
4191,0.930,0,163,0,0,0,0,0,160,0,3,44,21,0,0,0
4192,0.654,0,163,0,0,0,0,0,160,0,3,44,21,0,0,0
4193,6.782,0,163,0,0,0,0,0,160,0,3,44,21,0,0,0
4194,25.136,0,163,0,0,0,0,0,160,0,3,44,21,0,0,0
4195,0.999,0,163,0,0,0,0,0,160,0,3,44,21,0,0,0
4196,0.745,0,163,0,0,0,0,0,160,0,3,44,21,0,0,0
4197,6.377,0,163,0,0,0,0,0,160,0,3,44,21,0,0,0
4198,25.087,0,163,0,0,0,0,0,160,0,3,44,21,0,0,0
4199,1.068,0,163,0,0,0,0,0,160,0,3,44,21,0,0,0
4200,0.773,0,163,0,0,0,0,0,160,0,3,44,21,0,0,0
4201,6.492,0,163,0,0,0,0,0,160,0,3,44,21,0,0,0
4202,25.092,0,163,0,0,0,0,0,160,0,3,44,21,0,0,0
4203,0.923,0,163,0,0,0,0,0,160,0,3,44,21,0,0,0
4204,1.231,0,163,0,0,0,0,0,160,0,3,44,21,0,0,0
4205,6.155,0,163,0,0,0,0,0,160,0,3,44,21,0,0,0
4206,25.190,0,163,0,0,0,0,0,160,0,3,44,21,0,0,0
4207,0.851,0,163,0,0,0,0,0,160,0,3,44,21,0,0,0
4208,0.730,0,163,0,0,0,0,0,160,0,3,44,21,0,0,0
4209,6.497,0,163,0,0,0,0,0,160,0,3,44,21,0,0,0
4210,25.034,0,163,0,0,0,0,0,160,0,3,44,21,0,0,0
4211,1.048,0,163,0,0,0,0,0,160,0,3,44,21,0,0,0
4212,0.827,0,163,0,0,0,0,0,160,0,3,44,21,0,0,0
4213,6.413,0,163,0,0,0,0,0,160,0,3,44,21,0,0,0
4214,25.215,0,163,0,0,0,0,0,160,0,3,44,21,0,0,0
4215,0.981,0,163,0,0,0,0,0,160,0,3,44,21,0,0,0
4216,0.672,0,163,0,0,0,0,0,160,0,3,44,21,0,0,0
4217,6.482,0,163,0,0,0,0,0,160,0,3,44,21,0,0,0
4218,25.122,0,163,0,0,0,0,0,160,0,3,44,21,0,0,0
4219,0.925,0,163,0,0,0,0,0,160,0,3,44,21,0,0,0
4220,0.749,0,163,0,0,0,0,0,160,0,3,44,21,0,0,0
4221,6.622,0,163,0,0,0,0,0,160,0,3,44,21,0,0,0
4222,24.933,0,163,0,0,0,0,0,160,0,3,44,21,0,0,0
4223,0.954,0,163,0,0,0,0,0,160,0,3,44,21,0,0,0
4224,0.910,0,163,0,0,0,0,0,160,0,3,44,21,0,0,0
4225,6.378,0,163,0,0,0,0,0,160,0,3,44,21,0,0,0
4226,25.168,0,163,0,0,0,0,0,160,0,3,44,21,0,0,0
4227,1.025,0,163,0,0,0,0,0,160,0,3,44,21,0,0,0
4228,0.761,0,163,0,0,0,0,0,160,0,3,44,21,0,0,0
4229,6.456,0,163,0,0,0,0,0,160,0,3,44,21,0,0,0
4230,24.997,0,163,0,0,0,0,0,160,0,3,44,21,0,0,0
4231,1.065,0,163,0,0,0,0,0,160,0,3,44,21,0,0,0
4232,0.771,0,163,0,0,0,0,0,160,0,3,44,21,0,0,0
4233,6.522,0,163,0,0,0,0,0,160,0,3,44,21,0,0,0
4234,25.036,0,163,0,0,0,0,0,160,0,3,44,22,0,0,0
4235,1.015,0,163,0,0,0,0,0,160,0,3,44,22,0,0,0
4236,0.751,0,163,0,0,0,0,0,160,0,3,44,22,0,0,0
4237,6.445,0,163,0,0,0,0,0,160,0,3,44,22,0,0,0
4238,25.273,0,163,0,0,0,0,0,160,0,3,44,22,0,0,0
4239,0.929,0,163,0,0,0,0,0,160,0,3,44,22,0,0,0
4240,0.684,0,163,0,0,0,0,0,160,0,3,44,22,0,0,0
4241,6.561,0,163,0,0,0,0,0,160,0,3,44,22,0,0,0
4242,25.040,0,163,0,0,0,0,0,160,0,3,44,22,0,0,0
4243,0.851,0,163,0,0,0,0,0,160,0,3,44,22,0,0,0
4244,0.753,0,163,0,0,0,0,0,160,0,3,44,22,0,0,0
4245,6.654,0,163,0,0,0,0,0,160,0,3,44,22,0,0,0
4246,25.083,0,163,0,0,0,0,0,160,0,3,44,22,0,0,0
4247,0.928,0,163,0,0,0,0,0,160,0,3,44,22,0,0,0
4248,0.735,0,163,0,0,0,0,0,160,0,3,44,22,0,0,0
4249,6.540,0,163,0,0,0,0,0,160,0,3,44,22,0,0,0
4250,25.166,0,163,0,0,0,0,0,160,0,3,44,22,0,0,0
4251,0.918,0,163,0,0,0,0,0,160,0,3,44,22,0,0,0
4252,0.761,0,163,0,0,0,0,0,160,0,3,44,22,0,0,0
4253,6.454,0,163,0,0,0,0,0,160,0,3,44,22,0,0,0
4254,25.430,0,163,0,0,0,0,0,160,0,3,44,22,0,0,0
4255,0.891,0,163,0,0,0,0,0,160,0,3,44,22,0,0,0
4256,1.161,0,163,0,0,0,0,0,160,0,3,44,22,0,0,0
4257,5.838,0,163,0,0,0,0,0,160,0,3,44,22,0,0,0
4258,25.222,0,163,0,0,0,0,0,160,0,3,44,22,0,0,0
4259,0.978,0,163,0,0,0,0,0,160,0,3,44,22,0,0,0
4260,0.753,0,163,0,0,0,0,0,160,0,3,44,22,0,0,0
4261,6.514,0,163,0,0,0,0,0,160,0,3,44,22,0,0,0
4262,24.961,0,163,0,0,0,0,0,160,0,3,44,22,0,0,0
4263,0.899,0,163,0,0,0,0,0,160,0,3,44,22,0,0,0
4264,0.751,0,163,0,0,0,0,0,160,0,3,44,22,0,0,0
4265,6.601,0,163,0,0,0,0,0,160,0,3,44,22,0,0,0
4266,25.085,0,163,0,0,0,0,0,160,0,3,44,22,0,0,0
4267,0.899,0,163,0,0,0,0,0,160,0,3,44,22,0,0,0
4268,0.746,0,163,0,0,0,0,0,160,0,3,44,22,0,0,0
4269,6.686,0,163,0,0,0,0,0,160,0,3,44,22,0,0,0
4270,25.037,0,163,0,0,0,0,0,160,0,3,44,22,0,0,0
4271,0.870,0,163,0,0,0,0,0,160,0,3,44,22,0,0,0
4272,0.699,0,163,0,0,0,0,0,160,0,3,44,22,0,0,0
4273,6.820,0,163,0,0,0,0,0,160,0,3,44,22,0,0,0
4274,24.961,0,163,0,0,0,0,0,160,0,3,44,22,0,0,0
4275,0.958,0,163,0,0,0,0,0,160,0,3,44,22,0,0,0
4276,0.836,0,163,0,0,0,0,0,160,0,3,44,22,0,0,0
4277,6.396,0,163,0,0,0,0,0,160,0,3,44,22,0,0,0
4278,25.115,0,163,0,0,0,0,0,160,0,3,44,22,0,0,0
4279,0.873,0,163,0,0,0,0,0,160,0,3,44,22,0,0,0
4280,1.143,0,163,0,0,0,0,0,160,0,3,44,22,0,0,0
4281,6.319,0,163,0,0,0,0,0,160,0,3,44,23,0,0,0
4282,25.075,0,163,0,0,0,0,0,160,0,3,44,23,0,0,0
4283,0.861,0,163,0,0,0,0,0,160,0,3,44,23,0,0,0
4284,0.719,0,163,0,0,0,0,0,160,0,3,44,23,0,0,0
4285,6.672,0,163,0,0,0,0,0,160,0,3,44,23,0,0,0
4286,25.013,0,163,0,0,0,0,0,160,0,3,44,23,0,0,0
4287,0.888,0,163,0,0,0,0,0,160,0,3,44,23,0,0,0
4288,0.621,0,163,0,0,0,0,0,160,0,3,44,23,0,0,0
4289,6.583,0,163,0,0,0,0,0,160,0,3,44,23,0,0,0
4290,25.169,0,163,0,0,0,0,0,160,0,3,44,23,0,0,0
4291,0.914,0,163,0,0,0,0,0,160,0,3,44,23,0,0,0
4292,0.916,0,163,0,0,0,0,0,160,0,3,44,23,0,0,0
4293,6.667,0,163,0,0,0,0,0,160,0,3,44,23,0,0,0
4294,24.998,0,163,0,0,0,0,0,160,0,3,44,23,0,0,0
4295,0.879,0,163,0,0,0,0,0,160,0,3,44,23,0,0,0
4296,0.691,0,163,0,0,0,0,0,160,0,3,44,23,0,0,0
4297,6.534,0,163,0,0,0,0,0,160,0,3,44,23,0,0,0
4298,25.032,0,163,0,0,0,0,0,160,0,3,44,23,0,0,0
4299,0.998,0,163,0,0,0,0,0,160,0,3,44,23,0,0,0
4300,0.714,0,163,0,0,0,0,0,160,0,3,44,23,0,0,0
4301,6.539,0,163,0,0,0,0,0,160,0,3,44,23,0,0,0
4302,25.297,0,163,0,0,0,0,0,160,0,3,44,23,0,0,0
4303,1.042,0,163,0,0,0,0,0,160,0,3,44,23,0,0,0
4304,1.490,0,163,0,0,0,0,0,160,0,3,44,23,0,0,0
4305,5.531,0,163,0,0,0,0,0,160,0,3,44,23,0,0,0
4306,25.083,0,163,0,0,0,0,0,160,0,3,44,23,0,0,0
4307,0.903,0,163,0,0,0,0,0,160,0,3,44,23,0,0,0
4308,0.712,0,163,0,0,0,0,0,160,0,3,44,23,0,0,0
4309,6.626,0,163,0,0,0,0,0,160,0,3,44,23,0,0,0
4310,25.084,0,163,0,0,0,0,0,160,0,3,44,23,0,0,0
4311,0.955,0,163,0,0,0,0,0,160,0,3,44,23,0,0,0
4312,0.729,0,163,0,0,0,0,0,160,0,3,44,23,0,0,0
4313,6.640,0,163,0,0,0,0,0,160,0,3,44,23,0,0,0
4314,25.102,0,163,0,0,0,0,0,160,0,3,44,23,0,0,0
4315,0.979,0,163,0,0,0,0,0,160,0,3,44,23,0,0,0
4316,0.681,0,163,0,0,0,0,0,160,0,3,44,23,0,0,0
4317,6.674,0,163,0,0,0,0,0,160,0,3,44,23,0,0,0
4318,25.011,0,163,0,0,0,0,0,160,0,3,44,23,0,0,0
4319,0.819,0,163,0,0,0,0,0,160,0,3,44,23,0,0,0
4320,0.848,0,163,0,0,0,0,0,160,0,3,44,23,0,0,0
4321,6.601,0,163,0,0,0,0,0,160,0,3,44,23,0,0,0
4322,24.989,0,163,0,0,0,0,0,160,0,3,44,23,0,0,0
4323,0.926,0,163,0,0,0,0,0,160,0,3,44,23,0,0,0
4324,0.719,0,163,0,0,0,0,0,160,0,3,44,23,0,0,0
4325,6.583,0,163,0,0,0,0,0,160,0,3,44,23,0,0,0
4326,25.052,0,163,0,0,0,0,0,160,0,3,44,23,0,0,0
4327,1.209,0,163,0,0,0,0,0,160,0,3,44,23,0,0,0
4328,1.438,0,163,0,0,0,0,0,160,0,3,44,23,0,0,0
4329,5.694,0,163,0,0,0,0,0,160,0,3,44,23,0,0,0
4330,25.104,0,163,0,0,0,0,0,160,0,3,44,23,0,0,0
4331,0.961,0,163,0,0,0,0,0,160,0,3,44,23,0,0,0
4332,0.704,0,163,0,0,0,0,0,160,0,3,44,23,0,0,0
4333,6.541,0,163,0,0,0,0,0,160,0,3,44,23,0,0,0
4334,25.170,0,163,0,0,0,0,0,160,0,3,44,23,0,0,0
4335,0.925,0,163,0,0,0,0,0,160,0,3,44,23,0,0,0
4336,0.702,0,163,0,0,0,0,0,160,0,3,44,23,0,0,0
4337,6.713,0,163,0,0,0,0,0,160,0,3,44,23,0,0,0
4338,24.997,0,163,0,0,0,0,0,160,0,3,44,23,0,0,0
4339,0.992,0,163,0,0,0,0,0,160,0,3,44,23,0,0,0
4340,0.769,0,163,0,0,0,0,0,160,0,3,44,23,0,0,0
4341,6.445,0,163,0,0,0,0,0,160,0,3,44,23,0,0,0
4342,25.042,0,163,0,0,0,0,0,160,0,3,44,23,0,0,0
4343,0.912,0,163,0,0,0,0,0,160,0,3,44,23,0,0,0
4344,0.708,0,163,0,0,0,0,0,160,0,3,44,23,0,0,0
4345,6.794,0,163,0,0,0,0,0,160,0,3,44,23,0,0,0
4346,24.999,0,163,0,0,0,0,0,160,0,3,44,23,0,0,0
4347,0.844,0,163,0,0,0,0,0,160,0,3,44,23,0,0,0
4348,0.642,0,163,0,0,0,0,0,160,0,3,44,23,0,0,0
4349,6.700,0,163,0,0,0,0,0,160,0,3,44,23,0,0,0
4350,24.962,0,163,0,0,0,0,0,160,0,3,44,23,0,0,0
4351,0.999,0,163,0,0,0,0,0,160,0,3,44,23,0,0,0
4352,0.698,0,163,0,0,0,0,0,160,0,3,44,23,0,0,0
4353,6.655,0,163,0,0,0,0,0,160,0,3,44,23,0,0,0
4354,25.108,0,163,0,0,0,0,0,160,0,3,44,23,0,0,0
4355,1.093,0,163,0,0,0,0,0,160,0,3,44,23,0,0,0
4356,0.824,0,163,0,0,0,0,0,160,0,3,44,23,0,0,0
4357,6.156,0,163,0,0,0,0,0,160,0,3,44,23,0,0,0
4358,25.245,0,163,0,0,0,0,0,160,0,3,44,23,0,0,0
4359,1.039,0,163,0,0,0,0,0,160,0,3,44,23,0,0,0
4360,1.667,0,163,0,0,0,0,0,160,0,3,44,23,0,0,0
4361,5.534,0,163,0,0,0,0,0,160,0,3,44,23,0,0,0
4362,25.281,0,163,0,0,0,0,0,160,0,3,44,23,0,0,0
4363,0.839,0,163,0,0,0,0,0,160,0,3,44,23,0,0,0
4364,0.676,0,163,0,0,0,0,0,160,0,3,44,23,0,0,0
4365,6.556,0,163,0,0,0,0,0,160,0,3,44,23,0,0,0
4366,24.921,0,163,0,0,0,0,0,160,0,3,44,23,0,0,0
4367,0.888,0,163,0,0,0,0,0,160,0,3,44,23,0,0,0
4368,0.731,0,163,0,0,0,0,0,160,0,3,44,23,0,0,0
4369,6.631,0,163,0,0,0,0,0,160,0,3,44,23,0,0,0
4370,25.281,0,163,0,0,0,0,0,160,0,3,44,23,0,0,0
4371,0.892,0,163,0,0,0,0,0,160,0,3,44,23,0,0,0
4372,0.679,0,163,0,0,0,0,0,160,0,3,44,23,0,0,0
4373,6.505,0,163,0,0,0,0,0,160,0,3,44,23,0,0,0
4374,25.174,0,163,0,0,0,0,0,160,0,3,44,23,0,0,0
4375,0.862,0,163,0,0,0,0,0,160,0,3,44,23,0,0,0
4376,0.721,0,163,0,0,0,0,0,160,0,3,44,23,0,0,0
4377,6.763,0,163,0,0,0,0,0,160,0,3,44,23,0,0,0
4378,24.975,0,163,0,0,0,0,0,160,0,3,44,23,0,0,0
4379,0.823,0,163,0,0,0,0,0,160,0,3,44,23,0,0,0
4380,0.756,0,163,0,0,0,0,0,160,0,3,44,23,0,0,0
4381,6.721,0,163,0,0,0,0,0,160,0,3,44,23,0,0,0
4382,24.967,0,163,0,0,0,0,0,160,0,3,44,23,0,0,0
4383,0.990,0,163,0,0,0,0,0,160,0,3,44,23,0,0,0
4384,0.658,0,163,0,0,0,0,0,160,0,3,44,23,0,0,0
4385,6.751,0,163,0,0,0,0,0,160,0,3,44,23,0,0,0
4386,24.901,0,163,0,0,0,0,0,160,0,3,44,23,0,0,0
4387,1.171,0,163,0,0,0,0,0,160,0,3,44,23,0,0,0
4388,0.743,0,163,0,0,0,0,0,160,0,3,44,23,0,0,0
4389,6.362,0,163,0,0,0,0,0,160,0,3,44,23,0,0,0
4390,25.389,0,163,0,0,0,0,0,160,0,3,44,23,0,0,0
4391,0.928,0,163,0,0,0,0,0,160,0,3,44,23,0,0,0
4392,0.967,0,163,0,0,0,0,0,160,0,3,44,23,0,0,0
4393,6.039,0,163,0,0,0,0,0,160,0,3,44,23,0,0,0
4394,25.122,0,163,0,0,0,0,0,160,0,3,44,23,0,0,0
4395,0.932,0,163,0,0,0,0,0,160,0,3,44,23,0,0,0
4396,0.718,0,163,0,0,0,0,0,160,0,3,44,23,0,0,0
4397,6.548,0,163,0,0,0,0,0,160,0,3,44,23,0,0,0
4398,25.264,0,163,0,0,0,0,0,160,0,3,44,23,0,0,0
4399,0.921,0,163,0,0,0,0,0,160,0,3,44,23,0,0,0
4400,0.693,0,163,0,0,0,0,0,160,0,3,44,23,0,0,0
4401,6.544,0,163,0,0,0,0,0,160,0,3,44,23,0,0,0
4402,25.125,0,163,0,0,0,0,0,160,0,3,44,23,0,0,0
4403,0.994,0,163,0,0,0,0,0,160,0,3,44,23,0,0,0
4404,0.732,0,163,0,0,0,0,0,160,0,3,44,23,0,0,0
4405,6.533,0,163,0,0,0,0,0,160,0,3,44,23,0,0,0
4406,25.024,0,163,0,0,0,0,0,160,0,3,44,23,0,0,0
4407,1.028,0,163,0,0,0,0,0,160,0,3,44,23,0,0,0
4408,0.834,0,163,0,0,0,0,0,160,0,3,44,23,0,0,0
4409,6.370,0,163,0,0,0,0,0,160,0,3,44,23,0,0,0
4410,25.081,0,163,0,0,0,0,0,160,0,3,44,23,0,0,0
4411,0.925,0,163,0,0,0,0,0,160,0,3,44,23,0,0,0
4412,0.768,0,163,0,0,0,0,0,160,0,3,44,23,0,0,0
4413,6.531,0,163,0,0,0,0,0,160,0,3,44,23,0,0,0
4414,25.183,0,163,0,0,0,0,0,160,0,3,44,23,0,0,0
4415,0.832,0,163,0,0,0,0,0,160,0,3,44,23,0,0,0
4416,1.738,0,163,0,0,0,0,0,160,0,3,44,23,0,0,0
4417,5.663,0,163,0,0,0,0,0,160,0,3,44,23,0,0,0
4418,24.974,0,163,0,0,0,0,0,160,0,3,44,23,0,0,0
4419,0.926,0,163,0,0,0,0,0,160,0,3,44,23,0,0,0
4420,0.695,0,163,0,0,0,0,0,160,0,3,44,23,0,0,0
4421,6.685,0,163,0,0,0,0,0,160,0,3,44,23,0,0,0
4422,25.041,0,163,0,0,0,0,0,160,0,3,44,23,0,0,0
4423,0.926,0,163,0,0,0,0,0,160,0,3,44,23,0,0,0
4424,0.690,0,163,0,0,0,0,0,160,0,3,44,23,0,0,0
4425,6.632,0,163,0,0,0,0,0,160,0,3,44,23,0,0,0
4426,25.085,0,163,0,0,0,0,0,160,0,3,44,23,0,0,0
4427,1.044,0,163,0,0,0,0,0,160,0,3,44,23,0,0,0
4428,0.676,0,163,0,0,0,0,0,160,0,3,44,23,0,0,0
4429,6.578,0,163,0,0,0,0,0,160,0,3,44,23,0,0,0
4430,25.102,0,163,0,0,0,0,0,160,0,3,44,23,0,0,0
4431,1.044,0,163,0,0,0,0,0,160,0,3,44,23,0,0,0
4432,0.782,0,163,0,0,0,0,0,160,0,3,44,23,0,0,0
4433,6.419,0,163,0,0,0,0,0,160,0,3,44,23,0,0,0
4434,25.076,0,163,0,0,0,0,0,160,0,3,44,23,0,0,0
4435,0.959,0,163,0,0,0,0,0,160,0,3,44,23,0,0,0
4436,0.701,0,163,0,0,0,0,0,160,0,3,44,23,0,0,0
4437,6.588,0,163,0,0,0,0,0,160,0,3,44,23,0,0,0
4438,25.084,0,163,0,0,0,0,0,160,0,3,44,23,0,0,0
4439,0.993,0,163,0,0,0,0,0,160,0,3,44,23,0,0,0
4440,0.741,0,163,0,0,0,0,0,160,0,3,44,23,0,0,0
4441,6.456,0,163,0,0,0,0,0,160,0,3,44,23,0,0,0
4442,25.219,0,163,0,0,0,0,0,160,0,3,44,23,0,0,0
4443,0.901,0,163,0,0,0,0,0,160,0,3,44,23,0,0,0
4444,1.479,0,163,0,0,0,0,0,160,0,3,44,23,0,0,0
4445,5.774,0,163,0,0,0,0,0,160,0,3,44,23,0,0,0
4446,25.007,0,163,0,0,0,0,0,160,0,3,44,23,0,0,0
4447,0.910,0,163,0,0,0,0,0,160,0,3,44,23,0,0,0
4448,0.822,0,163,0,0,0,0,0,160,0,3,44,23,0,0,0
4449,6.510,0,163,0,0,0,0,0,160,0,3,44,23,0,0,0
4450,25.075,0,163,1,1,0,0,0,160,0,4,44,23,0,0,0
4451,1.034,0,163,1,1,0,0,0,160,0,4,44,23,1,0,0
4452,1.016,0,164,0,1,1,0,0,160,0,4,44,23,1,0,0
4453,6.185,0,164,0,0,0,0,0,160,0,4,44,23,0,0,0
4454,25.310,0,164,0,0,0,0,0,160,0,4,44,23,0,0,0
4455,0.819,0,164,0,0,0,0,0,160,0,4,44,23,0,0,0
4456,0.850,0,164,0,0,0,0,0,160,0,4,44,23,0,0,0
4457,6.408,0,164,0,0,0,0,0,160,0,4,44,23,0,0,0
4458,25.174,0,164,0,0,0,0,0,160,0,4,44,23,0,0,0
4459,0.970,0,164,0,0,0,0,0,160,0,4,44,23,0,0,0
4460,0.769,0,164,0,0,0,0,0,160,0,4,44,23,0,0,0
4461,6.519,0,164,0,0,0,0,0,160,0,4,44,23,0,0,0
4462,25.167,0,164,0,0,0,0,0,160,0,4,44,23,0,0,0
4463,1.039,0,164,0,0,0,0,0,160,0,4,44,23,0,0,0
4464,0.719,0,164,0,0,0,0,0,160,0,4,44,23,0,0,0
4465,6.272,0,164,0,0,0,0,0,160,0,4,44,23,0,0,0
4466,25.160,0,164,0,0,0,0,0,160,0,4,44,23,0,0,0
4467,0.862,0,164,0,0,0,0,0,160,0,4,44,23,0,0,0
4468,0.787,0,164,0,0,0,0,0,160,0,4,44,23,0,0,0
4469,6.588,0,164,0,0,0,0,0,160,0,4,44,23,0,0,0
4470,25.109,0,164,0,0,0,0,0,160,0,4,44,23,0,0,0
4471,0.857,0,164,0,0,0,0,0,160,0,4,44,23,0,0,0
4472,1.587,0,164,0,0,0,0,0,160,0,4,44,23,0,0,0
4473,5.773,0,164,0,0,0,0,0,160,0,4,44,23,0,0,0
4474,25.039,0,164,0,0,0,0,0,160,0,4,44,23,0,0,0
4475,0.995,0,164,0,0,0,0,0,160,0,4,44,23,0,0,0
4476,0.680,0,164,0,0,0,0,0,160,0,4,44,23,0,0,0
4477,6.607,0,164,0,0,0,0,0,160,0,4,44,23,0,0,0
4478,25.006,0,164,0,0,0,0,0,160,0,4,44,23,0,0,0
4479,0.913,0,164,0,0,0,0,0,160,0,4,44,23,0,0,0
4480,0.752,0,164,0,0,0,0,0,160,0,4,44,23,0,0,0
4481,6.646,0,164,0,0,0,0,0,160,0,4,44,23,0,0,0
4482,25.002,0,164,0,0,0,0,0,160,0,4,44,23,0,0,0
4483,0.913,0,164,0,0,0,0,0,160,0,4,44,23,0,0,0
4484,0.721,0,164,0,0,0,0,0,160,0,4,44,23,0,0,0
4485,6.842,0,164,0,0,0,0,0,160,0,4,44,23,0,0,0
4486,25.078,0,164,0,0,0,0,0,160,0,4,44,23,0,0,0
4487,0.962,0,164,0,0,0,0,0,160,0,4,44,23,0,0,0
4488,0.741,0,164,0,0,0,0,0,160,0,4,44,23,0,0,0
4489,6.580,0,164,0,0,0,0,0,160,0,4,44,23,0,0,0
4490,24.960,0,164,0,0,0,0,0,160,0,4,44,23,0,0,0
4491,0.870,0,164,0,0,0,0,0,160,0,4,44,23,0,0,0
4492,0.715,0,164,0,0,0,0,0,160,0,4,44,23,0,0,0
4493,6.620,0,164,0,0,0,0,0,160,0,4,44,23,0,0,0
4494,25.165,0,164,0,0,0,0,0,160,0,4,44,23,0,0,0
4495,0.817,0,164,0,0,0,0,0,160,0,4,44,23,0,0,0
4496,1.563,0,164,0,0,0,0,0,160,0,4,44,23,0,0,0
4497,5.763,0,164,0,0,0,0,0,160,0,4,44,23,0,0,0
4498,25.202,0,164,0,0,0,0,0,160,0,4,44,23,0,0,0
4499,0.992,0,164,0,0,0,0,0,160,0,4,44,23,0,0,0
4500,0.753,0,164,0,0,0,0,0,160,0,4,44,23,0,0,0
4501,6.378,0,164,0,0,0,0,0,160,0,4,44,23,0,0,0
4502,25.079,0,164,0,0,0,0,0,160,0,4,44,23,0,0,0
4503,0.950,0,164,0,0,0,0,0,160,0,4,44,23,0,0,0
4504,0.717,0,164,0,0,0,0,0,160,0,4,44,23,0,0,0
4505,6.533,0,164,0,0,0,0,0,160,0,4,44,23,0,0,0
4506,25.185,0,164,0,0,0,0,0,160,0,4,44,23,0,0,0
4507,0.875,0,164,0,0,0,0,0,160,0,4,44,23,0,0,0
4508,0.732,0,164,0,0,0,0,0,160,0,4,44,23,0,0,0
4509,6.514,0,164,0,0,0,0,0,160,0,4,44,23,0,0,0
4510,25.104,0,164,0,0,0,0,0,160,0,4,44,23,0,0,0
4511,0.843,0,164,0,0,0,0,0,160,0,4,44,23,0,0,0
4512,0.653,0,164,0,0,0,0,0,160,0,4,44,23,0,0,0
4513,6.791,0,164,0,0,0,0,0,160,0,4,44,23,0,0,0
4514,25.101,0,164,0,0,0,0,0,160,0,4,44,23,0,0,0
4515,0.962,0,164,0,0,0,0,0,160,0,4,44,23,0,0,0
4516,0.919,0,164,0,0,0,0,0,160,0,4,44,23,0,0,0
4517,6.517,0,164,0,0,0,0,0,160,0,4,44,23,0,0,0
4518,24.931,0,164,0,0,0,0,0,160,0,4,44,23,0,0,0
4519,1.025,0,164,0,0,0,0,0,160,0,4,44,23,0,0,0
4520,1.613,0,164,0,0,0,0,0,160,0,4,44,23,0,0,0
4521,5.592,0,164,0,0,0,0,0,160,0,4,44,23,0,0,0
4522,25.222,0,164,0,0,0,0,0,160,0,4,44,23,0,0,0
4523,1.002,0,164,0,0,0,0,0,160,0,4,44,23,0,0,0
4524,0.719,0,164,0,0,0,0,0,160,0,4,44,23,0,0,0
4525,6.557,0,164,0,0,0,0,0,160,0,4,44,23,0,0,0
4526,24.869,0,164,0,0,0,0,0,160,0,4,44,23,0,0,0
4527,0.842,0,164,0,0,0,0,0,160,0,4,44,23,0,0,0
4528,0.700,0,164,0,0,0,0,0,160,0,4,44,23,0,0,0
4529,6.858,0,164,0,0,0,0,0,160,0,4,44,23,0,0,0
4530,25.032,0,164,0,0,0,0,0,160,0,4,44,23,0,0,0
4531,0.825,0,164,0,0,0,0,0,160,0,4,44,23,0,0,0
4532,0.787,0,164,0,0,0,0,0,160,0,4,44,23,0,0,0
4533,6.790,0,164,0,0,0,0,0,160,0,4,44,23,0,0,0
4534,24.852,0,164,0,0,0,0,0,160,0,4,44,23,0,0,0
4535,0.922,0,164,0,0,0,0,0,160,0,4,44,23,0,0,0
4536,0.747,0,164,0,0,0,0,0,160,0,4,44,23,0,0,0
4537,6.653,0,164,0,0,0,0,0,160,0,4,44,23,0,0,0
4538,25.035,0,164,0,0,0,0,0,160,0,4,44,23,0,0,0
4539,0.886,0,164,0,0,0,0,0,160,0,4,44,23,0,0,0
4540,0.834,0,164,0,0,0,0,0,160,0,4,44,23,0,0,0
4541,6.461,0,164,0,0,0,0,0,160,0,4,44,23,0,0,0
4542,25.221,0,164,0,0,0,0,0,160,0,4,44,23,0,0,0
4543,0.856,0,164,0,0,0,0,0,160,0,4,44,23,0,0,0
4544,0.732,0,164,0,0,0,0,0,160,0,4,44,23,0,0,0
4545,6.736,0,164,0,0,0,0,0,160,0,4,44,23,0,0,0
4546,24.926,0,164,0,0,0,0,0,160,0,4,44,23,0,0,0
4547,0.905,0,164,0,0,0,0,0,160,0,4,44,23,0,0,0
4548,1.229,0,164,0,0,0,0,0,160,0,4,44,23,0,0,0
4549,6.092,0,164,0,0,0,0,0,160,0,4,44,23,0,0,0
4550,25.184,0,164,0,0,0,0,0,160,0,4,44,23,0,0,0
4551,0.830,0,164,0,0,0,0,0,160,0,4,44,23,0,0,0
4552,0.702,0,164,0,0,0,0,0,160,0,4,44,23,0,0,0
4553,6.640,0,164,0,0,0,0,0,160,0,4,44,23,0,0,0
4554,25.135,0,164,0,0,0,0,0,160,0,4,44,23,0,0,0
4555,0.906,0,164,0,0,0,0,0,160,0,4,44,23,0,0,0
4556,0.710,0,164,0,0,0,0,0,160,0,4,44,23,0,0,0
4557,6.670,0,164,0,0,0,0,0,160,0,4,44,23,0,0,0
4558,25.129,0,164,0,0,0,0,0,160,0,4,44,23,0,0,0
4559,0.894,0,164,0,0,0,0,0,160,0,4,44,23,0,0,0
4560,0.672,0,164,0,0,0,0,0,160,0,4,44,23,0,0,0
4561,6.934,0,164,0,0,0,0,0,160,0,4,44,23,0,0,0
4562,24.664,0,164,0,0,0,0,0,160,0,4,44,23,0,0,0
4563,0.841,0,164,0,0,0,0,0,160,0,4,44,23,0,0,0
4564,0.723,0,164,0,0,0,0,0,160,0,4,44,23,0,0,0
4565,6.700,0,164,0,0,0,0,0,160,0,4,44,23,0,0,0
4566,25.056,0,164,0,0,0,0,0,160,0,4,44,23,0,0,0
4567,0.918,0,164,0,0,0,0,0,160,0,4,44,23,0,0,0
4568,0.693,0,164,0,0,0,0,0,160,0,4,44,23,0,0,0
4569,6.629,0,164,0,0,0,0,0,160,0,4,44,23,0,0,0
4570,25.224,0,164,0,0,0,0,0,160,0,4,44,23,0,0,0
4571,0.919,0,164,0,0,0,0,0,160,0,4,44,23,0,0,0
4572,1.136,0,164,0,0,0,0,0,160,0,4,44,23,0,0,0
4573,6.020,0,164,0,0,0,0,0,160,0,4,44,23,0,0,0
4574,25.131,0,164,0,0,0,0,0,160,0,4,44,23,0,0,0
4575,1.127,0,164,0,0,0,0,0,160,0,4,44,23,0,0,0
4576,0.745,0,164,0,0,0,0,0,160,0,4,44,23,0,0,0
4577,6.425,0,164,0,0,0,0,0,160,0,4,44,23,0,0,0
4578,25.038,0,164,0,0,0,0,0,160,0,4,44,23,0,0,0
4579,0.850,0,164,0,0,0,0,0,160,0,4,44,23,0,0,0
4580,0.677,0,164,0,0,0,0,0,160,0,4,44,23,0,0,0
4581,6.746,0,164,0,0,0,0,0,160,0,4,44,23,0,0,0
4582,25.080,0,164,0,0,0,0,0,160,0,4,44,23,0,0,0
4583,0.909,0,164,0,0,0,0,0,160,0,4,44,23,0,0,0
4584,0.706,0,164,0,0,0,0,0,160,0,4,44,23,0,0,0
4585,6.739,0,164,0,0,0,0,0,160,0,4,44,23,0,0,0
4586,25.011,0,164,0,0,0,0,0,160,0,4,44,23,0,0,0
4587,0.992,0,164,0,0,0,0,0,160,0,4,44,23,0,0,0
4588,0.746,0,164,0,0,0,0,0,160,0,4,44,23,0,0,0
4589,6.649,0,164,0,0,0,0,0,160,0,4,44,23,0,0,0
4590,25.020,0,164,0,0,0,0,0,160,0,4,44,23,0,0,0
4591,0.921,0,164,0,0,0,0,0,160,0,4,44,23,0,0,0
4592,0.723,0,164,0,0,0,0,0,160,0,4,44,23,0,0,0
4593,6.471,0,164,0,0,0,0,0,160,0,4,44,23,0,0,0
4594,25.234,0,164,0,0,0,0,0,160,0,4,44,23,0,0,0
4595,0.867,0,164,0,0,0,0,0,160,0,4,44,23,0,0,0
4596,0.758,0,164,0,0,0,0,0,160,0,4,44,23,0,0,0
4597,6.535,0,164,0,0,0,0,0,160,0,4,44,23,0,0,0
4598,25.034,0,164,0,0,0,0,0,160,0,4,44,23,0,0,0
4599,0.965,0,164,0,0,0,0,0,160,0,4,44,23,0,0,0
4600,1.848,0,164,0,0,0,0,0,160,0,4,44,23,0,0,0
4601,5.362,0,164,0,0,0,0,0,160,0,4,44,23,0,0,0
4602,25.254,0,164,0,0,0,0,0,160,0,4,44,23,0,0,0
4603,0.874,0,164,0,0,0,0,0,160,0,4,44,23,0,0,0
4604,0.722,0,164,0,0,0,0,0,160,0,4,44,23,0,0,0
4605,6.547,0,164,0,0,0,0,0,160,0,4,44,23,0,0,0
4606,25.032,0,164,0,0,0,0,0,160,0,4,44,23,0,0,0
4607,0.965,0,164,0,0,0,0,0,160,0,4,44,23,0,0,0
4608,0.717,0,164,0,0,0,0,0,160,0,4,44,23,0,0,0
4609,6.620,0,164,0,0,0,0,0,160,0,4,44,23,0,0,0
4610,25.165,0,164,0,0,0,0,0,160,0,4,44,23,0,0,0
4611,0.866,0,164,0,0,0,0,0,160,0,4,44,23,0,0,0
4612,0.698,0,164,0,0,0,0,0,160,0,4,44,23,0,0,0
4613,6.531,0,164,0,0,0,0,0,160,0,4,44,23,0,0,0
4614,25.075,0,164,0,0,0,0,0,160,0,4,44,23,0,0,0
4615,0.933,0,164,0,0,0,0,0,160,0,4,44,23,0,0,0
4616,0.791,0,164,0,0,0,0,0,160,0,4,44,23,0,0,0
4617,6.672,0,164,0,0,0,0,0,160,0,4,44,23,0,0,0
4618,25.074,0,164,0,0,0,0,0,160,0,4,44,23,0,0,0
4619,0.800,0,164,0,0,0,0,0,160,0,4,44,23,0,0,0
4620,0.712,0,164,0,0,0,0,0,160,0,4,44,23,0,0,0
4621,6.594,0,164,0,0,0,0,0,160,0,4,44,23,0,0,0
4622,25.026,0,164,0,0,0,0,0,160,0,4,44,23,0,0,0
4623,0.900,0,164,0,0,0,0,0,160,0,4,44,23,0,0,0
4624,0.696,0,164,0,0,0,0,0,160,0,4,44,23,0,0,0
4625,6.761,0,164,0,0,0,0,0,160,0,4,44,23,0,0,0
4626,25.050,0,164,0,0,0,0,0,160,0,4,44,23,0,0,0
4627,0.944,0,164,0,0,0,0,0,160,0,4,44,23,0,0,0
4628,1.532,0,164,0,0,0,0,0,160,0,4,44,23,0,0,0
4629,5.769,0,164,0,0,0,0,0,160,0,4,44,23,0,0,0
4630,25.601,0,164,4,4,0,0,0,160,0,8,44,23,0,0,0
4631,0.913,0,164,4,4,0,0,0,160,0,8,44,23,3,0,0
4632,0.907,0,164,4,4,0,0,0,160,0,8,44,23,1,0,0
4633,5.942,0,168,0,4,4,0,0,160,0,8,44,23,4,0,0
4634,25.157,0,168,0,0,0,0,0,160,0,8,44,23,0,0,0
4635,0.969,0,168,0,0,0,0,0,160,0,8,44,23,0,0,0
4636,0.808,0,168,0,0,0,0,0,160,0,8,44,23,0,0,0
4637,6.399,0,168,0,0,0,0,0,160,0,8,44,23,0,0,0
4638,25.141,0,168,0,0,0,0,0,160,0,8,44,23,0,0,0
4639,0.879,0,168,0,0,0,0,0,160,0,8,44,23,0,0,0
4640,0.657,0,168,0,0,0,0,0,160,0,8,44,23,0,0,0
4641,6.639,0,168,0,0,0,0,0,160,0,8,44,23,0,0,0
4642,25.143,0,168,0,0,0,0,0,160,0,8,44,23,0,0,0
4643,0.982,0,168,0,0,0,0,0,160,0,8,44,23,0,0,0
4644,0.733,0,168,0,0,0,0,0,160,0,8,44,23,0,0,0
4645,6.628,0,168,0,0,0,0,0,160,0,8,44,23,0,0,0
4646,24.922,0,168,0,0,0,0,0,160,0,8,44,23,0,0,0
4647,0.898,0,168,0,0,0,0,0,160,0,8,44,23,0,0,0
4648,0.710,0,168,0,0,0,0,0,160,0,8,44,23,0,0,0
4649,6.670,0,168,0,0,0,0,0,160,0,8,44,23,0,0,0
4650,25.160,0,168,0,0,0,0,0,160,0,8,44,23,0,0,0
4651,0.880,0,168,0,0,0,0,0,160,0,8,44,23,0,0,0
4652,0.825,0,168,0,0,0,0,0,160,0,8,44,23,0,0,0
4653,6.483,0,168,1,1,0,0,0,160,0,9,44,23,0,0,0
4654,25.058,0,168,1,1,0,0,0,160,0,9,44,23,1,0,0
4655,1.011,0,169,0,1,1,0,0,160,0,9,44,23,1,0,0
4656,3.070,0,169,0,0,0,0,0,160,0,9,44,23,0,0,0
4657,4.095,0,169,1,1,0,0,0,160,0,10,44,23,0,0,0
4658,25.160,0,169,1,1,0,0,0,160,0,10,44,23,1,0,0
4659,0.914,0,170,0,1,1,0,0,160,0,10,44,23,1,0,0
4660,0.843,0,170,0,0,0,0,0,160,0,10,44,23,0,0,0
4661,6.476,0,170,0,0,0,0,0,160,0,10,44,23,0,0,0
4662,25.080,0,170,0,0,0,0,0,160,0,10,44,23,0,0,0
4663,0.795,0,170,0,0,0,0,0,160,0,10,44,23,0,0,0
4664,0.793,0,170,0,0,0,0,0,160,0,10,44,23,0,0,0
4665,6.878,0,170,0,0,0,0,0,160,0,10,44,23,0,0,0
4666,24.848,0,170,0,0,0,0,0,160,0,10,44,23,0,0,0
4667,0.846,0,170,0,0,0,0,0,160,0,10,44,23,0,0,0
4668,0.665,0,170,0,0,0,0,0,160,0,10,44,23,0,0,0
4669,6.866,0,170,0,0,0,0,0,160,0,10,44,23,0,0,0
4670,24.938,0,170,0,0,0,0,0,160,0,10,44,23,0,0,0
4671,0.837,0,170,0,0,0,0,0,160,0,10,44,23,0,0,0
4672,0.696,0,170,0,0,0,0,0,160,0,10,44,23,0,0,0
4673,6.938,0,170,0,0,0,0,0,160,0,10,44,23,0,0,0
4674,24.865,0,170,0,0,0,0,0,160,0,10,44,23,0,0,0
4675,0.832,0,170,0,0,0,0,0,160,0,10,44,23,0,0,0
4676,0.742,0,170,0,0,0,0,0,160,0,10,44,23,0,0,0
4677,6.747,0,170,0,0,0,0,0,160,0,10,44,23,0,0,0
4678,25.104,0,170,0,0,0,0,0,160,0,10,44,23,0,0,0
4679,0.894,0,170,0,0,0,0,0,160,0,10,44,23,0,0,0
4680,0.875,0,170,0,0,0,0,0,160,0,10,44,23,0,0,0
4681,6.431,0,170,0,0,0,0,0,160,0,10,44,23,0,0,0
4682,25.129,0,170,0,0,0,0,0,160,0,10,44,23,0,0,0
4683,1.011,0,170,0,0,0,0,0,160,0,10,44,23,0,0,0
4684,2.019,0,170,0,0,0,0,0,160,0,10,44,23,0,0,0
4685,5.125,0,170,0,0,0,0,0,160,0,10,44,23,0,0,0
4686,25.119,0,170,0,0,0,1,0,161,0,9,44,23,0,0,0
4687,0.892,0,170,0,0,0,0,0,161,0,9,44,23,0,0,0
4688,0.903,0,170,0,0,0,0,0,161,0,9,44,23,0,0,0
4689,6.476,0,170,0,0,0,0,0,161,0,9,44,23,0,0,0
4690,25.225,0,170,0,0,0,0,0,161,0,9,44,23,0,0,0
4691,0.894,0,170,0,0,0,0,0,161,0,9,44,23,0,0,0
4692,0.702,0,170,0,0,0,0,0,161,0,9,44,23,0,0,0
4693,6.519,0,170,0,0,0,0,0,161,0,9,44,23,0,0,0
4694,25.023,0,170,0,0,0,0,0,161,0,9,44,23,0,0,0
4695,0.839,0,170,0,0,0,0,0,161,0,9,44,23,0,0,0
4696,0.713,0,170,0,0,0,0,0,161,0,9,44,23,0,0,0
4697,6.856,0,170,0,0,0,0,0,161,0,9,44,23,0,0,0
4698,24.895,0,170,0,0,0,0,0,161,0,9,44,23,0,0,0
4699,0.871,0,170,0,0,0,0,0,161,0,9,44,23,0,0,0
4700,0.731,0,170,0,0,0,0,0,161,0,9,44,23,0,0,0
4701,6.918,0,170,0,0,0,0,0,161,0,9,44,23,0,0,0
4702,24.897,0,170,0,0,0,0,0,161,0,9,44,23,0,0,0
4703,0.969,0,170,0,0,0,0,0,161,0,9,44,23,0,0,0
4704,0.657,0,170,0,0,0,0,0,161,0,9,44,23,0,0,0
4705,6.543,0,170,0,0,0,0,0,161,0,9,44,23,0,0,0
4706,25.134,0,170,0,0,0,0,0,161,0,9,44,23,0,0,0
4707,0.886,0,170,0,0,0,1,0,162,0,8,44,23,0,0,0
4708,0.800,0,170,0,0,0,0,0,162,0,8,44,23,0,0,0
4709,6.496,0,170,0,0,0,0,0,162,0,8,44,23,0,0,0
4710,25.202,0,170,0,0,0,0,0,162,0,8,44,23,0,0,0
4711,0.904,0,170,0,0,0,0,0,162,0,8,44,23,0,0,0
4712,0.883,0,170,0,0,0,0,0,162,0,8,44,23,0,0,0
4713,6.457,0,170,0,0,0,0,0,162,0,8,44,23,0,0,0
4714,25.182,0,170,0,0,0,0,0,162,0,8,44,23,0,0,0
4715,0.865,0,170,0,0,0,0,0,162,0,8,44,23,0,0,0
4716,0.682,0,170,0,0,0,0,0,162,0,8,44,23,0,0,0
4717,6.633,0,170,0,0,0,0,0,162,0,8,44,23,0,0,0
4718,24.899,0,170,0,0,0,0,0,162,0,8,44,23,0,0,0
4719,0.834,0,170,0,0,0,0,0,162,0,8,44,23,0,0,0
4720,0.712,0,170,0,0,0,0,0,162,0,8,44,23,0,0,0
4721,6.770,0,170,0,0,0,0,0,162,0,8,44,23,0,0,0
4722,25.274,0,170,0,0,0,0,0,162,0,8,44,23,0,0,0
4723,0.988,0,170,0,0,0,0,0,162,0,8,44,23,0,0,0
4724,0.831,0,170,0,0,0,0,0,162,0,8,44,23,0,0,0
4725,6.099,0,170,0,0,0,0,0,162,0,8,44,23,0,0,0
4726,24.990,0,170,0,0,0,0,0,162,0,8,44,23,0,0,0
4727,0.816,0,170,0,0,0,0,0,162,0,8,44,23,0,0,0
4728,0.653,0,170,0,0,0,0,0,162,0,8,44,23,0,0,0
4729,6.838,0,170,0,0,0,0,0,162,0,8,44,23,0,0,0
4730,25.142,0,170,0,0,0,0,0,162,0,8,44,23,0,0,0
4731,1.103,0,170,0,0,0,0,0,162,0,8,44,23,0,0,0
4732,0.713,0,170,0,0,0,0,0,162,0,8,44,23,0,0,0
4733,6.414,0,170,0,0,0,0,0,162,0,8,44,23,0,0,0
4734,25.242,0,170,0,0,0,0,0,162,0,8,44,23,0,0,0
4735,0.968,0,170,0,0,0,0,0,162,0,8,44,23,0,0,0
4736,0.647,0,170,0,0,0,0,0,162,0,8,44,23,0,0,0
4737,6.364,0,170,0,0,0,0,0,162,0,8,44,23,0,0,0
4738,25.402,0,170,0,0,0,0,0,162,0,8,44,23,0,0,0
4739,0.874,0,170,0,0,0,0,0,162,0,8,44,23,0,0,0
4740,0.624,0,170,0,0,0,0,0,162,0,8,44,23,0,0,0
4741,6.375,0,170,0,0,0,0,0,162,0,8,44,23,0,0,0
4742,25.232,0,170,0,0,0,0,0,162,0,8,44,23,0,0,0
4743,0.917,0,170,0,0,0,0,0,162,0,8,44,23,0,0,0
4744,0.656,0,170,0,0,0,0,0,162,0,8,44,23,0,0,0
4745,6.834,0,170,0,0,0,0,0,162,0,8,44,23,0,0,0
4746,24.867,0,170,0,0,0,0,0,162,0,8,44,23,0,0,0
4747,0.920,0,170,0,0,0,0,0,162,0,8,44,23,0,0,0
4748,0.754,0,170,0,0,0,0,0,162,0,8,44,23,0,0,0
4749,6.610,0,170,0,0,0,0,0,162,0,8,44,23,0,0,0
4750,25.037,0,170,0,0,0,0,0,162,0,8,44,23,0,0,0
4751,0.892,0,170,0,0,0,0,0,162,0,8,44,23,0,0,0
4752,0.666,0,170,0,0,0,0,0,162,0,8,44,23,0,0,0
4753,6.747,0,170,0,0,0,0,0,162,0,8,44,23,0,0,0
4754,25.057,0,170,0,0,0,0,0,162,0,8,44,23,0,0,0
4755,1.011,0,170,0,0,0,0,0,162,0,8,44,23,0,0,0
4756,1.380,0,170,0,0,0,0,0,162,0,8,44,23,0,0,0
4757,5.908,0,170,0,0,0,0,0,162,0,8,44,23,0,0,0
4758,25.124,0,170,0,0,0,0,0,162,0,8,44,23,0,0,0
4759,1.006,0,170,0,0,0,0,0,162,0,8,44,23,0,0,0
4760,1.514,0,170,0,0,0,0,0,162,0,8,44,23,0,0,0
4761,5.877,0,170,0,0,0,0,0,162,0,8,44,23,0,0,0
4762,24.854,0,170,0,0,0,0,0,162,0,8,44,23,0,0,0
4763,0.926,0,170,0,0,0,0,0,162,0,8,44,23,0,0,0
4764,0.690,0,170,0,0,0,0,0,162,0,8,44,23,0,0,0
4765,6.785,0,170,0,0,0,0,0,162,0,8,44,23,0,0,0
4766,24.970,0,170,0,0,0,0,0,162,0,8,44,23,0,0,0
4767,0.988,0,170,0,0,0,0,0,162,0,8,44,23,0,0,0
4768,0.697,0,170,0,0,0,0,0,162,0,8,44,23,0,0,0
4769,6.253,0,170,0,0,0,0,0,162,0,8,44,23,0,0,0
4770,25.608,0,170,0,0,0,0,0,162,0,8,44,23,0,0,0
4771,0.901,0,170,0,0,0,0,0,162,0,8,44,23,0,0,0
4772,0.702,0,170,0,0,0,0,0,162,0,8,44,23,0,0,0
4773,6.515,0,170,0,0,0,0,0,162,0,8,44,23,0,0,0
4774,25.107,0,170,0,0,0,0,0,162,0,8,44,23,0,0,0
4775,0.877,0,170,0,0,0,0,0,162,0,8,44,23,0,0,0
4776,0.690,0,170,0,0,0,0,0,162,0,8,44,23,0,0,0
4777,6.712,0,170,0,0,0,0,0,162,0,8,44,23,0,0,0
4778,24.946,0,170,0,0,0,0,0,162,0,8,44,23,0,0,0
4779,0.877,0,170,0,0,0,0,0,162,0,8,44,23,0,0,0
4780,0.721,0,170,0,0,0,0,0,162,0,8,44,23,0,0,0
4781,6.653,0,170,0,0,0,0,0,162,0,8,44,23,0,0,0
4782,25.054,0,170,0,0,0,0,0,162,0,8,44,23,0,0,0
4783,0.915,0,170,0,0,0,0,0,162,0,8,44,23,0,0,0
4784,1.604,0,170,0,0,0,0,0,162,0,8,44,23,0,0,0
4785,5.538,0,170,0,0,0,0,0,162,0,8,44,23,0,0,0
4786,25.102,0,170,0,0,0,0,0,162,0,8,44,23,0,0,0
4787,0.831,0,170,0,0,0,0,0,162,0,8,44,23,0,0,0
4788,0.612,0,170,0,0,0,0,0,162,0,8,44,23,0,0,0
4789,6.949,0,170,0,0,0,0,0,162,0,8,44,23,0,0,0
4790,25.093,0,170,0,0,0,0,0,162,0,8,44,23,0,0,0
4791,1.024,0,170,0,0,0,0,0,162,0,8,44,23,0,0,0
4792,0.632,0,170,0,0,0,0,0,162,0,8,44,23,0,0,0
4793,6.531,0,170,0,0,0,0,0,162,0,8,44,23,0,0,0
4794,25.009,0,170,0,0,0,0,0,162,0,8,44,23,0,0,0
4795,0.758,0,170,0,0,0,0,0,162,0,8,44,23,0,0,0
4796,0.681,0,170,0,0,0,0,0,162,0,8,44,23,0,0,0
4797,6.876,0,170,0,0,0,0,0,162,0,8,44,23,0,0,0
4798,24.994,0,170,0,0,0,0,0,162,0,8,44,23,0,0,0
4799,0.700,0,170,0,0,0,0,0,162,0,8,44,23,0,0,0
4800,0.781,0,170,0,0,0,0,0,162,0,8,44,23,0,0,0
4801,6.998,0,170,0,0,0,0,0,162,0,8,44,23,0,0,0
4802,24.938,0,170,0,0,0,0,0,162,0,8,44,23,0,0,0
4803,0.767,0,170,0,0,0,0,0,162,0,8,44,23,0,0,0
4804,0.808,0,170,0,0,0,0,0,162,0,8,44,23,0,0,0
4805,7.137,0,170,0,0,0,0,0,162,0,8,44,23,0,0,0
4806,24.651,0,170,0,0,0,0,0,162,0,8,44,23,0,0,0
4807,0.789,0,170,0,0,0,0,0,162,0,8,44,23,0,0,0
4808,1.010,0,170,0,0,0,0,0,162,0,8,44,23,0,0,0
4809,6.324,0,170,0,0,0,0,0,162,0,8,44,23,0,0,0
4810,25.283,0,170,0,0,0,0,0,162,0,8,44,23,0,0,0
4811,0.953,0,170,0,0,0,0,0,162,0,8,44,23,0,0,0
4812,0.732,0,170,0,0,0,0,0,162,0,8,44,23,0,0,0
4813,6.588,0,170,0,0,0,0,0,162,0,8,44,23,0,0,0
4814,24.969,0,170,0,0,0,0,0,162,0,8,44,23,0,0,0
4815,0.816,0,170,0,0,0,0,0,162,0,8,44,23,0,0,0
4816,0.714,0,170,0,0,0,0,0,162,0,8,44,23,0,0,0
4817,6.579,0,170,0,0,0,0,0,162,0,8,44,23,0,0,0
4818,25.337,0,170,0,0,0,0,0,162,0,8,44,23,0,0,0
4819,1.093,0,170,0,0,0,0,0,162,0,8,44,23,0,0,0
4820,0.729,0,170,0,0,0,0,0,162,0,8,44,23,0,0,0
4821,6.523,0,170,0,0,0,0,0,162,0,8,44,23,0,0,0
4822,24.815,0,170,0,0,0,0,0,162,0,8,44,23,0,0,0
4823,0.790,0,170,0,0,0,0,0,162,0,8,44,23,0,0,0
4824,0.714,0,170,0,0,0,0,0,162,0,8,44,23,0,0,0
4825,6.670,0,170,0,0,0,0,0,162,0,8,44,23,0,0,0
4826,25.212,0,170,0,0,0,0,0,162,0,8,44,23,0,0,0
4827,0.796,0,170,0,0,0,0,0,162,0,8,44,23,0,0,0
4828,0.800,0,170,0,0,0,0,0,162,0,8,44,23,0,0,0
4829,6.659,0,170,0,0,0,0,0,162,0,8,44,23,0,0,0
4830,25.099,0,170,0,0,0,0,0,162,0,8,44,23,0,0,0
4831,0.907,0,170,0,0,0,0,0,162,0,8,44,23,0,0,0
4832,0.716,0,170,0,0,0,0,0,162,0,8,44,23,0,0,0
4833,6.726,0,170,0,0,0,0,0,162,0,8,44,23,0,0,0
4834,24.961,0,170,0,0,0,0,0,162,0,8,44,23,0,0,0
4835,0.926,0,170,0,0,0,0,0,162,0,8,44,23,0,0,0
4836,2.052,0,170,0,0,0,0,0,162,0,8,44,23,0,0,0
4837,5.503,0,170,0,0,0,0,0,162,0,8,44,23,0,0,0
4838,24.902,0,170,0,0,0,0,0,162,0,8,44,23,0,0,0
4839,0.793,0,170,0,0,0,0,0,162,0,8,44,23,0,0,0
4840,0.690,0,170,0,0,0,0,0,162,0,8,44,23,0,0,0
4841,6.527,0,170,0,0,0,0,0,162,0,8,44,23,0,0,0
4842,25.332,0,170,0,0,0,0,0,162,0,8,44,23,0,0,0
4843,0.876,0,170,0,0,0,0,0,162,0,8,44,23,0,0,0
4844,0.624,0,170,0,0,0,0,0,162,0,8,44,23,0,0,0
4845,6.649,0,170,0,0,0,0,0,162,0,8,44,23,0,0,0
4846,25.184,0,170,0,0,0,0,0,162,0,8,44,23,0,0,0
4847,0.867,0,170,0,0,0,0,0,162,0,8,44,23,0,0,0
4848,0.841,0,170,0,0,0,0,0,162,0,8,44,23,0,0,0
4849,6.363,0,170,0,0,0,0,0,162,0,8,44,23,0,0,0
4850,25.463,0,170,0,0,0,0,0,162,0,8,44,23,0,0,0
4851,0.854,0,170,0,0,0,0,0,162,0,8,44,23,0,0,0
4852,0.754,0,170,0,0,0,0,0,162,0,8,44,23,0,0,0
4853,6.824,0,170,0,0,0,0,0,162,0,8,44,23,0,0,0
4854,24.666,0,170,0,0,0,0,0,162,0,8,44,23,0,0,0
4855,0.739,0,170,0,0,0,0,0,162,0,8,44,23,0,0,0
4856,0.624,0,170,0,0,0,0,0,162,0,8,44,23,0,0,0
4857,6.739,0,170,0,0,0,0,0,162,0,8,44,23,0,0,0
4858,25.127,0,170,0,0,0,0,0,162,0,8,44,23,0,0,0
4859,0.880,0,170,0,0,0,0,0,162,0,8,44,23,0,0,0
4860,0.621,0,170,0,0,0,0,0,162,0,8,44,23,0,0,0
4861,6.818,0,170,0,0,0,0,0,162,0,8,44,23,0,0,0
4862,25.116,0,170,0,0,0,0,0,162,0,8,44,23,0,0,0
4863,0.930,0,170,0,0,0,0,0,162,0,8,44,23,0,0,0
4864,1.684,0,170,0,0,0,0,0,162,0,8,44,23,0,0,0
4865,5.405,0,170,0,0,0,0,0,162,0,8,44,23,0,0,0
4866,25.355,0,170,0,0,0,0,0,162,0,8,44,23,0,0,0
4867,0.792,0,170,0,0,0,0,0,162,0,8,44,23,0,0,0
4868,0.704,0,170,0,0,0,0,0,162,0,8,44,23,0,0,0
4869,6.646,0,170,0,0,0,0,0,162,0,8,44,23,0,0,0
4870,25.107,0,170,0,0,0,0,0,162,0,8,44,23,0,0,0
4871,1.002,0,170,0,0,0,0,0,162,0,8,44,23,0,0,0
4872,0.683,0,170,0,0,0,0,0,162,0,8,44,23,0,0,0
4873,6.424,0,170,0,0,0,0,0,162,0,8,44,23,0,0,0
4874,25.267,0,170,0,0,0,0,0,162,0,8,44,23,0,0,0
4875,0.806,0,170,0,0,0,0,0,162,0,8,44,23,0,0,0
4876,0.711,0,170,0,0,0,0,0,162,0,8,44,23,0,0,0
4877,6.563,0,170,0,0,0,0,0,162,0,8,44,23,0,0,0
4878,25.168,0,170,0,0,0,0,0,162,0,8,44,24,0,0,0
4879,0.829,0,170,0,0,0,0,0,162,0,8,44,24,0,0,0
4880,0.766,0,170,0,0,0,0,0,162,0,8,44,24,0,0,0
4881,6.663,0,170,0,0,0,0,0,162,0,8,44,24,0,0,0
4882,25.195,0,170,0,0,0,0,0,162,0,8,44,24,0,0,0
4883,0.888,0,170,0,0,0,0,0,162,0,8,44,24,0,0,0
4884,0.662,0,170,0,0,0,0,0,162,0,8,44,24,0,0,0
4885,6.646,0,170,0,0,0,0,0,162,0,8,44,24,0,0,0
4886,25.045,0,170,0,0,0,0,0,162,0,8,44,24,0,0,0
4887,0.898,0,170,0,0,0,0,0,162,0,8,44,24,0,0,0
4888,0.891,0,170,0,0,0,0,0,162,0,8,44,24,0,0,0
4889,6.482,0,170,0,0,0,0,0,162,0,8,44,24,0,0,0
4890,25.096,0,170,0,0,0,0,0,162,0,8,44,24,0,0,0
4891,0.790,0,170,0,0,0,0,0,162,0,8,44,24,0,0,0
4892,0.720,0,170,0,0,0,0,0,162,0,8,44,24,0,0,0
4893,6.604,0,170,0,0,0,0,0,162,0,8,44,24,0,0,0
4894,25.219,0,170,0,0,0,0,0,162,0,8,44,24,0,0,0
4895,0.855,0,170,0,0,0,0,0,162,0,8,44,24,0,0,0
4896,0.691,0,170,0,0,0,0,0,162,0,8,44,24,0,0,0
4897,6.518,0,170,0,0,0,0,0,162,0,8,44,24,0,0,0
4898,25.347,0,170,0,0,0,0,0,162,0,8,44,24,0,0,0
4899,0.910,0,170,0,0,0,0,0,162,0,8,44,24,0,0,0
4900,0.740,0,170,0,0,0,0,0,162,0,8,44,24,0,0,0
4901,6.462,0,170,0,0,0,0,0,162,0,8,44,24,0,0,0
4902,25.121,0,170,0,0,0,0,0,162,0,8,44,24,0,0,0
4903,0.876,0,170,0,0,0,0,0,162,0,8,44,24,0,0,0
4904,0.622,0,170,0,0,0,0,0,162,0,8,44,24,0,0,0
4905,6.753,0,170,0,0,0,0,0,162,0,8,44,24,0,0,0
4906,25.024,0,170,0,0,0,0,0,162,0,8,44,24,0,0,0
4907,0.853,0,170,0,0,0,0,0,162,0,8,44,24,0,0,0
4908,0.661,0,170,0,0,0,0,0,162,0,8,44,24,0,0,0
4909,6.861,0,170,0,0,0,0,0,162,0,8,44,24,0,0,0
4910,25.019,0,170,0,0,0,0,0,162,0,8,44,25,0,0,0
4911,0.865,0,170,0,0,0,0,0,162,0,8,44,25,0,0,0
4912,0.698,0,170,0,0,0,0,0,162,0,8,44,25,0,0,0
4913,6.570,0,170,0,0,0,0,0,162,0,8,44,25,0,0,0
4914,25.250,0,170,0,0,0,0,0,162,0,8,44,25,0,0,0
4915,0.833,0,170,0,0,0,0,0,162,0,8,44,25,0,0,0
4916,1.803,0,170,0,0,0,0,0,162,0,8,44,25,0,0,0
4917,5.546,0,170,0,0,0,0,0,162,0,8,44,25,0,0,0
4918,25.000,0,170,0,0,0,0,0,162,0,8,44,25,0,0,0
4919,0.815,0,170,0,0,0,0,0,162,0,8,44,25,0,0,0
4920,0.784,0,170,0,0,0,0,0,162,0,8,44,25,0,0,0
4921,6.604,0,170,0,0,0,0,0,162,0,8,44,25,0,0,0
4922,25.202,0,170,0,0,0,0,0,162,0,8,44,25,0,0,0
4923,0.849,0,170,0,0,0,0,0,162,0,8,44,25,0,0,0
4924,0.733,0,170,0,0,0,0,0,162,0,8,44,25,0,0,0
4925,6.655,0,170,0,0,0,0,0,162,0,8,44,25,0,0,0
4926,25.075,0,170,0,0,0,0,0,162,0,8,44,25,0,0,0
4927,0.887,0,170,0,0,0,0,0,162,0,8,44,25,0,0,0
4928,0.773,0,170,0,0,0,0,0,162,0,8,44,25,0,0,0
4929,6.480,0,170,0,0,0,0,0,162,0,8,44,25,0,0,0
4930,25.186,0,170,0,0,0,0,0,162,0,8,44,25,0,0,0
4931,0.922,0,170,0,0,0,0,0,162,0,8,44,25,0,0,0
4932,0.654,0,170,0,0,0,0,0,162,0,8,44,25,0,0,0
4933,6.835,0,170,0,0,0,0,0,162,0,8,44,25,0,0,0
4934,24.860,0,170,0,0,0,0,0,162,0,8,44,25,0,0,0
4935,0.917,0,170,0,0,0,0,0,162,0,8,44,25,0,0,0
4936,0.676,0,170,0,0,0,0,0,162,0,8,44,25,0,0,0
4937,6.666,0,170,0,0,0,0,0,162,0,8,44,25,0,0,0
4938,25.135,0,170,0,0,0,0,0,162,0,8,44,25,0,0,0
4939,0.851,0,170,0,0,0,0,0,162,0,8,44,25,0,0,0
4940,0.733,0,170,0,0,0,0,0,162,0,8,44,25,0,0,0
4941,6.587,0,170,0,0,0,0,0,162,0,8,44,25,0,0,0
4942,25.166,0,170,0,0,0,0,0,162,0,8,44,25,0,0,0
4943,0.794,0,170,0,0,0,0,0,162,0,8,44,25,0,0,0
4944,0.854,0,170,0,0,0,0,0,162,0,8,44,25,0,0,0
4945,6.522,0,170,0,0,0,0,0,162,0,8,44,25,0,0,0
4946,25.314,0,170,0,0,0,0,0,162,0,8,44,25,0,0,0
4947,0.795,0,170,0,0,0,0,0,162,0,8,44,25,0,0,0
4948,1.793,0,170,0,0,0,0,0,162,0,8,44,25,0,0,0
4949,5.440,0,170,0,0,0,0,0,162,0,8,44,25,0,0,0
4950,25.194,0,170,0,0,0,0,0,162,0,8,44,25,0,0,0
4951,0.801,0,170,0,0,0,0,0,162,0,8,44,25,0,0,0
4952,0.687,0,170,0,0,0,0,0,162,0,8,44,25,0,0,0
4953,6.675,0,170,0,0,0,0,0,162,0,8,44,25,0,0,0
4954,25.200,0,170,0,0,0,0,0,162,0,8,44,25,0,0,0
4955,0.985,0,170,0,0,0,0,0,162,0,8,44,25,0,0,0
4956,0.674,0,170,0,0,0,0,0,162,0,8,44,25,0,0,0
4957,6.593,0,170,0,0,0,0,0,162,0,8,44,25,0,0,0
4958,25.085,0,170,0,0,0,0,0,162,0,8,44,25,0,0,0
4959,0.917,0,170,0,0,0,0,0,162,0,8,44,25,0,0,0
4960,0.698,0,170,0,0,0,0,0,162,0,8,44,25,0,0,0
4961,6.520,0,170,0,0,0,0,0,162,0,8,44,25,0,0,0
4962,25.184,0,170,0,0,0,0,0,162,0,8,44,25,0,0,0
4963,0.909,0,170,0,0,0,0,0,162,0,8,44,25,0,0,0
4964,0.736,0,170,0,0,0,0,0,162,0,8,44,25,0,0,0
4965,6.515,0,170,0,0,0,0,0,162,0,8,44,25,0,0,0
4966,25.181,0,170,0,0,0,0,0,162,0,8,44,25,0,0,0
4967,1.019,0,170,0,0,0,0,0,162,0,8,44,25,0,0,0
4968,1.642,0,170,0,0,0,0,0,162,0,8,44,25,0,0,0
4969,5.650,0,170,0,0,0,0,0,162,0,8,44,25,0,0,0
4970,25.111,0,170,0,0,0,1,0,163,0,7,44,25,0,0,0
4971,0.946,0,170,0,0,0,0,0,163,0,7,44,25,0,0,0
4972,0.781,0,170,0,0,0,0,0,163,0,7,44,25,0,0,0
4973,6.529,0,170,0,0,0,0,0,163,0,7,44,25,0,0,0
4974,25.071,0,170,0,0,0,0,0,163,0,7,44,25,0,0,0
4975,0.844,0,170,0,0,0,0,0,163,0,7,44,25,0,0,0
4976,0.636,0,170,0,0,0,0,0,163,0,7,44,25,0,0,0
4977,6.441,0,170,0,0,0,0,0,163,0,7,44,25,0,0,0
4978,25.168,0,170,0,0,0,0,0,163,0,7,44,25,0,0,0
4979,0.844,0,170,0,0,0,0,0,163,0,7,44,25,0,0,0
4980,0.630,0,170,0,0,0,0,0,163,0,7,44,25,0,0,0
4981,6.822,0,170,0,0,0,0,0,163,0,7,44,25,0,0,0
4982,25.183,0,170,0,0,0,0,0,163,0,7,44,25,0,0,0
4983,0.881,0,170,0,0,0,0,0,163,0,7,44,25,0,0,0
4984,0.630,0,170,0,0,0,0,0,163,0,7,44,25,0,0,0
4985,6.549,0,170,0,0,0,0,0,163,0,7,44,25,0,0,0
4986,25.220,0,170,0,0,0,0,0,163,0,7,44,25,0,0,0
4987,0.805,0,170,0,0,0,0,0,163,0,7,44,25,0,0,0
4988,0.601,0,170,0,0,0,0,0,163,0,7,44,25,0,0,0
4989,6.711,0,170,0,0,0,0,0,163,0,7,44,25,0,0,0
4990,25.442,0,170,0,0,0,0,0,163,0,7,44,25,0,0,0
4991,1.313,0,170,0,0,0,0,0,163,0,7,44,25,0,0,0
4992,0.774,0,170,0,0,0,0,0,163,0,7,44,25,0,0,0
4993,5.827,0,170,0,0,0,0,0,163,0,7,44,25,0,0,0
4994,25.233,0,170,0,0,0,0,0,163,0,7,44,25,0,0,0
4995,0.865,0,170,0,0,0,0,0,163,0,7,44,25,0,0,0
4996,0.670,0,170,0,0,0,0,0,163,0,7,44,25,0,0,0
4997,6.640,0,170,0,0,0,0,0,163,0,7,44,25,0,0,0
4998,25.118,0,170,0,0,0,0,0,163,0,7,44,25,0,0,0
4999,0.978,0,170,0,0,0,0,0,163,0,7,44,25,0,0,0
5000,0.784,0,170,0,0,0,0,0,163,0,7,44,25,0,0,0
5001,6.272,0,170,0,0,0,0,0,163,0,7,44,25,0,0,0
5002,25.263,0,170,0,0,0,0,0,163,0,7,44,25,0,0,0
5003,0.827,0,170,0,0,0,0,0,163,0,7,44,25,0,0,0
5004,0.815,0,170,0,0,0,0,0,163,0,7,44,25,0,0,0
5005,6.743,0,170,0,0,0,0,0,163,0,7,44,25,0,0,0
5006,25.078,0,170,0,0,0,0,0,163,0,7,44,25,0,0,0
5007,0.844,0,170,0,0,0,0,0,163,0,7,44,25,0,0,0
5008,0.689,0,170,0,0,0,0,0,163,0,7,44,25,0,0,0
5009,6.571,0,170,0,0,0,0,0,163,0,7,44,25,0,0,0
5010,25.090,0,170,0,0,0,0,0,163,0,7,44,25,0,0,0
5011,0.792,0,170,0,0,0,0,0,163,0,7,44,25,0,0,0
5012,0.704,0,170,0,0,0,0,0,163,0,7,44,25,0,0,0
5013,6.741,0,170,0,0,0,0,0,163,0,7,44,25,0,0,0
5014,25.093,0,170,0,0,0,1,0,163,0,7,44,25,0,0,0
5015,0.881,0,170,0,0,0,0,0,163,0,7,44,25,0,0,0
5016,0.709,0,170,0,0,0,0,0,163,0,7,44,25,0,0,0
5017,6.583,0,170,0,0,0,0,0,163,0,7,44,25,0,0,0
5018,25.198,0,170,0,0,0,0,0,163,0,7,44,25,0,0,0
5019,0.835,0,170,0,0,0,0,0,163,0,7,44,25,0,0,0
5020,0.714,0,170,0,0,0,0,0,163,0,7,44,25,0,0,0
5021,6.678,0,170,0,0,0,0,0,163,0,7,44,25,0,0,0
5022,25.165,0,170,0,0,0,0,0,163,0,7,44,25,0,0,0
5023,0.854,0,170,0,0,0,0,0,163,0,7,44,25,0,0,0
5024,1.336,0,170,0,0,0,0,0,163,0,7,44,25,0,0,0
5025,5.833,0,170,0,0,0,0,0,163,0,7,44,25,0,0,0
5026,25.183,0,170,0,0,0,0,0,163,0,7,44,25,0,0,0
5027,0.780,0,170,0,0,0,0,0,163,0,7,44,25,0,0,0
5028,0.728,0,170,0,0,0,0,0,163,0,7,44,25,0,0,0
5029,6.874,0,170,0,0,0,0,0,163,0,7,44,25,0,0,0
5030,25.119,0,170,0,0,0,0,0,163,0,7,44,25,0,0,0
5031,0.830,0,170,0,0,0,0,0,163,0,7,44,25,0,0,0
5032,0.851,0,170,0,0,0,0,0,163,0,7,44,25,0,0,0
5033,6.379,0,170,0,0,0,0,0,163,0,7,44,25,0,0,0
5034,25.189,0,170,0,0,0,0,0,163,0,7,44,25,0,0,0
5035,0.843,0,170,0,0,0,0,0,163,0,7,44,25,0,0,0
5036,0.615,0,170,0,0,0,0,0,163,0,7,44,25,0,0,0
5037,6.907,0,170,0,0,0,0,0,163,0,7,44,25,0,0,0
5038,24.913,0,170,0,0,0,0,0,163,0,7,44,25,0,0,0
5039,0.879,0,170,0,0,0,0,0,163,0,7,44,25,0,0,0
5040,0.609,0,170,0,0,0,0,0,163,0,7,44,25,0,0,0
5041,6.771,0,170,0,0,0,0,0,163,0,7,44,25,0,0,0
5042,25.017,0,170,0,0,0,0,0,163,0,7,44,25,0,0,0
5043,0.917,0,170,0,0,0,0,0,163,0,7,44,25,0,0,0
5044,0.708,0,170,0,0,0,0,0,163,0,7,44,25,0,0,0
5045,6.677,0,170,0,0,0,0,0,163,0,7,44,25,0,0,0
5046,25.005,0,170,0,0,0,0,0,163,0,7,44,25,0,0,0
5047,0.908,0,170,0,0,0,0,0,163,0,7,44,25,0,0,0
5048,1.252,0,170,0,0,0,0,0,163,0,7,44,25,0,0,0
5049,6.140,0,170,0,0,0,0,0,163,0,7,44,25,0,0,0
5050,25.070,0,170,0,0,0,0,0,163,0,7,44,25,0,0,0
5051,0.932,0,170,0,0,0,0,0,163,0,7,44,25,0,0,0
5052,0.699,0,170,0,0,0,0,0,163,0,7,44,25,0,0,0
5053,6.624,0,170,0,0,0,0,0,163,0,7,44,25,0,0,0
5054,25.049,0,170,0,0,0,0,0,163,0,7,44,25,0,0,0
5055,0.833,0,170,0,0,0,0,0,163,0,7,44,25,0,0,0
5056,0.637,0,170,0,0,0,0,0,163,0,7,44,25,0,0,0
5057,6.601,0,170,0,0,0,0,0,163,0,7,44,25,0,0,0
5058,25.274,0,170,0,0,0,0,0,163,0,7,44,25,0,0,0
5059,0.885,0,170,0,0,0,0,0,163,0,7,44,25,0,0,0
5060,0.671,0,170,0,0,0,0,0,163,0,7,44,25,0,0,0
5061,6.761,0,170,0,0,0,0,0,163,0,7,44,25,0,0,0
5062,24.949,0,170,0,0,0,0,0,163,0,7,44,25,0,0,0
5063,0.855,0,170,0,0,0,0,0,163,0,7,44,25,0,0,0
5064,0.634,0,170,0,0,0,0,0,163,0,7,44,25,0,0,0
5065,6.635,0,170,0,0,0,0,0,163,0,7,44,25,0,0,0
5066,25.248,0,170,0,0,0,0,0,163,0,7,44,25,0,0,0
5067,0.969,0,170,0,0,0,0,0,163,0,7,44,25,0,0,0
5068,0.694,0,170,0,0,0,0,0,163,0,7,44,25,0,0,0
5069,6.641,0,170,0,0,0,0,0,163,0,7,44,25,0,0,0
5070,25.073,0,170,0,0,0,1,0,164,0,6,44,25,0,0,0
5071,1.147,0,170,0,0,0,0,0,164,0,6,44,25,0,0,0
5072,0.840,0,170,0,0,0,0,0,164,0,6,44,25,0,0,0
5073,6.255,0,170,0,0,0,0,0,164,0,6,44,25,0,0,0
5074,25.316,0,170,0,0,0,0,0,164,0,6,44,25,0,0,0
5075,0.885,0,170,0,0,0,0,0,164,0,6,44,25,0,0,0
5076,1.208,0,170,0,0,0,0,0,164,0,6,44,25,0,0,0
5077,5.876,0,170,0,0,0,0,0,164,0,6,44,25,0,0,0
5078,25.138,0,170,0,0,0,0,0,164,0,6,44,25,0,0,0
5079,0.917,0,170,0,0,0,0,0,164,0,6,44,25,0,0,0
5080,0.623,0,170,0,0,0,0,0,164,0,6,44,25,0,0,0
5081,6.561,0,170,0,0,0,0,0,164,0,6,44,25,0,0,0
5082,25.340,0,170,0,0,0,0,0,164,0,6,44,25,0,0,0
5083,0.899,0,170,0,0,0,0,0,164,0,6,44,25,0,0,0
5084,0.635,0,170,0,0,0,0,0,164,0,6,44,25,0,0,0
5085,6.540,0,170,0,0,0,0,0,164,0,6,44,25,0,0,0
5086,25.138,0,170,0,0,0,0,0,164,0,6,44,25,0,0,0
5087,0.874,0,170,0,0,0,0,0,164,0,6,44,25,0,0,0
5088,0.684,0,170,0,0,0,0,0,164,0,6,44,25,0,0,0
5089,6.556,0,170,0,0,0,0,0,164,0,6,44,25,0,0,0
5090,25.364,0,170,0,0,0,0,0,164,0,6,44,25,0,0,0
5091,0.934,0,170,0,0,0,0,0,164,0,6,44,25,0,0,0
5092,0.674,0,170,0,0,0,0,0,164,0,6,44,25,0,0,0
5093,6.511,0,170,0,0,0,0,0,164,0,6,44,25,0,0,0
5094,25.161,0,170,0,0,0,0,0,164,0,6,44,25,0,0,0
5095,0.814,0,170,0,0,0,0,0,164,0,6,44,25,0,0,0
5096,0.640,0,170,0,0,0,0,0,164,0,6,44,25,0,0,0
5097,6.746,0,170,0,0,0,0,0,164,0,6,44,25,0,0,0
5098,25.008,0,170,0,0,0,0,0,164,0,6,44,25,0,0,0
5099,0.903,0,170,0,0,0,0,0,164,0,6,44,25,0,0,0
5100,0.662,0,170,0,0,0,0,0,164,0,6,44,25,0,0,0
5101,6.853,0,170,0,0,0,0,0,164,0,6,44,25,0,0,0
5102,25.113,0,170,0,0,0,0,0,164,0,6,44,25,0,0,0
5103,0.948,0,170,0,0,0,0,0,164,0,6,44,25,0,0,0
5104,0.802,0,170,0,0,0,0,0,164,0,6,44,25,0,0,0
5105,6.246,0,170,0,0,0,0,0,164,0,6,44,25,0,0,0
5106,25.175,0,170,0,0,0,0,0,164,0,6,44,25,0,0,0
5107,0.801,0,170,0,0,0,0,0,164,0,6,44,25,0,0,0
5108,0.646,0,170,0,0,0,0,0,164,0,6,44,25,0,0,0
5109,6.946,0,170,0,0,0,0,0,164,0,6,44,25,0,0,0
5110,25.011,0,170,0,0,0,0,0,164,0,6,44,25,0,0,0
5111,0.917,0,170,0,0,0,0,0,164,0,6,44,25,0,0,0
5112,0.690,0,170,0,0,0,0,0,164,0,6,44,25,0,0,0
5113,6.706,0,170,0,0,0,0,0,164,0,6,44,25,0,0,0
5114,24.953,0,170,0,0,0,0,0,164,0,6,44,25,0,0,0
5115,0.856,0,170,0,0,0,0,0,164,0,6,44,25,0,0,0
5116,0.672,0,170,0,0,0,0,0,164,0,6,44,25,0,0,0
5117,6.785,0,170,0,0,0,0,0,164,0,6,44,25,0,0,0
5118,25.022,0,170,0,0,0,0,0,164,0,6,44,25,0,0,0
5119,0.852,0,170,0,0,0,0,0,164,0,6,44,25,0,0,0
5120,0.853,0,170,0,0,0,0,0,164,0,6,44,25,0,0,0
5121,6.628,0,170,0,0,0,0,0,164,0,6,44,25,0,0,0
5122,25.134,0,170,0,0,0,0,0,164,0,6,44,25,0,0,0
5123,0.862,0,170,0,0,0,0,0,164,0,6,44,25,0,0,0
5124,2.082,0,170,0,0,0,0,0,164,0,6,44,25,0,0,0
5125,5.106,0,170,0,0,0,0,0,164,0,6,44,25,0,0,0
5126,25.189,0,170,0,0,0,0,0,164,0,6,44,25,0,0,0
5127,0.983,0,170,0,0,0,0,0,164,0,6,44,25,0,0,0
5128,0.686,0,170,0,0,0,0,0,164,0,6,44,25,0,0,0
5129,6.396,0,170,0,0,0,0,0,164,0,6,44,25,0,0,0
5130,25.275,0,170,0,0,0,0,0,164,0,6,44,25,0,0,0
5131,0.872,0,170,0,0,0,0,0,164,0,6,44,25,0,0,0
5132,0.670,0,170,0,0,0,0,0,164,0,6,44,25,0,0,0
5133,6.614,0,170,0,0,0,0,0,164,0,6,44,25,0,0,0
5134,25.125,0,170,0,0,0,0,0,164,0,6,44,25,0,0,0
5135,0.923,0,170,0,0,0,0,0,164,0,6,44,25,0,0,0
5136,0.714,0,170,0,0,0,0,0,164,0,6,44,25,0,0,0
5137,6.574,0,170,0,0,0,0,0,164,0,6,44,25,0,0,0
5138,25.115,0,170,0,0,0,0,0,164,0,6,44,25,0,0,0
5139,0.908,0,170,0,0,0,0,0,164,0,6,44,25,0,0,0
5140,0.731,0,170,0,0,0,0,0,164,0,6,44,25,0,0,0
5141,6.654,0,170,0,0,0,0,0,164,0,6,44,25,0,0,0
5142,25.019,0,170,0,0,0,0,0,164,0,6,44,25,0,0,0
5143,0.980,0,170,0,0,0,0,0,164,0,6,44,25,0,0,0
5144,0.702,0,170,0,0,0,0,0,164,0,6,44,25,0,0,0
5145,6.744,0,170,0,0,0,0,0,164,0,6,44,25,0,0,0
5146,24.873,0,170,0,0,0,0,0,164,0,6,44,25,0,0,0
5147,0.857,0,170,0,0,0,0,0,164,0,6,44,25,0,0,0
5148,0.772,0,170,0,0,0,0,0,164,0,6,44,25,0,0,0
5149,6.631,0,170,0,0,0,0,0,164,0,6,44,25,0,0,0
5150,25.302,0,170,0,0,0,0,0,164,0,6,44,25,0,0,0
5151,1.007,0,170,0,0,0,0,0,164,0,6,44,25,0,0,0
5152,0.652,0,170,0,0,0,0,0,164,0,6,44,25,0,0,0
5153,6.525,0,170,0,0,0,0,0,164,0,6,44,25,0,0,0
5154,25.209,0,170,0,0,0,0,0,164,0,6,44,25,0,0,0
5155,0.831,0,170,0,0,0,0,0,164,0,6,44,25,0,0,0
5156,0.653,0,170,0,0,0,0,0,164,0,6,44,25,0,0,0
5157,6.748,0,170,0,0,0,0,0,164,0,6,44,25,0,0,0
5158,25.036,0,170,0,0,0,0,0,164,0,6,44,25,0,0,0
5159,0.867,0,170,0,0,0,0,0,164,0,6,44,25,0,0,0
5160,0.621,0,170,0,0,0,0,0,164,0,6,44,25,0,0,0
5161,6.790,0,170,0,0,0,0,0,164,0,6,44,25,0,0,0
5162,25.039,0,170,0,0,0,0,0,164,0,6,44,25,0,0,0
5163,0.942,0,170,0,0,0,0,0,164,0,6,44,25,0,0,0
5164,0.731,0,170,0,0,0,0,0,164,0,6,44,25,0,0,0
5165,6.648,0,170,0,0,0,0,0,164,0,6,44,25,0,0,0
5166,24.953,0,170,0,0,0,0,0,164,0,6,44,25,0,0,0
5167,0.882,0,170,0,0,0,0,0,164,0,6,44,25,0,0,0
5168,0.690,0,170,0,0,0,0,0,164,0,6,44,25,0,0,0
5169,6.790,0,170,0,0,0,0,0,164,0,6,44,25,0,0,0
5170,24.798,0,170,0,0,0,1,0,165,0,5,44,25,0,0,0
5171,0.858,0,170,0,0,0,0,0,165,0,5,44,25,0,0,0
5172,0.770,0,170,0,0,0,0,0,165,0,5,44,25,0,0,0
5173,6.673,0,170,0,0,0,0,0,165,0,5,44,25,0,0,0
5174,24.978,0,170,0,0,0,0,0,165,0,5,44,25,0,0,0
5175,0.839,0,170,0,0,0,0,0,165,0,5,44,25,0,0,0
5176,0.616,0,170,0,0,0,0,0,165,0,5,44,25,0,0,0
5177,6.815,0,170,0,0,0,0,0,165,0,5,44,25,0,0,0
5178,25.110,0,170,0,0,0,0,0,165,0,5,44,25,0,0,0
5179,0.981,0,170,0,0,0,0,0,165,0,5,44,25,0,0,0
5180,2.162,0,170,0,0,0,0,0,165,0,5,44,25,0,0,0
5181,5.050,0,170,0,0,0,0,0,165,0,5,44,25,0,0,0
5182,25.116,0,170,0,0,0,0,0,165,0,5,44,25,0,0,0
5183,0.940,0,170,0,0,0,0,0,165,0,5,44,25,0,0,0
5184,0.666,0,170,0,0,0,0,0,165,0,5,44,25,0,0,0
5185,6.546,0,170,0,0,0,0,0,165,0,5,44,25,0,0,0
5186,25.232,0,170,0,0,0,0,0,165,0,5,44,25,0,0,0
5187,0.962,0,170,0,0,0,0,0,165,0,5,44,25,0,0,0
5188,0.707,0,170,0,0,0,0,0,165,0,5,44,25,0,0,0
5189,6.587,0,170,0,0,0,1,0,166,0,4,44,25,0,0,0
5190,25.124,0,170,0,0,0,0,0,166,0,4,44,25,0,0,0
5191,0.939,0,170,0,0,0,0,0,166,0,4,44,25,0,0,0
5192,0.638,0,170,0,0,0,0,0,166,0,4,44,25,0,0,0
5193,6.562,0,170,0,0,0,0,0,166,0,4,44,25,0,0,0
5194,25.292,0,170,0,0,0,0,0,166,0,4,44,25,0,0,0
5195,0.880,0,170,0,0,0,0,0,166,0,4,44,25,0,0,0
5196,0.623,0,170,0,0,0,0,0,166,0,4,44,25,0,0,0
5197,6.728,0,170,0,0,0,0,0,166,0,4,44,25,0,0,0
5198,25.012,0,170,0,0,0,0,0,166,0,4,44,25,0,0,0
5199,0.905,0,170,0,0,0,0,0,166,0,4,44,25,0,0,0
5200,0.688,0,170,0,0,0,0,0,166,0,4,44,25,0,0,0
5201,6.701,0,170,0,0,0,0,0,166,0,4,44,25,0,0,0
5202,25.068,0,170,0,0,0,0,0,166,0,4,44,25,0,0,0
5203,0.940,0,170,0,0,0,0,0,166,0,4,44,25,0,0,0
5204,0.775,0,170,0,0,0,0,0,166,0,4,44,25,0,0,0
5205,6.398,0,170,0,0,0,0,0,166,0,4,44,25,0,0,0
5206,25.238,0,170,0,0,0,0,0,166,0,4,44,25,0,0,0
5207,0.969,0,170,0,0,0,0,0,166,0,4,44,25,0,0,0
5208,1.010,0,170,0,0,0,0,0,166,0,4,44,25,0,0,0
5209,5.974,0,170,0,0,0,0,0,166,0,4,44,25,0,0,0
5210,25.348,0,170,0,0,0,0,0,166,0,4,44,25,0,0,0
5211,0.960,0,170,0,0,0,0,0,166,0,4,44,25,0,0,0
5212,0.685,0,170,0,0,0,0,0,166,0,4,44,25,0,0,0
5213,6.606,0,170,0,0,0,0,0,166,0,4,44,25,0,0,0
5214,24.964,0,170,0,0,0,0,0,166,0,4,44,25,0,0,0
5215,0.884,0,170,0,0,0,0,0,166,0,4,44,25,0,0,0
5216,0.640,0,170,0,0,0,0,0,166,0,4,44,25,0,0,0
5217,6.646,0,170,0,0,0,0,0,166,0,4,44,25,0,0,0
5218,25.210,0,170,0,0,0,0,0,166,0,4,44,25,0,0,0
5219,0.969,0,170,0,0,0,0,0,166,0,4,44,25,0,0,0
5220,0.629,0,170,0,0,0,0,0,166,0,4,44,25,0,0,0
5221,6.714,0,170,0,0,0,0,0,166,0,4,44,25,0,0,0
5222,25.112,0,170,0,0,0,0,0,166,0,4,44,25,0,0,0
5223,0.950,0,170,0,0,0,0,0,166,0,4,44,25,0,0,0
5224,0.767,0,170,0,0,0,0,0,166,0,4,44,25,0,0,0
5225,6.477,0,170,0,0,0,0,0,166,0,4,44,25,0,0,0
5226,25.055,0,170,0,0,0,0,0,166,0,4,44,25,0,0,0
5227,0.833,0,170,0,0,0,0,0,166,0,4,44,25,0,0,0
5228,0.688,0,170,0,0,0,0,0,166,0,4,44,25,0,0,0
5229,6.726,0,170,0,0,0,0,0,166,0,4,44,25,0,0,0
5230,25.118,0,170,0,0,0,0,0,166,0,4,44,25,0,0,0
5231,0.844,0,170,0,0,0,0,0,166,0,4,44,25,0,0,0
5232,0.794,0,170,0,0,0,0,0,166,0,4,44,25,0,0,0
5233,6.721,0,170,0,0,0,0,0,166,0,4,44,25,0,0,0
5234,25.110,0,170,0,0,0,0,0,166,0,4,44,25,0,0,0
5235,0.807,0,170,0,0,0,0,0,166,0,4,44,25,0,0,0
5236,0.653,0,170,0,0,0,0,0,166,0,4,44,25,0,0,0
5237,6.525,0,170,0,0,0,0,0,166,0,4,44,25,0,0,0
5238,25.235,0,170,0,0,0,0,0,166,0,4,44,25,0,0,0
5239,0.979,0,170,0,0,0,0,0,166,0,4,44,25,0,0,0
5240,0.703,0,170,0,0,0,0,0,166,0,4,44,25,0,0,0
5241,6.494,0,170,0,0,0,0,0,166,0,4,44,25,0,0,0
5242,25.073,0,170,0,0,0,0,0,166,0,4,44,25,0,0,0
5243,0.829,0,170,0,0,0,0,0,166,0,4,44,25,0,0,0
5244,0.765,0,170,0,0,0,0,0,166,0,4,44,25,0,0,0
5245,6.672,0,170,0,0,0,1,0,167,0,3,44,25,0,0,0
5246,25.086,0,170,0,0,0,0,0,167,0,3,44,25,0,0,0
5247,0.995,0,170,0,0,0,0,0,167,0,3,44,25,0,0,0
5248,0.672,0,170,0,0,0,0,0,167,0,3,44,25,0,0,0
5249,6.629,0,170,0,0,0,0,0,167,0,3,44,25,0,0,0
5250,25.100,0,170,0,0,0,0,0,167,0,3,44,25,0,0,0
5251,0.835,0,170,0,0,0,0,0,167,0,3,44,25,0,0,0
5252,0.716,0,170,0,0,0,0,0,167,0,3,44,25,0,0,0
5253,6.617,0,170,0,0,0,0,0,167,0,3,44,25,0,0,0
5254,25.024,0,170,0,0,0,0,0,167,0,3,44,25,0,0,0
5255,1.002,0,170,0,0,0,0,0,167,0,3,44,25,0,0,0
5256,0.717,0,170,0,0,0,0,0,167,0,3,44,25,0,0,0
5257,6.465,0,170,0,0,0,0,0,167,0,3,44,25,0,0,0
5258,25.278,0,170,0,0,0,0,0,167,0,3,44,25,0,0,0
5259,0.916,0,170,0,0,0,0,0,167,0,3,44,25,0,0,0
5260,1.224,0,170,0,0,0,0,0,167,0,3,44,25,0,0,0
5261,6.145,0,170,0,0,0,0,0,167,0,3,44,25,0,0,0
5262,25.023,0,170,0,0,0,0,0,167,0,3,44,25,0,0,0
5263,0.926,0,170,0,0,0,0,0,167,0,3,44,25,0,0,0
5264,0.775,0,170,0,0,0,0,0,167,0,3,44,25,0,0,0
5265,6.313,0,170,0,0,0,0,0,167,0,3,44,25,0,0,0
5266,25.214,0,170,0,0,0,0,0,167,0,3,44,25,0,0,0
5267,0.966,0,170,0,0,0,0,0,167,0,3,44,25,0,0,0
5268,0.660,0,170,0,0,0,0,0,167,0,3,44,25,0,0,0
5269,6.801,0,170,0,0,0,0,0,167,0,3,44,25,0,0,0
5270,25.051,0,170,0,0,0,0,0,167,0,3,44,25,0,0,0
5271,0.846,0,170,0,0,0,0,0,167,0,3,44,25,0,0,0
5272,0.629,0,170,0,0,0,0,0,167,0,3,44,25,0,0,0
5273,6.628,0,170,0,0,0,0,0,167,0,3,44,25,0,0,0
5274,25.151,0,170,0,0,0,0,0,167,0,3,44,25,0,0,0
5275,0.782,0,170,0,0,0,0,0,167,0,3,44,25,0,0,0
5276,0.831,0,170,0,0,0,0,0,167,0,3,44,25,0,0,0
5277,6.625,0,170,0,0,0,0,0,167,0,3,44,25,0,0,0
5278,25.058,0,170,0,0,0,0,0,167,0,3,44,25,0,0,0
5279,1.108,0,170,0,0,0,0,0,167,0,3,44,25,0,0,0
5280,0.746,0,170,0,0,0,0,0,167,0,3,44,25,0,0,0
5281,6.548,0,170,0,0,0,0,0,167,0,3,44,25,0,0,0
5282,24.932,0,170,0,0,0,0,0,167,0,3,44,25,0,0,0
5283,1.056,0,170,0,0,0,0,0,167,0,3,44,25,0,0,0
5284,0.618,0,170,0,0,0,0,0,167,0,3,44,25,0,0,0
5285,6.599,0,170,0,0,0,0,0,167,0,3,44,25,0,0,0
5286,25.108,0,170,0,0,0,0,0,167,0,3,44,25,0,0,0
5287,0.875,0,170,0,0,0,0,0,167,0,3,44,25,0,0,0
5288,0.684,0,170,0,0,0,0,0,167,0,3,44,25,0,0,0
5289,6.647,0,170,0,0,0,0,0,167,0,3,44,25,0,0,0
5290,25.165,0,170,0,0,0,0,0,167,0,3,44,25,0,0,0
5291,0.986,0,170,0,0,0,0,0,167,0,3,44,25,0,0,0
5292,0.647,0,170,0,0,0,0,0,167,0,3,44,25,0,0,0
5293,6.630,0,170,0,0,0,0,0,167,0,3,44,25,0,0,0
5294,25.035,0,170,0,0,0,0,0,167,0,3,44,25,0,0,0
5295,0.914,0,170,0,0,0,0,0,167,0,3,44,25,0,0,0
5296,0.705,0,170,0,0,0,0,0,167,0,3,44,25,0,0,0
5297,6.617,0,170,0,0,0,0,0,167,0,3,44,25,0,0,0
5298,25.183,0,170,0,0,0,0,0,167,0,3,44,25,0,0,0
5299,0.796,0,170,0,0,0,0,0,167,0,3,44,25,0,0,0
5300,0.684,0,170,0,0,0,0,0,167,0,3,44,25,0,0,0
5301,6.541,0,170,0,0,0,0,0,167,0,3,44,25,0,0,0
5302,25.251,0,170,0,0,0,0,0,167,0,3,44,25,0,0,0
5303,1.115,0,170,0,0,0,0,0,167,0,3,44,25,0,0,0
5304,0.881,0,170,0,0,0,0,0,167,0,3,44,25,0,0,0
5305,6.087,0,170,0,0,0,0,0,167,0,3,44,25,0,0,0
5306,25.145,0,170,0,0,0,0,0,167,0,3,44,25,0,0,0
5307,0.775,0,170,0,0,0,0,0,167,0,3,44,25,0,0,0
5308,2.650,0,170,0,0,0,0,0,167,0,3,44,25,0,0,0
5309,4.804,0,170,0,0,0,0,0,167,0,3,44,25,0,0,0
5310,25.182,0,170,0,0,0,0,0,167,0,3,44,25,0,0,0
5311,0.824,0,170,0,0,0,0,0,167,0,3,44,25,0,0,0
5312,1.270,0,170,0,0,0,0,0,167,0,3,44,25,0,0,0
5313,5.908,0,170,0,0,0,0,0,167,0,3,44,25,0,0,0
5314,25.263,0,170,0,0,0,0,0,167,0,3,44,25,0,0,0
5315,0.892,0,170,0,0,0,0,0,167,0,3,44,25,0,0,0
5316,0.699,0,170,0,0,0,0,0,167,0,3,44,25,0,0,0
5317,6.563,0,170,0,0,0,0,0,167,0,3,44,25,0,0,0
5318,25.254,0,170,0,0,0,0,0,167,0,2,44,25,0,0,0
5319,0.816,0,170,0,0,0,0,0,167,0,2,44,25,0,0,0
5320,0.840,0,170,0,0,0,0,0,167,0,2,44,25,0,0,0
5321,6.635,0,170,0,0,0,0,0,167,0,2,44,25,0,0,0
5322,24.993,0,170,0,0,0,0,0,167,0,2,44,25,0,0,0
5323,0.925,0,170,0,0,0,0,0,167,0,2,44,25,0,0,0
5324,0.649,0,170,0,0,0,0,0,167,0,2,44,25,0,0,0
5325,6.650,0,170,0,0,0,0,0,167,0,2,44,25,0,0,0
5326,25.164,0,170,0,0,0,0,0,167,0,2,44,25,0,0,0
5327,0.899,0,170,0,0,0,0,0,167,0,2,44,25,0,0,0
5328,0.731,0,170,0,0,0,0,0,167,0,2,44,25,0,0,0
5329,6.441,0,170,0,0,0,0,0,167,0,2,44,25,0,0,0
5330,25.218,0,170,0,0,0,0,0,167,0,2,44,25,0,0,0
5331,0.972,0,170,0,0,0,0,0,167,0,2,44,25,0,0,0
5332,2.360,0,170,0,0,0,0,0,167,0,2,44,25,0,0,0
5333,4.955,0,170,0,0,0,0,0,167,0,2,44,25,0,0,0
5334,25.058,0,170,0,0,0,0,0,167,0,2,44,25,0,0,0
5335,0.932,0,170,0,0,0,0,0,167,0,2,44,25,0,0,0
5336,0.658,0,170,0,0,0,0,0,167,0,2,44,25,0,0,0
5337,6.471,0,170,0,0,0,0,0,167,0,2,44,25,0,0,0
5338,25.173,0,170,0,0,0,0,0,167,0,2,44,25,0,0,0
5339,0.874,0,170,0,0,0,0,0,167,0,2,44,25,0,0,0
5340,0.651,0,170,0,0,0,0,0,167,0,2,44,25,0,0,0
5341,6.630,0,170,0,0,0,0,0,167,0,2,44,25,0,0,0
5342,25.177,0,170,0,0,0,0,0,167,0,2,44,25,0,0,0
5343,0.854,0,170,0,0,0,0,0,167,0,2,44,25,0,0,0
5344,0.730,0,170,0,0,0,0,0,167,0,2,44,25,0,0,0
5345,6.647,0,170,0,0,0,0,0,167,0,2,44,25,0,0,0
5346,25.200,0,170,1,1,0,0,0,167,0,3,44,25,0,0,0
5347,0.877,0,170,1,1,0,0,0,167,0,3,44,25,1,0,0
5348,0.887,0,170,1,1,0,0,0,167,0,3,44,25,0,0,0
5349,6.433,0,171,0,1,1,0,0,167,0,3,44,25,1,0,0
5350,25.123,0,171,0,0,0,0,0,167,0,3,44,25,0,0,0
5351,0.885,0,171,0,0,0,0,0,167,0,3,44,25,0,0,0
5352,0.679,0,171,0,0,0,0,0,167,0,3,44,25,0,0,0
5353,6.568,0,171,0,0,0,0,0,167,0,3,44,25,0,0,0
5354,25.397,0,171,0,0,0,0,0,167,0,3,44,25,0,0,0
5355,0.801,0,171,0,0,0,0,0,167,0,3,44,25,0,0,0
5356,1.568,0,171,0,0,0,0,0,167,0,3,44,25,0,0,0
5357,5.643,0,171,0,0,0,0,0,167,0,3,44,25,0,0,0
5358,25.026,0,171,0,0,0,0,0,167,0,3,44,25,0,0,0
5359,0.841,0,171,0,0,0,0,0,167,0,3,44,25,0,0,0
5360,0.669,0,171,0,0,0,0,0,167,0,3,44,25,0,0,0
5361,6.626,0,171,0,0,0,0,0,167,0,3,44,25,0,0,0
5362,25.289,0,171,0,0,0,0,0,167,0,3,44,25,0,0,0
5363,0.872,0,171,0,0,0,0,0,167,0,3,44,25,0,0,0
5364,0.675,0,171,0,0,0,0,0,167,0,3,44,25,0,0,0
5365,6.529,0,171,0,0,0,0,0,167,0,3,44,25,0,0,0
5366,25.405,0,171,0,0,0,0,0,167,0,3,44,25,0,0,0
5367,1.141,0,171,0,0,0,0,0,167,0,3,44,25,0,0,0
5368,0.807,0,171,0,0,0,0,0,167,0,3,44,25,0,0,0
5369,6.093,0,171,0,0,0,0,0,167,0,3,44,25,0,0,0
5370,25.146,0,171,0,0,0,0,0,167,0,3,44,25,0,0,0
5371,0.979,0,171,0,0,0,0,0,167,0,3,44,25,0,0,0
5372,0.758,0,171,0,0,0,0,0,167,0,3,44,25,0,0,0
5373,6.639,0,171,0,0,0,0,0,167,0,3,44,25,0,0,0
5374,24.987,0,171,0,0,0,0,0,167,0,3,44,25,0,0,0
5375,0.830,0,171,0,0,0,0,0,167,0,3,44,25,0,0,0
5376,0.732,0,171,0,0,0,0,0,167,0,3,44,25,0,0,0
5377,6.631,0,171,0,0,0,0,0,167,0,3,44,25,0,0,0
5378,25.110,0,171,0,0,0,0,0,167,0,3,44,25,0,0,0
5379,0.881,0,171,0,0,0,0,0,167,0,3,44,25,0,0,0
5380,0.775,0,171,0,0,0,0,0,167,0,3,44,25,0,0,0
5381,6.695,0,171,0,0,0,0,0,167,0,3,44,25,0,0,0
5382,25.016,0,171,0,0,0,0,0,167,0,3,44,25,0,0,0
5383,0.971,0,171,0,0,0,0,0,167,0,3,44,25,0,0,0
5384,1.666,0,171,0,0,0,0,0,167,0,3,44,25,0,0,0
5385,5.421,0,171,0,0,0,0,0,167,0,3,44,25,0,0,0
5386,25.230,0,171,0,0,0,0,0,167,0,3,44,25,0,0,0
5387,0.939,0,171,0,0,0,0,0,167,0,3,44,25,0,0,0
5388,0.806,0,171,0,0,0,0,0,167,0,3,44,25,0,0,0
5389,6.429,0,171,0,0,0,0,0,167,0,3,44,25,0,0,0
5390,25.201,0,171,0,0,0,0,0,167,0,3,44,25,0,0,0
5391,0.886,0,171,0,0,0,0,0,167,0,3,44,25,0,0,0
5392,0.710,0,171,0,0,0,0,0,167,0,3,44,25,0,0,0
5393,6.537,0,171,0,0,0,0,0,167,0,3,44,25,0,0,0
5394,25.300,0,171,0,0,0,0,0,167,0,3,44,25,0,0,0
5395,0.903,0,171,0,0,0,0,0,167,0,3,44,25,0,0,0
5396,0.680,0,171,0,0,0,0,0,167,0,3,44,25,0,0,0
5397,6.365,0,171,0,0,0,0,0,167,0,3,44,25,0,0,0
5398,25.147,0,171,0,0,0,0,0,167,0,3,44,25,0,0,0
5399,0.961,0,171,0,0,0,0,0,167,0,3,44,25,0,0,0
5400,0.743,0,171,0,0,0,0,0,167,0,3,44,25,0,0,0
5401,6.870,0,171,0,0,0,0,0,167,0,3,44,25,0,0,0
5402,24.765,0,171,0,0,0,0,0,167,0,3,44,25,0,0,0
5403,0.998,0,171,0,0,0,0,0,167,0,3,44,25,0,0,0
5404,1.108,0,171,0,0,0,0,0,167,0,3,44,25,0,0,0
5405,6.189,0,171,0,0,0,0,0,167,0,3,44,25,0,0,0
5406,25.031,0,171,0,0,0,0,0,167,0,3,44,25,0,0,0
5407,0.974,0,171,0,0,0,0,0,167,0,3,44,25,0,0,0
5408,0.889,0,171,0,0,0,0,0,167,0,3,44,25,0,0,0
5409,6.297,0,171,0,0,0,0,0,167,0,3,44,25,0,0,0
5410,25.271,0,171,0,0,0,0,0,167,0,3,44,25,0,0,0
5411,0.956,0,171,0,0,0,0,0,167,0,3,44,25,0,0,0
5412,0.778,0,171,0,0,0,0,0,167,0,3,44,25,0,0,0
5413,6.316,0,171,0,0,0,0,0,167,0,3,44,25,0,0,0
5414,25.186,0,171,0,0,0,0,0,167,0,3,44,25,0,0,0
5415,0.949,0,171,0,0,0,0,0,167,0,3,44,25,0,0,0
5416,0.664,0,171,0,0,0,0,0,167,0,3,44,25,0,0,0
5417,6.562,0,171,0,0,0,0,0,167,0,3,44,25,0,0,0
5418,25.306,0,171,0,0,0,0,0,167,0,3,44,25,0,0,0
5419,0.936,0,171,0,0,0,0,0,167,0,3,44,25,0,0,0
5420,0.647,0,171,0,0,0,0,0,167,0,3,44,25,0,0,0
5421,6.650,0,171,0,0,0,0,0,167,0,3,44,25,0,0,0
5422,24.894,0,171,0,0,0,0,0,167,0,3,44,25,0,0,0
5423,0.829,0,171,0,0,0,0,0,167,0,3,44,25,0,0,0
5424,0.706,0,171,0,0,0,0,0,167,0,3,44,25,0,0,0
5425,6.934,0,171,0,0,0,0,0,167,0,3,44,25,0,0,0
5426,24.957,0,171,0,0,0,0,0,167,0,3,44,25,0,0,0
5427,1.051,0,171,0,0,0,0,0,167,0,3,44,25,0,0,0
5428,0.690,0,171,0,0,0,0,0,167,0,3,44,25,0,0,0
5429,6.483,0,171,0,0,0,0,0,167,0,3,44,25,0,0,0
5430,25.060,0,171,0,0,0,0,0,167,0,3,44,25,0,0,0
5431,0.754,0,171,0,0,0,0,0,167,0,3,44,25,0,0,0
5432,0.813,0,171,0,0,0,0,0,167,0,3,44,25,0,0,0
5433,6.655,0,171,0,0,0,0,0,167,0,3,44,25,0,0,0
5434,25.129,0,171,0,0,0,0,0,167,0,3,44,25,0,0,0
5435,0.813,0,171,0,0,0,0,0,167,0,3,44,25,0,0,0
5436,1.090,0,171,0,0,0,0,0,167,0,3,44,25,0,0,0
5437,6.399,0,171,0,0,0,0,0,167,0,3,44,25,0,0,0
5438,25.151,0,171,0,0,0,0,0,167,0,3,44,25,0,0,0
5439,0.807,0,171,0,0,0,0,0,167,0,3,44,25,0,0,0
5440,1.484,0,171,0,0,0,0,0,167,0,3,44,25,0,0,0
5441,5.743,0,171,0,0,0,0,0,167,0,3,44,25,0,0,0
5442,25.187,0,171,0,0,0,0,0,167,0,3,44,25,0,0,0
5443,0.876,0,171,0,0,0,0,0,167,0,3,44,25,0,0,0
5444,0.702,0,171,0,0,0,0,0,167,0,3,44,25,0,0,0
5445,6.501,0,171,0,0,0,0,0,167,0,3,44,25,0,0,0
5446,25.286,0,171,0,0,0,0,0,167,0,3,44,25,0,0,0
5447,0.932,0,171,0,0,0,0,0,167,0,3,44,25,0,0,0
5448,0.740,0,171,0,0,0,0,0,167,0,3,44,25,0,0,0
5449,6.420,0,171,0,0,0,0,0,167,0,3,44,25,0,0,0
5450,25.349,0,171,0,0,0,0,0,167,0,3,44,25,0,0,0
5451,0.901,0,171,0,0,0,0,0,167,0,3,44,25,0,0,0
5452,0.683,0,171,0,0,0,0,0,167,0,3,44,25,0,0,0
5453,6.432,0,171,0,0,0,0,0,167,0,3,44,25,0,0,0
5454,25.212,0,171,0,0,0,0,0,167,0,3,44,25,0,0,0
5455,0.857,0,171,0,0,0,0,0,167,0,3,44,25,0,0,0
5456,0.671,0,171,0,0,0,0,0,167,0,3,44,25,0,0,0
5457,6.513,0,171,0,0,0,0,0,167,0,3,44,25,0,0,0
5458,25.224,0,171,0,0,0,0,0,167,0,3,44,25,0,0,0
5459,0.833,0,171,0,0,0,0,0,167,0,3,44,25,0,0,0
5460,0.788,0,171,0,0,0,0,0,167,0,3,44,25,0,0,0
5461,6.724,0,171,0,0,0,0,0,167,0,3,44,25,0,0,0
5462,25.088,0,171,0,0,0,0,0,167,0,3,44,25,0,0,0
5463,1.004,0,171,0,0,0,0,0,167,0,3,44,25,0,0,0
5464,1.040,0,171,0,0,0,0,0,167,0,3,44,25,0,0,0
5465,6.108,0,171,0,0,0,0,0,167,0,3,44,25,0,0,0
5466,25.531,0,171,0,0,0,0,0,167,0,3,44,25,0,0,0
5467,1.175,0,171,0,0,0,0,0,167,0,3,44,25,0,0,0
5468,1.255,0,171,0,0,0,0,0,167,0,3,44,25,0,0,0
5469,5.343,0,171,0,0,0,0,0,167,0,3,44,25,0,0,0
5470,25.238,0,171,0,0,0,0,0,167,0,3,44,25,0,0,0
5471,0.800,0,171,0,0,0,0,0,167,0,3,44,25,0,0,0
5472,0.663,0,171,0,0,0,0,0,167,0,3,44,25,0,0,0
5473,6.606,0,171,0,0,0,0,0,167,0,3,44,25,0,0,0
5474,25.122,0,171,0,0,0,0,0,167,0,2,44,25,0,0,0
5475,0.949,0,171,0,0,0,0,0,167,0,2,44,25,0,0,0
5476,0.740,0,171,0,0,0,0,0,167,0,2,44,25,0,0,0
5477,6.556,0,171,0,0,0,0,0,167,0,2,44,25,0,0,0
5478,25.221,0,171,0,0,0,0,0,167,0,2,44,25,0,0,0
5479,0.929,0,171,0,0,0,0,0,167,0,2,44,25,0,0,0
5480,0.793,0,171,0,0,0,0,0,167,0,2,44,25,0,0,0
5481,6.241,0,171,0,0,0,0,0,167,0,2,44,25,0,0,0
5482,25.254,0,171,0,0,0,0,0,167,0,2,44,25,0,0,0
5483,0.916,0,171,0,0,0,0,0,167,0,2,44,25,0,0,0
5484,0.637,0,171,0,0,0,0,0,167,0,2,44,25,0,0,0
5485,6.624,0,171,0,0,0,0,0,167,0,2,44,25,0,0,0
5486,25.129,0,171,0,0,0,0,0,167,0,2,44,25,0,0,0
5487,0.891,0,171,0,0,0,0,0,167,0,2,44,25,0,0,0
5488,0.739,0,171,0,0,0,0,0,167,0,2,44,25,0,0,0
5489,6.613,0,171,0,0,0,0,0,167,0,2,44,25,0,0,0
5490,25.247,0,171,0,0,0,0,0,167,0,2,44,25,0,0,0
5491,1.009,0,171,0,0,0,0,0,167,0,2,44,25,0,0,0
5492,1.397,0,171,0,0,0,0,0,167,0,2,44,25,0,0,0
5493,5.802,0,171,0,0,0,0,0,167,0,2,44,25,0,0,0
5494,24.966,0,171,0,0,0,0,0,167,0,2,44,25,0,0,0
5495,0.900,0,171,0,0,0,0,0,167,0,2,44,25,0,0,0
5496,0.696,0,171,0,0,0,0,0,167,0,2,44,25,0,0,0
5497,6.576,0,171,0,0,0,0,0,167,0,2,44,25,0,0,0
5498,25.187,0,171,0,0,0,0,0,167,0,2,44,25,0,0,0
5499,0.778,0,171,0,0,0,0,0,167,0,2,44,25,0,0,0
5500,0.648,0,171,0,0,0,0,0,167,0,2,44,25,0,0,0
5501,6.931,0,171,0,0,0,0,0,167,0,2,44,25,0,0,0
5502,25.015,0,171,0,0,0,0,0,167,0,2,44,25,0,0,0
5503,0.799,0,171,0,0,0,0,0,167,0,2,44,25,0,0,0
5504,0.916,0,171,0,0,0,0,0,167,0,2,44,25,0,0,0
5505,6.360,0,171,0,0,0,0,0,167,0,2,44,25,0,0,0
5506,25.441,0,171,0,0,0,0,0,167,0,2,44,25,0,0,0
5507,1.092,0,171,0,0,0,0,0,167,0,2,44,25,0,0,0
5508,0.748,0,171,0,0,0,0,0,167,0,2,44,25,0,0,0
5509,6.127,0,171,0,0,0,0,0,167,0,2,44,25,0,0,0
5510,25.114,0,171,0,0,0,0,0,167,0,2,44,25,0,0,0
5511,0.883,0,171,0,0,0,0,0,167,0,2,44,25,0,0,0
5512,0.822,0,171,0,0,0,0,0,167,0,2,44,25,0,0,0
5513,6.496,0,171,0,0,0,0,0,167,0,2,44,25,0,0,0
5514,25.229,0,171,0,0,0,0,0,167,0,2,44,25,0,0,0
5515,0.883,0,171,0,0,0,0,0,167,0,2,44,25,0,0,0
5516,1.545,0,171,0,0,0,0,0,167,0,2,44,25,0,0,0
5517,5.623,0,171,0,0,0,0,0,167,0,2,44,25,0,0,0
5518,25.211,0,171,0,0,0,0,0,167,0,2,44,25,0,0,0
5519,0.829,0,171,0,0,0,0,0,167,0,2,44,25,0,0,0
5520,0.677,0,171,0,0,0,0,0,167,0,2,44,25,0,0,0
5521,6.528,0,171,0,0,0,0,0,167,0,2,44,25,0,0,0
5522,25.289,0,171,0,0,0,0,0,167,0,2,44,25,0,0,0
5523,0.822,0,171,0,0,0,0,0,167,0,2,44,25,0,0,0
5524,0.735,0,171,0,0,0,0,0,167,0,2,44,25,0,0,0
5525,6.543,0,171,0,0,0,0,0,167,0,2,44,25,0,0,0
5526,25.302,0,171,0,0,0,0,0,167,0,2,44,25,0,0,0
5527,0.792,0,171,0,0,0,0,0,167,0,2,44,25,0,0,0
5528,0.978,0,171,0,0,0,0,0,167,0,2,44,25,0,0,0
5529,6.521,0,171,0,0,0,0,0,167,0,2,44,25,0,0,0
5530,24.949,0,171,0,0,0,0,0,167,0,2,44,25,0,0,0
5531,0.903,0,171,0,0,0,0,0,167,0,2,44,25,0,0,0
5532,0.707,0,171,0,0,0,0,0,167,0,2,44,25,0,0,0
5533,6.790,0,171,0,0,0,0,0,167,0,2,44,25,0,0,0
5534,24.949,0,171,0,0,0,0,0,167,0,2,44,25,0,0,0
5535,0.856,0,171,0,0,0,0,0,167,0,2,44,25,0,0,0
5536,0.720,0,171,0,0,0,0,0,167,0,2,44,25,0,0,0
5537,6.643,0,171,0,0,0,0,0,167,0,2,44,25,0,0,0
5538,25.144,0,171,0,0,0,0,0,167,0,2,44,25,0,0,0
5539,0.894,0,171,0,0,0,0,0,167,0,2,44,25,0,0,0
5540,0.815,0,171,0,0,0,0,0,167,0,2,44,25,0,0,0
5541,6.549,0,171,0,0,0,0,0,167,0,2,44,25,0,0,0
5542,25.036,0,171,0,0,0,0,0,167,0,2,44,25,0,0,0
5543,0.906,0,171,0,0,0,0,0,167,0,2,44,25,0,0,0
5544,1.219,0,171,0,0,0,0,0,167,0,2,44,25,0,0,0
5545,5.980,0,171,0,0,0,0,0,167,0,2,44,25,0,0,0
5546,25.171,0,171,0,0,0,0,0,167,0,2,44,25,0,0,0
5547,0.832,0,171,0,0,0,0,0,167,0,2,44,25,0,0,0
5548,0.745,0,171,0,0,0,0,0,167,0,2,44,25,0,0,0
5549,6.785,0,171,0,0,0,0,0,167,0,2,44,25,0,0,0
5550,25.069,0,171,0,0,0,0,0,167,0,2,44,25,0,0,0
5551,0.989,0,171,0,0,0,0,0,167,0,2,44,25,0,0,0
5552,0.704,0,171,0,0,0,0,0,167,0,2,44,25,0,0,0
5553,6.366,0,171,0,0,0,0,0,167,0,2,44,25,0,0,0
5554,25.344,0,171,0,0,0,0,0,167,0,2,44,25,0,0,0
5555,0.863,0,171,0,0,0,0,0,167,0,2,44,25,0,0,0
5556,0.733,0,171,0,0,0,0,0,167,0,2,44,25,0,0,0
5557,6.671,0,171,0,0,0,0,0,167,0,2,44,25,0,0,0
5558,24.994,0,171,0,0,0,0,0,167,0,2,44,25,0,0,0
5559,0.889,0,171,0,0,0,0,0,167,0,2,44,25,0,0,0
5560,0.819,0,171,0,0,0,0,0,167,0,2,44,25,0,0,0
5561,6.592,0,171,0,0,0,0,0,167,0,2,44,25,0,0,0
5562,25.007,0,171,0,0,0,0,0,167,0,2,44,25,0,0,0
5563,0.860,0,171,0,0,0,0,0,167,0,2,44,25,0,0,0
5564,0.702,0,171,0,0,0,0,0,167,0,2,44,25,0,0,0
5565,6.760,0,171,0,0,0,0,0,167,0,2,44,25,0,0,0
5566,25.052,0,171,0,0,0,0,0,167,0,2,44,25,0,0,0
5567,0.914,0,171,0,0,0,0,0,167,0,2,44,25,0,0,0
5568,1.666,0,171,0,0,0,0,0,167,0,2,44,25,0,0,0
5569,5.458,0,171,0,0,0,0,0,167,0,2,44,25,0,0,0
5570,25.289,0,171,0,0,0,0,0,167,0,2,44,25,0,0,0
5571,1.036,0,171,0,0,0,0,0,167,0,2,44,25,0,0,0
5572,0.766,0,171,0,0,0,0,0,167,0,2,44,25,0,0,0
5573,6.442,0,171,0,0,0,0,0,167,0,2,44,25,0,0,0
5574,25.068,0,171,0,0,0,0,0,167,0,2,44,25,0,0,0
5575,0.931,0,171,0,0,0,0,0,167,0,2,44,25,0,0,0
5576,0.771,0,171,0,0,0,0,0,167,0,2,44,25,0,0,0
5577,6.358,0,171,0,0,0,0,0,167,0,2,44,25,0,0,0
5578,25.264,0,171,0,0,0,0,0,167,0,2,44,25,0,0,0
5579,0.832,0,171,0,0,0,0,0,167,0,2,44,25,0,0,0
5580,0.727,0,171,0,0,0,0,0,167,0,2,44,25,0,0,0
5581,6.844,0,171,0,0,0,0,0,167,0,2,44,25,0,0,0
5582,24.952,0,171,0,0,0,0,0,167,0,2,44,25,0,0,0
5583,0.870,0,171,0,0,0,0,0,167,0,2,44,25,0,0,0
5584,0.724,0,171,0,0,0,0,0,167,0,2,44,25,0,0,0
5585,6.672,0,171,0,0,0,0,0,167,0,2,44,25,0,0,0
5586,24.999,0,171,0,0,0,0,0,167,0,2,44,25,0,0,0
5587,0.942,0,171,0,0,0,0,0,167,0,2,44,25,0,0,0
5588,0.637,0,171,0,0,0,0,0,167,0,2,44,25,0,0,0
5589,6.546,0,171,0,0,0,0,0,167,0,2,44,25,0,0,0
5590,25.377,0,171,0,0,0,0,0,167,0,2,44,25,0,0,0
5591,0.962,0,171,0,0,0,0,0,167,0,2,44,25,0,0,0
5592,0.894,0,171,0,0,0,0,0,167,0,2,44,25,0,0,0
5593,6.203,0,171,0,0,0,0,0,167,0,2,44,25,0,0,0
5594,25.250,0,171,0,0,0,0,0,167,0,2,44,25,0,0,0
5595,0.864,0,171,0,0,0,0,0,167,0,2,44,25,0,0,0
5596,1.138,0,171,0,0,0,0,0,167,0,2,44,25,0,0,0
5597,6.014,0,171,0,0,0,0,0,167,0,2,44,25,0,0,0
5598,25.248,0,171,0,0,0,0,0,167,0,2,44,25,0,0,0
5599,0.880,0,171,0,0,0,0,0,167,0,2,44,25,0,0,0
5600,0.767,0,171,0,0,0,0,0,167,0,2,44,25,0,0,0
5601,6.396,0,171,0,0,0,0,0,167,0,2,44,25,0,0,0
5602,25.203,0,171,0,0,0,0,0,167,0,2,44,25,0,0,0
5603,0.942,0,171,0,0,0,0,0,167,0,2,44,25,0,0,0
5604,0.688,0,171,0,0,0,0,0,167,0,2,44,25,0,0,0
5605,6.594,0,171,0,0,0,0,0,167,0,2,44,25,0,0,0
5606,25.091,0,171,0,0,0,0,0,167,0,2,44,25,0,0,0
5607,0.898,0,171,0,0,0,0,0,167,0,2,44,25,0,0,0
5608,0.772,0,171,0,0,0,0,0,167,0,2,44,25,0,0,0
5609,6.579,0,171,0,0,0,0,0,167,0,2,44,25,0,0,0
5610,25.129,0,171,0,0,0,0,0,167,0,2,44,25,0,0,0
5611,0.982,0,171,0,0,0,0,0,167,0,2,44,25,0,0,0
5612,0.763,0,171,0,0,0,0,0,167,0,2,44,25,0,0,0
5613,6.512,0,171,0,0,0,0,0,167,0,2,44,25,0,0,0
5614,25.115,0,171,0,0,0,0,0,167,0,2,44,25,0,0,0
5615,0.848,0,171,0,0,0,0,0,167,0,2,44,25,0,0,0
5616,0.683,0,171,0,0,0,0,0,167,0,2,44,25,0,0,0
5617,6.580,0,171,0,0,0,0,0,167,0,2,44,25,0,0,0
5618,25.181,0,171,0,0,0,0,0,167,0,2,44,25,0,0,0
5619,0.907,0,171,0,0,0,0,0,167,0,2,44,25,0,0,0
5620,0.729,0,171,0,0,0,0,0,167,0,2,44,25,0,0,0
5621,6.616,0,171,0,0,0,0,0,167,0,2,44,25,0,0,0
5622,25.199,0,171,0,0,0,0,0,167,0,2,44,25,0,0,0
5623,0.832,0,171,0,0,0,0,0,167,0,2,44,25,0,0,0
5624,1.299,0,171,0,0,0,0,0,167,0,2,44,25,0,0,0
5625,5.942,0,171,0,0,0,0,0,167,0,2,44,25,0,0,0
5626,25.073,0,171,0,0,0,0,0,167,0,2,44,25,0,0,0
5627,0.809,0,171,0,0,0,0,0,167,0,2,44,25,0,0,0
5628,0.702,0,171,0,0,0,0,0,167,0,2,44,25,0,0,0
5629,6.694,0,171,0,0,0,0,0,167,0,2,44,25,0,0,0
5630,25.186,0,171,0,0,0,0,0,167,0,2,44,25,0,0,0
5631,0.750,0,171,0,0,0,0,0,167,0,2,44,25,0,0,0
5632,0.683,0,171,0,0,0,0,0,167,0,2,44,25,0,0,0
5633,6.637,0,171,0,0,0,0,0,167,0,2,44,25,0,0,0
5634,25.145,0,171,0,0,0,0,0,167,0,2,44,25,0,0,0
5635,0.832,0,171,0,0,0,0,0,167,0,2,44,25,0,0,0
5636,0.764,0,171,0,0,0,0,0,167,0,2,44,25,0,0,0
5637,6.718,0,171,0,0,0,0,0,167,0,2,44,25,0,0,0
5638,25.072,0,171,0,0,0,0,0,167,0,2,44,25,0,0,0
5639,0.890,0,171,0,0,0,0,0,167,0,2,44,25,0,0,0
5640,0.653,0,171,0,0,0,0,0,167,0,2,44,25,0,0,0
5641,6.756,0,171,0,0,0,0,0,167,0,2,44,25,0,0,0
5642,25.139,0,171,0,0,0,0,0,167,0,2,44,25,0,0,0
5643,0.818,0,171,0,0,0,0,0,167,0,2,44,25,0,0,0
5644,0.710,0,171,0,0,0,0,0,167,0,2,44,25,0,0,0
5645,6.559,0,171,0,0,0,0,0,167,0,2,44,25,0,0,0
5646,25.165,0,171,0,0,0,0,0,167,0,2,44,25,0,0,0
5647,0.869,0,171,0,0,0,0,0,167,0,2,44,25,0,0,0
5648,0.697,0,171,0,0,0,0,0,167,0,2,44,25,0,0,0
5649,6.728,0,171,0,0,0,0,0,167,0,2,44,25,0,0,0
5650,25.250,0,171,0,0,0,0,0,167,0,2,44,25,0,0,0
5651,0.851,0,171,0,0,0,0,0,167,0,2,44,25,0,0,0
5652,1.194,0,171,0,0,0,0,0,167,0,2,44,25,0,0,0
5653,5.980,0,171,0,0,0,0,0,167,0,2,44,25,0,0,0
5654,25.124,0,171,0,0,0,0,0,167,0,2,44,25,0,0,0
5655,1.059,0,171,0,0,0,0,0,167,0,2,44,25,0,0,0
5656,0.826,0,171,0,0,0,0,0,167,0,2,44,25,0,0,0
5657,6.135,0,171,0,0,0,0,0,167,0,2,44,25,0,0,0
5658,25.367,0,171,0,0,0,0,0,167,0,2,44,25,0,0,0
5659,0.945,0,171,0,0,0,0,0,167,0,2,44,25,0,0,0
5660,0.813,0,171,0,0,0,0,0,167,0,2,44,25,0,0,0
5661,6.518,0,171,0,0,0,0,0,167,0,2,44,25,0,0,0
5662,25.121,0,171,0,0,0,0,0,167,0,2,44,25,0,0,0
5663,0.872,0,171,0,0,0,0,0,167,0,2,44,25,0,0,0
5664,0.640,0,171,0,0,0,0,0,167,0,2,44,25,0,0,0
5665,6.803,0,171,0,0,0,0,0,167,0,2,44,25,0,0,0
5666,25.008,0,171,0,0,0,0,0,167,0,2,44,25,0,0,0
5667,0.830,0,171,0,0,0,0,0,167,0,2,44,25,0,0,0
5668,0.739,0,171,0,0,0,0,0,167,0,2,44,25,0,0,0
5669,6.557,0,171,0,0,0,0,0,167,0,2,44,25,0,0,0
5670,25.099,0,171,0,0,0,0,0,167,0,2,44,25,0,0,0
5671,0.841,0,171,0,0,0,0,0,167,0,2,44,25,0,0,0
5672,0.678,0,171,0,0,0,0,0,167,0,2,44,25,0,0,0
5673,6.855,0,171,0,0,0,0,0,167,0,2,44,25,0,0,0
5674,24.953,0,171,0,0,0,0,0,167,0,2,44,25,0,0,0
5675,1.035,0,171,0,0,0,0,0,167,0,2,44,25,0,0,0
5676,0.660,0,171,0,0,0,0,0,167,0,2,44,25,0,0,0
5677,6.590,0,171,0,0,0,0,0,167,0,2,44,25,0,0,0
5678,25.012,0,171,0,0,0,0,0,167,0,2,44,25,0,0,0
5679,0.875,0,171,0,0,0,0,0,167,0,2,44,25,0,0,0
5680,0.848,0,171,0,0,0,0,0,167,0,2,44,25,0,0,0
5681,6.430,0,171,0,0,0,0,0,167,0,2,44,25,0,0,0
5682,25.204,0,171,0,0,0,0,0,167,0,2,44,25,0,0,0
5683,0.777,0,171,0,0,0,0,0,167,0,2,44,25,0,0,0
5684,0.668,0,171,0,0,0,0,0,167,0,2,44,25,0,0,0
5685,6.640,0,171,0,0,0,0,0,167,0,2,44,25,0,0,0
5686,25.340,0,171,0,0,0,0,0,167,0,2,44,25,0,0,0
5687,0.907,0,171,0,0,0,0,0,167,0,2,44,25,0,0,0
5688,0.688,0,171,0,0,0,0,0,167,0,2,44,25,0,0,0
5689,6.390,0,171,0,0,0,0,0,167,0,2,44,25,0,0,0
5690,25.326,0,171,0,0,0,0,0,167,0,2,44,25,0,0,0
5691,0.849,0,171,0,0,0,0,0,167,0,2,44,25,0,0,0
5692,0.707,0,171,0,0,0,0,0,167,0,2,44,25,0,0,0
5693,6.644,0,171,0,0,0,0,0,167,0,2,44,25,0,0,0
5694,25.100,0,171,0,0,0,0,0,167,0,2,44,25,0,0,0
5695,0.905,0,171,0,0,0,0,0,167,0,2,44,25,0,0,0
5696,0.688,0,171,0,0,0,0,0,167,0,2,44,25,0,0,0
5697,6.641,0,171,0,0,0,0,0,167,0,2,44,25,0,0,0
5698,25.030,0,171,0,0,0,0,0,167,0,2,44,25,0,0,0
5699,0.943,0,171,0,0,0,0,0,167,0,2,44,25,0,0,0
5700,0.732,0,171,0,0,0,0,0,167,0,2,44,25,0,0,0
5701,6.557,0,171,0,0,0,0,0,167,0,2,44,25,0,0,0
5702,25.095,0,171,0,0,0,0,0,167,0,2,44,25,0,0,0
5703,0.802,0,171,0,0,0,0,0,167,0,2,44,25,0,0,0
5704,1.619,0,171,0,0,0,0,0,167,0,2,44,25,0,0,0
5705,5.692,0,171,0,0,0,0,0,167,0,2,44,25,0,0,0
5706,25.198,0,171,0,0,0,0,0,167,0,2,44,25,0,0,0
5707,0.882,0,171,0,0,0,0,0,167,0,2,44,25,0,0,0
5708,0.693,0,171,0,0,0,0,0,167,0,2,44,25,0,0,0
5709,6.555,0,171,0,0,0,0,0,167,0,2,44,25,0,0,0
5710,25.195,0,171,0,0,0,0,0,167,0,2,44,25,0,0,0
5711,0.844,0,171,0,0,0,0,0,167,0,2,44,25,0,0,0
5712,0.733,0,171,0,0,0,0,0,167,0,2,44,25,0,0,0
5713,6.543,0,171,0,0,0,0,0,167,0,2,44,25,0,0,0
5714,25.245,0,171,0,0,0,0,0,167,0,2,44,25,0,0,0
5715,0.887,0,171,0,0,0,0,0,167,0,2,44,25,0,0,0
5716,0.638,0,171,0,0,0,0,0,167,0,2,44,25,0,0,0
5717,6.761,0,171,0,0,0,0,0,167,0,2,44,25,0,0,0
5718,25.053,0,171,0,0,0,0,0,167,0,2,44,25,0,0,0
5719,0.939,0,171,0,0,0,0,0,167,0,2,44,25,0,0,0
5720,0.724,0,171,0,0,0,0,0,167,0,2,44,25,0,0,0
5721,6.473,0,171,0,0,0,0,0,167,0,2,44,25,0,0,0
5722,25.122,0,171,0,0,0,0,0,167,0,2,44,25,0,0,0
5723,0.892,0,171,0,0,0,0,0,167,0,2,44,25,0,0,0
5724,0.630,0,171,0,0,0,0,0,167,0,2,44,25,0,0,0
5725,6.692,0,171,0,0,0,0,0,167,0,2,44,25,0,0,0
5726,25.135,0,171,0,0,0,0,0,167,0,2,44,25,0,0,0
5727,0.762,0,171,0,0,0,0,0,167,0,2,44,25,0,0,0
5728,1.507,0,171,0,0,0,0,0,167,0,2,44,25,0,0,0
5729,5.824,0,171,0,0,0,0,0,167,0,2,44,25,0,0,0
5730,25.223,0,171,0,0,0,0,0,167,0,2,44,25,0,0,0
5731,0.762,0,171,0,0,0,0,0,167,0,2,44,25,0,0,0
5732,0.715,0,171,0,0,0,0,0,167,0,2,44,25,0,0,0
5733,6.676,0,171,0,0,0,0,0,167,0,2,44,25,0,0,0
5734,25.236,0,171,0,0,0,0,0,167,0,2,44,25,0,0,0
5735,0.803,0,171,0,0,0,0,0,167,0,2,44,25,0,0,0
5736,0.586,0,171,0,0,0,0,0,167,0,2,44,25,0,0,0
5737,6.806,0,171,0,0,0,0,0,167,0,2,44,25,0,0,0
5738,25.186,0,171,0,0,0,0,0,167,0,2,44,25,0,0,0
5739,0.920,0,171,0,0,0,0,0,167,0,2,44,25,0,0,0
5740,0.638,0,171,0,0,0,0,0,167,0,2,44,25,0,0,0
5741,6.487,0,171,0,0,0,0,0,167,0,2,44,25,0,0,0
5742,25.162,0,171,0,0,0,1,0,168,0,1,44,25,0,0,0
5743,0.890,0,171,0,0,0,0,0,168,0,1,44,25,0,0,0
5744,0.815,0,171,0,0,0,0,0,168,0,1,44,25,0,0,0
5745,6.544,0,171,0,0,0,0,0,168,0,1,44,25,0,0,0
5746,25.105,0,171,0,0,0,0,0,168,0,1,44,25,0,0,0
5747,0.923,0,171,0,0,0,0,0,168,0,1,44,25,0,0,0
5748,0.640,0,171,0,0,0,0,0,168,0,1,44,25,0,0,0
5749,6.794,0,171,0,0,0,0,0,168,0,1,44,25,0,0,0
5750,24.992,0,171,0,0,0,0,0,168,0,1,44,25,0,0,0
5751,1.040,0,171,0,0,0,0,0,168,0,1,44,25,0,0,0
5752,0.834,0,171,0,0,0,0,0,168,0,1,44,25,0,0,0
5753,6.201,0,171,0,0,0,0,0,168,0,1,44,25,0,0,0
5754,25.329,0,171,0,0,0,0,0,168,0,1,44,25,0,0,0
5755,1.040,0,171,0,0,0,0,0,168,0,1,44,25,0,0,0
5756,1.407,0,171,0,0,0,0,0,168,0,1,44,25,0,0,0
5757,5.623,0,171,0,0,0,0,0,168,0,1,44,25,0,0,0
5758,25.309,0,171,0,0,0,0,0,168,0,1,44,25,0,0,0
5759,1.004,0,171,0,0,0,0,0,168,0,1,44,25,0,0,0
5760,0.755,0,171,0,0,0,0,0,168,0,1,44,25,0,0,0
5761,6.147,0,171,0,0,0,0,0,168,0,1,44,25,0,0,0
5762,25.436,0,171,0,0,0,0,0,168,0,1,44,25,0,0,0
5763,0.997,0,171,0,0,0,0,0,168,0,1,44,25,0,0,0
5764,0.736,0,171,0,0,0,0,0,168,0,1,44,25,0,0,0
5765,6.257,0,171,0,0,0,0,0,168,0,1,44,25,0,0,0
5766,25.305,0,171,0,0,0,0,0,168,0,1,44,25,0,0,0
5767,0.847,0,171,0,0,0,0,0,168,0,1,44,25,0,0,0
5768,0.723,0,171,0,0,0,0,0,168,0,1,44,25,0,0,0
5769,6.462,0,171,0,0,0,0,0,168,0,1,44,25,0,0,0
5770,25.369,0,171,0,0,0,0,0,168,0,1,44,25,0,0,0
5771,0.995,0,171,0,0,0,0,0,168,0,1,44,25,0,0,0
5772,0.692,0,171,0,0,0,0,0,168,0,1,44,25,0,0,0
5773,6.324,0,171,0,0,0,0,0,168,0,1,44,25,0,0,0
5774,25.108,0,171,0,0,0,0,0,168,0,1,44,25,0,0,0
5775,0.793,0,171,0,0,0,0,0,168,0,1,44,25,0,0,0
5776,0.799,0,171,0,0,0,0,0,168,0,1,44,25,0,0,0
5777,6.627,0,171,0,0,0,0,0,168,0,1,44,25,0,0,0
5778,25.172,0,171,0,0,0,0,0,168,0,1,44,25,0,0,0
5779,0.994,0,171,0,0,0,0,0,168,0,1,44,25,0,0,0
5780,0.712,0,171,0,0,0,0,0,168,0,1,44,25,0,0,0
5781,6.477,0,171,0,0,0,0,0,168,0,1,44,25,0,0,0
5782,25.329,0,171,0,0,0,0,0,168,0,1,44,25,0,0,0
5783,1.017,0,171,0,0,0,0,0,168,0,1,44,25,0,0,0
5784,1.861,0,171,0,0,0,0,0,168,0,1,44,25,0,0,0
5785,5.038,0,171,0,0,0,0,0,168,0,1,44,25,0,0,0
5786,25.368,0,171,0,0,0,0,0,168,0,1,44,25,0,0,0
5787,1.022,0,171,0,0,0,0,0,168,0,1,44,25,0,0,0
5788,0.864,0,171,0,0,0,0,0,168,0,1,44,25,0,0,0
5789,6.162,0,171,0,0,0,0,0,168,0,1,44,25,0,0,0
5790,25.200,0,171,0,0,0,0,0,168,0,1,44,25,0,0,0
5791,0.821,0,171,0,0,0,0,0,168,0,1,44,25,0,0,0
5792,0.720,0,171,0,0,0,0,0,168,0,1,44,25,0,0,0
5793,6.527,0,171,0,0,0,0,0,168,0,1,44,25,0,0,0
5794,25.345,0,171,0,0,0,0,0,168,0,1,44,25,0,0,0
5795,0.944,0,171,0,0,0,0,0,168,0,1,44,25,0,0,0
5796,0.749,0,171,0,0,0,0,0,168,0,1,44,25,0,0,0
5797,6.430,0,171,0,0,0,0,0,168,0,1,44,25,0,0,0
5798,25.170,0,171,0,0,0,0,0,168,0,1,44,25,0,0,0
5799,0.894,0,171,0,0,0,0,0,168,0,1,44,25,0,0,0
5800,0.926,0,171,0,0,0,0,0,168,0,1,44,25,0,0,0
5801,6.421,0,171,0,0,0,0,0,168,0,1,44,25,0,0,0
5802,25.150,0,171,0,0,0,0,0,168,0,1,44,25,0,0,0
5803,0.875,0,171,0,0,0,0,0,168,0,1,44,25,0,0,0
5804,0.717,0,171,0,0,0,0,0,168,0,1,44,25,0,0,0
5805,6.560,0,171,0,0,0,0,0,168,0,1,44,25,0,0,0
5806,25.067,0,171,0,0,0,0,0,168,0,1,44,25,0,0,0
5807,0.936,0,171,0,0,0,0,0,168,0,1,44,25,0,0,0
5808,0.734,0,171,0,0,0,0,0,168,0,1,44,25,0,0,0
5809,6.591,0,171,0,0,0,0,0,168,0,1,44,25,0,0,0
5810,25.063,0,171,0,0,0,0,0,168,0,1,44,25,0,0,0
5811,0.888,0,171,0,0,0,0,0,168,0,1,44,25,0,0,0
5812,1.999,0,171,0,0,0,0,0,168,0,1,44,25,0,0,0
5813,5.341,0,171,0,0,0,0,0,168,0,1,44,25,0,0,0
5814,25.071,0,171,0,0,0,0,0,168,0,1,44,25,0,0,0
5815,0.984,0,171,0,0,0,0,0,168,0,1,44,25,0,0,0
5816,0.711,0,171,0,0,0,0,0,168,0,1,44,25,0,0,0
5817,6.542,0,171,0,0,0,0,0,168,0,1,44,25,0,0,0
5818,25.061,0,171,0,0,0,0,0,168,0,1,44,25,0,0,0
5819,0.812,0,171,0,0,0,0,0,168,0,1,44,25,0,0,0
5820,0.702,0,171,0,0,0,0,0,168,0,1,44,25,0,0,0
5821,6.746,0,171,0,0,0,0,0,168,0,1,44,25,0,0,0
5822,25.280,0,171,0,0,0,0,0,168,0,1,44,25,0,0,0
5823,0.894,0,171,0,0,0,0,0,168,0,1,44,25,0,0,0
5824,0.736,0,171,0,0,0,0,0,168,0,1,44,25,0,0,0
5825,6.396,0,171,0,0,0,0,0,168,0,1,44,25,0,0,0
5826,25.072,0,171,0,0,0,0,0,168,0,1,44,25,0,0,0
5827,0.938,0,171,0,0,0,0,0,168,0,1,44,25,0,0,0
5828,0.667,0,171,0,0,0,0,0,168,0,1,44,25,0,0,0
5829,6.556,0,171,0,0,0,0,0,168,0,1,44,25,0,0,0
5830,25.437,0,171,0,0,0,0,0,168,0,1,44,25,0,0,0
5831,0.959,0,171,0,0,0,0,0,168,0,1,44,25,0,0,0
5832,0.699,0,171,0,0,0,0,0,168,0,1,44,25,0,0,0
5833,6.262,0,171,0,0,0,0,0,168,0,1,44,25,0,0,0
5834,25.140,0,171,0,0,0,0,0,168,0,1,44,25,0,0,0
5835,0.865,0,171,0,0,0,0,0,168,0,1,44,25,0,0,0
5836,0.808,0,171,0,0,0,0,0,168,0,1,44,25,0,0,0
5837,6.591,0,171,0,0,0,0,0,168,0,1,44,25,0,0,0
5838,25.057,0,171,0,0,0,0,0,168,0,1,44,25,0,0,0
5839,0.995,0,171,0,0,0,0,0,168,0,1,44,25,0,0,0
5840,1.185,0,171,0,0,0,0,0,168,0,1,44,25,0,0,0
5841,5.961,0,171,0,0,0,0,0,168,0,1,44,25,0,0,0
5842,25.164,0,171,0,0,0,0,0,168,0,1,44,25,0,0,0
5843,0.992,0,171,0,0,0,0,0,168,0,1,44,25,0,0,0
5844,0.664,0,171,0,0,0,0,0,168,0,1,44,25,0,0,0
5845,6.550,0,171,0,0,0,0,0,168,0,1,44,25,0,0,0
5846,25.241,0,171,0,0,0,0,0,168,0,1,44,25,0,0,0
5847,0.972,0,171,0,0,0,0,0,168,0,1,44,25,0,0,0
5848,0.758,0,171,0,0,0,0,0,168,0,1,44,25,0,0,0
5849,6.408,0,171,0,0,0,0,0,168,0,1,44,25,0,0,0
5850,25.160,0,171,0,0,0,0,0,168,0,1,44,25,0,0,0
5851,0.908,0,171,0,0,0,0,0,168,0,1,44,25,0,0,0
5852,0.728,0,171,0,0,0,0,0,168,0,1,44,25,0,0,0
5853,6.740,0,171,0,0,0,0,0,168,0,1,44,25,0,0,0
5854,25.120,0,171,0,0,0,0,0,168,0,1,44,25,0,0,0
5855,1.163,0,171,0,0,0,0,0,168,0,1,44,25,0,0,0
5856,0.805,0,171,0,0,0,0,0,168,0,1,44,25,0,0,0
5857,6.000,0,171,0,0,0,0,0,168,0,1,44,25,0,0,0
5858,25.449,0,171,0,0,0,0,0,168,0,1,44,25,0,0,0
5859,0.968,0,171,0,0,0,0,0,168,0,1,44,25,0,0,0
5860,0.669,0,171,0,0,0,0,0,168,0,1,44,25,0,0,0
5861,6.370,0,171,0,0,0,0,0,168,0,1,44,25,0,0,0
5862,24.990,0,171,0,0,0,0,0,168,0,1,44,25,0,0,0
5863,0.889,0,171,0,0,0,0,0,168,0,1,44,25,0,0,0
5864,1.946,0,171,0,0,0,0,0,168,0,1,44,25,0,0,0
5865,5.370,0,171,0,0,0,0,0,168,0,1,44,25,0,0,0
5866,25.164,0,171,0,0,0,0,0,168,0,1,44,25,0,0,0
5867,1.011,0,171,0,0,0,0,0,168,0,1,44,25,0,0,0
5868,1.077,0,171,0,0,0,0,0,168,0,1,44,25,0,0,0
5869,6.027,0,171,0,0,0,0,0,168,0,1,44,25,0,0,0
5870,25.257,0,171,0,0,0,0,0,168,0,1,44,25,0,0,0
5871,0.942,0,171,0,0,0,0,0,168,0,1,44,25,0,0,0
5872,0.644,0,171,0,0,0,0,0,168,0,1,44,25,0,0,0
5873,6.459,0,171,0,0,0,0,0,168,0,1,44,25,0,0,0
5874,25.219,0,171,0,0,0,0,0,168,0,1,44,25,0,0,0
5875,0.775,0,171,0,0,0,0,0,168,0,1,44,25,0,0,0
5876,0.647,0,171,0,0,0,0,0,168,0,1,44,25,0,0,0
5877,6.965,0,171,0,0,0,0,0,168,0,1,44,25,0,0,0
5878,24.932,0,171,0,0,0,0,0,168,0,1,44,25,0,0,0
5879,0.891,0,171,0,0,0,0,0,168,0,1,44,25,0,0,0
5880,0.827,0,171,0,0,0,0,0,168,0,1,44,25,0,0,0
5881,6.594,0,171,0,0,0,0,0,168,0,1,44,25,0,0,0
5882,25.250,0,171,0,0,0,0,0,168,0,1,44,25,0,0,0
5883,1.080,0,171,0,0,0,0,0,168,0,1,44,25,0,0,0
5884,0.659,0,171,0,0,0,0,0,168,0,1,44,25,0,0,0
5885,6.183,0,171,0,0,0,0,0,168,0,1,44,25,0,0,0
5886,25.276,0,171,0,0,0,0,0,168,0,1,44,25,0,0,0
5887,0.850,0,171,0,0,0,0,0,168,0,1,44,25,0,0,0
5888,1.078,0,171,0,0,0,0,0,168,0,1,44,25,0,0,0
5889,6.330,0,171,0,0,0,0,0,168,0,1,44,25,0,0,0
5890,25.031,0,171,0,0,0,0,0,168,0,1,44,25,0,0,0
5891,0.947,0,171,0,0,0,0,0,168,0,1,44,25,0,0,0
5892,0.734,0,171,0,0,0,0,0,168,0,1,44,25,0,0,0
5893,6.557,0,171,0,0,0,0,0,168,0,1,44,25,0,0,0
5894,25.111,0,171,0,0,0,0,0,168,0,1,44,25,0,0,0
5895,1.051,0,171,0,0,0,0,0,168,0,1,44,25,0,0,0
5896,0.688,0,171,0,0,0,0,0,168,0,1,44,25,0,0,0
5897,6.297,0,171,0,0,0,0,0,168,0,1,44,25,0,0,0
5898,25.564,0,171,0,0,0,0,0,168,0,1,44,25,0,0,0
5899,1.008,0,171,0,0,0,0,0,168,0,1,44,25,0,0,0
5900,0.672,0,171,0,0,0,0,0,168,0,1,44,25,0,0,0
5901,6.389,0,171,0,0,0,0,0,168,0,1,44,25,0,0,0
5902,24.930,0,171,0,0,0,0,0,168,0,1,44,25,0,0,0
5903,0.873,0,171,0,0,0,0,0,168,0,1,44,25,0,0,0
5904,0.683,0,171,0,0,0,0,0,168,0,1,44,25,0,0,0
5905,6.721,0,171,0,0,0,0,0,168,0,1,44,25,0,0,0
5906,25.091,0,171,0,0,0,0,0,168,0,1,44,25,0,0,0
5907,0.857,0,171,0,0,0,0,0,168,0,1,44,25,0,0,0
5908,1.636,0,171,0,0,0,0,0,168,0,1,44,25,0,0,0
5909,5.621,0,171,0,0,0,0,0,168,0,1,44,25,0,0,0
5910,25.350,0,171,0,0,0,0,0,168,0,1,44,25,0,0,0
5911,0.886,0,171,0,0,0,0,0,168,0,1,44,25,0,0,0
5912,1.315,0,171,0,0,0,0,0,168,0,1,44,25,0,0,0
5913,5.748,0,171,0,0,0,0,0,168,0,1,44,25,0,0,0
5914,25.286,0,171,0,0,0,0,0,168,0,1,44,25,0,0,0
5915,0.907,0,171,0,0,0,0,0,168,0,1,44,25,0,0,0
5916,0.705,0,171,0,0,0,0,0,168,0,1,44,25,0,0,0
5917,6.483,0,171,0,0,0,0,0,168,0,1,44,25,0,0,0
5918,25.287,0,171,0,0,0,0,0,168,0,1,44,25,0,0,0
5919,0.849,0,171,0,0,0,0,0,168,0,1,44,25,0,0,0
5920,0.671,0,171,0,0,0,0,0,168,0,1,44,25,0,0,0
5921,6.572,0,171,0,0,0,0,0,168,0,1,44,25,0,0,0
5922,25.091,0,171,0,0,0,0,0,168,0,1,44,25,0,0,0
5923,0.834,0,171,0,0,0,0,0,168,0,1,44,25,0,0,0
5924,0.761,0,171,0,0,0,0,0,168,0,1,44,25,0,0,0
5925,6.672,0,171,0,0,0,0,0,168,0,1,44,25,0,0,0
5926,25.105,0,171,0,0,0,0,0,168,0,1,44,25,0,0,0
5927,0.859,0,171,0,0,0,0,0,168,0,1,44,25,0,0,0
5928,0.674,0,171,0,0,0,0,0,168,0,1,44,25,0,0,0
5929,6.710,0,171,0,0,0,0,0,168,0,1,44,25,0,0,0
5930,25.091,0,171,0,0,0,0,0,168,0,1,44,25,0,0,0
5931,0.905,0,171,0,0,0,0,0,168,0,1,44,25,0,0,0
5932,2.056,0,171,0,0,0,0,0,168,0,1,44,25,0,0,0
5933,5.365,0,171,0,0,0,0,0,168,0,1,44,25,0,0,0
5934,25.063,0,171,0,0,0,0,0,168,0,1,44,25,0,0,0
5935,0.918,0,171,0,0,0,0,0,168,0,1,44,25,0,0,0
5936,0.684,0,171,0,0,0,0,0,168,0,1,44,25,0,0,0
5937,6.434,0,171,0,0,0,0,0,168,0,1,44,25,0,0,0
5938,25.291,0,171,0,0,0,0,0,168,0,1,44,25,0,0,0
5939,0.841,0,171,0,0,0,0,0,168,0,1,44,25,0,0,0
5940,0.632,0,171,0,0,0,0,0,168,0,1,44,25,0,0,0
5941,6.693,0,171,0,0,0,0,0,168,0,1,44,25,0,0,0
5942,25.236,0,171,0,0,0,0,0,168,0,1,44,25,0,0,0
5943,0.971,0,171,0,0,0,0,0,168,0,1,44,25,0,0,0
5944,0.746,0,171,0,0,0,0,0,168,0,1,44,25,0,0,0
5945,6.435,0,171,0,0,0,0,0,168,0,1,44,25,0,0,0
5946,25.105,0,171,0,0,0,0,0,168,0,1,44,25,0,0,0
5947,0.954,0,171,0,0,0,0,0,168,0,1,44,25,0,0,0
5948,0.735,0,171,0,0,0,0,0,168,0,1,44,25,0,0,0
5949,6.532,0,171,0,0,0,0,0,168,0,1,44,25,0,0,0
5950,25.028,0,171,0,0,0,0,0,168,0,1,44,25,0,0,0
5951,1.059,0,171,0,0,0,0,0,168,0,1,44,25,0,0,0
5952,0.807,0,171,0,0,0,0,0,168,0,1,44,25,0,0,0
5953,6.338,0,171,0,0,0,0,0,168,0,1,44,25,0,0,0
5954,25.273,0,171,0,0,0,0,0,168,0,1,44,25,0,0,0
5955,0.881,0,171,0,0,0,0,0,168,0,1,44,25,0,0,0
5956,0.747,0,171,0,0,0,0,0,168,0,1,44,25,0,0,0
5957,6.418,0,171,0,0,0,0,0,168,0,1,44,25,0,0,0
5958,25.252,0,171,0,0,0,0,0,168,0,1,44,25,0,0,0
5959,1.103,0,171,0,0,0,0,0,168,0,1,44,25,0,0,0
5960,2.495,0,171,0,0,0,0,0,168,0,1,44,25,0,0,0
5961,4.765,0,171,0,0,0,0,0,168,0,1,44,25,0,0,0
5962,25.048,0,171,0,0,0,0,0,168,0,1,44,25,0,0,0
5963,0.933,0,171,0,0,0,0,0,168,0,1,44,25,0,0,0
5964,0.769,0,171,0,0,0,0,0,168,0,1,44,25,0,0,0
5965,6.364,0,171,0,0,0,0,0,168,0,1,44,25,0,0,0
5966,25.216,0,171,0,0,0,0,0,168,0,1,44,25,0,0,0
5967,0.857,0,171,0,0,0,0,0,168,0,1,44,25,0,0,0
5968,0.671,0,171,0,0,0,0,0,168,0,1,44,25,0,0,0
5969,6.403,0,171,0,0,0,0,0,168,0,1,44,25,0,0,0
5970,25.443,0,171,0,0,0,0,0,168,0,1,44,25,0,0,0
5971,1.063,0,171,0,0,0,0,0,168,0,1,44,25,0,0,0
5972,0.672,0,171,0,0,0,0,0,168,0,1,44,25,0,0,0
5973,6.243,0,171,0,0,0,0,0,168,0,1,44,25,0,0,0
5974,25.304,0,171,0,0,0,0,0,168,0,1,44,25,0,0,0
5975,0.795,0,171,0,0,0,0,0,168,0,1,44,25,0,0,0
5976,0.679,0,171,0,0,0,0,0,168,0,1,44,25,0,0,0
5977,6.623,0,171,0,0,0,0,0,168,0,1,44,25,0,0,0
5978,25.112,0,171,0,0,0,0,0,168,0,1,44,25,0,0,0
5979,0.935,0,171,0,0,0,0,0,168,0,1,44,25,0,0,0
5980,0.691,0,171,0,0,0,0,0,168,0,1,44,25,0,0,0
5981,6.889,0,171,0,0,0,0,0,168,0,1,44,25,0,0,0
5982,24.754,0,171,0,0,0,0,0,168,0,1,44,25,0,0,0
5983,0.833,0,171,0,0,0,0,0,168,0,1,44,25,0,0,0
5984,0.670,0,171,0,0,0,0,0,168,0,1,44,25,0,0,0
5985,6.826,0,171,0,0,0,0,0,168,0,1,44,25,0,0,0
5986,25.254,0,171,0,0,0,0,0,168,0,1,44,25,0,0,0
5987,0.852,0,171,0,0,0,0,0,168,0,1,44,25,0,0,0
5988,1.926,0,171,0,0,0,0,0,168,0,1,44,25,0,0,0
5989,5.190,0,171,0,0,0,0,0,168,0,1,44,25,0,0,0
5990,25.354,0,171,0,0,0,0,0,168,0,1,44,25,0,0,0
5991,0.981,0,171,0,0,0,0,0,168,0,1,44,25,0,0,0
5992,1.025,0,171,0,0,0,0,0,168,0,1,44,25,0,0,0
5993,6.046,0,171,0,0,0,0,0,168,0,1,44,25,0,0,0
5994,25.178,0,171,0,0,0,0,0,168,0,1,44,25,0,0,0
5995,0.876,0,171,0,0,0,0,0,168,0,1,44,25,0,0,0
5996,0.671,0,171,0,0,0,0,0,168,0,1,44,25,0,0,0
5997,6.618,0,171,0,0,0,0,0,168,0,1,44,25,0,0,0
5998,25.282,0,171,0,0,0,0,0,168,0,1,44,25,0,0,0
5999,0.870,0,171,0,0,0,0,0,168,0,1,44,25,0,0,0
6000,0.609,0,171,0,0,0,0,0,168,0,1,44,25,0,0,0
6001,6.734,0,171,0,0,0,0,0,168,0,1,44,25,0,0,0
6002,25.114,0,171,0,0,0,0,0,168,0,1,44,25,0,0,0
6003,0.926,0,171,0,0,0,0,0,168,0,1,44,25,0,0,0
6004,0.653,0,171,0,0,0,0,0,168,0,1,44,25,0,0,0
6005,6.821,0,171,0,0,0,0,0,168,0,1,44,25,0,0,0
6006,24.828,0,171,0,0,0,0,0,168,0,1,44,25,0,0,0
6007,0.871,0,171,0,0,0,0,0,168,0,1,44,25,0,0,0
6008,0.700,0,171,0,0,0,0,0,168,0,1,44,25,0,0,0
6009,6.724,0,171,0,0,0,0,0,168,0,1,44,25,0,0,0
6010,24.992,0,171,0,0,0,0,0,168,0,1,44,25,0,0,0
6011,0.905,0,171,0,0,0,0,0,168,0,1,44,25,0,0,0
6012,0.833,0,171,0,0,0,0,0,168,0,1,44,25,0,0,0
6013,6.397,0,171,0,0,0,0,0,168,0,1,44,25,0,0,0
6014,25.235,0,171,0,0,0,0,0,168,0,1,44,25,0,0,0
6015,0.951,0,171,0,0,0,0,0,168,0,1,44,25,0,0,0
6016,0.774,0,171,0,0,0,0,0,168,0,1,44,25,0,0,0
6017,6.347,0,171,0,0,0,0,0,168,0,1,44,25,0,0,0
6018,25.148,0,171,0,0,0,0,0,168,0,1,44,25,0,0,0
6019,0.859,0,171,0,0,0,0,0,168,0,1,44,25,0,0,0
6020,0.631,0,171,0,0,0,0,0,168,0,1,44,25,0,0,0
6021,6.708,0,171,0,0,0,0,0,168,0,1,44,25,0,0,0
6022,25.217,0,171,0,0,0,0,0,168,0,1,44,25,0,0,0
6023,0.900,0,171,0,0,0,0,0,168,0,1,44,25,0,0,0
6024,0.717,0,171,0,0,0,0,0,168,0,1,44,25,0,0,0
6025,6.439,0,171,0,0,0,0,0,168,0,1,44,25,0,0,0
6026,25.281,0,171,0,0,0,0,0,168,0,1,44,25,0,0,0
6027,1.070,0,171,0,0,0,0,0,168,0,1,44,25,0,0,0
6028,0.691,0,171,0,0,0,0,0,168,0,1,44,25,0,0,0
6029,6.489,0,171,0,0,0,0,0,168,0,1,44,25,0,0,0
6030,24.982,0,171,0,0,0,0,0,168,0,1,44,25,0,0,0
6031,0.922,0,171,0,0,0,0,0,168,0,1,44,25,0,0,0
6032,0.796,0,171,0,0,0,0,0,168,0,1,44,25,0,0,0
6033,6.457,0,171,0,0,0,0,0,168,0,1,44,25,0,0,0
6034,25.138,0,171,0,0,0,0,0,168,0,1,44,25,0,0,0
6035,0.841,0,171,0,0,0,0,0,168,0,1,44,25,0,0,0
6036,0.625,0,171,0,0,0,0,0,168,0,1,44,25,0,0,0
6037,6.854,0,171,0,0,0,0,0,168,0,1,44,25,0,0,0
6038,25.057,0,171,0,0,0,0,0,168,0,1,44,25,0,0,0
6039,0.947,0,171,0,0,0,0,0,168,0,1,44,25,0,0,0
6040,0.744,0,171,0,0,0,0,0,168,0,1,44,25,0,0,0
6041,6.504,0,171,0,0,0,0,0,168,0,1,44,25,0,0,0
6042,25.390,0,171,0,0,0,0,0,168,0,1,44,25,0,0,0
6043,1.071,0,171,0,0,0,0,0,168,0,1,44,25,0,0,0
6044,0.820,0,171,0,0,0,0,0,168,0,1,44,25,0,0,0
6045,6.054,0,171,0,0,0,0,0,168,0,1,44,25,0,0,0
6046,25.112,0,171,0,0,0,0,0,168,0,1,44,25,0,0,0
6047,0.871,0,171,0,0,0,0,0,168,0,1,44,25,0,0,0
6048,0.660,0,171,0,0,0,0,0,168,0,1,44,25,0,0,0
6049,6.795,0,171,0,0,0,0,0,168,0,1,44,25,0,0,0
6050,25.171,0,171,0,0,0,0,0,168,0,1,44,25,0,0,0
6051,0.911,0,171,0,0,0,0,0,168,0,1,44,25,0,0,0
6052,0.691,0,171,0,0,0,0,0,168,0,1,44,25,0,0,0
6053,6.707,0,171,0,0,0,0,0,168,0,1,44,25,0,0,0
6054,24.893,0,171,0,0,0,0,0,168,0,1,44,25,0,0,0
6055,0.977,0,171,0,0,0,0,0,168,0,1,44,25,0,0,0
6056,0.730,0,171,0,0,0,0,0,168,0,1,44,25,0,0,0
6057,6.333,0,171,0,0,0,0,0,168,0,1,44,25,0,0,0
6058,25.409,0,171,0,0,0,0,0,168,0,1,44,25,0,0,0
6059,1.046,0,171,0,0,0,0,0,168,0,1,44,25,0,0,0
6060,0.743,0,171,0,0,0,0,0,168,0,1,44,25,0,0,0
6061,6.229,0,171,0,0,0,0,0,168,0,1,44,25,0,0,0
6062,25.142,0,171,0,0,0,0,0,168,0,1,44,25,0,0,0
6063,0.925,0,171,0,0,0,0,0,168,0,1,44,25,0,0,0
6064,0.648,0,171,0,0,0,0,0,168,0,1,44,25,0,0,0
6065,6.686,0,171,0,0,0,0,0,168,0,1,44,25,0,0,0
6066,25.090,0,171,0,0,0,0,0,168,0,1,44,25,0,0,0
6067,0.855,0,171,0,0,0,0,0,168,0,1,44,25,0,0,0
6068,1.241,0,171,0,0,0,0,0,168,0,1,44,25,0,0,0
6069,6.077,0,171,0,0,0,0,0,168,0,1,44,25,0,0,0
6070,25.117,0,171,0,0,0,0,0,168,0,1,44,25,0,0,0
6071,0.812,0,171,0,0,0,0,0,168,0,1,44,25,0,0,0
6072,0.691,0,171,0,0,0,0,0,168,0,1,44,25,0,0,0
6073,6.732,0,171,0,0,0,0,0,168,0,1,44,25,0,0,0
6074,25.136,0,171,0,0,0,0,0,168,0,1,44,25,0,0,0
6075,0.812,0,171,0,0,0,0,0,168,0,1,44,25,0,0,0
6076,0.737,0,171,0,0,0,0,0,168,0,1,44,25,0,0,0
6077,6.603,0,171,0,0,0,0,0,168,0,1,44,25,0,0,0
6078,25.146,0,171,0,0,0,0,0,168,0,1,44,25,0,0,0
6079,0.883,0,171,0,0,0,0,0,168,0,1,44,25,0,0,0
6080,0.697,0,171,0,0,0,0,0,168,0,1,44,25,0,0,0
6081,6.922,0,171,0,0,0,0,0,168,0,1,44,25,0,0,0
6082,24.954,0,171,0,0,0,0,0,168,0,1,44,25,0,0,0
6083,0.772,0,171,0,0,0,0,0,168,0,1,44,25,0,0,0
6084,0.666,0,171,0,0,0,0,0,168,0,1,44,25,0,0,0
6085,6.783,0,171,0,0,0,0,0,168,0,1,44,25,0,0,0
6086,25.139,0,171,0,0,0,0,0,168,0,1,44,25,0,0,0
6087,0.996,0,171,0,0,0,0,0,168,0,1,44,25,0,0,0
6088,1.034,0,171,0,0,0,0,0,168,0,1,44,25,0,0,0
6089,6.104,0,171,0,0,0,0,0,168,0,1,44,25,0,0,0
6090,25.188,0,171,0,0,0,0,0,168,0,1,44,25,0,0,0
6091,0.875,0,171,0,0,0,0,0,168,0,1,44,25,0,0,0
6092,0.759,0,171,0,0,0,0,0,168,0,1,44,25,0,0,0
6093,6.580,0,171,0,0,0,0,0,168,0,1,44,25,0,0,0
6094,25.021,0,171,0,0,0,0,0,168,0,1,44,25,0,0,0
6095,1.029,0,171,0,0,0,0,0,168,0,1,44,25,0,0,0
6096,0.764,0,171,0,0,0,0,0,168,0,1,44,25,0,0,0
6097,6.235,0,171,0,0,0,0,0,168,0,1,44,25,0,0,0
6098,25.314,0,171,0,0,0,0,0,168,0,1,44,25,0,0,0
6099,0.965,0,171,0,0,0,0,0,168,0,1,44,25,0,0,0
6100,0.641,0,171,0,0,0,0,0,168,0,1,44,25,0,0,0
6101,6.492,0,171,0,0,0,0,0,168,0,1,44,25,0,0,0
6102,25.171,0,171,0,0,0,0,0,168,0,1,44,25,0,0,0
6103,0.935,0,171,0,0,0,0,0,168,0,1,44,25,0,0,0
6104,0.665,0,171,0,0,0,0,0,168,0,1,44,25,0,0,0
6105,6.526,0,171,0,0,0,0,0,168,0,1,44,25,0,0,0
6106,25.134,0,171,0,0,0,0,0,168,0,1,44,25,0,0,0
6107,0.835,0,171,0,0,0,0,0,168,0,1,44,25,0,0,0
6108,0.634,0,171,0,0,0,0,0,168,0,1,44,25,0,0,0
6109,6.809,0,171,0,0,0,0,0,168,0,1,44,25,0,0,0
6110,25.203,0,171,0,0,0,0,0,168,0,1,44,25,0,0,0
6111,1.028,0,171,0,0,0,0,0,168,0,1,44,25,0,0,0
6112,0.666,0,171,0,0,0,0,0,168,0,1,44,25,0,0,0
6113,6.523,0,171,0,0,0,0,0,168,0,1,44,25,0,0,0
6114,25.200,0,171,0,0,0,0,0,168,0,1,44,25,0,0,0
6115,0.869,0,171,0,0,0,0,0,168,0,1,44,25,0,0,0
6116,2.156,0,171,0,0,0,0,0,168,0,1,44,25,0,0,0
6117,4.990,0,171,0,0,0,0,0,168,0,1,44,25,0,0,0
6118,25.864,0,171,0,0,0,0,0,168,0,1,44,25,0,0,0
6119,1.249,0,171,0,0,0,0,0,168,0,1,44,25,0,0,0
6120,0.852,0,171,0,0,0,0,0,168,0,1,44,25,0,0,0
6121,6.212,0,171,0,0,0,0,0,168,0,1,44,25,0,0,0
6122,24.887,0,171,0,0,0,0,0,168,0,1,44,25,0,0,0
6123,1.415,0,171,0,0,0,0,0,168,0,1,44,25,0,0,0
6124,0.956,0,171,0,0,0,0,0,168,0,1,44,25,0,0,0
6125,5.592,0,171,0,0,0,0,0,168,0,1,44,25,0,0,0
6126,25.431,0,171,0,0,0,0,0,168,0,1,44,25,0,0,0
6127,1.251,0,171,0,0,0,0,0,168,0,1,44,25,0,0,0
6128,1.059,0,171,0,0,0,0,0,168,0,1,44,25,0,0,0
6129,5.799,0,171,0,0,0,0,0,168,0,1,44,25,0,0,0
6130,24.972,0,171,0,0,0,0,0,168,0,1,44,25,0,0,0
6131,0.873,0,171,0,0,0,0,0,168,0,1,44,25,0,0,0
6132,0.764,0,171,0,0,0,0,0,168,0,1,44,25,0,0,0
6133,6.810,0,171,0,0,0,0,0,168,0,1,44,25,0,0,0
6134,24.964,0,171,0,0,0,0,0,168,0,1,44,25,0,0,0
6135,0.891,0,171,0,0,0,0,0,168,0,1,44,25,0,0,0
6136,0.798,0,171,0,0,0,0,0,168,0,1,44,25,0,0,0
6137,6.582,0,171,0,0,0,0,0,168,0,1,44,25,0,0,0
6138,25.154,0,171,0,0,0,0,0,168,0,1,44,25,0,0,0
6139,0.910,0,171,0,0,0,0,0,168,0,1,44,25,0,0,0
6140,0.711,0,171,0,0,0,0,0,168,0,1,44,25,0,0,0
6141,6.539,0,171,0,0,0,0,0,168,0,1,44,25,0,0,0
6142,25.042,0,171,0,0,0,0,0,168,0,1,44,25,0,0,0
6143,0.964,0,171,0,0,0,0,0,168,0,1,44,25,0,0,0
6144,1.533,0,171,0,0,0,0,0,168,0,1,44,25,0,0,0
6145,5.624,0,171,0,0,0,0,0,168,0,1,44,25,0,0,0
6146,25.238,0,171,0,0,0,0,0,168,0,1,44,25,0,0,0
6147,0.957,0,171,0,0,0,0,0,168,0,1,44,25,0,0,0
6148,0.771,0,171,0,0,0,0,0,168,0,1,44,25,0,0,0
6149,6.212,0,171,0,0,0,0,0,168,0,1,44,25,0,0,0
6150,25.159,0,171,0,0,0,0,0,168,0,1,44,25,0,0,0
6151,0.942,0,171,0,0,0,0,0,168,0,1,44,25,0,0,0
6152,0.743,0,171,0,0,0,0,0,168,0,1,44,25,0,0,0
6153,6.487,0,171,0,0,0,0,0,168,0,1,44,25,0,0,0
6154,25.045,0,171,0,0,0,0,0,168,0,1,44,25,0,0,0
6155,0.904,0,171,0,0,0,0,0,168,0,1,44,25,0,0,0
6156,0.653,0,171,0,0,0,0,0,168,0,1,44,25,0,0,0
6157,6.677,0,171,0,0,0,0,0,168,0,1,44,25,0,0,0
6158,25.173,0,171,0,0,0,0,0,168,0,1,44,25,0,0,0
6159,0.810,0,171,0,0,0,0,0,168,0,1,44,25,0,0,0
6160,0.722,0,171,0,0,0,0,0,168,0,1,44,25,0,0,0
6161,6.627,0,171,0,0,0,0,0,168,0,1,44,25,0,0,0
6162,25.155,0,171,0,0,0,0,0,168,0,1,44,25,0,0,0
6163,0.838,0,171,0,0,0,0,0,168,0,1,44,25,0,0,0
6164,0.604,0,171,0,0,0,0,0,168,0,1,44,25,0,0,0
6165,6.818,0,171,0,0,0,0,0,168,0,1,44,25,0,0,0
6166,25.034,0,171,0,0,0,0,0,168,0,1,44,25,0,0,0
6167,0.843,0,171,0,0,0,0,0,168,0,1,44,25,0,0,0
6168,0.700,0,171,0,0,0,0,0,168,0,1,44,25,0,0,0
6169,6.784,0,171,0,0,0,0,0,168,0,1,44,25,0,0,0
6170,25.200,0,171,0,0,0,0,0,168,0,1,44,25,0,0,0
6171,0.806,0,171,0,0,0,0,0,168,0,1,44,25,0,0,0
6172,0.779,0,171,0,0,0,0,0,168,0,1,44,25,0,0,0
6173,6.468,0,171,0,0,0,0,0,168,0,1,44,25,0,0,0
6174,25.290,0,171,0,0,0,0,0,168,0,1,44,25,0,0,0
6175,0.872,0,171,0,0,0,0,0,168,0,1,44,25,0,0,0
6176,1.383,0,171,0,0,0,0,0,168,0,1,44,25,0,0,0
6177,5.731,0,171,0,0,0,0,0,168,0,1,44,25,0,0,0
6178,25.169,0,171,0,0,0,0,0,168,0,1,44,25,0,0,0
6179,0.914,0,171,0,0,0,0,0,168,0,1,44,25,0,0,0
6180,0.677,0,171,0,0,0,0,0,168,0,1,44,25,0,0,0
6181,6.661,0,171,0,0,0,0,0,168,0,1,44,25,0,0,0
6182,25.027,0,171,0,0,0,0,0,168,0,1,44,25,0,0,0
6183,0.878,0,171,0,0,0,0,0,168,0,1,44,25,0,0,0
6184,0.691,0,171,0,0,0,0,0,168,0,1,44,25,0,0,0
6185,6.579,0,171,0,0,0,0,0,168,0,1,44,25,0,0,0
6186,25.145,0,171,0,0,0,0,0,168,0,1,44,25,0,0,0
6187,0.870,0,171,0,0,0,0,0,168,0,1,44,25,0,0,0
6188,0.642,0,171,0,0,0,0,0,168,0,1,44,25,0,0,0
6189,6.655,0,171,0,0,0,0,0,168,0,1,44,25,0,0,0
6190,25.132,0,171,0,0,0,0,0,168,0,1,44,25,0,0,0
6191,0.875,0,171,0,0,0,0,0,168,0,1,44,25,0,0,0
6192,0.645,0,171,0,0,0,0,0,168,0,1,44,25,0,0,0
6193,6.776,0,171,0,0,0,0,0,168,0,1,44,25,0,0,0
6194,24.986,0,171,0,0,0,0,0,168,0,1,44,25,0,0,0
6195,0.928,0,171,0,0,0,0,0,168,0,1,44,25,0,0,0
6196,0.633,0,171,0,0,0,0,0,168,0,1,44,25,0,0,0
6197,6.704,0,171,0,0,0,0,0,168,0,1,44,25,0,0,0
6198,25.014,0,171,0,0,0,0,0,168,0,1,44,25,0,0,0
6199,0.896,0,171,0,0,0,0,0,168,0,1,44,25,0,0,0
6200,0.750,0,171,0,0,0,0,0,168,0,1,44,25,0,0,0
6201,6.689,0,171,0,0,0,0,0,168,0,1,44,25,0,0,0
6202,25.332,0,171,0,0,0,0,0,168,0,1,44,25,0,0,0
6203,0.794,0,171,0,0,0,0,0,168,0,1,44,25,0,0,0
6204,1.247,0,171,0,0,0,0,0,168,0,1,44,25,0,0,0
6205,5.950,0,171,0,0,0,0,0,168,0,1,44,25,0,0,0
6206,25.047,0,171,0,0,0,0,0,168,0,1,44,25,0,0,0
6207,0.920,0,171,0,0,0,0,0,168,0,1,44,25,0,0,0
6208,0.672,0,171,0,0,0,0,0,168,0,1,44,25,0,0,0
6209,6.665,0,171,0,0,0,0,0,168,0,1,44,25,0,0,0
6210,25.093,0,171,0,0,0,0,0,168,0,1,44,25,0,0,0
6211,0.757,0,171,0,0,0,0,0,168,0,1,44,25,0,0,0
6212,0.661,0,171,0,0,0,0,0,168,0,1,44,25,0,0,0
6213,6.703,0,171,0,0,0,0,0,168,0,1,44,25,0,0,0
6214,25.167,0,171,0,0,0,0,0,168,0,1,44,25,0,0,0
6215,0.844,0,171,0,0,0,0,0,168,0,1,44,25,0,0,0
6216,0.666,0,171,0,0,0,0,0,168,0,1,44,25,0,0,0
6217,6.791,0,171,0,0,0,0,0,168,0,1,44,25,0,0,0
6218,25.068,0,171,0,0,0,0,0,168,0,1,44,25,0,0,0
6219,0.916,0,171,0,0,0,0,0,168,0,1,44,25,0,0,0
6220,0.651,0,171,0,0,0,0,0,168,0,1,44,25,0,0,0
6221,6.669,0,171,0,0,0,0,0,168,0,1,44,25,0,0,0
6222,25.137,0,171,0,0,0,0,0,168,0,1,44,25,0,0,0
6223,0.929,0,171,0,0,0,0,0,168,0,1,44,25,0,0,0
6224,0.733,0,171,0,0,0,0,0,168,0,1,44,25,0,0,0
6225,6.551,0,171,0,0,0,0,0,168,0,1,44,25,0,0,0
6226,25.058,0,171,0,0,0,0,0,168,0,1,44,25,0,0,0
6227,0.875,0,171,0,0,0,0,0,168,0,1,44,25,0,0,0
6228,1.874,0,171,0,0,0,0,0,168,0,1,44,25,0,0,0
6229,5.387,0,171,0,0,0,0,0,168,0,1,44,25,0,0,0
6230,25.432,0,171,0,0,0,0,0,168,0,1,44,25,0,0,0
6231,0.986,0,171,0,0,0,0,0,168,0,1,44,25,0,0,0
6232,0.855,0,171,0,0,0,0,0,168,0,1,44,25,0,0,0
6233,6.529,0,171,0,0,0,0,0,168,0,1,44,25,0,0,0
6234,24.843,0,171,0,0,0,0,0,168,0,1,44,25,0,0,0
6235,0.887,0,171,0,0,0,0,0,168,0,1,44,25,0,0,0
6236,0.715,0,171,0,0,0,0,0,168,0,1,44,25,0,0,0
6237,6.639,0,171,0,0,0,0,0,168,0,1,44,25,0,0,0
6238,25.003,0,171,0,0,0,0,0,168,0,1,44,25,0,0,0
6239,0.821,0,171,0,0,0,0,0,168,0,1,44,25,0,0,0
6240,0.646,0,171,0,0,0,0,0,168,0,1,44,25,0,0,0
6241,6.981,0,171,0,0,0,0,0,168,0,1,44,25,0,0,0
6242,25.059,0,171,0,0,0,0,0,168,0,1,44,25,0,0,0
6243,0.841,0,171,0,0,0,0,0,168,0,1,44,25,0,0,0
6244,0.670,0,171,0,0,0,0,0,168,0,1,44,25,0,0,0
6245,6.482,0,171,0,0,0,0,0,168,0,1,44,25,0,0,0
6246,25.247,0,171,0,0,0,0,0,168,0,1,44,25,0,0,0
6247,0.833,0,171,0,0,0,0,0,168,0,1,44,25,0,0,0
6248,0.681,0,171,0,0,0,0,0,168,0,1,44,25,0,0,0
6249,6.568,0,171,0,0,0,0,0,168,0,1,44,25,0,0,0
6250,25.104,0,171,0,0,0,0,0,168,0,1,44,25,0,0,0
6251,0.806,0,171,0,0,0,0,0,168,0,1,44,25,0,0,0
6252,0.673,0,171,0,0,0,0,0,168,0,1,44,25,0,0,0
6253,6.851,0,171,0,0,0,0,0,168,0,1,44,25,0,0,0
6254,25.066,0,171,0,0,0,0,0,168,0,1,44,25,0,0,0
6255,1.010,0,171,0,0,0,0,0,168,0,1,44,25,0,0,0
6256,1.621,0,171,0,0,0,0,0,168,0,1,44,25,0,0,0
6257,5.680,0,171,0,0,0,0,0,168,0,1,44,25,0,0,0
6258,25.060,0,171,0,0,0,0,0,168,0,1,44,25,0,0,0
6259,0.883,0,171,0,0,0,0,0,168,0,1,44,25,0,0,0
6260,1.127,0,171,0,0,0,0,0,168,0,1,44,25,0,0,0
6261,6.011,0,171,0,0,0,0,0,168,0,1,44,25,0,0,0
6262,25.297,0,171,0,0,0,0,0,168,0,1,44,25,0,0,0
6263,0.981,0,171,0,0,0,0,0,168,0,1,44,25,0,0,0
6264,0.637,0,171,0,0,0,0,0,168,0,1,44,25,0,0,0
6265,6.675,0,171,0,0,0,0,0,168,0,1,44,25,0,0,0
6266,25.028,0,171,0,0,0,0,0,168,0,1,44,25,0,0,0
6267,0.923,0,171,0,0,0,0,0,168,0,1,44,25,0,0,0
6268,0.726,0,171,0,0,0,0,0,168,0,1,44,25,0,0,0
6269,6.619,0,171,0,0,0,0,0,168,0,1,44,25,0,0,0
6270,24.998,0,171,0,0,0,0,0,168,0,1,44,25,0,0,0
6271,0.939,0,171,0,0,0,0,0,168,0,1,44,25,0,0,0
6272,0.693,0,171,0,0,0,0,0,168,0,1,44,25,0,0,0
6273,6.962,0,171,0,0,0,0,0,168,0,1,44,25,0,0,0
6274,24.785,0,171,0,0,0,0,0,168,0,1,44,25,0,0,0
6275,0.889,0,171,0,0,0,0,0,168,0,1,44,25,0,0,0
6276,0.676,0,171,0,0,0,0,0,168,0,1,44,25,0,0,0
6277,6.662,0,171,0,0,0,0,0,168,0,1,44,25,0,0,0
6278,25.136,0,171,0,0,0,0,0,168,0,1,44,25,0,0,0
6279,0.930,0,171,0,0,0,0,0,168,0,1,44,25,0,0,0
6280,0.678,0,171,0,0,0,0,0,168,0,1,44,25,0,0,0
6281,6.621,0,171,0,0,0,0,0,168,0,1,44,25,0,0,0
6282,25.075,0,171,0,0,0,0,0,168,0,1,44,25,0,0,0
6283,0.963,0,171,0,0,0,0,0,168,0,1,44,25,0,0,0
6284,0.770,0,171,0,0,0,0,0,168,0,1,44,25,0,0,0
6285,6.498,0,171,0,0,0,0,0,168,0,1,44,25,0,0,0
6286,25.161,0,171,0,0,0,0,0,168,0,1,44,25,0,0,0
6287,0.852,0,171,0,0,0,0,0,168,0,1,44,25,0,0,0
6288,1.025,0,171,0,0,0,0,0,168,0,1,44,25,0,0,0
6289,6.123,0,171,0,0,0,0,0,168,0,1,44,25,0,0,0
6290,25.426,0,171,0,0,0,0,0,168,0,1,44,25,0,0,0
6291,0.908,0,171,0,0,0,0,0,168,0,1,44,25,0,0,0
6292,0.928,0,171,0,0,0,0,0,168,0,1,44,25,0,0,0
6293,6.226,0,171,0,0,0,0,0,168,0,1,44,25,0,0,0
6294,25.130,0,171,0,0,0,0,0,168,0,1,44,25,0,0,0
6295,0.870,0,171,0,0,0,0,0,168,0,1,44,25,0,0,0
6296,0.671,0,171,0,0,0,0,0,168,0,1,44,25,0,0,0
6297,6.473,0,171,0,0,0,0,0,168,0,1,44,25,0,0,0
6298,25.210,0,171,0,0,0,0,0,168,0,1,44,25,0,0,0
6299,0.834,0,171,0,0,0,0,0,168,0,1,44,25,0,0,0
6300,0.641,0,171,0,0,0,0,0,168,0,1,44,25,0,0,0
6301,6.722,0,171,0,0,0,0,0,168,0,1,44,25,0,0,0
6302,25.069,0,171,0,0,0,0,0,168,0,1,44,25,0,0,0
6303,0.968,0,171,0,0,0,0,0,168,0,1,44,25,0,0,0
6304,0.708,0,171,0,0,0,0,0,168,0,1,44,25,0,0,0
6305,6.681,0,171,0,0,0,0,0,168,0,1,44,25,0,0,0
6306,25.077,0,171,0,0,0,0,0,168,0,1,44,25,0,0,0
6307,1.044,0,171,0,0,0,0,0,168,0,1,44,25,0,0,0
6308,0.879,0,171,0,0,0,0,0,168,0,1,44,25,0,0,0
6309,6.336,0,171,0,0,0,0,0,168,0,1,44,25,0,0,0
6310,25.278,0,171,0,0,0,0,0,168,0,1,44,25,0,0,0
6311,1.139,0,171,0,0,0,0,0,168,0,1,44,25,0,0,0
6312,1.411,0,171,0,0,0,0,0,168,0,1,44,25,0,0,0
6313,5.427,0,171,0,0,0,0,0,168,0,1,44,25,0,0,0
6314,25.185,0,171,0,0,0,0,0,168,0,1,44,25,0,0,0
6315,0.939,0,171,0,0,0,0,0,168,0,1,44,25,0,0,0
6316,0.701,0,171,0,0,0,0,0,168,0,1,44,25,0,0,0
6317,6.475,0,171,0,0,0,0,0,168,0,1,44,25,0,0,0
6318,25.214,0,171,0,0,0,0,0,168,0,1,44,25,0,0,0
6319,0.968,0,171,0,0,0,0,0,168,0,1,44,25,0,0,0
6320,0.659,0,171,0,0,0,0,0,168,0,1,44,25,0,0,0
6321,6.463,0,171,0,0,0,0,0,168,0,1,44,25,0,0,0
6322,25.176,0,171,0,0,0,0,0,168,0,1,44,25,0,0,0
6323,0.949,0,171,0,0,0,0,0,168,0,1,44,25,0,0,0
6324,0.731,0,171,0,0,0,0,0,168,0,1,44,25,0,0,0
6325,6.484,0,171,0,0,0,0,0,168,0,1,44,25,0,0,0
6326,25.235,0,171,0,0,0,0,0,168,0,1,44,25,0,0,0
6327,0.784,0,171,0,0,0,0,0,168,0,1,44,25,0,0,0
6328,0.720,0,171,0,0,0,0,0,168,0,1,44,25,0,0,0
6329,6.648,0,171,0,0,0,0,0,168,0,1,44,25,0,0,0
6330,25.245,0,171,0,0,0,0,0,168,0,1,44,25,0,0,0
6331,0.789,0,171,0,0,0,0,0,168,0,1,44,25,0,0,0
6332,0.737,0,171,0,0,0,0,0,168,0,1,44,25,0,0,0
6333,6.701,0,171,0,0,0,0,0,168,0,1,44,25,0,0,0
6334,24.915,0,171,0,0,0,0,0,168,0,1,44,25,0,0,0
6335,0.984,0,171,0,0,0,0,0,168,0,1,44,25,0,0,0
6336,0.771,0,171,0,0,0,0,0,168,0,1,44,25,0,0,0
6337,6.442,0,171,0,0,0,0,0,168,0,1,44,25,0,0,0
6338,25.222,0,171,0,0,0,0,0,168,0,1,44,25,0,0,0
6339,0.834,0,171,0,0,0,0,0,168,0,1,44,25,0,0,0
6340,0.842,0,171,0,0,0,0,0,168,0,1,44,25,0,0,0
6341,6.457,0,171,0,0,0,0,0,168,0,1,44,25,0,0,0
6342,25.173,0,171,0,0,0,0,0,168,0,1,44,25,0,0,0
6343,0.904,0,171,0,0,0,0,0,168,0,1,44,25,0,0,0
6344,0.639,0,171,0,0,0,0,0,168,0,1,44,25,0,0,0
6345,6.704,0,171,0,0,0,0,0,168,0,1,44,25,0,0,0
6346,25.208,0,171,0,0,0,0,0,168,0,1,44,25,0,0,0
6347,0.931,0,171,0,0,0,0,0,168,0,1,44,25,0,0,0
6348,0.699,0,171,0,0,0,0,0,168,0,1,44,25,0,0,0
6349,6.515,0,171,0,0,0,0,0,168,0,1,44,25,0,0,0
6350,25.118,0,171,0,0,0,0,0,168,0,1,44,25,0,0,0
6351,0.927,0,171,0,0,0,0,0,168,0,1,44,25,0,0,0
6352,0.738,0,171,0,0,0,0,0,168,0,1,44,25,0,0,0
6353,6.480,0,171,0,0,0,0,0,168,0,1,44,25,0,0,0
6354,25.226,0,171,0,0,0,0,0,168,0,1,44,25,0,0,0
6355,0.859,0,171,0,0,0,0,0,168,0,1,44,25,0,0,0
6356,0.668,0,171,0,0,0,0,0,168,0,1,44,25,0,0,0
6357,6.657,0,171,0,0,0,0,0,168,0,1,44,25,0,0,0
6358,25.033,0,171,0,0,0,0,0,168,0,1,44,25,0,0,0
6359,1.026,0,171,0,0,0,0,0,168,0,1,44,25,0,0,0
6360,0.694,0,171,0,0,0,0,0,168,0,1,44,25,0,0,0
6361,6.405,0,171,0,0,0,0,0,168,0,1,44,25,0,0,0
6362,26.313,0,171,0,0,0,0,0,168,0,1,44,25,0,0,0
6363,0.790,0,171,0,0,0,0,0,168,0,1,44,25,0,0,0
6364,0.725,0,171,0,0,0,0,0,168,0,1,44,25,0,0,0
6365,5.525,0,171,0,0,0,0,0,168,0,1,44,25,0,0,0
6366,25.258,0,171,0,0,0,0,0,168,0,1,44,25,0,0,0
6367,0.945,0,171,0,0,0,0,0,168,0,1,44,25,0,0,0
6368,0.683,0,171,0,0,0,0,0,168,0,1,44,25,0,0,0
6369,6.381,0,171,0,0,0,0,0,168,0,1,44,25,0,0,0
6370,25.267,0,171,0,0,0,0,0,168,0,1,44,25,0,0,0
6371,1.009,0,171,0,0,0,0,0,168,0,1,44,25,0,0,0
6372,0.743,0,171,0,0,0,0,0,168,0,1,44,25,0,0,0
6373,6.500,0,171,0,0,0,0,0,168,0,1,44,25,0,0,0
6374,25.139,0,171,0,0,0,0,0,168,0,1,44,25,0,0,0
6375,1.066,0,171,0,0,0,0,0,168,0,1,44,25,0,0,0
6376,0.721,0,171,0,0,0,0,0,168,0,1,44,25,0,0,0
6377,6.698,0,171,0,0,0,0,0,168,0,1,44,25,0,0,0
6378,24.923,0,171,0,0,0,0,0,168,0,1,44,25,0,0,0
6379,0.820,0,171,0,0,0,0,0,168,0,1,44,25,0,0,0
6380,0.682,0,171,0,0,0,0,0,168,0,1,44,25,0,0,0
6381,6.532,0,171,0,0,0,0,0,168,0,1,44,25,0,0,0
6382,25.117,0,171,0,0,0,0,0,168,0,1,44,25,0,0,0
6383,0.979,0,171,0,0,0,0,0,168,0,1,44,25,0,0,0
6384,0.752,0,171,0,0,0,0,0,168,0,1,44,25,0,0,0
6385,6.453,0,171,0,0,0,0,0,168,0,1,44,25,0,0,0
6386,25.246,0,171,0,0,0,0,0,168,0,1,44,25,0,0,0
6387,1.007,0,171,0,0,0,0,0,168,0,1,44,25,0,0,0
6388,1.845,0,171,0,0,0,0,0,168,0,1,44,25,0,0,0
6389,5.263,0,171,0,0,0,0,0,168,0,1,44,25,0,0,0
6390,25.315,0,171,0,0,0,0,0,168,0,1,44,25,0,0,0
6391,0.898,0,171,0,0,0,0,0,168,0,1,44,25,0,0,0
6392,1.634,0,171,0,0,0,0,0,168,0,1,44,25,0,0,0
6393,5.422,0,171,0,0,0,0,0,168,0,1,44,25,0,0,0
6394,25.241,0,171,0,0,0,0,0,168,0,1,44,25,0,0,0
6395,0.904,0,171,0,0,0,0,0,168,0,1,44,25,0,0,0
6396,0.664,0,171,0,0,0,0,0,168,0,1,44,25,0,0,0
6397,6.662,0,171,0,0,0,0,0,168,0,1,44,25,0,0,0
6398,25.119,0,171,0,0,0,0,0,168,0,1,44,25,0,0,0
6399,0.909,0,171,0,0,0,0,0,168,0,1,44,25,0,0,0
6400,0.749,0,171,0,0,0,0,0,168,0,1,44,25,0,0,0
6401,6.534,0,171,0,0,0,0,0,168,0,1,44,25,0,0,0
6402,25.160,0,171,0,0,0,0,0,168,0,1,44,25,0,0,0
6403,0.975,0,171,0,0,0,0,0,168,0,1,44,25,0,0,0
6404,0.701,0,171,0,0,0,0,0,168,0,1,44,25,0,0,0
6405,6.698,0,171,0,0,0,0,0,168,0,1,44,25,0,0,0
6406,24.874,0,171,0,0,0,0,0,168,0,1,44,25,0,0,0
6407,0.847,0,171,0,0,0,0,0,168,0,1,44,25,0,0,0
6408,0.651,0,171,0,0,0,0,0,168,0,1,44,25,0,0,0
6409,6.769,0,171,0,0,0,0,0,168,0,1,44,25,0,0,0
6410,25.128,0,171,0,0,0,0,0,168,0,1,44,25,0,0,0
6411,0.920,0,171,0,0,0,0,0,168,0,1,44,25,0,0,0
6412,0.893,0,171,0,0,0,0,0,168,0,1,44,25,0,0,0
6413,6.472,0,171,0,0,0,0,0,168,0,1,44,25,0,0,0
6414,25.086,0,171,0,0,0,0,0,168,0,1,44,25,0,0,0
6415,0.888,0,171,0,0,0,0,0,168,0,1,44,25,0,0,0
6416,1.450,0,171,0,0,0,0,0,168,0,1,44,25,0,0,0
6417,5.723,0,171,0,0,0,0,0,168,0,1,44,25,0,0,0
6418,25.218,0,171,0,0,0,0,0,168,0,1,44,25,0,0,0
6419,0.950,0,171,0,0,0,0,0,168,0,1,44,25,0,0,0
6420,0.683,0,171,0,0,0,0,0,168,0,1,44,25,0,0,0
6421,6.581,0,171,0,0,0,0,0,168,0,1,44,25,0,0,0
6422,25.040,0,171,0,0,0,0,0,168,0,1,44,25,0,0,0
6423,0.848,0,171,0,0,0,0,0,168,0,1,44,25,0,0,0
6424,0.705,0,171,0,0,0,0,0,168,0,1,44,25,0,0,0
6425,6.654,0,171,0,0,0,0,0,168,0,1,44,25,0,0,0
6426,25.264,0,171,0,0,0,0,0,168,0,1,44,25,0,0,0
6427,0.914,0,171,0,0,0,0,0,168,0,1,44,25,0,0,0
6428,0.687,0,171,0,0,0,0,0,168,0,1,44,25,0,0,0
6429,6.542,0,171,0,0,0,0,0,168,0,1,44,25,0,0,0
6430,25.070,0,171,0,0,0,0,0,168,0,1,44,25,0,0,0
6431,0.841,0,171,0,0,0,0,0,168,0,1,44,25,0,0,0
6432,0.684,0,171,0,0,0,0,0,168,0,1,44,25,0,0,0
6433,6.859,0,171,0,0,0,0,0,168,0,1,44,25,0,0,0
6434,24.996,0,171,0,0,0,0,0,168,0,1,44,26,0,0,0
6435,0.967,0,171,0,0,0,0,0,168,0,1,44,26,0,0,0
6436,0.742,0,171,0,0,0,0,0,168,0,1,44,26,0,0,0
6437,6.519,0,171,0,0,0,0,0,168,0,1,44,26,0,0,0
6438,25.051,0,171,0,0,0,0,0,168,0,1,44,26,0,0,0
6439,1.003,0,171,0,0,0,0,0,168,0,1,44,26,0,0,0
6440,0.635,0,171,0,0,0,0,0,168,0,1,44,26,0,0,0
6441,6.724,0,171,0,0,0,0,0,168,0,1,44,26,0,0,0
6442,25.243,0,171,0,0,0,0,0,168,0,1,44,26,0,0,0
6443,1.138,0,171,0,0,0,0,0,168,0,1,44,26,0,0,0
6444,1.243,0,171,0,0,0,0,0,168,0,1,44,26,0,0,0
6445,5.536,0,171,0,0,0,0,0,168,0,1,44,26,0,0,0
6446,25.187,0,171,0,0,0,0,0,168,0,1,44,26,0,0,0
6447,0.812,0,171,0,0,0,0,0,168,0,1,44,26,0,0,0
6448,0.702,0,171,0,0,0,0,0,168,0,1,44,26,0,0,0
6449,6.534,0,171,0,0,0,0,0,168,0,1,44,26,0,0,0
6450,25.202,0,171,0,0,0,0,0,168,0,1,44,26,0,0,0
6451,0.840,0,171,0,0,0,0,0,168,0,1,44,26,0,0,0
6452,0.711,0,171,0,0,0,0,0,168,0,1,44,26,0,0,0
6453,6.738,0,171,0,0,0,0,0,168,0,1,44,26,0,0,0
6454,25.070,0,171,0,0,0,0,0,168,0,1,44,26,0,0,0
6455,1.026,0,171,0,0,0,0,0,168,0,1,44,26,0,0,0
6456,0.633,0,171,0,0,0,0,0,168,0,1,44,26,0,0,0
6457,6.627,0,171,0,0,0,0,0,168,0,1,44,26,0,0,0
6458,25.115,0,171,0,0,0,0,0,168,0,1,44,26,0,0,0
6459,0.871,0,171,0,0,0,0,0,168,0,1,44,26,0,0,0
6460,0.659,0,171,0,0,0,0,0,168,0,1,44,26,0,0,0
6461,6.758,0,171,0,0,0,0,0,168,0,1,44,26,0,0,0
6462,24.965,0,171,0,0,0,0,0,168,0,1,44,26,0,0,0
6463,0.882,0,171,0,0,0,0,0,168,0,1,44,26,0,0,0
6464,0.690,0,171,0,0,0,0,0,168,0,1,44,26,0,0,0
6465,6.596,0,171,0,0,0,0,0,168,0,1,44,26,0,0,0
6466,25.174,0,171,0,0,0,0,0,168,0,1,44,26,0,0,0
6467,0.866,0,171,0,0,0,0,0,168,0,1,44,26,0,0,0
6468,0.694,0,171,0,0,0,0,0,168,0,1,44,26,0,0,0
6469,6.768,0,171,0,0,0,0,0,168,0,1,44,26,0,0,0
6470,25.160,0,171,0,0,0,0,0,168,0,1,44,26,0,0,0
6471,0.957,0,171,0,0,0,0,0,168,0,1,44,26,0,0,0
6472,2.035,0,171,0,0,0,0,0,168,0,1,44,26,0,0,0
6473,5.032,0,171,0,0,0,0,0,168,0,1,44,26,0,0,0
6474,25.066,0,171,0,0,0,0,0,168,0,1,44,26,0,0,0
6475,0.863,0,171,0,0,0,0,0,168,0,1,44,26,0,0,0
6476,1.239,0,171,0,0,0,0,0,168,0,1,44,26,0,0,0
6477,6.251,0,171,0,0,0,0,0,168,0,1,44,26,0,0,0
6478,25.204,0,171,0,0,0,0,0,168,0,1,44,26,0,0,0
6479,0.859,0,171,0,0,0,0,0,168,0,1,44,26,0,0,0
6480,0.700,0,171,0,0,0,0,0,168,0,1,44,26,0,0,0
6481,6.645,0,171,0,0,0,0,0,168,0,1,44,26,0,0,0
6482,25.249,0,171,0,0,0,0,0,168,0,1,44,26,0,0,0
6483,1.059,0,171,0,0,0,0,0,168,0,1,44,26,0,0,0
6484,0.804,0,171,0,0,0,0,0,168,0,1,44,26,0,0,0
6485,6.339,0,171,0,0,0,0,0,168,0,1,44,26,0,0,0
6486,25.054,0,171,0,0,0,0,0,168,0,1,44,26,0,0,0
6487,0.940,0,171,0,0,0,0,0,168,0,1,44,26,0,0,0
6488,0.796,0,171,0,0,0,0,0,168,0,1,44,26,0,0,0
6489,6.634,0,171,0,0,0,0,0,168,0,1,44,26,0,0,0
6490,25.017,0,171,0,0,0,0,0,168,0,1,44,26,0,0,0
6491,1.069,0,171,0,0,0,0,0,168,0,1,44,26,0,0,0
6492,0.708,0,171,0,0,0,0,0,168,0,1,44,26,0,0,0
6493,6.295,0,171,0,0,0,0,0,168,0,1,44,26,0,0,0
6494,25.140,0,171,0,0,0,0,0,168,0,1,44,26,0,0,0
6495,0.844,0,171,0,0,0,0,0,168,0,1,44,26,0,0,0
6496,0.670,0,171,0,0,0,0,0,168,0,1,44,26,0,0,0
6497,6.558,0,171,0,0,0,0,0,168,0,1,44,26,0,0,0
6498,25.118,0,171,0,0,0,0,0,168,0,1,44,26,0,0,0
6499,0.878,0,171,0,0,0,0,0,168,0,1,44,26,0,0,0
6500,0.744,0,171,0,0,0,0,0,168,0,1,44,26,0,0,0
6501,6.564,0,171,0,0,0,0,0,168,0,1,44,26,0,0,0
6502,25.161,0,171,0,0,0,0,0,168,0,1,44,26,0,0,0
6503,0.903,0,171,0,0,0,0,0,168,0,1,44,26,0,0,0
6504,0.659,0,171,0,0,0,0,0,168,0,1,44,26,0,0,0
6505,6.556,0,171,0,0,0,0,0,168,0,1,44,26,0,0,0
6506,25.162,0,171,0,0,0,0,0,168,0,1,44,26,0,0,0
6507,0.762,0,171,0,0,0,0,0,168,0,1,44,26,0,0,0
6508,0.652,0,171,0,0,0,0,0,168,0,1,44,26,0,0,0
6509,6.868,0,171,0,0,0,0,0,168,0,1,44,26,0,0,0
6510,25.146,0,171,0,0,0,0,0,168,0,1,44,26,0,0,0
6511,0.940,0,171,0,0,0,0,0,168,0,1,44,26,0,0,0
6512,0.646,0,171,0,0,0,0,0,168,0,1,44,26,0,0,0
6513,6.724,0,171,0,0,0,0,0,168,0,1,44,26,0,0,0
6514,24.995,0,171,0,0,0,0,0,168,0,1,44,26,0,0,0
6515,0.830,0,171,0,0,0,0,0,168,0,1,44,26,0,0,0
6516,0.673,0,171,0,0,0,0,0,168,0,1,44,26,0,0,0
6517,6.623,0,171,0,0,0,0,0,168,0,1,44,26,0,0,0
6518,25.260,0,171,0,0,0,0,0,168,0,1,44,26,0,0,0
6519,0.811,0,171,0,0,0,0,0,168,0,1,44,26,0,0,0
6520,0.721,0,171,0,0,0,0,0,168,0,1,44,26,0,0,0
6521,6.560,0,171,0,0,0,0,0,168,0,1,44,26,0,0,0
6522,25.272,0,171,0,0,0,0,0,168,0,1,44,26,0,0,0
6523,0.900,0,171,0,0,0,0,0,168,0,1,44,26,0,0,0
6524,0.877,0,171,0,0,0,0,0,168,0,1,44,26,0,0,0
6525,6.368,0,171,0,0,0,0,0,168,0,1,44,26,0,0,0
6526,25.197,0,171,0,0,0,0,0,168,0,1,44,26,0,0,0
6527,1.010,0,171,0,0,0,0,0,168,0,1,44,26,0,0,0
6528,1.313,0,171,0,0,0,0,0,168,0,1,44,26,0,0,0
6529,5.685,0,171,0,0,0,0,0,168,0,1,44,26,0,0,0
6530,25.260,0,171,0,0,0,0,0,168,0,1,44,26,0,0,0
6531,0.852,0,171,0,0,0,0,0,168,0,1,44,26,0,0,0
6532,0.643,0,171,0,0,0,0,0,168,0,1,44,26,0,0,0
6533,6.724,0,171,0,0,0,0,0,168,0,1,44,26,0,0,0
6534,25.166,0,171,0,0,0,0,0,168,0,1,44,26,0,0,0
6535,0.803,0,171,0,0,0,0,0,168,0,1,44,26,0,0,0
6536,0.664,0,171,0,0,0,0,0,168,0,1,44,26,0,0,0
6537,6.560,0,171,0,0,0,0,0,168,0,1,44,26,0,0,0
6538,25.242,0,171,0,0,0,0,0,168,0,1,44,26,0,0,0
6539,0.870,0,171,0,0,0,0,0,168,0,1,44,26,0,0,0
6540,0.765,0,171,0,0,0,0,0,168,0,1,44,26,0,0,0
6541,6.434,0,171,0,0,0,0,0,168,0,1,44,26,0,0,0
6542,25.212,0,171,0,0,0,0,0,168,0,1,44,26,0,0,0
6543,0.832,0,171,0,0,0,0,0,168,0,1,44,26,0,0,0
6544,0.646,0,171,0,0,0,0,0,168,0,1,44,26,0,0,0
6545,6.694,0,171,0,0,0,0,0,168,0,1,44,26,0,0,0
6546,25.175,0,171,0,0,0,0,0,168,0,1,44,26,0,0,0
6547,0.975,0,171,0,0,0,0,0,168,0,1,44,26,0,0,0
6548,0.745,0,171,0,0,0,0,0,168,0,1,44,26,0,0,0
6549,6.440,0,171,0,0,0,0,0,168,0,1,44,26,0,0,0
6550,25.233,0,171,0,0,0,0,0,168,0,1,44,26,0,0,0
6551,0.906,0,171,0,0,0,0,0,168,0,1,44,26,0,0,0
6552,1.062,0,171,0,0,0,0,0,168,0,1,44,26,0,0,0
6553,6.093,0,171,0,0,0,0,0,168,0,1,44,26,0,0,0
6554,25.147,0,171,0,0,0,0,0,168,0,1,44,26,0,0,0
6555,0.830,0,171,0,0,0,0,0,168,0,1,44,26,0,0,0
6556,0.668,0,171,0,0,0,0,0,168,0,1,44,26,0,0,0
6557,6.907,0,171,0,0,0,0,0,168,0,1,44,26,0,0,0
6558,25.030,0,171,0,0,0,0,0,168,0,1,44,26,0,0,0
6559,0.916,0,171,0,0,0,0,0,168,0,1,44,26,0,0,0
6560,0.768,0,171,0,0,0,0,0,168,0,1,44,26,0,0,0
6561,6.613,0,171,0,0,0,0,0,168,0,1,44,26,0,0,0
6562,24.953,0,171,0,0,0,0,0,168,0,1,44,26,0,0,0
6563,0.910,0,171,0,0,0,0,0,168,0,1,44,26,0,0,0
6564,0.669,0,171,0,0,0,0,0,168,0,1,44,26,0,0,0
6565,6.644,0,171,0,0,0,0,0,168,0,1,44,26,0,0,0
6566,25.938,0,171,0,0,0,0,0,168,0,1,44,26,0,0,0
6567,0.842,0,171,0,0,0,0,0,168,0,1,44,26,0,0,0
6568,0.700,0,171,0,0,0,0,0,168,0,1,44,26,0,0,0
6569,5.776,0,171,0,0,0,0,0,168,0,1,44,26,0,0,0
6570,25.343,0,171,0,0,0,0,0,168,0,1,44,26,0,0,0
6571,0.797,0,171,0,0,0,0,0,168,0,1,44,26,0,0,0
6572,0.842,0,171,0,0,0,0,0,168,0,1,44,26,0,0,0
6573,6.341,0,171,0,0,0,0,0,168,0,1,44,26,0,0,0
6574,25.302,0,171,0,0,0,0,0,168,0,1,44,26,0,0,0
6575,0.927,0,171,0,0,0,0,0,168,0,1,44,26,0,0,0
6576,1.643,0,171,0,0,0,0,0,168,0,1,44,26,0,0,0
6577,5.412,0,171,0,0,0,0,0,168,0,1,44,26,0,0,0
6578,25.297,0,171,0,0,0,0,0,168,0,1,44,26,0,0,0
6579,0.945,0,171,0,0,0,0,0,168,0,1,44,26,0,0,0
6580,1.814,0,171,0,0,0,0,0,168,0,1,44,26,0,0,0
6581,5.238,0,171,0,0,0,0,0,168,0,1,44,26,0,0,0
6582,25.231,0,171,0,0,0,0,0,168,0,1,44,26,0,0,0
6583,0.869,0,171,0,0,0,0,0,168,0,1,44,26,0,0,0
6584,0.716,0,171,0,0,0,0,0,168,0,1,44,26,0,0,0
6585,6.568,0,171,0,0,0,0,0,168,0,1,44,26,0,0,0
6586,25.167,0,171,0,0,0,0,0,168,0,1,44,26,0,0,0
6587,0.822,0,171,0,0,0,0,0,168,0,1,44,26,0,0,0
6588,0.710,0,171,0,0,0,0,0,168,0,1,44,26,0,0,0
6589,6.666,0,171,0,0,0,0,0,168,0,1,44,26,0,0,0
6590,25.264,0,171,0,0,0,0,0,168,0,1,44,26,0,0,0
6591,1.004,0,171,0,0,0,0,0,168,0,1,44,26,0,0,0
6592,0.769,0,171,0,0,0,0,0,168,0,1,44,26,0,0,0
6593,6.387,0,171,0,0,0,0,0,168,0,1,44,26,0,0,0
6594,25.242,0,171,0,0,0,0,0,168,0,1,44,26,0,0,0
6595,0.970,0,171,0,0,0,0,0,168,0,1,44,26,0,0,0
6596,0.723,0,171,0,0,0,0,0,168,0,1,44,26,0,0,0
6597,6.392,0,171,0,0,0,0,0,168,0,1,44,26,0,0,0
6598,25.059,0,171,0,0,0,0,0,168,0,1,44,26,0,0,0
6599,0.872,0,171,0,0,0,0,0,168,0,1,44,26,0,0,0
6600,0.769,0,171,0,0,0,0,0,168,0,1,44,26,0,0,0
6601,6.672,0,171,0,0,0,0,0,168,0,1,44,26,0,0,0
6602,25.313,0,171,0,0,0,0,0,168,0,1,44,26,0,0,0
6603,1.753,0,171,0,0,0,0,0,168,0,1,44,26,0,0,0
6604,0.923,0,171,0,0,0,0,0,168,0,1,44,26,0,0,0
6605,5.307,0,171,0,0,0,0,0,168,0,1,44,26,0,0,0
6606,25.091,0,171,0,0,0,0,0,168,0,1,44,26,0,0,0
6607,0.881,0,171,0,0,0,0,0,168,0,1,44,26,0,0,0
6608,0.676,0,171,0,0,0,0,0,168,0,1,44,26,0,0,0
6609,6.553,0,171,0,0,0,0,0,168,0,1,44,26,0,0,0
6610,25.234,0,171,0,0,0,0,0,168,0,1,44,26,0,0,0
6611,0.976,0,171,0,0,0,0,0,168,0,1,44,26,0,0,0
6612,0.656,0,171,0,0,0,0,0,168,0,1,44,26,0,0,0
6613,6.522,0,171,0,0,0,0,0,168,0,1,44,26,0,0,0
6614,25.243,0,171,0,0,0,0,0,168,0,0,44,28,0,0,0
6615,0.840,0,171,0,0,0,0,0,168,0,0,44,28,0,0,0
6616,0.675,0,171,0,0,0,0,0,168,0,0,44,28,0,0,0
6617,6.742,0,171,0,0,0,0,0,168,0,0,44,28,0,0,0
6618,24.988,0,171,0,0,0,0,0,168,0,0,44,30,0,0,0
6619,0.937,0,171,0,0,0,0,0,168,0,0,44,30,0,0,0
6620,0.627,0,171,0,0,0,0,0,168,0,0,44,30,0,0,0
6621,6.743,0,171,0,0,0,0,0,168,0,0,44,30,0,0,0
6622,25.046,0,171,0,0,0,0,0,168,0,0,44,30,0,0,0
6623,0.908,0,171,0,0,0,0,0,168,0,0,44,30,0,0,0
6624,0.783,0,171,0,0,0,0,0,168,0,0,44,30,0,0,0
6625,6.556,0,171,0,0,0,0,0,168,0,0,44,30,0,0,0
6626,25.232,0,171,0,0,0,0,0,168,0,0,44,30,0,0,0
6627,1.035,0,171,0,0,0,0,0,168,0,0,44,30,0,0,0
6628,1.514,0,171,0,0,0,0,0,168,0,0,44,30,0,0,0
6629,5.459,0,171,0,0,0,0,0,168,0,0,44,30,0,0,0
6630,25.123,0,171,0,0,0,0,0,168,0,0,44,30,0,0,0
6631,0.840,0,171,0,0,0,0,0,168,0,0,44,30,0,0,0
6632,0.631,0,171,0,0,0,0,0,168,0,0,44,30,0,0,0
6633,6.698,0,171,0,0,0,0,0,168,0,0,44,30,0,0,0
6634,25.276,0,171,0,0,0,0,0,168,0,0,44,31,0,0,0
6635,0.926,0,171,0,0,0,0,0,168,0,0,44,31,0,0,0
6636,0.639,0,171,0,0,0,0,0,168,0,0,44,31,0,0,0
6637,6.483,0,171,0,0,0,0,0,168,0,0,44,31,0,0,0
6638,25.183,0,171,0,0,0,0,0,168,0,0,44,31,0,0,0
6639,0.827,0,171,0,0,0,0,0,168,0,0,44,31,0,0,0
6640,0.725,0,171,0,0,0,0,0,168,0,0,44,31,0,0,0
6641,6.708,0,171,0,0,0,0,0,168,0,0,44,31,0,0,0
6642,25.075,0,171,0,0,0,0,0,168,0,0,44,31,0,0,0
6643,0.919,0,171,0,0,0,0,0,168,0,0,44,31,0,0,0
6644,0.682,0,171,0,0,0,0,0,168,0,0,44,31,0,0,0
6645,6.724,0,171,0,0,0,0,0,168,0,0,44,31,0,0,0
6646,24.947,0,171,0,0,0,0,0,168,0,0,44,31,0,0,0
6647,0.814,0,171,0,0,0,0,0,168,0,0,44,31,0,0,0
6648,0.661,0,171,0,0,0,0,0,168,0,0,44,31,0,0,0
6649,6.810,0,171,0,0,0,0,0,168,0,0,44,31,0,0,0
6650,25.242,0,171,0,0,0,0,0,168,0,0,44,31,0,0,0
6651,1.060,0,171,0,0,0,0,0,168,0,0,44,31,0,0,0
6652,2.199,0,171,0,0,0,0,0,168,0,0,44,31,0,0,0
6653,4.919,0,171,0,0,0,0,0,168,0,0,44,31,0,0,0
6654,25.072,0,171,0,0,0,0,0,168,0,0,44,31,0,0,0
6655,0.839,0,171,0,0,0,0,0,168,0,0,44,31,0,0,0
6656,0.664,0,171,0,0,0,0,0,168,0,0,44,31,0,0,0
6657,6.586,0,171,0,0,0,0,0,168,0,0,44,31,0,0,0
6658,25.274,0,171,0,0,0,0,0,168,0,0,44,31,0,0,0
6659,0.857,0,171,0,0,0,0,0,168,0,0,44,31,0,0,0
6660,0.723,0,171,0,0,0,0,0,168,0,0,44,31,0,0,0
6661,6.550,0,171,0,0,0,0,0,168,0,0,44,31,0,0,0
6662,25.191,0,171,0,0,0,0,0,168,0,0,44,31,0,0,0
6663,0.888,0,171,0,0,0,0,0,168,0,0,44,31,0,0,0
6664,0.695,0,171,0,0,0,0,0,168,0,0,44,31,0,0,0
6665,6.655,0,171,0,0,0,0,0,168,0,0,44,31,0,0,0
6666,25.047,0,171,0,0,0,0,0,168,0,0,44,31,0,0,0
6667,0.910,0,171,0,0,0,0,0,168,0,0,44,31,0,0,0
6668,0.719,0,171,0,0,0,0,0,168,0,0,44,31,0,0,0
6669,6.619,0,171,0,0,0,0,0,168,0,0,44,31,0,0,0
6670,25.170,0,171,0,0,0,0,0,168,0,0,44,31,0,0,0
6671,0.877,0,171,0,0,0,0,0,168,0,0,44,31,0,0,0
6672,0.671,0,171,0,0,0,0,0,168,0,0,44,31,0,0,0
6673,6.591,0,171,0,0,0,0,0,168,0,0,44,31,0,0,0
6674,25.031,0,171,0,0,0,0,0,168,0,0,44,31,0,0,0
6675,0.885,0,171,0,0,0,0,0,168,0,0,44,31,0,0,0
6676,2.232,0,171,0,0,0,0,0,168,0,0,44,31,0,0,0
6677,5.148,0,171,0,0,0,0,0,168,0,0,44,31,0,0,0
6678,25.235,0,171,0,0,0,0,0,168,0,0,44,31,0,0,0
6679,0.861,0,171,0,0,0,0,0,168,0,0,44,31,0,0,0
6680,0.637,0,171,0,0,0,0,0,168,0,0,44,31,0,0,0
6681,6.595,0,171,0,0,0,0,0,168,0,0,44,31,0,0,0
6682,25.141,0,171,0,0,0,0,0,168,0,0,44,31,0,0,0
6683,0.907,0,171,0,0,0,0,0,168,0,0,44,31,0,0,0
6684,0.716,0,171,0,0,0,0,0,168,0,0,44,31,0,0,0
6685,6.736,0,171,0,0,0,0,0,168,0,0,44,31,0,0,0
6686,25.091,0,171,0,0,0,0,0,168,0,0,44,31,0,0,0
6687,0.933,0,171,0,0,0,0,0,168,0,0,44,31,0,0,0
6688,0.697,0,171,0,0,0,0,0,168,0,0,44,31,0,0,0
6689,6.639,0,171,0,0,0,0,0,168,0,0,44,31,0,0,0
6690,25.015,0,171,0,0,0,0,0,168,0,0,44,31,0,0,0
6691,0.934,0,171,0,0,0,0,0,168,0,0,44,31,0,0,0
6692,0.665,0,171,0,0,0,0,0,168,0,0,44,31,0,0,0
6693,6.718,0,171,0,0,0,0,0,168,0,0,44,31,0,0,0
6694,25.023,0,171,0,0,0,0,0,168,0,0,44,31,0,0,0
6695,0.874,0,171,0,0,0,0,0,168,0,0,44,31,0,0,0
6696,0.698,0,171,0,0,0,0,0,168,0,0,44,31,0,0,0
6697,6.593,0,171,0,0,0,0,0,168,0,0,44,31,0,0,0
6698,25.153,0,171,0,0,0,0,0,168,0,0,44,31,0,0,0
6699,0.785,0,171,0,0,0,0,0,168,0,0,44,31,0,0,0
6700,0.687,0,171,0,0,0,0,0,168,0,0,44,31,0,0,0
6701,6.843,0,171,0,0,0,0,0,168,0,0,44,31,0,0,0
6702,24.919,0,171,0,0,0,0,0,168,0,0,44,31,0,0,0
6703,0.809,0,171,0,0,0,0,0,168,0,0,44,31,0,0,0
6704,1.962,0,171,0,0,0,0,0,168,0,0,44,31,0,0,0
6705,5.405,0,171,0,0,0,0,0,168,0,0,44,31,0,0,0
6706,25.173,0,171,0,0,0,0,0,168,0,0,44,31,0,0,0
6707,0.921,0,171,0,0,0,0,0,168,0,0,44,31,0,0,0
6708,0.677,0,171,0,0,0,0,0,168,0,0,44,31,0,0,0
6709,6.506,0,171,0,0,0,0,0,168,0,0,44,31,0,0,0
6710,25.209,0,171,0,0,0,0,0,168,0,0,44,31,0,0,0
6711,0.877,0,171,0,0,0,0,0,168,0,0,44,31,0,0,0
6712,0.643,0,171,0,0,0,0,0,168,0,0,44,31,0,0,0
6713,6.641,0,171,0,0,0,0,0,168,0,0,44,31,0,0,0
6714,25.259,0,171,0,0,0,0,0,168,0,0,44,31,0,0,0
6715,0.836,0,171,0,0,0,0,0,168,0,0,44,31,0,0,0
6716,0.674,0,171,0,0,0,0,0,168,0,0,44,31,0,0,0
6717,6.616,0,171,0,0,0,0,0,168,0,0,44,31,0,0,0
6718,25.134,0,171,0,0,0,0,0,168,0,0,44,31,0,0,0
6719,0.852,0,171,0,0,0,0,0,168,0,0,44,31,0,0,0
6720,0.711,0,171,0,0,0,0,0,168,0,0,44,31,0,0,0
6721,6.848,0,171,0,0,0,0,0,168,0,0,44,31,0,0,0
6722,24.832,0,171,0,0,0,0,0,168,0,0,44,31,0,0,0
6723,0.824,0,171,0,0,0,0,0,168,0,0,44,31,0,0,0
6724,0.738,0,171,0,0,0,0,0,168,0,0,44,31,0,0,0
6725,6.644,0,171,0,0,0,0,0,168,0,0,44,31,0,0,0
6726,25.191,0,171,0,0,0,0,0,168,0,0,44,31,0,0,0
6727,0.811,0,171,0,0,0,0,0,168,0,0,44,31,0,0,0
6728,0.706,0,171,0,0,0,0,0,168,0,0,44,31,0,0,0
6729,6.702,0,171,0,0,0,0,0,168,0,0,44,31,0,0,0
6730,25.114,0,171,0,0,0,0,0,168,0,0,44,31,0,0,0
6731,0.839,0,171,0,0,0,0,0,168,0,0,44,31,0,0,0
6732,0.747,0,171,0,0,0,0,0,168,0,0,44,31,0,0,0
6733,6.691,0,171,0,0,0,0,0,168,0,0,44,31,0,0,0
6734,25.358,0,171,0,0,0,0,0,168,0,0,44,31,0,0,0
6735,0.819,0,171,0,0,0,0,0,168,0,0,44,31,0,0,0
6736,1.266,0,171,0,0,0,0,0,168,0,0,44,31,0,0,0
6737,5.913,0,171,0,0,0,0,0,168,0,0,44,31,0,0,0
6738,25.302,0,171,0,0,0,0,0,168,0,0,44,31,0,0,0
6739,1.125,0,171,0,0,0,0,0,168,0,0,44,31,0,0,0
6740,0.737,0,171,0,0,0,0,0,168,0,0,44,31,0,0,0
6741,6.002,0,171,0,0,0,0,0,168,0,0,44,31,0,0,0
6742,25.182,0,171,0,0,0,0,0,168,0,0,44,31,0,0,0
6743,0.942,0,171,0,0,0,0,0,168,0,0,44,31,0,0,0
6744,0.686,0,171,0,0,0,0,0,168,0,0,44,31,0,0,0
6745,6.502,0,171,0,0,0,0,0,168,0,0,44,31,0,0,0
6746,25.215,0,171,0,0,0,0,0,168,0,0,44,31,0,0,0
6747,0.890,0,171,0,0,0,0,0,168,0,0,44,31,0,0,0
6748,0.690,0,171,0,0,0,0,0,168,0,0,44,31,0,0,0
6749,6.709,0,171,0,0,0,0,0,168,0,0,44,31,0,0,0
6750,25.084,0,171,0,0,0,0,0,168,0,0,44,31,0,0,0
6751,0.914,0,171,0,0,0,0,0,168,0,0,44,31,0,0,0
6752,0.664,0,171,0,0,0,0,0,168,0,0,44,31,0,0,0
6753,6.547,0,171,0,0,0,0,0,168,0,0,44,31,0,0,0
6754,25.177,0,171,0,0,0,0,0,168,0,0,44,31,0,0,0
6755,0.878,0,171,0,0,0,0,0,168,0,0,44,31,0,0,0
6756,0.678,0,171,0,0,0,0,0,168,0,0,44,31,0,0,0
6757,6.692,0,171,0,0,0,0,0,168,0,0,44,31,0,0,0
6758,25.050,0,171,0,0,0,0,0,168,0,0,44,31,0,0,0
6759,0.966,0,171,0,0,0,0,0,168,0,0,44,31,0,0,0
6760,0.635,0,171,0,0,0,0,0,168,0,0,44,31,0,0,0
6761,6.569,0,171,0,0,0,0,0,168,0,0,44,31,0,0,0
6762,25.235,0,171,0,0,0,0,0,168,0,0,44,31,0,0,0
6763,0.920,0,171,0,0,0,0,0,168,0,0,44,31,0,0,0
6764,0.622,0,171,0,0,0,0,0,168,0,0,44,31,0,0,0
6765,6.479,0,171,0,0,0,0,0,168,0,0,44,31,0,0,0
6766,25.293,0,171,0,0,0,0,0,168,0,0,44,31,0,0,0
6767,0.954,0,171,0,0,0,0,0,168,0,0,44,31,0,0,0
6768,0.637,0,171,0,0,0,0,0,168,0,0,44,31,0,0,0
6769,6.444,0,171,0,0,0,0,0,168,0,0,44,31,0,0,0
6770,25.454,0,171,0,0,0,0,0,168,0,0,44,31,0,0,0
6771,0.943,0,171,0,0,0,0,0,168,0,0,44,31,0,0,0
6772,0.709,0,171,0,0,0,0,0,168,0,0,44,31,0,0,0
6773,6.468,0,171,0,0,0,0,0,168,0,0,44,31,0,0,0
6774,25.062,0,171,0,0,0,0,0,168,0,0,44,31,0,0,0
6775,0.789,0,171,0,0,0,0,0,168,0,0,44,31,0,0,0
6776,0.705,0,171,0,0,0,0,0,168,0,0,44,31,0,0,0
6777,6.684,0,171,0,0,0,0,0,168,0,0,44,31,0,0,0
6778,25.124,0,171,0,0,0,0,0,168,0,0,44,31,0,0,0
6779,0.846,0,171,0,0,0,0,0,168,0,0,44,31,0,0,0
6780,0.624,0,171,0,0,0,0,0,168,0,0,44,31,0,0,0
6781,6.755,0,171,0,0,0,0,0,168,0,0,44,31,0,0,0
6782,25.056,0,171,0,0,0,0,0,168,0,0,44,31,0,0,0
6783,0.892,0,171,0,0,0,0,0,168,0,0,44,31,0,0,0
6784,0.721,0,171,0,0,0,0,0,168,0,0,44,31,0,0,0
6785,6.722,0,171,0,0,0,0,0,168,0,0,44,31,0,0,0
6786,25.108,0,171,0,0,0,0,0,168,0,0,44,31,0,0,0
6787,0.918,0,171,0,0,0,0,0,168,0,0,44,31,0,0,0
6788,1.891,0,171,0,0,0,0,0,168,0,0,44,31,0,0,0
6789,5.366,0,171,0,0,0,0,0,168,0,0,44,31,0,0,0
6790,25.097,0,171,0,0,0,0,0,168,0,0,44,31,0,0,0
6791,0.875,0,171,0,0,0,0,0,168,0,0,44,31,0,0,0
6792,0.708,0,171,0,0,0,0,0,168,0,0,44,31,0,0,0
6793,6.524,0,171,0,0,0,0,0,168,0,0,44,31,0,0,0
6794,25.236,0,171,0,0,0,0,0,168,0,0,44,31,0,0,0
6795,0.955,0,171,0,0,0,0,0,168,0,0,44,31,0,0,0
6796,0.660,0,171,0,0,0,0,0,168,0,0,44,31,0,0,0
6797,6.701,0,171,0,0,0,0,0,168,0,0,44,31,0,0,0
6798,25.084,0,171,0,0,0,0,0,168,0,0,44,31,0,0,0
6799,0.948,0,171,0,0,0,0,0,168,0,0,44,31,0,0,0
6800,0.661,0,171,0,0,0,0,0,168,0,0,44,31,0,0,0
6801,6.580,0,171,0,0,0,0,0,168,0,0,44,31,0,0,0
6802,25.211,0,171,0,0,0,0,0,168,0,0,44,31,0,0,0
6803,0.990,0,171,0,0,0,0,0,168,0,0,44,31,0,0,0
6804,0.814,0,171,0,0,0,0,0,168,0,0,44,31,0,0,0
6805,6.306,0,171,0,0,0,0,0,168,0,0,44,31,0,0,0
6806,25.082,0,171,0,0,0,0,0,168,0,0,44,31,0,0,0
6807,0.823,0,171,0,0,0,0,0,168,0,0,44,31,0,0,0
6808,0.754,0,171,0,0,0,0,0,168,0,0,44,31,0,0,0
6809,6.778,0,171,0,0,0,0,0,168,0,0,44,31,0,0,0
6810,24.946,0,171,0,0,0,0,0,168,0,0,44,31,0,0,0
6811,1.030,0,171,0,0,0,0,0,168,0,0,44,31,0,0,0
6812,0.658,0,171,0,0,0,0,0,168,0,0,44,31,0,0,0
6813,6.723,0,171,0,0,0,0,0,168,0,0,44,31,0,0,0
6814,25.194,0,171,0,0,0,0,0,168,0,0,44,31,0,0,0
6815,0.813,0,171,0,0,0,0,0,168,0,0,44,31,0,0,0
6816,1.445,0,171,0,0,0,0,0,168,0,0,44,31,0,0,0
6817,5.745,0,171,0,0,0,0,0,168,0,0,44,31,0,0,0
6818,25.148,0,171,0,0,0,0,0,168,0,0,44,31,0,0,0
6819,0.959,0,171,0,0,0,0,0,168,0,0,44,31,0,0,0
6820,0.759,0,171,0,0,0,0,0,168,0,0,44,31,0,0,0
6821,6.388,0,171,0,0,0,0,0,168,0,0,44,31,0,0,0
6822,25.276,0,171,0,0,0,0,0,168,0,0,44,31,0,0,0
6823,0.910,0,171,0,0,0,0,0,168,0,0,44,31,0,0,0
6824,0.747,0,171,0,0,0,0,0,168,0,0,44,31,0,0,0
6825,6.533,0,171,0,0,0,0,0,168,0,0,44,31,0,0,0
6826,25.101,0,171,0,0,0,0,0,168,0,0,44,31,0,0,0
6827,0.924,0,171,0,0,0,0,0,168,0,0,44,31,0,0,0
6828,0.746,0,171,0,0,0,0,0,168,0,0,44,31,0,0,0
6829,6.535,0,171,0,0,0,0,0,168,0,0,44,31,0,0,0
6830,25.073,0,171,0,0,0,0,0,168,0,0,44,31,0,0,0
6831,0.852,0,171,0,0,0,0,0,168,0,0,44,31,0,0,0
6832,0.774,0,171,0,0,0,0,0,168,0,0,44,31,0,0,0
6833,6.769,0,171,0,0,0,0,0,168,0,0,44,31,0,0,0
6834,25.138,0,171,0,0,0,0,0,168,0,0,44,31,0,0,0
6835,0.912,0,171,0,0,0,0,0,168,0,0,44,31,0,0,0
6836,0.723,0,171,0,0,0,0,0,168,0,0,44,31,0,0,0
6837,6.510,0,171,0,0,0,0,0,168,0,0,44,31,0,0,0
6838,24.933,0,171,0,0,0,0,0,168,0,0,44,31,0,0,0
6839,0.974,0,171,0,0,0,0,0,168,0,0,44,31,0,0,0
6840,2.324,0,171,0,0,0,0,0,168,0,0,44,31,0,0,0
6841,5.005,0,171,0,0,0,0,0,168,0,0,44,31,0,0,0
6842,25.154,0,171,0,0,0,0,0,168,0,0,44,31,0,0,0
6843,0.861,0,171,0,0,0,0,0,168,0,0,44,31,0,0,0
6844,0.692,0,171,0,0,0,0,0,168,0,0,44,31,0,0,0
6845,6.767,0,171,0,0,0,0,0,168,0,0,44,31,0,0,0
6846,24.971,0,171,0,0,0,0,0,168,0,0,44,31,0,0,0
6847,0.898,0,171,0,0,0,0,0,168,0,0,44,31,0,0,0
6848,0.854,0,171,0,0,0,0,0,168,0,0,44,31,0,0,0
6849,6.463,0,171,0,0,0,0,0,168,0,0,44,31,0,0,0
6850,25.236,0,171,0,0,0,0,0,168,0,0,44,31,0,0,0
6851,0.798,0,171,0,0,0,0,0,168,0,0,44,31,0,0,0
6852,0.826,0,171,0,0,0,0,0,168,0,0,44,31,0,0,0
6853,6.535,0,171,0,0,0,0,0,168,0,0,44,31,0,0,0
6854,25.084,0,171,0,0,0,0,0,168,0,0,44,31,0,0,0
6855,0.961,0,171,0,0,0,0,0,168,0,0,44,31,0,0,0
6856,0.810,0,171,0,0,0,0,0,168,0,0,44,31,0,0,0
6857,6.549,0,171,0,0,0,0,0,168,0,0,44,31,0,0,0
6858,24.999,0,171,0,0,0,0,0,168,0,0,44,31,0,0,0
6859,1.030,0,171,0,0,0,0,0,168,0,0,44,31,0,0,0
6860,0.785,0,171,0,0,0,0,0,168,0,0,44,31,0,0,0
6861,6.472,0,171,0,0,0,0,0,168,0,0,44,31,0,0,0
6862,25.078,0,171,0,0,0,0,0,168,0,0,44,31,0,0,0
6863,0.913,0,171,0,0,0,0,0,168,0,0,44,31,0,0,0
6864,0.816,0,171,0,0,0,0,0,168,0,0,44,31,0,0,0
6865,6.475,0,171,0,0,0,0,0,168,0,0,44,31,0,0,0
6866,25.067,0,171,0,0,0,0,0,168,0,0,44,31,0,0,0
6867,0.940,0,171,0,0,0,0,0,168,0,0,44,31,0,0,0
6868,1.238,0,171,0,0,0,0,0,168,0,0,44,31,0,0,0
6869,6.170,0,171,0,0,0,0,0,168,0,0,44,31,0,0,0
6870,24.950,0,171,0,0,0,0,0,168,0,0,44,31,0,0,0
6871,0.949,0,171,0,0,0,0,0,168,0,0,44,31,0,0,0
6872,0.782,0,171,0,0,0,0,0,168,0,0,44,31,0,0,0
6873,6.753,0,171,0,0,0,0,0,168,0,0,44,31,0,0,0
6874,24.929,0,171,0,0,0,0,0,168,0,0,44,31,0,0,0
6875,0.994,0,171,0,0,0,0,0,168,0,0,44,31,0,0,0
6876,0.809,0,171,0,0,0,0,0,168,0,0,44,31,0,0,0
6877,6.434,0,171,0,0,0,0,0,168,0,0,44,31,0,0,0
6878,25.197,0,171,0,0,0,0,0,168,0,0,44,31,0,0,0
6879,0.961,0,171,0,0,0,0,0,168,0,0,44,31,0,0,0
6880,0.786,0,171,0,0,0,0,0,168,0,0,44,31,0,0,0
6881,6.376,0,171,0,0,0,0,0,168,0,0,44,31,0,0,0
6882,25.142,0,171,0,0,0,0,0,168,0,0,44,31,0,0,0
6883,0.926,0,171,0,0,0,0,0,168,0,0,44,31,0,0,0
6884,0.710,0,171,0,0,0,0,0,168,0,0,44,31,0,0,0
6885,6.537,0,171,0,0,0,0,0,168,0,0,44,31,0,0,0
6886,25.176,0,171,0,0,0,0,0,168,0,1,44,31,0,0,0
6887,0.873,0,171,0,0,0,0,0,168,0,1,44,31,0,0,0
6888,0.888,0,171,0,0,0,0,0,168,0,1,44,31,0,0,0
6889,6.488,0,171,0,0,0,0,0,168,0,1,44,31,0,0,0
6890,25.005,0,171,0,0,0,0,0,168,0,1,44,31,0,0,0
6891,0.877,0,171,0,0,0,0,0,168,0,1,44,31,0,0,0
6892,0.819,0,171,0,0,0,0,0,168,0,1,44,31,0,0,0
6893,6.650,0,171,0,0,0,0,0,168,0,1,44,31,0,0,0
6894,25.021,0,171,1,1,0,0,0,168,0,2,44,31,0,0,0
6895,0.938,0,171,1,1,0,0,0,168,0,2,44,31,1,0,0
6896,1.892,0,172,0,1,1,0,0,168,0,2,44,31,1,0,0
6897,5.471,0,172,0,0,0,0,0,168,0,2,44,31,0,0,0
6898,25.049,0,172,0,0,0,0,0,168,0,2,44,31,0,0,0
6899,0.927,0,172,0,0,0,0,0,168,0,2,44,31,0,0,0
6900,0.749,0,172,0,0,0,0,0,168,0,2,44,31,0,0,0
6901,6.616,0,172,0,0,0,0,0,168,0,2,44,31,0,0,0
6902,24.913,0,172,0,0,0,0,0,168,0,2,44,31,0,0,0
6903,0.888,0,172,0,0,0,0,0,168,0,2,44,31,0,0,0
6904,0.845,0,172,0,0,0,0,0,168,0,2,44,31,0,0,0
6905,6.631,0,172,0,0,0,0,0,168,0,2,44,31,0,0,0
6906,25.169,0,172,0,0,0,0,0,168,0,2,44,31,0,0,0
6907,0.843,0,172,0,0,0,0,0,168,0,2,44,31,0,0,0
6908,0.782,0,172,0,0,0,0,0,168,0,2,44,31,0,0,0
6909,6.554,0,172,0,0,0,0,0,168,0,2,44,31,0,0,0
6910,25.037,0,172,0,0,0,0,0,168,0,2,44,31,0,0,0
6911,0.943,0,172,0,0,0,0,0,168,0,2,44,31,0,0,0
6912,0.719,0,172,0,0,0,0,0,168,0,2,44,31,0,0,0
6913,6.576,0,172,0,0,0,0,0,168,0,2,44,31,0,0,0
6914,25.032,0,172,0,0,0,0,0,168,0,2,44,31,0,0,0
6915,0.901,0,172,0,0,0,0,0,168,0,2,44,31,0,0,0
6916,0.742,0,172,0,0,0,0,0,168,0,2,44,31,0,0,0
6917,6.685,0,172,0,0,0,0,0,168,0,2,44,31,0,0,0
6918,25.162,0,172,0,0,0,0,0,168,0,2,44,31,0,0,0
6919,1.025,0,172,0,0,0,0,0,168,0,2,44,31,0,0,0
6920,1.559,0,172,0,0,0,0,0,168,0,2,44,31,0,0,0
6921,5.520,0,172,0,0,0,0,0,168,0,2,44,31,0,0,0
6922,25.373,0,172,0,0,0,0,0,168,0,2,44,31,0,0,0
6923,0.922,0,172,0,0,0,0,0,168,0,2,44,31,0,0,0
6924,0.811,0,172,0,0,0,0,0,168,0,2,44,31,0,0,0
6925,6.317,0,172,0,0,0,0,0,168,0,2,44,31,0,0,0
6926,24.974,0,172,0,0,0,0,0,168,0,2,44,31,0,0,0
6927,0.842,0,172,0,0,0,0,0,168,0,2,44,31,0,0,0
6928,0.676,0,172,0,0,0,0,0,168,0,2,44,31,0,0,0
6929,6.838,0,172,0,0,0,0,0,168,0,2,44,31,0,0,0
6930,25.142,0,172,0,0,0,0,0,168,0,2,44,31,0,0,0
6931,0.911,0,172,0,0,0,0,0,168,0,2,44,31,0,0,0
6932,0.764,0,172,0,0,0,0,0,168,0,2,44,31,0,0,0
6933,6.570,0,172,0,0,0,0,0,168,0,2,44,31,0,0,0
6934,24.993,0,172,0,0,0,0,0,168,0,2,44,31,0,0,0
6935,1.105,0,172,0,0,0,0,0,168,0,2,44,31,0,0,0
6936,0.727,0,172,0,0,0,0,0,168,0,2,44,31,0,0,0
6937,6.554,0,172,0,0,0,0,0,168,0,2,44,31,0,0,0
6938,24.829,0,172,0,0,0,0,0,168,0,2,44,31,0,0,0
6939,0.934,0,172,0,0,0,0,0,168,0,2,44,31,0,0,0
6940,0.737,0,172,0,0,0,0,0,168,0,2,44,31,0,0,0
6941,6.735,0,172,0,0,0,0,0,168,0,2,44,31,0,0,0
6942,25.041,0,172,0,0,0,0,0,168,0,2,44,31,0,0,0
6943,0.894,0,172,0,0,0,0,0,168,0,2,44,31,0,0,0
6944,0.921,0,172,0,0,0,0,0,168,0,2,44,31,0,0,0
6945,6.349,0,172,0,0,0,0,0,168,0,2,44,31,0,0,0
6946,25.484,0,172,0,0,0,0,0,168,0,2,44,31,0,0,0
6947,0.907,0,172,0,0,0,0,0,168,0,2,44,31,0,0,0
6948,0.670,0,172,0,0,0,0,0,168,0,2,44,31,0,0,0
6949,6.355,0,172,0,0,0,0,0,168,0,2,44,31,0,0,0
6950,25.008,0,172,0,0,0,0,0,168,0,2,44,31,0,0,0
6951,0.896,0,172,0,0,0,0,0,168,0,2,44,31,0,0,0
6952,0.747,0,172,0,0,0,0,0,168,0,2,44,31,0,0,0
6953,6.784,0,172,0,0,0,0,0,168,0,2,44,31,0,0,0
6954,25.049,0,172,0,0,0,0,0,168,0,2,44,31,0,0,0
6955,0.873,0,172,0,0,0,0,0,168,0,2,44,31,0,0,0
6956,0.733,0,172,0,0,0,0,0,168,0,2,44,31,0,0,0
6957,6.573,0,172,0,0,0,0,0,168,0,2,44,31,0,0,0
6958,25.128,0,172,0,0,0,0,0,168,0,2,44,31,0,0,0
6959,0.900,0,172,0,0,0,0,0,168,0,2,44,31,0,0,0
6960,0.702,0,172,0,0,0,0,0,168,0,2,44,31,0,0,0
6961,6.966,0,172,0,0,0,0,0,168,0,2,44,31,0,0,0
6962,24.770,0,172,0,0,0,0,0,168,0,2,44,31,0,0,0
6963,0.890,0,172,0,0,0,0,0,168,0,2,44,31,0,0,0
6964,0.740,0,172,0,0,0,0,0,168,0,2,44,31,0,0,0
6965,6.579,0,172,0,0,0,0,0,168,0,2,44,31,0,0,0
6966,25.047,0,172,0,0,0,0,0,168,0,2,44,31,0,0,0
6967,0.969,0,172,0,0,0,0,0,168,0,2,44,31,0,0,0
6968,0.801,0,172,0,0,0,0,0,168,0,2,44,31,0,0,0
6969,6.424,0,172,0,0,0,0,0,168,0,2,44,31,0,0,0
6970,25.275,0,172,0,0,0,0,0,168,0,2,44,31,0,0,0
6971,1.025,0,172,0,0,0,0,0,168,0,2,44,31,0,0,0
6972,0.791,0,172,0,0,0,0,0,168,0,2,44,31,0,0,0
6973,6.232,0,172,0,0,0,0,0,168,0,2,44,31,0,0,0
6974,25.112,0,172,0,0,0,0,0,168,0,2,44,31,0,0,0
6975,0.916,0,172,0,0,0,0,0,168,0,2,44,31,0,0,0
6976,0.772,0,172,0,0,0,0,0,168,0,2,44,31,0,0,0
6977,6.569,0,172,0,0,0,0,0,168,0,2,44,31,0,0,0
6978,25.151,0,172,0,0,0,0,0,168,0,2,44,31,0,0,0
6979,0.888,0,172,0,0,0,0,0,168,0,2,44,31,0,0,0
6980,0.831,0,172,0,0,0,0,0,168,0,2,44,31,0,0,0
6981,6.468,0,172,0,0,0,0,0,168,0,2,44,31,0,0,0
6982,25.216,0,172,0,0,0,0,0,168,0,2,44,31,0,0,0
6983,0.912,0,172,0,0,0,0,0,168,0,2,44,31,0,0,0
6984,0.721,0,172,0,0,0,0,0,168,0,2,44,31,0,0,0
6985,6.538,0,172,0,0,0,0,0,168,0,2,44,31,0,0,0
6986,25.143,0,172,0,0,0,0,0,168,0,2,44,31,0,0,0
6987,1.028,0,172,0,0,0,0,0,168,0,2,44,31,0,0,0
6988,0.739,0,172,0,0,0,0,0,168,0,2,44,31,0,0,0
6989,6.511,0,172,0,0,0,0,0,168,0,2,44,31,0,0,0
6990,25.032,0,172,0,0,0,0,0,168,0,2,44,31,0,0,0
6991,0.857,0,172,0,0,0,0,0,168,0,2,44,31,0,0,0
6992,0.697,0,172,0,0,0,0,0,168,0,2,44,31,0,0,0
6993,6.732,0,172,0,0,0,0,0,168,0,2,44,31,0,0,0
6994,25.274,0,172,0,0,0,0,0,168,0,2,44,31,0,0,0
6995,1.058,0,172,0,0,0,0,0,168,0,2,44,31,0,0,0
6996,1.077,0,172,0,0,0,0,0,168,0,2,44,31,0,0,0
6997,6.081,0,172,0,0,0,0,0,168,0,2,44,31,0,0,0
6998,24.994,0,172,0,0,0,0,0,168,0,2,44,31,0,0,0
6999,0.945,0,172,0,0,0,0,0,168,0,2,44,31,0,0,0
7000,1.334,0,172,0,0,0,0,0,168,0,2,44,31,0,0,0
7001,5.862,0,172,0,0,0,0,0,168,0,2,44,31,0,0,0
7002,25.009,0,172,0,0,0,0,0,168,0,2,44,31,0,0,0
7003,0.908,0,172,0,0,0,0,0,168,0,2,44,31,0,0,0
7004,0.847,0,172,0,0,0,0,0,168,0,2,44,31,0,0,0
7005,6.489,0,172,0,0,0,0,0,168,0,2,44,31,0,0,0
7006,25.073,0,172,0,0,0,0,0,168,0,2,44,31,0,0,0
7007,0.895,0,172,0,0,0,0,0,168,0,2,44,31,0,0,0
7008,0.784,0,172,0,0,0,0,0,168,0,2,44,31,0,0,0
7009,6.627,0,172,0,0,0,0,0,168,0,2,44,31,0,0,0
7010,25.087,0,172,0,0,0,0,0,168,0,2,44,31,0,0,0
7011,0.893,0,172,0,0,0,0,0,168,0,2,44,31,0,0,0
7012,0.790,0,172,0,0,0,0,0,168,0,2,44,31,0,0,0
7013,6.546,0,172,0,0,0,0,0,168,0,2,44,31,0,0,0
7014,25.042,0,172,0,0,0,0,0,168,0,2,44,31,0,0,0
7015,0.931,0,172,0,0,0,0,0,168,0,2,44,31,0,0,0
7016,0.779,0,172,0,0,0,0,0,168,0,2,44,31,0,0,0
7017,6.469,0,172,0,0,0,0,0,168,0,2,44,31,0,0,0
7018,25.136,0,172,0,0,0,0,0,168,0,2,44,31,0,0,0
7019,0.931,0,172,0,0,0,0,0,168,0,2,44,31,0,0,0
7020,0.733,0,172,0,0,0,0,0,168,0,2,44,31,0,0,0
7021,6.631,0,172,0,0,0,0,0,168,0,2,44,31,0,0,0
7022,24.993,0,172,0,0,0,0,0,168,0,2,44,31,0,0,0
7023,0.838,0,172,0,0,0,0,0,168,0,2,44,31,0,0,0
7024,0.942,0,172,0,0,0,0,0,168,0,2,44,31,0,0,0
7025,6.568,0,172,0,0,0,0,0,168,0,2,44,31,0,0,0
7026,25.101,0,172,0,0,0,0,0,168,0,2,44,31,0,0,0
7027,0.846,0,172,0,0,0,0,0,168,0,2,44,31,0,0,0
7028,0.694,0,172,0,0,0,0,0,168,0,2,44,31,0,0,0
7029,6.623,0,172,0,0,0,0,0,168,0,2,44,31,0,0,0
7030,25.170,0,172,0,0,0,0,0,168,0,2,44,31,0,0,0
7031,1.005,0,172,0,0,0,0,0,168,0,2,44,31,0,0,0
7032,0.778,0,172,0,0,0,0,0,168,0,2,44,31,0,0,0
7033,6.430,0,172,0,0,0,0,0,168,0,2,44,31,0,0,0
7034,25.125,0,172,0,0,0,0,0,168,0,2,44,31,0,0,0
7035,0.934,0,172,0,0,0,0,0,168,0,2,44,31,0,0,0
7036,0.736,0,172,0,0,0,0,0,168,0,2,44,31,0,0,0
7037,6.646,0,172,0,0,0,0,0,168,0,2,44,31,0,0,0
7038,24.948,0,172,0,0,0,0,0,168,0,2,44,31,0,0,0
7039,1.037,0,172,0,0,0,0,0,168,0,2,44,31,0,0,0
7040,0.707,0,172,0,0,0,0,0,168,0,2,44,31,0,0,0
7041,6.694,0,172,0,0,0,0,0,168,0,2,44,31,0,0,0
7042,24.955,0,172,0,0,0,0,0,168,0,2,44,31,0,0,0
7043,1.040,0,172,0,0,0,0,0,168,0,2,44,31,0,0,0
7044,0.720,0,172,0,0,0,0,0,168,0,2,44,31,0,0,0
7045,6.423,0,172,0,0,0,0,0,168,0,2,44,31,0,0,0
7046,25.059,0,172,0,0,0,0,0,168,0,2,44,31,0,0,0
7047,0.828,0,172,0,0,0,0,0,168,0,2,44,31,0,0,0
7048,0.717,0,172,0,0,0,0,0,168,0,2,44,31,0,0,0
7049,6.797,0,172,0,0,0,0,0,168,0,2,44,31,0,0,0
7050,25.023,0,172,0,0,0,0,0,168,0,2,44,31,0,0,0
7051,0.896,0,172,0,0,0,0,0,168,0,2,44,31,0,0,0
7052,0.942,0,172,0,0,0,0,0,168,0,2,44,31,0,0,0
7053,6.442,0,172,0,0,0,0,0,168,0,2,44,31,0,0,0
7054,25.066,0,172,0,0,0,0,0,168,0,2,44,31,0,0,0
7055,0.925,0,172,0,0,0,0,0,168,0,2,44,31,0,0,0
7056,1.951,0,172,0,0,0,0,0,168,0,2,44,31,0,0,0
7057,5.424,0,172,0,0,0,0,0,168,0,2,44,31,0,0,0
7058,24.970,0,172,0,0,0,0,0,168,0,2,44,31,0,0,0
7059,1.009,0,172,0,0,0,0,0,168,0,2,44,31,0,0,0
7060,0.721,0,172,0,0,0,0,0,168,0,2,44,31,0,0,0
7061,6.591,0,172,0,0,0,0,0,168,0,2,44,31,0,0,0
7062,25.157,0,172,0,0,0,0,0,168,0,2,44,31,0,0,0
7063,0.919,0,172,0,0,0,0,0,168,0,2,44,31,0,0,0
7064,0.728,0,172,0,0,0,0,0,168,0,2,44,31,0,0,0
7065,6.574,0,172,0,0,0,0,0,168,0,2,44,31,0,0,0
7066,25.040,0,172,0,0,0,0,0,168,0,2,44,31,0,0,0
7067,0.853,0,172,0,0,0,0,0,168,0,2,44,31,0,0,0
7068,0.769,0,172,0,0,0,0,0,168,0,2,44,31,0,0,0
7069,6.729,0,172,0,0,0,0,0,168,0,2,44,31,0,0,0
7070,24.872,0,172,0,0,0,0,0,168,0,2,44,31,0,0,0
7071,0.887,0,172,0,0,0,0,0,168,0,2,44,31,0,0,0
7072,0.689,0,172,0,0,0,0,0,168,0,2,44,31,0,0,0
7073,6.839,0,172,0,0,0,0,0,168,0,2,44,31,0,0,0
7074,25.039,0,172,0,0,0,0,0,168,0,2,44,31,0,0,0
7075,1.017,0,172,0,0,0,0,0,168,0,2,44,31,0,0,0
7076,0.753,0,172,0,0,0,0,0,168,0,2,44,31,0,0,0
7077,6.512,0,172,0,0,0,0,0,168,0,2,44,31,0,0,0
7078,24.928,0,172,0,0,0,0,0,168,0,2,44,31,0,0,0
7079,1.074,0,172,0,0,0,0,0,168,0,2,44,31,0,0,0
7080,0.763,0,172,0,0,0,0,0,168,0,2,44,31,0,0,0
7081,6.543,0,172,0,0,0,0,0,168,0,2,44,31,0,0,0
7082,25.090,0,172,0,0,0,0,0,168,0,2,44,31,0,0,0
7083,0.987,0,172,0,0,0,0,0,168,0,2,44,31,0,0,0
7084,0.797,0,172,0,0,0,0,0,168,0,2,44,31,0,0,0
7085,6.362,0,172,0,0,0,0,0,168,0,2,44,31,0,0,0
7086,25.173,0,172,0,0,0,0,0,168,0,2,44,31,0,0,0
7087,0.829,0,172,0,0,0,0,0,168,0,2,44,31,0,0,0
7088,0.835,0,172,0,0,0,0,0,168,0,2,44,31,0,0,0
7089,6.570,0,172,0,0,0,0,0,168,0,2,44,31,0,0,0
7090,25.224,0,172,0,0,0,0,0,168,0,2,44,31,0,0,0
7091,1.087,0,172,0,0,0,0,0,168,0,2,44,31,0,0,0
7092,0.777,0,172,0,0,0,0,0,168,0,2,44,31,0,0,0
7093,6.333,0,172,0,0,0,0,0,168,0,2,44,31,0,0,0
7094,24.980,0,172,0,0,0,0,0,168,0,2,44,31,0,0,0
7095,0.951,0,172,0,0,0,0,0,168,0,2,44,31,0,0,0
7096,0.702,0,172,0,0,0,0,0,168,0,2,44,31,0,0,0
7097,6.544,0,172,0,0,0,0,0,168,0,2,44,31,0,0,0
7098,25.062,0,172,0,0,0,0,0,168,0,2,44,31,0,0,0
7099,0.939,0,172,0,0,0,0,0,168,0,2,44,31,0,0,0
7100,0.692,0,172,0,0,0,0,0,168,0,2,44,31,0,0,0
7101,6.847,0,172,0,0,0,0,0,168,0,2,44,31,0,0,0
7102,24.916,0,172,0,0,0,0,0,168,0,2,44,31,0,0,0
7103,0.952,0,172,0,0,0,0,0,168,0,2,44,31,0,0,0
7104,0.827,0,172,0,0,0,0,0,168,0,2,44,31,0,0,0
7105,6.628,0,172,0,0,0,0,0,168,0,2,44,31,0,0,0
7106,24.972,0,172,0,0,0,0,0,168,0,2,44,31,0,0,0
7107,0.955,0,172,0,0,0,0,0,168,0,2,44,31,0,0,0
7108,0.823,0,172,0,0,0,0,0,168,0,2,44,31,0,0,0
7109,6.547,0,172,0,0,0,0,0,168,0,2,44,31,0,0,0
7110,24.886,0,172,0,0,0,0,0,168,0,2,44,31,0,0,0
7111,0.905,0,172,0,0,0,0,0,168,0,2,44,31,0,0,0
7112,1.889,0,172,0,0,0,0,0,168,0,2,44,31,0,0,0
7113,5.537,0,172,0,0,0,0,0,168,0,2,44,31,0,0,0
7114,25.271,0,172,0,0,0,0,0,168,0,2,44,31,0,0,0
7115,1.149,0,172,0,0,0,0,0,168,0,2,44,31,0,0,0
7116,0.801,0,172,0,0,0,0,0,168,0,2,44,31,0,0,0
7117,6.190,0,172,0,0,0,0,0,168,0,2,44,31,0,0,0
7118,25.044,0,172,0,0,0,0,0,168,0,2,44,31,0,0,0
7119,0.911,0,172,0,0,0,0,0,168,0,2,44,31,0,0,0
7120,0.781,0,172,0,0,0,0,0,168,0,2,44,31,0,0,0
7121,6.476,0,172,0,0,0,0,0,168,0,2,44,31,0,0,0
7122,25.134,0,172,0,0,0,0,0,168,0,2,44,31,0,0,0
7123,0.907,0,172,0,0,0,0,0,168,0,2,44,31,0,0,0
7124,0.737,0,172,0,0,0,0,0,168,0,2,44,31,0,0,0
7125,6.858,0,172,0,0,0,0,0,168,0,2,44,31,0,0,0
7126,24.857,0,172,0,0,0,0,0,168,0,2,44,31,0,0,0
7127,0.941,0,172,0,0,0,0,0,168,0,2,44,31,0,0,0
7128,0.739,0,172,0,0,0,0,0,168,0,2,44,31,0,0,0
7129,6.662,0,172,0,0,0,0,0,168,0,2,44,31,0,0,0
7130,24.942,0,172,0,0,0,0,0,168,0,2,44,31,0,0,0
7131,1.038,0,172,0,0,0,0,0,168,0,2,44,31,0,0,0
7132,0.753,0,172,0,0,0,0,0,168,0,2,44,31,0,0,0
7133,6.601,0,172,0,0,0,0,0,168,0,2,44,31,0,0,0
7134,24.924,0,172,0,0,0,0,0,168,0,2,44,31,0,0,0
7135,0.919,0,172,0,0,0,0,0,168,0,2,44,31,0,0,0
7136,2.062,0,172,0,0,0,0,0,168,0,2,44,31,0,0,0
7137,5.317,0,172,0,0,0,0,0,168,0,2,44,31,0,0,0
7138,25.165,0,172,0,0,0,0,0,168,0,2,44,31,0,0,0
7139,0.914,0,172,0,0,0,0,0,168,0,2,44,31,0,0,0
7140,1.149,0,172,0,0,0,0,0,168,0,2,44,31,0,0,0
7141,6.084,0,172,0,0,0,0,0,168,0,2,44,31,0,0,0
7142,25.118,0,172,0,0,0,0,0,168,0,2,44,31,0,0,0
7143,1.046,0,172,0,0,0,0,0,168,0,2,44,31,0,0,0
7144,0.868,0,172,0,0,0,0,0,168,0,2,44,31,0,0,0
7145,6.355,0,172,0,0,0,0,0,168,0,2,44,31,0,0,0
7146,25.174,0,172,0,0,0,0,0,168,0,2,44,31,0,0,0
7147,0.923,0,172,0,0,0,0,0,168,0,2,44,31,0,0,0
7148,0.812,0,172,0,0,0,0,0,168,0,2,44,31,0,0,0
7149,6.476,0,172,0,0,0,0,0,168,0,2,44,31,0,0,0
7150,25.035,0,172,0,0,0,0,0,168,0,2,44,31,0,0,0
7151,0.994,0,172,0,0,0,0,0,168,0,2,44,31,0,0,0
7152,0.737,0,172,0,0,0,0,0,168,0,2,44,31,0,0,0
7153,6.435,0,172,0,0,0,0,0,168,0,2,44,31,0,0,0
7154,25.151,0,172,0,0,0,0,0,168,0,2,44,31,0,0,0
7155,0.941,0,172,0,0,0,0,0,168,0,2,44,31,0,0,0
7156,0.738,0,172,0,0,0,0,0,168,0,2,44,31,0,0,0
7157,6.482,0,172,0,0,0,0,0,168,0,2,44,31,0,0,0
7158,25.148,0,172,0,0,0,0,0,168,0,2,44,31,0,0,0
7159,0.962,0,172,0,0,0,0,0,168,0,2,44,31,0,0,0
7160,0.882,0,172,0,0,0,0,0,168,0,2,44,31,0,0,0
7161,6.520,0,172,0,0,0,0,0,168,0,2,44,31,0,0,0
7162,25.176,0,172,0,0,0,0,0,168,0,2,44,31,0,0,0
7163,0.979,0,172,0,0,0,0,0,168,0,2,44,31,0,0,0
7164,1.550,0,172,0,0,0,0,0,168,0,2,44,31,0,0,0
7165,5.763,0,172,0,0,0,0,0,168,0,2,44,31,0,0,0
7166,24.893,0,172,0,0,0,0,0,168,0,2,44,31,0,0,0
7167,0.929,0,172,0,0,0,0,0,168,0,2,44,31,0,0,0
7168,0.754,0,172,0,0,0,0,0,168,0,2,44,31,0,0,0
7169,6.526,0,172,0,0,0,0,0,168,0,2,44,31,0,0,0
7170,25.186,0,172,0,0,0,0,0,168,0,2,44,31,0,0,0
7171,1.123,0,172,0,0,0,0,0,168,0,2,44,31,0,0,0
7172,0.965,0,172,0,0,0,0,0,168,0,2,44,31,0,0,0
7173,6.055,0,172,0,0,0,0,0,168,0,2,44,31,0,0,0
7174,25.063,0,172,0,0,0,0,0,168,0,2,44,31,0,0,0
7175,0.862,0,172,0,0,0,0,0,168,0,2,44,31,0,0,0
7176,0.884,0,172,0,0,0,0,0,168,0,2,44,31,0,0,0
7177,6.763,0,172,0,0,0,0,0,168,0,2,44,31,0,0,0
7178,24.962,0,172,0,0,0,0,0,168,0,2,44,31,0,0,0
7179,0.950,0,172,0,0,0,0,0,168,0,2,44,31,0,0,0
7180,0.705,0,172,0,0,0,0,0,168,0,2,44,31,0,0,0
7181,6.430,0,172,0,0,0,0,0,168,0,2,44,31,0,0,0
7182,25.027,0,172,0,0,0,0,0,168,0,2,44,31,0,0,0
7183,0.901,0,172,0,0,0,0,0,168,0,2,44,31,0,0,0
7184,0.827,0,172,0,0,0,0,0,168,0,2,44,31,0,0,0
7185,6.635,0,172,0,0,0,0,0,168,0,2,44,31,0,0,0
7186,25.212,0,172,0,0,0,0,0,168,0,2,44,31,0,0,0
7187,1.014,0,172,0,0,0,0,0,168,0,2,44,31,0,0,0
7188,1.645,0,172,0,0,0,0,0,168,0,2,44,31,0,0,0
7189,5.438,0,172,0,0,0,0,0,168,0,2,44,31,0,0,0
7190,25.035,0,172,0,0,0,0,0,168,0,2,44,31,0,0,0
7191,0.926,0,172,0,0,0,0,0,168,0,2,44,31,0,0,0
7192,0.984,0,172,0,0,0,0,0,168,0,2,44,31,0,0,0
7193,6.281,0,172,0,0,0,0,0,168,0,2,44,31,0,0,0
7194,25.118,0,172,0,0,0,0,0,168,0,2,44,31,0,0,0
7195,1.078,0,172,0,0,0,0,0,168,0,2,44,31,0,0,0
7196,1.012,0,172,0,0,0,0,0,168,0,2,44,31,0,0,0
7197,6.232,0,172,0,0,0,0,0,168,0,2,44,31,0,0,0
7198,25.000,0,172,0,0,0,0,0,168,0,2,44,31,0,0,0
7199,0.912,0,172,0,0,0,0,0,168,0,2,44,31,0,0,0
7200,0.764,0,172,0,0,0,0,0,168,0,2,44,31,0,0,0
7201,6.632,0,172,0,0,0,0,0,168,0,2,44,31,0,0,0
7202,25.098,0,172,0,0,0,0,0,168,0,2,44,31,0,0,0
7203,0.993,0,172,0,0,0,0,0,168,0,2,44,31,0,0,0
7204,0.856,0,172,0,0,0,0,0,168,0,2,44,31,0,0,0
7205,6.450,0,172,0,0,0,0,0,168,0,2,44,31,0,0,0
7206,25.193,0,172,0,0,0,0,0,168,0,2,44,31,0,0,0
7207,0.894,0,172,0,0,0,0,0,168,0,2,44,31,0,0,0
7208,0.853,0,172,0,0,0,0,0,168,0,2,44,31,0,0,0
7209,6.526,0,172,0,0,0,0,0,168,0,2,44,31,0,0,0
7210,24.719,0,172,0,0,0,0,0,168,0,2,44,31,0,0,0
7211,0.901,0,172,0,0,0,0,0,168,0,2,44,31,0,0,0
7212,0.796,0,172,0,0,0,0,0,168,0,2,44,31,0,0,0
7213,6.652,0,172,0,0,0,0,0,168,0,2,44,31,0,0,0
7214,25.117,0,172,0,0,0,0,0,168,0,2,44,31,0,0,0
7215,1.038,0,172,0,0,0,0,0,168,0,2,44,31,0,0,0
7216,0.748,0,172,0,0,0,0,0,168,0,2,44,31,0,0,0
7217,6.589,0,172,0,0,0,0,0,168,0,2,44,31,0,0,0
7218,25.024,0,172,0,0,0,0,0,168,0,2,44,31,0,0,0
7219,0.997,0,172,0,0,0,0,0,168,0,2,44,31,0,0,0
7220,0.838,0,172,0,0,0,0,0,168,0,2,44,31,0,0,0
7221,6.299,0,172,0,0,0,0,0,168,0,2,44,31,0,0,0
7222,25.044,0,172,0,0,0,0,0,168,0,2,44,31,0,0,0
7223,0.972,0,172,0,0,0,0,0,168,0,2,44,31,0,0,0
7224,0.712,0,172,0,0,0,0,0,168,0,2,44,31,0,0,0
7225,6.665,0,172,0,0,0,0,0,168,0,2,44,31,0,0,0
7226,25.007,0,172,0,0,0,1,0,169,0,1,44,31,0,0,0
7227,0.986,0,172,0,0,0,0,0,169,0,1,44,31,0,0,0
7228,0.935,0,172,0,0,0,0,0,169,0,1,44,31,0,0,0
7229,6.409,0,172,0,0,0,0,0,169,0,1,44,31,0,0,0
7230,25.038,0,172,0,0,0,1,0,170,0,0,44,31,0,0,0
7231,0.942,0,172,0,0,0,0,0,170,0,0,44,31,0,0,0
7232,0.815,0,172,0,0,0,0,0,170,0,0,44,31,0,0,0
7233,6.774,0,172,0,0,0,0,0,170,0,0,44,31,0,0,0
7234,24.740,0,172,0,0,0,0,0,170,0,0,44,31,0,0,0
7235,0.940,0,172,0,0,0,0,0,170,0,0,44,31,0,0,0
7236,0.834,0,172,0,0,0,0,0,170,0,0,44,31,0,0,0
7237,6.554,0,172,0,0,0,0,0,170,0,0,44,31,0,0,0
7238,24.947,0,172,0,0,0,0,0,170,0,0,44,31,0,0,0
7239,0.893,0,172,0,0,0,0,0,170,0,0,44,31,0,0,0
7240,0.739,0,172,0,0,0,0,0,170,0,0,44,31,0,0,0
7241,6.771,0,172,0,0,0,0,0,170,0,0,44,31,0,0,0
7242,24.989,0,172,0,0,0,0,0,170,0,0,44,31,0,0,0
