frame_idx,dt_ms,view_sse,visible_n,partition_n,load_n,spawn_n,tex_upload_n,evict_n,gpu_tex_cache,mesh_backlog,dl_in_flight,stale_skips,retry_after,frame_mesh,frame_despawn,evict_deferred
1,0.000,0,9,72,0,9,0,0,0,69,84,0,0,12,0,0
2,6.722,0,20,60,0,11,0,0,0,60,84,0,0,12,0,0
3,161.558,0,29,48,0,9,0,0,0,48,84,0,0,12,0,0
4,6.503,0,35,36,0,6,0,0,0,36,84,0,0,12,0,0
5,2.414,0,40,24,0,5,0,0,0,24,84,0,0,12,0,0
6,2.867,0,44,12,0,4,0,0,0,12,84,0,0,12,0,0
7,3.367,0,47,0,0,3,0,0,0,0,84,0,0,12,0,0
8,1.381,0,47,0,0,0,0,0,0,0,84,0,0,0,0,0
9,1.291,0,47,0,0,0,0,0,0,0,84,0,0,0,0,0
10,0.986,0,47,0,0,0,0,0,0,0,84,0,0,0,0,0
11,1.414,0,47,0,0,0,0,0,0,0,84,0,0,0,0,0
12,1.141,0,47,0,0,0,0,0,0,0,84,0,0,0,0,0
13,8.786,0,47,0,0,0,0,0,0,0,84,0,0,0,0,0
14,15.353,0,47,0,0,0,0,0,0,0,84,0,0,0,0,0
15,16.631,0,47,0,0,0,0,0,0,0,84,0,0,0,0,0
16,16.448,0,47,0,0,0,0,0,0,0,84,0,0,0,0,0
17,25.402,0,47,0,0,0,0,0,0,0,84,0,0,0,0,0
18,1.005,0,47,0,0,0,0,0,0,0,84,0,0,0,0,0
19,0.852,0,47,0,0,0,0,0,0,0,84,0,0,0,0,0
20,6.384,0,47,0,0,0,0,0,0,0,84,0,0,0,0,0
21,24.948,0,47,0,0,0,0,0,0,0,84,0,0,0,0,0
22,0.902,0,47,0,0,0,0,0,0,0,84,0,0,0,0,0
23,2.574,0,47,0,0,0,0,0,0,0,84,0,0,0,0,0
24,4.762,0,47,0,0,0,0,0,0,0,84,0,0,0,0,0
25,25.137,0,47,0,0,0,0,0,0,0,84,0,0,0,0,0
26,0.917,0,47,0,0,0,0,0,0,0,84,0,0,0,0,0
27,0.721,0,47,0,0,0,0,0,0,0,84,0,0,0,0,0
28,6.594,0,47,0,0,0,0,0,0,0,84,0,0,0,0,0
29,25.061,0,47,0,0,0,0,0,0,0,84,0,0,0,0,0
30,0.964,0,47,0,0,0,0,0,0,0,84,0,0,0,0,0
31,0.791,0,47,0,0,0,0,0,0,0,84,0,0,0,0,0
32,6.639,0,47,0,0,0,0,0,0,0,84,0,0,0,0,0
33,25.098,0,48,0,0,1,0,0,0,0,84,0,0,0,0,0
34,0.913,0,48,0,0,0,0,0,0,0,84,0,0,0,0,0
35,0.757,0,48,0,0,0,0,0,0,0,84,0,0,0,0,0
36,6.563,0,48,0,0,0,0,0,0,0,84,0,0,0,0,0
37,25.059,0,48,0,0,0,0,0,0,0,84,0,0,0,0,0
38,1.169,0,48,0,0,0,0,0,0,0,84,0,0,0,0,0
39,0.770,0,48,0,0,0,0,0,0,0,84,0,0,0,0,0
40,6.260,0,48,0,0,0,0,0,0,0,84,0,0,0,0,0
41,25.125,0,48,0,0,0,0,0,0,0,84,0,0,0,0,0
42,0.870,0,48,0,0,0,0,0,0,0,84,0,0,0,0,0
43,0.862,0,48,0,0,0,0,0,0,0,84,0,0,0,0,0
44,6.664,0,48,0,0,0,0,0,0,0,84,0,0,0,0,0
45,24.844,0,48,0,0,0,0,0,0,0,84,0,0,0,0,0
46,0.891,0,48,0,0,0,0,0,0,0,84,0,0,0,0,0
47,0.902,0,48,0,0,0,0,0,0,0,84,0,0,0,0,0
48,6.417,0,48,0,0,0,0,0,0,0,84,0,0,0,0,0
49,25.244,0,48,0,0,0,0,0,0,0,84,0,0,0,0,0
50,0.928,0,48,0,0,0,0,0,0,0,84,0,0,0,0,0
51,1.427,0,48,0,0,0,0,0,0,0,84,0,0,0,0,0
52,5.796,0,48,0,0,0,1,0,1,0,83,0,0,0,0,0
53,25.109,0,48,0,0,0,2,0,3,0,81,0,0,0,0,0
54,1.209,0,48,0,0,0,0,0,3,0,81,0,0,0,0,0
55,1.008,0,48,0,0,0,0,0,3,0,81,0,0,0,0,0
56,5.982,0,48,0,0,0,0,0,3,0,81,0,0,0,0,0
57,25.152,0,48,0,0,0,2,0,5,0,79,0,0,0,0,0
58,0.915,0,48,0,0,0,0,0,5,0,79,0,0,0,0,0
59,1.038,0,48,0,0,0,0,0,5,0,79,0,0,0,0,0
60,6.379,0,48,0,0,0,0,0,5,0,79,0,0,0,0,0
61,24.922,0,48,0,0,0,0,0,5,0,79,0,0,0,0,0
62,1.049,0,48,0,0,0,0,0,5,0,79,0,0,0,0,0
63,0.738,0,48,0,0,0,0,0,5,0,79,0,0,0,0,0
64,6.698,0,48,0,0,0,0,0,5,0,79,0,0,0,0,0
65,25.125,0,48,0,0,0,0,0,5,0,79,0,0,0,0,0
66,0.914,0,48,0,0,0,0,0,5,0,79,0,0,0,0,0
67,0.678,0,48,0,0,0,0,0,5,0,79,0,0,0,0,0
68,6.413,0,48,0,0,0,0,0,5,0,79,0,0,0,0,0
69,25.170,0,48,0,0,0,0,0,5,0,79,0,0,0,0,0
70,0.899,0,48,0,0,0,0,0,5,0,79,0,0,0,0,0
71,0.719,0,48,0,0,0,0,0,5,0,79,0,0,0,0,0
72,6.698,0,48,0,0,0,0,0,5,0,79,0,0,0,0,0
73,24.994,0,48,0,0,0,0,0,5,0,79,0,0,0,0,0
74,0.894,0,48,0,0,0,0,0,5,0,79,0,0,0,0,0
75,1.960,0,48,0,0,0,0,0,5,0,79,0,0,0,0,0
76,5.362,0,48,0,0,0,0,0,5,0,79,0,0,0,0,0
77,25.250,0,48,0,0,0,0,0,5,0,79,0,0,0,0,0
78,0.916,0,48,0,0,0,0,0,5,0,79,0,0,0,0,0
79,0.674,0,48,0,0,0,0,0,5,0,79,0,0,0,0,0
80,6.416,0,48,0,0,0,0,0,5,0,79,0,0,0,0,0
81,25.158,0,48,0,0,0,0,0,5,0,79,0,0,0,0,0
82,0.985,0,48,0,0,0,0,0,5,0,79,0,0,0,0,0
83,0.696,0,48,0,0,0,0,0,5,0,79,0,0,0,0,0
84,6.625,0,48,0,0,0,0,0,5,0,79,0,0,0,0,0
85,24.977,0,48,0,0,0,0,0,5,0,79,0,0,0,0,0
86,0.883,0,48,0,0,0,0,0,5,0,79,0,0,0,0,0
87,0.733,0,48,0,0,0,0,0,5,0,79,0,0,0,0,0
88,6.925,0,48,0,0,0,0,0,5,0,79,0,0,0,0,0
89,24.768,0,48,0,0,0,1,0,6,0,78,0,0,0,0,0
90,0.893,0,48,0,0,0,1,0,7,0,77,0,0,0,0,0
91,1.026,0,48,0,0,0,0,0,7,0,77,0,0,0,0,0
92,6.420,0,48,0,0,0,2,0,9,0,75,0,0,0,0,0
93,25.163,0,48,0,0,0,0,0,9,0,75,0,0,0,0,0
94,1.256,0,48,0,0,0,0,0,9,0,75,0,0,0,0,0
95,0.703,0,48,0,0,0,0,0,9,0,75,0,0,0,0,0
96,6.081,0,48,0,0,0,0,0,9,0,75,0,0,0,0,0
97,25.231,0,48,0,0,0,1,0,10,0,74,0,0,0,0,0
98,1.010,0,48,0,0,0,0,0,10,0,74,0,0,0,0,0
99,0.840,0,48,0,0,0,0,0,10,0,74,0,0,0,0,0
100,6.233,0,48,0,0,0,0,0,10,0,74,0,0,0,0,0
101,25.098,0,48,0,0,0,0,0,10,0,74,0,0,0,0,0
102,0.883,0,48,0,0,0,0,0,10,0,74,0,0,0,0,0
103,0.673,0,48,0,0,0,0,0,10,0,74,0,0,0,0,0
104,8.069,0,48,0,0,0,0,0,10,0,74,0,0,0,0,0
105,23.812,0,48,0,0,0,0,0,10,0,74,0,0,0,0,0
106,0.905,0,48,0,0,0,0,0,10,0,74,0,0,0,0,0
107,0.716,0,48,0,0,0,0,0,10,0,74,0,0,0,0,0
108,6.694,0,48,0,0,0,0,0,10,0,74,0,0,0,0,0
109,24.931,0,48,0,0,0,0,0,10,0,74,0,0,0,0,0
110,1.069,0,48,0,0,0,0,0,10,0,74,0,0,0,0,0
111,0.849,0,48,0,0,0,0,0,10,0,74,0,0,0,0,0
112,6.589,0,48,0,0,0,0,0,10,0,74,0,0,0,0,0
113,24.911,0,48,0,0,0,1,0,11,0,73,0,0,0,0,0
114,0.863,0,48,0,0,0,0,0,11,0,73,0,0,0,0,0
115,0.843,0,48,0,0,0,0,0,11,0,73,0,0,0,0,0
116,6.369,0,48,0,0,0,0,0,11,0,73,0,0,0,0,0
117,25.236,0,48,0,0,0,0,0,11,0,73,0,0,0,0,0
118,1.051,0,48,0,0,0,0,0,11,0,73,0,0,0,0,0
119,0.777,0,48,0,0,0,0,0,11,0,73,0,0,0,0,0
120,7.194,0,48,0,0,0,0,0,11,0,73,0,0,0,0,0
121,24.347,0,48,0,0,0,0,0,11,0,73,0,0,0,0,0
122,1.077,0,48,0,0,0,0,0,11,0,73,0,0,0,0,0
123,0.694,0,48,0,0,0,0,0,11,0,73,0,0,0,0,0
124,6.397,0,48,0,0,0,0,0,11,0,73,0,0,0,0,0
125,25.047,0,48,0,0,0,0,0,11,0,73,0,0,0,0,0
126,0.928,0,48,0,0,0,0,0,11,0,73,0,0,0,0,0
127,0.736,0,48,0,0,0,0,0,11,0,73,0,0,0,0,0
128,6.678,0,48,0,0,0,0,0,11,0,73,0,0,0,0,0
129,25.068,0,48,0,0,0,0,0,11,0,73,0,0,0,0,0
130,0.798,0,48,0,0,0,0,0,11,0,73,0,0,0,0,0
131,0.624,0,48,0,0,0,0,0,11,0,73,0,0,0,0,0
132,6.671,0,48,0,0,0,0,0,11,0,73,0,0,0,0,0
133,25.216,0,48,0,0,0,1,0,12,0,72,0,0,0,0,0
134,0.855,0,48,0,0,0,0,0,12,0,72,0,0,0,0,0
135,0.800,0,48,0,0,0,0,0,12,0,72,0,0,0,0,0
136,6.844,0,48,0,0,0,0,0,12,0,72,0,0,0,0,0
137,24.753,0,48,0,0,0,1,0,13,0,71,0,0,0,0,0
138,0.899,0,48,0,0,0,0,0,13,0,71,0,0,0,0,0
139,0.825,0,48,0,0,0,0,0,13,0,71,0,0,0,0,0
140,6.708,0,48,0,0,0,0,0,13,0,71,0,0,0,0,0
141,25.080,0,48,0,0,0,0,0,13,0,71,0,0,0,0,0
142,0.821,0,48,0,0,0,0,0,13,0,71,0,0,0,0,0
143,0.822,0,48,0,0,0,0,0,13,0,71,0,0,0,0,0
144,7.056,0,48,0,0,0,0,0,13,0,71,0,0,0,0,0
145,24.561,0,48,0,0,0,0,0,13,0,71,0,0,0,0,0
146,0.837,0,48,0,0,0,0,0,13,0,71,0,0,0,0,0
147,1.615,0,48,0,0,0,0,0,13,0,71,0,0,0,0,0
148,5.713,0,48,0,0,0,0,0,13,0,71,0,0,0,0,0
149,25.083,0,48,0,0,0,0,0,13,0,71,0,0,0,0,0
150,0.799,0,48,0,0,0,0,0,13,0,71,0,0,0,0,0
151,0.639,0,48,0,0,0,0,0,13,0,71,0,0,0,0,0
152,7.027,0,48,0,0,0,1,0,14,0,70,0,0,0,0,0
153,25.011,0,48,0,0,0,0,0,14,0,70,0,0,0,0,0
154,1.141,0,48,0,0,0,0,0,14,0,70,0,0,0,0,0
155,0.706,0,48,0,0,0,0,0,14,0,70,0,0,0,0,0
156,6.341,0,48,0,0,0,0,0,14,0,70,0,0,0,0,0
157,25.063,0,48,0,0,0,0,0,14,0,70,0,0,0,0,0
158,1.043,0,48,0,0,0,0,0,14,0,70,0,0,0,0,0
159,0.692,0,48,0,0,0,0,0,14,0,70,0,0,0,0,0
160,7.073,0,48,0,0,0,1,0,15,0,69,0,0,0,0,0
161,24.682,0,48,0,0,0,1,0,16,0,68,0,0,0,0,0
162,0.962,0,48,0,0,0,0,0,16,0,68,0,0,0,0,0
163,0.780,0,48,0,0,0,0,0,16,0,68,0,0,0,0,0
164,6.449,0,48,0,0,0,0,0,16,0,68,0,0,0,0,0
165,24.980,0,48,0,0,0,1,0,17,0,67,0,0,0,0,0
166,1.056,0,48,0,0,0,0,0,17,0,67,0,0,0,0,0
167,0.801,0,48,0,0,0,0,0,17,0,67,0,0,0,0,0
168,6.777,0,48,0,0,0,0,0,17,0,67,0,0,0,0,0
169,24.740,0,48,0,0,0,0,0,17,0,67,0,0,0,0,0
170,0.847,0,48,0,0,0,0,0,17,0,67,0,0,0,0,0
171,0.727,0,48,0,0,0,0,0,17,0,67,0,0,0,0,0
172,6.683,0,49,0,0,1,0,0,17,0,67,0,0,0,0,0
173,24.975,0,49,0,0,0,0,0,17,0,67,0,0,0,0,0
174,0.849,0,49,0,0,0,0,0,17,0,67,0,0,0,0,0
175,0.657,0,49,0,0,0,0,0,17,0,67,0,0,0,0,0
176,8.173,0,49,0,0,0,0,0,17,0,67,0,0,0,0,0
177,23.830,0,49,0,0,0,0,0,17,0,67,0,0,0,0,0
178,0.919,0,49,0,0,0,0,0,17,0,67,0,0,0,0,0
179,0.681,0,49,0,0,0,0,0,17,0,67,0,0,0,0,0
180,6.468,0,49,0,0,0,2,0,19,0,65,0,0,0,0,0
181,25.078,0,49,0,0,0,0,0,19,0,65,0,0,0,0,0
182,1.214,0,49,0,0,0,0,0,19,0,65,0,0,0,0,0
183,0.682,0,49,0,0,0,0,0,19,0,65,0,0,0,0,0
184,6.752,0,50,0,0,1,0,0,19,0,65,0,0,0,0,0
185,24.731,0,50,0,0,0,0,0,19,0,65,0,0,0,0,0
186,0.865,0,50,0,0,0,0,0,19,0,65,0,0,0,0,0
187,0.679,0,50,0,0,0,0,0,19,0,65,0,0,0,0,0
188,6.817,0,50,0,0,0,0,0,19,0,65,0,0,0,0,0
189,24.971,0,50,0,0,0,2,0,21,0,63,0,0,0,0,0
190,0.931,0,50,0,0,0,0,0,21,0,63,0,0,0,0,0
191,1.128,0,50,0,0,0,0,0,21,0,63,0,0,0,0,0
192,6.282,0,50,0,0,0,0,0,21,0,63,0,0,0,0,0
193,25.119,0,50,0,0,0,0,0,21,0,63,0,0,0,0,0
194,0.880,0,50,0,0,0,0,0,21,0,63,0,0,0,0,0
195,1.846,0,50,0,0,0,0,0,21,0,63,0,0,0,0,0
196,5.437,0,50,0,0,0,0,0,21,0,63,0,0,0,0,0
197,25.035,0,50,0,0,0,0,0,21,0,63,0,0,0,0,0
198,0.973,0,50,0,0,0,0,0,21,0,63,0,0,0,0,0
199,0.707,0,50,0,0,0,0,0,21,0,63,0,0,0,0,0
200,7.176,0,50,0,0,0,0,0,21,0,63,0,0,0,0,0
201,24.457,0,50,0,0,0,0,0,21,0,63,0,0,0,0,0
202,0.968,0,50,0,0,0,0,0,21,0,63,0,0,0,0,0
203,0.718,0,50,0,0,0,0,0,21,0,63,0,0,0,0,0
204,6.549,0,50,0,0,0,1,0,22,0,62,0,0,0,0,0
205,25.023,0,50,0,0,0,0,0,22,0,62,0,0,0,0,0
206,1.031,0,50,0,0,0,0,0,22,0,62,0,0,0,0,0
207,0.834,0,50,0,0,0,0,0,22,0,62,0,0,0,0,0
208,6.573,0,50,0,0,0,1,0,23,0,61,0,0,0,0,0
209,24.964,0,50,0,0,0,0,0,23,0,61,0,0,0,0,0
210,0.992,0,50,0,0,0,0,0,23,0,61,0,0,0,0,0
211,0.648,0,50,0,0,0,0,0,23,0,61,0,0,0,0,0
212,6.654,0,50,0,0,0,0,0,23,0,61,0,0,0,0,0
213,25.043,0,50,0,0,0,0,0,23,0,61,0,0,0,0,0
214,0.991,0,50,0,0,0,0,0,23,0,61,0,0,0,0,0
215,0.909,0,50,0,0,0,0,0,23,0,61,0,0,0,0,0
216,6.496,0,50,0,0,0,0,0,23,0,61,0,0,0,0,0
217,24.932,0,50,0,0,0,1,0,24,0,60,0,0,0,0,0
218,0.759,0,50,0,0,0,0,0,24,0,60,0,0,0,0,0
219,1.001,0,50,0,0,0,0,0,24,0,60,0,0,0,0,0
220,6.429,0,50,0,0,0,0,0,24,0,60,0,0,0,0,0
221,25.294,0,50,0,0,0,0,0,24,0,60,0,0,0,0,0
222,0.934,0,50,0,0,0,0,0,24,0,60,0,0,0,0,0
223,0.634,0,50,0,0,0,0,0,24,0,60,0,0,0,0,0
224,6.675,0,50,0,0,0,0,0,24,0,60,0,0,0,0,0
225,25.023,0,50,0,0,0,0,0,24,0,60,0,0,0,0,0
226,0.849,0,50,0,0,0,0,0,24,0,60,0,0,0,0,0
227,0.821,0,50,0,0,0,0,0,24,0,60,0,0,0,0,0
228,6.546,0,50,0,0,0,1,0,25,0,59,0,0,0,0,0
229,25.082,0,50,0,0,0,0,0,25,0,59,0,0,0,0,0
230,1.154,0,50,0,0,0,0,0,25,0,59,0,0,0,0,0
231,0.761,0,50,0,0,0,1,0,26,0,58,0,0,0,0,0
232,6.518,0,50,0,0,0,0,0,26,0,58,0,0,0,0,0
233,24.929,0,50,0,0,0,0,0,26,0,58,0,0,0,0,0
234,0.913,0,50,0,0,0,0,0,26,0,58,0,0,0,0,0
235,0.819,0,50,0,0,0,0,0,26,0,58,0,0,0,0,0
236,6.519,0,50,0,0,0,0,0,26,0,58,0,0,0,0,0
237,25.192,0,50,0,0,0,1,0,27,0,57,0,0,0,0,0
238,0.901,0,50,0,0,0,0,0,27,0,57,0,0,0,0,0
239,1.138,0,50,0,0,0,0,0,27,0,57,0,0,0,0,0
240,5.959,0,50,0,0,0,0,0,27,0,57,0,0,0,0,0
241,25.355,0,50,0,0,0,1,0,28,0,56,0,0,0,0,0
242,0.818,0,50,0,0,0,0,0,28,0,56,0,0,0,0,0
243,0.880,0,50,0,0,0,0,0,28,0,56,0,0,0,0,0
244,6.275,0,50,0,0,0,0,0,28,0,56,0,0,0,0,0
245,25.111,0,50,0,0,0,0,0,28,0,56,0,0,0,0,0
246,0.818,0,50,0,0,0,1,0,29,0,55,0,0,0,0,0
247,0.911,0,50,0,0,0,0,0,29,0,55,0,0,0,0,0
248,6.669,0,50,0,0,0,0,0,29,0,55,0,0,0,0,0
249,25.093,0,50,0,0,0,1,0,30,0,54,0,0,0,0,0
250,0.879,0,50,0,0,0,0,0,30,0,54,0,0,0,0,0
251,0.874,0,50,0,0,0,0,0,30,0,54,0,0,0,0,0
252,6.464,0,50,0,0,0,0,0,30,0,54,0,0,0,0,0
253,25.009,0,50,0,0,0,0,0,30,0,54,0,0,0,0,0
254,0.997,0,50,0,0,0,0,0,30,0,54,0,0,0,0,0
255,0.878,0,50,0,0,0,0,0,30,0,54,0,0,0,0,0
256,6.990,0,50,0,0,0,0,0,30,0,54,0,0,0,0,0
257,24.452,0,50,0,0,0,0,0,30,0,54,0,0,0,0,0
258,0.855,0,50,0,0,0,0,0,30,0,54,0,0,0,0,0
259,0.676,0,50,0,0,0,0,0,30,0,54,0,0,0,0,0
260,6.682,0,50,0,0,0,0,0,30,0,54,0,0,0,0,0
261,25.129,0,50,0,0,0,0,0,30,0,54,0,0,0,0,0
262,1.024,0,50,0,0,0,0,0,30,0,54,0,0,0,0,0
263,0.772,0,50,0,0,0,0,0,30,0,54,0,0,0,0,0
264,6.375,0,50,0,0,0,0,0,30,0,54,0,0,0,0,0
265,25.335,0,50,0,0,0,0,0,30,0,54,0,0,0,0,0
266,0.852,0,50,0,0,0,0,0,30,0,54,0,0,0,0,0
267,1.060,0,50,0,0,0,0,0,30,0,54,0,0,0,0,0
268,6.208,0,50,0,0,0,0,0,30,0,54,0,0,0,0,0
269,24.990,0,50,0,0,0,0,0,30,0,54,0,0,0,0,0
270,0.957,0,50,0,0,0,0,0,30,0,54,0,0,0,0,0
271,0.803,0,50,0,0,0,0,0,30,0,54,0,0,0,0,0
272,6.705,0,50,0,0,0,0,0,30,0,54,0,0,0,0,0
273,25.053,0,50,0,0,0,0,0,30,0,54,0,0,0,0,0
274,0.868,0,50,0,0,0,0,0,30,0,54,0,0,0,0,0
275,0.703,0,50,0,0,0,0,0,30,0,54,0,0,0,0,0
276,6.485,0,50,0,0,0,0,0,30,0,54,0,0,0,0,0
277,25.157,0,50,0,0,0,0,0,30,0,54,0,0,0,0,0
278,0.862,0,50,0,0,0,0,0,30,0,54,0,0,0,0,0
279,0.700,0,50,0,0,0,0,0,30,0,54,0,0,0,0,0
280,7.192,0,50,0,0,0,0,0,30,0,54,0,0,0,0,0
281,24.565,0,50,0,0,0,0,0,30,0,54,0,0,0,0,0
282,0.788,0,50,0,0,0,0,0,30,0,54,0,0,0,0,0
283,0.787,0,50,0,0,0,0,0,30,0,54,0,0,0,0,0
284,6.781,0,50,0,0,0,0,0,30,0,54,0,0,0,0,0
285,25.057,0,50,0,0,0,0,0,30,0,54,0,0,0,0,0
286,0.927,0,50,0,0,0,0,0,30,0,54,0,0,0,0,0
287,0.758,0,50,0,0,0,0,0,30,0,54,0,0,0,0,0
288,6.532,0,50,0,0,0,0,0,30,0,54,0,0,0,0,0
289,25.072,0,50,0,0,0,1,0,31,0,29,24,0,0,0,0
290,0.925,0,50,0,0,0,0,0,31,0,29,24,0,0,0,0
291,1.942,0,50,0,0,0,0,0,31,0,29,24,0,0,0,0
292,5.255,0,50,0,0,0,0,0,31,0,29,24,0,0,0,0
293,25.194,0,50,0,0,0,0,0,31,0,29,24,0,0,0,0
294,0.995,0,50,0,0,0,0,0,31,0,29,24,0,0,0,0
295,0.692,0,50,0,0,0,0,0,31,0,29,24,0,0,0,0
296,6.483,0,50,0,0,0,0,0,31,0,29,24,0,0,0,0
297,25.204,0,50,0,0,0,0,0,31,0,29,24,0,0,0,0
298,0.800,0,50,0,0,0,0,0,31,0,29,24,0,0,0,0
299,0.602,0,50,0,0,0,0,0,31,0,29,24,0,0,0,0
300,6.756,0,50,0,0,0,0,0,31,0,29,24,0,0,0,0
301,25.143,0,50,0,0,0,0,0,31,0,29,24,0,0,0,0
302,0.908,0,50,0,0,0,0,0,31,0,29,24,0,0,0,0
303,0.633,0,50,0,0,0,0,0,31,0,29,24,0,0,0,0
304,7.350,0,50,0,0,0,0,0,31,0,29,24,0,0,0,0
305,24.446,0,50,0,0,0,0,0,31,0,29,24,0,0,0,0
306,0.783,0,50,0,0,0,0,0,31,0,29,24,0,0,0,0
307,0.678,0,50,0,0,0,0,0,31,0,29,24,0,0,0,0
308,6.631,0,50,0,0,0,0,0,31,0,29,24,0,0,0,0
309,25.273,0,50,0,0,0,0,0,31,0,29,24,0,0,0,0
310,1.052,0,50,0,0,0,0,0,31,0,29,24,0,0,0,0
311,0.727,0,50,0,0,0,0,0,31,0,29,24,0,0,0,0
312,6.903,0,50,0,0,0,0,0,31,0,29,24,0,0,0,0
313,24.541,0,50,0,0,0,0,0,31,0,29,24,0,0,0,0
314,0.983,0,50,0,0,0,0,0,31,0,29,24,0,0,0,0
315,0.695,0,50,0,0,0,0,0,31,0,29,24,0,0,0,0
316,6.710,0,50,0,0,0,0,0,31,0,29,24,0,0,0,0
317,25.071,0,50,0,0,0,0,0,31,0,29,24,0,0,0,0
318,1.046,0,50,0,0,0,0,0,31,0,29,24,0,0,0,0
319,1.190,0,50,0,0,0,0,0,31,0,29,24,0,0,0,0
320,6.408,0,50,0,0,0,0,0,31,0,29,24,0,0,0,0
321,24.894,0,50,0,0,0,0,0,31,0,29,24,0,0,0,0
322,1.003,0,50,0,0,0,0,0,31,0,29,24,0,0,0,0
323,0.756,0,50,0,0,0,0,0,31,0,29,24,0,0,0,0
324,6.229,0,50,0,0,0,0,0,31,0,29,24,0,0,0,0
325,25.038,0,50,0,0,0,0,0,31,0,29,24,0,0,0,0
326,0.924,0,50,0,0,0,0,0,31,0,29,24,0,0,0,0
327,0.690,0,50,0,0,0,0,0,31,0,29,24,0,0,0,0
328,6.729,0,50,0,0,0,0,0,31,0,29,24,0,0,0,0
329,25.009,0,50,0,0,0,1,0,32,0,25,27,0,0,0,0
330,0.894,0,50,0,0,0,0,0,32,0,25,27,0,0,0,0
331,0.833,0,50,0,0,0,0,0,32,0,25,27,0,0,0,0
332,6.547,0,50,0,0,0,0,0,32,0,25,27,0,0,0,0
333,25.018,0,50,0,0,0,0,0,32,0,25,27,0,0,0,0
334,0.928,0,50,0,0,0,0,0,32,0,25,27,0,0,0,0
335,0.722,0,50,0,0,0,0,0,32,0,25,27,0,0,0,0
336,7.173,0,50,0,0,0,0,0,32,0,25,27,0,0,0,0
337,24.529,0,50,0,0,0,0,0,32,0,25,27,0,0,0,0
338,0.837,0,50,0,0,0,0,0,32,0,25,27,0,0,0,0
339,0.959,0,50,0,0,0,0,0,32,0,25,27,0,0,0,0
340,6.575,0,50,0,0,0,0,0,32,0,25,27,0,0,0,0
341,25.129,0,50,0,0,0,0,0,32,0,25,27,0,0,0,0
342,0.902,0,50,0,0,0,0,0,32,0,25,27,0,0,0,0
343,2.152,0,50,0,0,0,0,0,32,0,25,27,0,0,0,0
344,5.111,0,50,0,0,0,0,0,32,0,25,27,0,0,0,0
345,24.992,0,50,0,0,0,0,0,32,0,25,27,0,0,0,0
346,0.903,0,50,0,0,0,0,0,32,0,25,27,0,0,0,0
347,0.730,0,50,0,0,0,0,0,32,0,25,27,0,0,0,0
348,6.485,0,50,0,0,0,0,0,32,0,25,27,0,0,0,0
349,25.316,0,50,0,0,0,0,0,32,0,25,27,0,0,0,0
350,0.957,0,50,0,0,0,0,0,32,0,25,27,0,0,0,0
351,0.784,0,50,0,0,0,0,0,32,0,25,27,0,0,0,0
352,6.978,0,50,0,0,0,0,0,32,0,25,27,0,0,0,0
353,24.433,0,50,0,0,0,0,0,32,0,25,27,0,0,0,0
354,0.967,0,50,0,0,0,0,0,32,0,25,27,0,0,0,0
355,0.739,0,50,0,0,0,0,0,32,0,25,27,0,0,0,0
356,6.647,0,50,0,0,0,0,0,32,0,25,27,0,0,0,0
357,25.180,0,50,0,0,0,0,0,32,0,25,27,0,0,0,0
358,0.957,0,50,0,0,0,0,0,32,0,25,27,0,0,0,0
359,0.818,0,50,0,0,0,0,0,32,0,25,27,0,0,0,0
360,6.796,0,50,0,0,0,0,0,32,0,25,27,0,0,0,0
361,24.487,0,50,0,0,0,0,0,32,0,25,27,0,0,0,0
362,0.866,0,50,0,0,0,0,0,32,0,25,27,0,0,0,0
363,0.711,0,50,0,0,0,0,0,32,0,25,27,0,0,0,0
364,6.891,0,50,0,0,0,0,0,32,0,25,27,0,0,0,0
365,24.869,0,50,0,0,0,0,0,32,0,25,27,0,0,0,0
366,1.030,0,50,0,0,0,0,0,32,0,25,27,0,0,0,0
367,0.762,0,50,0,0,0,0,0,32,0,25,27,0,0,0,0
368,6.507,0,50,0,0,0,0,0,32,0,25,27,0,0,0,0
369,25.331,0,50,0,0,0,0,0,32,0,25,27,0,0,0,0
370,0.895,0,50,0,0,0,0,0,32,0,25,27,0,0,0,0
371,0.711,0,50,0,0,0,0,0,32,0,25,27,0,0,0,0
372,6.472,0,50,0,0,0,0,0,32,0,25,27,0,0,0,0
373,25.088,0,50,0,0,0,0,0,32,0,25,27,0,0,0,0
374,0.766,0,50,0,0,0,0,0,32,0,25,27,0,0,0,0
375,0.823,0,50,0,0,0,0,0,32,0,25,27,0,0,0,0
376,6.771,0,50,0,0,0,0,0,32,0,25,27,0,0,0,0
377,24.910,0,50,0,0,0,0,0,32,0,25,27,0,0,0,0
378,0.964,0,50,0,0,0,0,0,32,0,25,27,0,0,0,0
379,0.793,0,50,0,0,0,0,0,32,0,25,27,0,0,0,0
380,6.585,0,50,0,0,0,0,0,32,0,25,27,0,0,0,0
381,25.025,0,50,0,0,0,0,0,32,0,25,27,0,0,0,0
382,0.909,0,50,0,0,0,0,0,32,0,25,27,0,0,0,0
383,0.862,0,50,0,0,0,0,0,32,0,25,27,0,0,0,0
384,7.134,0,50,0,0,0,0,0,32,0,25,27,0,0,0,0
385,24.428,0,50,0,0,0,0,0,32,0,25,27,0,0,0,0
386,0.997,0,50,0,0,0,0,0,32,0,25,27,0,0,0,0
387,0.703,0,50,0,0,0,0,0,32,0,25,27,0,0,0,0
388,6.595,0,50,0,0,0,0,0,32,0,25,27,0,0,0,0
389,25.101,0,50,0,0,0,0,0,32,0,25,27,0,0,0,0
390,0.819,0,50,0,0,0,0,0,32,0,25,27,0,0,0,0
391,0.869,0,50,0,0,0,0,0,32,0,25,27,0,0,0,0
392,7.130,0,50,0,0,0,0,0,32,0,25,27,0,0,0,0
393,24.511,0,50,0,0,0,0,0,32,0,25,27,0,0,0,0
394,0.865,0,50,0,0,0,0,0,32,0,25,27,0,0,0,0
395,1.836,0,50,0,0,0,0,0,32,0,25,27,0,0,0,0
396,5.587,0,50,0,0,0,0,0,32,0,25,27,0,0,0,0
397,25.142,0,50,0,0,0,0,0,32,0,25,27,0,0,0,0
398,0.868,0,50,0,0,0,0,0,32,0,25,27,0,0,0,0
399,1.487,0,50,0,0,0,0,0,32,0,25,27,0,0,0,0
400,6.358,0,50,0,0,0,0,0,32,0,25,27,0,0,0,0
401,24.398,0,50,0,0,0,0,0,32,0,25,27,0,0,0,0
402,0.851,0,50,0,0,0,0,0,32,0,25,27,0,0,0,0
403,0.683,0,50,0,0,0,0,0,32,0,25,27,0,0,0,0
404,6.888,0,50,0,0,0,0,0,32,0,25,27,0,0,0,0
405,25.050,0,50,0,0,0,0,0,32,0,25,27,0,0,0,0
406,0.821,0,50,0,0,0,0,0,32,0,25,27,0,0,0,0
407,0.710,0,50,0,0,0,0,0,32,0,25,27,0,0,0,0
408,6.723,0,50,0,0,0,0,0,32,0,25,27,0,0,0,0
409,24.918,0,50,0,0,0,0,0,32,0,25,27,0,0,0,0
410,0.822,0,50,0,0,0,0,0,32,0,25,27,0,0,0,0
411,0.742,0,50,0,0,0,0,0,32,0,25,27,0,0,0,0
412,6.901,0,50,0,0,0,0,0,32,0,25,27,0,0,0,0
413,24.976,0,50,0,0,0,0,0,32,0,25,27,0,0,0,0
414,0.993,0,50,0,0,0,0,0,32,0,25,27,0,0,0,0
415,0.690,0,50,0,0,0,0,0,32,0,25,27,0,0,0,0
416,6.943,0,50,0,0,0,0,0,32,0,25,27,0,0,0,0
417,24.704,0,50,0,0,0,0,0,32,0,25,27,0,0,0,0
418,0.845,0,50,0,0,0,0,0,32,0,25,27,0,0,0,0
419,0.677,0,50,0,0,0,0,0,32,0,25,27,0,0,0,0
420,6.566,0,50,0,0,0,0,0,32,0,25,27,0,0,0,0
421,25.209,0,50,0,0,0,0,0,32,0,25,27,0,0,0,0
422,0.841,0,50,0,0,0,0,0,32,0,25,27,0,0,0,0
423,2.243,0,50,0,0,0,0,0,32,0,25,27,0,0,0,0
424,5.129,0,50,0,0,0,0,0,32,0,25,27,0,0,0,0
425,25.175,0,50,0,0,0,0,0,32,0,25,27,0,0,0,0
426,0.892,0,50,0,0,0,0,0,32,0,25,27,0,0,0,0
427,0.631,0,50,0,0,0,0,0,32,0,25,27,0,0,0,0
428,6.658,0,50,0,0,0,0,0,32,0,25,27,0,0,0,0
429,25.115,0,50,0,0,0,0,0,32,0,25,27,0,0,0,0
430,0.881,0,50,0,0,0,0,0,32,0,25,27,0,0,0,0
431,0.843,0,50,0,0,0,0,0,32,0,25,27,0,0,0,0
432,6.914,0,50,0,0,0,0,0,32,0,25,27,0,0,0,0
433,24.727,0,50,0,0,0,0,0,32,0,25,27,0,0,0,0
434,0.785,0,50,0,0,0,0,0,32,0,25,27,0,0,0,0
435,0.732,0,50,0,0,0,0,0,32,0,25,27,0,0,0,0
436,6.706,0,50,0,0,0,0,0,32,0,25,27,0,0,0,0
437,25.118,0,50,0,0,0,0,0,32,0,25,27,0,0,0,0
438,0.942,0,50,0,0,0,0,0,32,0,25,27,0,0,0,0
439,0.767,0,50,0,0,0,0,0,32,0,25,27,0,0,0,0
440,6.863,0,50,0,0,0,0,0,32,0,25,27,0,0,0,0
441,24.647,0,50,0,0,0,0,0,32,0,25,27,0,0,0,0
442,0.822,0,50,0,0,0,0,0,32,0,25,27,0,0,0,0
443,0.726,0,50,0,0,0,0,0,32,0,25,27,0,0,0,0
444,6.741,0,50,0,0,0,0,0,32,0,25,27,0,0,0,0
445,25.026,0,50,0,0,0,0,0,32,0,25,27,0,0,0,0
446,0.838,0,50,0,0,0,0,0,32,0,25,27,0,0,0,0
447,0.686,0,50,0,0,0,0,0,32,0,25,27,0,0,0,0
448,6.691,0,50,0,0,0,0,0,32,0,25,27,0,0,0,0
449,25.215,0,50,0,0,0,0,0,32,0,25,27,0,0,0,0
450,0.897,0,50,0,0,0,0,0,32,0,25,27,0,0,0,0
451,0.748,0,50,0,0,0,0,0,32,0,25,27,0,0,0,0
452,6.489,0,50,0,0,0,0,0,32,0,25,27,0,0,0,0
453,25.061,0,50,0,0,0,0,0,32,0,25,27,0,0,0,0
454,1.007,0,50,0,0,0,0,0,32,0,25,27,0,0,0,0
455,0.676,0,50,0,0,0,0,0,32,0,25,27,0,0,0,0
456,7.058,0,50,0,0,0,0,0,32,0,25,27,0,0,0,0
457,24.619,0,50,0,0,0,0,0,32,0,25,27,0,0,0,0
458,0.818,0,50,0,0,0,0,0,32,0,25,27,0,0,0,0
459,0.683,0,50,0,0,0,0,0,32,0,25,27,0,0,0,0
460,6.656,0,50,0,0,0,0,0,32,0,25,27,0,0,0,0
461,25.115,0,50,0,0,0,0,0,32,0,25,27,0,0,0,0
462,0.999,0,50,0,0,0,0,0,32,0,25,27,0,0,0,0
463,0.732,0,50,0,0,0,0,0,32,0,25,27,0,0,0,0
464,7.229,0,50,0,0,0,0,0,32,0,25,27,0,0,0,0
465,24.404,0,50,0,0,0,0,0,32,0,25,27,0,0,0,0
466,0.840,0,50,0,0,0,0,0,32,0,25,27,0,0,0,0
467,0.717,0,50,0,0,0,0,0,32,0,25,27,0,0,0,0
468,6.629,0,50,0,0,0,0,0,32,0,25,27,0,0,0,0
469,25.370,0,50,0,0,0,0,0,32,0,25,27,0,0,0,0
470,0.974,0,50,0,0,0,0,0,32,0,25,27,0,0,0,0
471,1.661,0,50,0,0,0,0,0,32,0,25,27,0,0,0,0
472,5.668,0,50,0,0,0,0,0,32,0,25,27,0,0,0,0
473,24.979,0,51,0,0,1,0,0,32,0,26,27,0,0,0,0
474,0.778,0,51,0,0,0,0,0,32,0,26,27,0,0,0,0
475,0.703,0,51,0,0,0,0,0,32,0,26,27,0,0,0,0
476,6.600,0,51,0,0,0,0,0,32,0,26,27,0,0,0,0
477,25.060,0,51,0,0,0,0,0,32,0,26,27,0,0,0,0
478,0.877,0,51,0,0,0,0,0,32,0,26,27,0,0,0,0
479,0.741,0,51,0,0,0,0,0,32,0,26,27,0,0,0,0
480,6.777,0,51,0,0,0,0,0,32,0,26,27,0,0,0,0
481,25.113,0,51,0,0,0,0,0,32,0,26,27,0,0,0,0
482,0.807,0,51,0,0,0,0,0,32,0,26,27,0,0,0,0
483,0.674,0,51,0,0,0,0,0,32,0,26,27,0,0,0,0
484,6.678,0,51,0,0,0,0,0,32,0,26,27,0,0,0,0
485,25.223,0,51,0,0,0,0,0,32,0,26,27,0,0,0,0
486,0.929,0,51,0,0,0,0,0,32,0,26,27,0,0,0,0
487,0.671,0,51,0,0,0,0,0,32,0,26,27,0,0,0,0
488,7.654,0,51,0,0,0,0,0,32,0,26,27,0,0,0,0
489,24.046,0,51,0,0,0,0,0,32,0,26,27,0,0,0,0
490,0.762,0,51,0,0,0,0,0,32,0,26,27,0,0,0,0
491,0.847,0,51,0,0,0,0,0,32,0,26,27,0,0,0,0
492,6.576,0,51,0,0,0,0,0,32,0,26,27,0,0,0,0
493,25.077,0,51,0,0,0,0,0,32,0,26,27,0,0,0,0
494,0.915,0,51,0,0,0,0,0,32,0,26,27,0,0,0,0
495,0.724,0,51,0,0,0,0,0,32,0,26,27,0,0,0,0
496,7.140,0,51,0,0,0,0,0,32,0,26,27,0,0,0,0
497,24.532,0,51,0,0,0,0,0,32,0,26,27,0,0,0,0
498,0.855,0,51,0,0,0,0,0,32,0,26,27,0,0,0,0
499,0.830,0,51,0,0,0,0,0,32,0,26,27,0,0,0,0
500,6.684,0,51,0,0,0,0,0,32,0,26,27,0,0,0,0
501,24.958,0,51,0,0,0,0,0,32,0,26,27,0,0,0,0
502,0.867,0,51,0,0,0,0,0,32,0,26,27,0,0,0,0
503,1.786,0,51,0,0,0,0,0,32,0,26,27,0,0,0,0
504,5.550,0,51,0,0,0,0,0,32,0,26,27,0,0,0,0
505,25.117,0,51,0,0,0,0,0,32,0,26,27,0,0,0,0
506,0.986,0,51,0,0,0,0,0,32,0,26,27,0,0,0,0
507,0.810,0,51,0,0,0,0,0,32,0,26,27,0,0,0,0
508,6.466,0,51,0,0,0,0,0,32,0,26,27,0,0,0,0
509,25.090,0,51,0,0,0,0,0,32,0,26,27,0,0,0,0
510,0.792,0,51,0,0,0,0,0,32,0,26,27,0,0,0,0
511,0.753,0,51,0,0,0,0,0,32,0,26,27,0,0,0,0
512,7.279,0,51,0,0,0,0,0,32,0,26,27,0,0,0,0
513,24.578,0,51,0,0,0,0,0,32,0,26,27,0,0,0,0
514,0.894,0,51,0,0,0,0,0,32,0,26,27,0,0,0,0
515,0.765,0,51,0,0,0,0,0,32,0,26,27,0,0,0,0
516,6.674,0,51,0,0,0,0,0,32,0,26,27,0,0,0,0
517,24.944,0,51,0,0,0,0,0,32,0,26,27,0,0,0,0
518,0.811,0,51,0,0,0,0,0,32,0,26,27,0,0,0,0
519,0.724,0,51,0,0,0,0,0,32,0,26,27,0,0,0,0
520,6.809,0,51,0,0,0,0,0,32,0,26,27,0,0,0,0
521,25.004,0,51,0,0,0,0,0,32,0,26,27,0,0,0,0
522,0.790,0,51,0,0,0,0,0,32,0,26,27,0,0,0,0
523,0.696,0,51,0,0,0,0,0,32,0,26,27,0,0,0,0
524,6.812,0,51,0,0,0,0,0,32,0,26,27,0,0,0,0
525,24.920,0,51,0,0,0,0,0,32,0,26,27,0,0,0,0
526,0.911,0,51,0,0,0,0,0,32,0,26,27,0,0,0,0
527,1.943,0,51,0,0,0,0,0,32,0,26,27,0,0,0,0
528,5.469,0,51,0,0,0,0,0,32,0,26,27,0,0,0,0
529,25.064,0,51,0,0,0,0,0,32,0,26,27,0,0,0,0
530,0.936,0,51,0,0,0,0,0,32,0,26,27,0,0,0,0
531,0.637,0,51,0,0,0,0,0,32,0,26,27,0,0,0,0
532,6.711,0,51,0,0,0,0,0,32,0,26,27,0,0,0,0
533,24.990,0,51,0,0,0,0,0,32,0,26,27,0,0,0,0
534,1.045,0,51,0,0,0,0,0,32,0,26,27,0,0,0,0
535,0.713,0,51,0,0,0,0,0,32,0,26,27,0,0,0,0
536,6.863,0,51,0,0,0,0,0,32,0,26,27,0,0,0,0
537,24.762,0,51,0,0,0,0,0,32,0,26,27,0,0,0,0
538,0.836,0,51,0,0,0,0,0,32,0,26,27,0,0,0,0
539,0.667,0,51,0,0,0,0,0,32,0,26,27,0,0,0,0
540,6.872,0,51,0,0,0,0,0,32,0,26,27,0,0,0,0
541,25.052,0,51,0,0,0,0,0,32,0,26,27,0,0,0,0
542,0.809,0,51,0,0,0,0,0,32,0,26,27,0,0,0,0
543,0.673,0,51,0,0,0,0,0,32,0,26,27,0,0,0,0
544,7.247,0,51,0,0,0,0,0,32,0,26,27,0,0,0,0
545,24.604,0,51,0,0,0,0,0,32,0,26,27,0,0,0,0
546,0.892,0,51,0,0,0,0,0,32,0,26,27,0,0,0,0
547,0.725,0,51,0,0,0,0,0,32,0,26,27,0,0,0,0
548,6.478,0,51,0,0,0,0,0,32,0,26,27,0,0,0,0
549,25.343,0,51,0,0,0,0,0,32,0,26,27,0,0,0,0
550,0.818,0,51,0,0,0,0,0,32,0,26,27,0,0,0,0
551,0.767,0,51,0,0,0,0,0,32,0,26,27,0,0,0,0
552,7.439,0,51,0,0,0,0,0,32,0,26,27,0,0,0,0
553,24.180,0,51,0,0,0,0,0,32,0,26,27,0,0,0,0
554,0.846,0,51,0,0,0,0,0,32,0,26,27,0,0,0,0
555,1.600,0,51,0,0,0,0,0,32,0,26,27,0,0,0,0
556,5.886,0,51,0,0,0,0,0,32,0,26,27,0,0,0,0
557,24.920,0,51,0,0,0,0,0,32,0,26,27,0,0,0,0
558,0.867,0,51,0,0,0,0,0,32,0,26,27,0,0,0,0
559,1.122,0,51,0,0,0,0,0,32,0,26,27,0,0,0,0
560,6.857,0,51,0,0,0,0,0,32,0,26,27,0,0,0,0
561,24.451,0,51,0,0,0,0,0,32,0,26,27,0,0,0,0
562,0.850,0,51,0,0,0,0,0,32,0,26,27,0,0,0,0
563,0.751,0,51,0,0,0,0,0,32,0,26,27,0,0,0,0
564,6.662,0,51,0,0,0,0,0,32,0,26,27,0,0,0,0
565,25.106,0,51,0,0,0,0,0,32,0,26,27,0,0,0,0
566,0.778,0,51,0,0,0,0,0,32,0,26,27,0,0,0,0
567,0.835,0,51,0,0,0,0,0,32,0,26,27,0,0,0,0
568,7.283,0,51,0,0,0,0,0,32,0,26,27,0,0,0,0
569,24.364,0,51,0,0,0,0,0,32,0,26,27,0,0,0,0
570,0.886,0,51,0,0,0,0,0,32,0,26,27,0,0,0,0
571,0.648,0,51,0,0,0,0,0,32,0,26,27,0,0,0,0
572,6.725,0,51,0,0,0,0,0,32,0,26,27,0,0,0,0
573,25.096,0,51,0,0,0,0,0,32,0,26,27,0,0,0,0
574,0.838,0,51,0,0,0,0,0,32,0,26,27,0,0,0,0
575,0.732,0,51,0,0,0,0,0,32,0,26,27,0,0,0,0
576,6.663,0,51,0,0,0,0,0,32,0,26,27,0,0,0,0
577,25.060,0,51,0,0,0,0,0,32,0,26,27,0,0,0,0
578,0.928,0,51,0,0,0,0,0,32,0,26,27,0,0,0,0
579,2.289,0,51,0,0,0,0,0,32,0,26,27,0,0,0,0
580,5.069,0,51,0,0,0,0,0,32,0,26,27,0,0,0,0
581,25.168,0,51,0,0,0,0,0,32,0,26,27,0,0,0,0
582,1.016,0,51,0,0,0,0,0,32,0,26,27,0,0,0,0
583,1.540,0,51,0,0,0,0,0,32,0,26,27,0,0,0,0
584,6.181,0,51,0,0,0,0,0,32,0,26,27,0,0,0,0
585,24.471,0,51,0,0,0,0,0,32,0,26,27,0,0,0,0
586,0.970,0,51,0,0,0,0,0,32,0,26,27,0,0,0,0
587,0.693,0,51,0,0,0,0,0,32,0,26,27,0,0,0,0
588,6.756,0,51,0,0,0,0,0,32,0,26,27,0,0,0,0
589,25.185,0,51,0,0,0,0,0,32,0,26,27,0,0,0,0
590,0.961,0,51,0,0,0,0,0,32,0,26,27,0,0,0,0
591,0.718,0,51,0,0,0,0,0,32,0,26,27,0,0,0,0
592,6.344,0,51,0,0,0,0,0,32,0,26,27,0,0,0,0
593,25.077,0,51,0,0,0,0,0,32,0,26,27,0,0,0,0
594,0.979,0,51,0,0,0,0,0,32,0,26,27,0,0,0,0
595,0.925,0,51,0,0,0,0,0,32,0,26,27,0,0,0,0
596,6.285,0,51,0,0,0,0,0,32,0,26,27,0,0,0,0
597,25.176,0,51,0,0,0,0,0,32,0,26,27,0,0,0,0
598,1.078,0,51,0,0,0,0,0,32,0,26,27,0,0,0,0
599,0.810,0,51,0,0,0,0,0,32,0,26,27,0,0,0,0
600,6.396,0,51,0,0,0,0,0,32,0,26,27,0,0,0,0
601,24.845,0,51,0,0,0,0,0,32,0,26,27,0,0,0,0
602,0.803,0,51,0,0,0,0,0,32,0,26,27,0,0,0,0
603,0.691,0,51,0,0,0,0,0,32,0,26,27,0,0,0,0
604,6.673,0,51,0,0,0,0,0,32,0,26,27,0,0,0,0
605,25.284,0,51,0,0,0,0,0,32,0,26,27,0,0,0,0
606,1.742,0,51,0,0,0,0,0,32,0,26,27,0,0,0,0
607,0.859,0,51,0,0,0,0,0,32,0,26,27,0,0,0,0
608,5.499,0,51,0,0,0,0,0,32,0,26,27,0,0,0,0
609,25.253,0,51,0,0,0,0,0,32,0,26,27,0,0,0,0
610,0.782,0,51,0,0,0,0,0,32,0,26,27,0,0,0,0
611,0.646,0,51,0,0,0,0,0,32,0,26,27,0,0,0,0
612,6.482,0,51,0,0,0,0,0,32,0,26,27,0,0,0,0
613,25.277,0,51,0,0,0,0,0,32,0,26,27,0,0,0,0
614,0.800,0,51,0,0,0,0,0,32,0,26,27,0,0,0,0
615,0.628,0,51,0,0,0,0,0,32,0,26,27,0,0,0,0
616,6.770,0,51,0,0,0,0,0,32,0,26,27,0,0,0,0
617,25.093,0,51,0,0,0,0,0,32,0,26,27,0,0,0,0
618,0.770,0,51,0,0,0,0,0,32,0,26,27,0,0,0,0
619,0.648,0,51,0,0,0,0,0,32,0,26,27,0,0,0,0
620,6.771,0,51,0,0,0,0,0,32,0,26,27,0,0,0,0
621,25.296,0,51,0,0,0,0,0,32,0,26,27,0,0,0,0
622,0.765,0,51,0,0,0,0,0,32,0,26,27,0,0,0,0
623,0.639,0,51,0,0,0,0,0,32,0,26,27,0,0,0,0
624,7.057,0,51,0,0,0,0,0,32,0,26,27,0,0,0,0
625,24.831,0,51,0,0,0,0,0,32,0,26,27,0,0,0,0
626,0.774,0,51,0,0,0,0,0,32,0,26,27,0,0,0,0
627,0.659,0,51,0,0,0,0,0,32,0,26,27,0,0,0,0
628,6.762,0,51,0,0,0,0,0,32,0,26,27,0,0,0,0
629,25.080,0,51,0,0,0,0,0,32,0,26,27,0,0,0,0
630,0.871,0,51,0,0,0,0,0,32,0,26,27,0,0,0,0
631,0.639,0,51,0,0,0,0,0,32,0,26,27,0,0,0,0
632,7.143,0,51,0,0,0,0,0,32,0,26,27,0,0,0,0
633,24.664,0,51,0,0,0,0,0,32,0,26,27,0,0,0,0
634,0.804,0,51,0,0,0,0,0,32,0,26,27,0,0,0,0
635,1.594,0,51,0,0,0,0,0,32,0,26,27,0,0,0,0
636,5.739,0,51,0,0,0,0,0,32,0,26,27,0,0,0,0
637,25.337,0,51,0,0,0,0,0,32,0,26,27,0,0,0,0
638,0.938,0,51,0,0,0,0,0,32,0,26,27,0,0,0,0
639,0.810,0,51,0,0,0,0,0,32,0,26,27,0,0,0,0
640,6.955,0,51,0,0,0,0,0,32,0,26,27,0,0,0,0
641,24.417,0,51,0,0,0,0,0,32,0,26,27,0,0,0,0
642,0.741,0,51,0,0,0,0,0,32,0,26,27,0,0,0,0
643,0.685,0,51,0,0,0,0,0,32,0,26,27,0,0,0,0
644,6.673,0,51,0,0,0,0,0,32,0,26,27,0,0,0,0
645,25.533,0,51,0,0,0,0,0,32,0,26,27,0,0,0,0
646,0.806,0,51,0,0,0,0,0,32,0,26,27,0,0,0,0
647,0.687,0,51,0,0,0,0,0,32,0,26,27,0,0,0,0
648,7.730,0,51,0,0,0,0,0,32,0,26,27,0,0,0,0
649,23.931,0,51,0,0,0,0,0,32,0,26,27,0,0,0,0
650,0.861,0,51,0,0,0,0,0,32,0,26,27,0,0,0,0
651,0.663,0,51,0,0,0,0,0,32,0,26,27,0,0,0,0
652,6.786,0,51,0,0,0,0,0,32,0,26,27,0,0,0,0
653,25.095,0,51,0,0,0,0,0,32,0,26,27,0,0,0,0
654,0.821,0,51,0,0,0,0,0,32,0,26,27,0,0,0,0
655,0.636,0,51,0,0,0,0,0,32,0,26,27,0,0,0,0
656,7.114,0,51,0,0,0,0,0,32,0,26,27,0,0,0,0
657,24.630,0,51,0,0,0,0,0,32,0,26,27,0,0,0,0
658,0.733,0,51,0,0,0,0,0,32,0,26,27,0,0,0,0
659,0.615,0,51,0,0,0,0,0,32,0,26,27,0,0,0,0
660,6.887,0,51,0,0,0,0,0,32,0,26,27,0,0,0,0
661,25.151,0,51,0,0,0,0,0,32,0,26,27,0,0,0,0
662,0.795,0,51,0,0,0,0,0,32,0,26,27,0,0,0,0
663,0.605,0,51,0,0,0,0,0,32,0,26,27,0,0,0,0
664,7.335,0,51,0,0,0,0,0,32,0,26,27,0,0,0,0
665,24.792,0,51,0,0,0,0,0,32,0,26,27,0,0,0,0
666,0.802,0,51,0,0,0,0,0,32,0,26,27,0,0,0,0
667,0.690,0,51,0,0,0,0,0,32,0,26,27,0,0,0,0
668,6.375,0,51,0,0,0,0,0,32,0,26,27,0,0,0,0
669,25.324,0,51,0,0,0,0,0,32,0,26,27,0,0,0,0
670,0.749,0,51,0,0,0,0,0,32,0,26,27,0,0,0,0
671,0.773,0,51,0,0,0,0,0,32,0,26,27,0,0,0,0
672,6.428,0,51,0,0,0,0,0,32,0,26,27,0,0,0,0
673,25.303,0,51,0,0,0,0,0,32,0,26,27,0,0,0,0
674,0.773,0,51,0,0,0,0,0,32,0,26,27,0,0,0,0
675,0.609,0,51,0,0,0,0,0,32,0,26,27,0,0,0,0
676,6.780,0,51,0,0,0,0,0,32,0,26,27,0,0,0,0
677,25.175,0,51,0,0,0,0,0,32,0,26,27,0,0,0,0
678,0.807,0,51,0,0,0,0,0,32,0,26,27,0,0,0,0
679,0.692,0,51,0,0,0,0,0,32,0,26,27,0,0,0,0
680,7.889,0,51,0,0,0,0,0,32,0,26,27,0,0,0,0
681,23.889,0,51,0,0,0,0,0,32,0,26,27,0,0,0,0
682,0.813,0,51,0,0,0,0,0,32,0,26,27,0,0,0,0
683,0.667,0,51,0,0,0,0,0,32,0,26,27,0,0,0,0
684,6.847,0,51,0,0,0,0,0,32,0,26,27,0,0,0,0
685,25.139,0,51,0,0,0,3,0,35,0,16,34,0,0,0,0
686,0.850,0,51,0,0,0,0,0,35,0,16,34,0,0,0,0
687,1.342,0,51,0,0,0,0,0,35,0,16,34,0,0,0,0
688,6.372,0,51,0,0,0,0,0,35,0,16,34,0,0,0,0
689,24.680,0,51,0,0,0,0,0,35,0,16,34,0,0,0,0
690,0.772,0,51,0,0,0,0,0,35,0,16,34,0,0,0,0
691,1.055,0,51,0,0,0,0,0,35,0,16,34,0,0,0,0
692,6.320,0,51,0,0,0,0,0,35,0,16,34,0,0,0,0
693,25.151,0,51,0,0,0,1,0,36,0,15,34,0,0,0,0
694,0.811,0,51,0,0,0,0,0,36,0,15,34,0,0,0,0
695,0.849,0,51,0,0,0,0,0,36,0,15,34,0,0,0,0
696,6.514,0,51,0,0,0,0,0,36,0,15,34,0,0,0,0
697,25.089,0,51,0,0,0,0,0,36,0,15,34,0,0,0,0
698,0.863,0,51,0,0,0,0,0,36,0,15,34,0,0,0,0
699,0.639,0,51,0,0,0,0,0,36,0,15,34,0,0,0,0
700,6.791,0,51,0,0,0,0,0,36,0,15,34,0,0,0,0
701,25.049,0,51,0,0,0,0,0,36,0,15,34,0,0,0,0
702,0.753,0,51,0,0,0,0,0,36,0,15,34,0,0,0,0
703,0.656,0,51,0,0,0,0,0,36,0,15,34,0,0,0,0
704,7.629,0,51,0,0,0,0,0,36,0,15,34,0,0,0,0
705,24.339,0,51,0,0,0,0,0,36,0,15,34,0,0,0,0
706,0.805,0,51,0,0,0,0,0,36,0,15,34,0,0,0,0
707,0.618,0,51,0,0,0,0,0,36,0,15,34,0,0,0,0
708,6.790,0,51,0,0,0,0,0,36,0,15,34,0,0,0,0
709,25.200,0,51,0,0,0,0,0,36,0,15,34,0,0,0,0
710,0.816,0,51,0,0,0,0,0,36,0,15,34,0,0,0,0
711,1.266,0,51,0,0,0,0,0,36,0,15,34,0,0,0,0
712,6.499,0,51,0,0,0,0,0,36,0,15,34,0,0,0,0
713,24.740,0,51,0,0,0,0,0,36,0,15,34,0,0,0,0
714,0.850,0,51,0,0,0,0,0,36,0,15,34,0,0,0,0
715,0.664,0,51,0,0,0,0,0,36,0,15,34,0,0,0,0
716,6.588,0,51,0,0,0,0,0,36,0,15,34,0,0,0,0
717,25.179,0,51,0,0,0,0,0,36,0,15,34,0,0,0,0
718,0.842,0,51,0,0,0,0,0,36,0,15,34,0,0,0,0
719,0.784,0,51,0,0,0,0,0,36,0,15,34,0,0,0,0
720,6.570,0,51,0,0,0,0,0,36,0,15,34,0,0,0,0
721,25.174,0,51,0,0,0,0,0,36,0,15,34,0,0,0,0
722,0.768,0,51,0,0,0,0,0,36,0,15,34,0,0,0,0
723,0.769,0,51,0,0,0,0,0,36,0,15,34,0,0,0,0
724,6.564,0,51,0,0,0,0,0,36,0,15,34,0,0,0,0
725,25.225,0,51,0,0,0,0,0,36,0,15,34,0,0,0,0
726,0.851,0,51,0,0,0,0,0,36,0,15,34,0,0,0,0
727,0.636,0,51,0,0,0,0,0,36,0,15,34,0,0,0,0
728,7.221,0,51,0,0,0,0,0,36,0,15,34,0,0,0,0
729,24.561,0,51,0,0,0,1,0,37,0,14,34,0,0,0,0
730,0.770,0,51,0,0,0,0,0,37,0,14,34,0,0,0,0
731,2.607,0,51,0,0,0,0,0,37,0,14,34,0,0,0,0
732,4.660,0,51,0,0,0,0,0,37,0,14,34,0,0,0,0
733,25.389,0,51,0,0,0,0,0,37,0,14,34,0,0,0,0
734,0.827,0,51,0,0,0,0,0,37,0,14,34,0,0,0,0
735,0.718,0,51,0,0,0,0,0,37,0,14,34,0,0,0,0
736,6.538,0,51,0,0,0,0,0,37,0,14,34,0,0,0,0
737,25.177,0,51,0,0,0,0,0,37,0,14,34,0,0,0,0
738,0.871,0,51,0,0,0,0,0,37,0,14,34,0,0,0,0
739,0.880,0,51,0,0,0,0,0,37,0,14,34,0,0,0,0
740,6.303,0,51,0,0,0,0,0,37,0,14,34,0,0,0,0
741,25.252,0,51,0,0,0,0,0,37,0,14,34,0,0,0,0
742,0.945,0,51,0,0,0,0,0,37,0,14,34,0,0,0,0
743,0.680,0,51,0,0,0,0,0,37,0,14,34,0,0,0,0
744,6.522,0,51,0,0,0,0,0,37,0,14,34,0,0,0,0
745,25.188,0,51,0,0,0,1,0,38,0,13,34,0,0,0,0
746,0.797,0,51,0,0,0,0,0,38,0,13,34,0,0,0,0
747,0.836,0,51,0,0,0,0,0,38,0,13,34,0,0,0,0
748,7.117,0,51,0,0,0,0,0,38,0,13,34,0,0,0,0
749,24.541,0,51,0,0,0,0,0,38,0,13,34,0,0,0,0
750,0.828,0,51,0,0,0,0,0,38,0,13,34,0,0,0,0
751,0.645,0,51,0,0,0,0,0,38,0,13,34,0,0,0,0
752,7.346,0,51,0,0,0,1,0,39,0,12,34,0,0,0,0
753,24.826,0,51,0,0,0,0,0,39,0,12,34,0,0,0,0
754,1.028,0,51,0,0,0,0,0,39,0,12,34,0,0,0,0
755,1.574,0,51,0,0,0,0,0,39,0,12,34,0,0,0,0
756,5.214,0,51,0,0,0,0,0,39,0,12,34,0,0,0,0
757,25.348,0,51,0,0,0,0,0,39,0,12,34,0,0,0,0
758,0.916,0,51,0,0,0,0,0,39,0,12,34,0,0,0,0
759,0.626,0,51,0,0,0,0,0,39,0,12,34,0,0,0,0
760,6.399,0,51,0,0,0,0,0,39,0,12,34,0,0,0,0
761,25.298,0,51,0,0,0,0,0,39,0,12,34,0,0,0,0
762,1.047,0,51,0,0,0,0,0,39,0,12,34,0,0,0,0
763,0.696,0,51,0,0,0,0,0,39,0,12,34,0,0,0,0
764,6.448,0,51,0,0,0,0,0,39,0,12,34,0,0,0,0
765,25.303,0,51,0,0,0,0,0,39,0,12,34,0,0,0,0
766,0.962,0,51,0,0,0,0,0,39,0,12,34,0,0,0,0
767,0.646,0,51,0,0,0,0,0,39,0,12,34,0,0,0,0
768,6.339,0,51,0,0,0,0,0,39,0,12,34,0,0,0,0
769,25.355,0,51,0,0,0,0,0,39,0,12,34,0,0,0,0
770,0.947,0,51,0,0,0,0,0,39,0,12,34,0,0,0,0
771,0.637,0,51,0,0,0,0,0,39,0,12,34,0,0,0,0
772,6.783,0,51,0,0,0,0,0,39,0,12,34,0,0,0,0
773,24.912,0,51,0,0,0,0,0,39,0,12,34,0,0,0,0
774,0.851,0,51,0,0,0,0,0,39,0,12,34,0,0,0,0
775,0.651,0,51,0,0,0,0,0,39,0,12,34,0,0,0,0
776,6.550,0,51,0,0,0,0,0,39,0,12,34,0,0,0,0
777,25.191,0,51,0,0,0,0,0,39,0,12,34,0,0,0,0
778,0.815,0,51,0,0,0,0,0,39,0,12,34,0,0,0,0
779,2.027,0,51,0,0,0,0,0,39,0,12,34,0,0,0,0
780,5.220,0,51,0,0,0,0,0,39,0,12,34,0,0,0,0
781,25.345,0,51,0,0,0,0,0,39,0,12,34,0,0,0,0
782,0.937,0,51,0,0,0,0,0,39,0,12,34,0,0,0,0
783,0.878,0,51,0,0,0,0,0,39,0,12,34,0,0,0,0
784,6.298,0,51,0,0,0,0,0,39,0,12,34,0,0,0,0
785,25.192,0,51,0,0,0,0,0,39,0,12,34,0,0,0,0
786,0.753,0,51,0,0,0,0,0,39,0,12,34,0,0,0,0
787,0.837,0,51,0,0,0,0,0,39,0,12,34,0,0,0,0
788,6.581,0,51,0,0,0,0,0,39,0,12,34,0,0,0,0
789,25.145,0,51,0,0,0,1,0,40,0,11,34,0,0,0,0
790,0.913,0,51,0,0,0,0,0,40,0,11,34,0,0,0,0
791,0.840,0,51,0,0,0,0,0,40,0,11,34,0,0,0,0
792,7.045,0,51,0,0,0,0,0,40,0,11,34,0,0,0,0
793,24.570,0,51,0,0,0,0,0,40,0,11,34,0,0,0,0
794,0.810,0,51,0,0,0,0,0,40,0,11,34,0,0,0,0
795,0.819,0,51,0,0,0,0,0,40,0,11,34,0,0,0,0
796,6.520,0,51,0,0,0,0,0,40,0,11,34,0,0,0,0
797,25.032,0,51,0,0,0,0,0,40,0,11,34,0,0,0,0
798,0.784,0,51,0,0,0,0,0,40,0,11,34,0,0,0,0
799,0.624,0,51,0,0,0,0,0,40,0,11,34,0,0,0,0
800,7.286,0,51,0,0,0,0,0,40,0,11,34,0,0,0,0
801,24.793,0,51,0,0,0,0,0,40,0,11,34,0,0,0,0
802,0.976,0,51,0,0,0,0,0,40,0,11,34,0,0,0,0
803,1.868,0,51,0,0,0,0,0,40,0,11,34,0,0,0,0
804,5.171,0,51,0,0,0,0,0,40,0,11,34,0,0,0,0
805,25.180,0,51,0,0,0,0,0,40,0,11,34,0,0,0,0
806,0.897,0,51,0,0,0,0,0,40,0,11,34,0,0,0,0
807,0.667,0,51,0,0,0,0,0,40,0,11,34,0,0,0,0
808,7.161,0,51,0,0,0,1,0,41,0,10,34,0,0,0,0
809,24.715,0,51,0,0,0,0,0,41,0,10,34,0,0,0,0
810,0.944,0,51,0,0,0,0,0,41,0,10,34,0,0,0,0
811,0.686,0,51,0,0,0,0,0,41,0,10,34,0,0,0,0
812,6.403,0,51,0,0,0,0,0,41,0,10,34,0,0,0,0
813,25.234,0,51,0,0,0,0,0,41,0,10,34,0,0,0,0
814,0.845,0,51,0,0,0,0,0,41,0,10,34,0,0,0,0
815,0.710,0,51,0,0,0,0,0,41,0,10,34,0,0,0,0
816,6.749,0,51,0,0,0,0,0,41,0,10,34,0,0,0,0
817,25.012,0,51,0,0,0,0,0,41,0,10,34,0,0,0,0
818,0.802,0,51,0,0,0,0,0,41,0,10,34,0,0,0,0
819,0.676,0,51,0,0,0,0,0,41,0,10,34,0,0,0,0
820,6.831,0,51,0,0,0,0,0,41,0,10,34,0,0,0,0
821,25.056,0,51,0,0,0,0,0,41,0,10,34,0,0,0,0
822,0.756,0,51,0,0,0,0,0,41,0,10,34,0,0,0,0
823,0.643,0,51,0,0,0,0,0,41,0,10,34,0,0,0,0
824,6.783,0,51,0,0,0,0,0,41,0,10,34,0,0,0,0
825,25.173,0,51,0,0,0,0,0,41,0,10,34,0,0,0,0
826,0.774,0,51,0,0,0,0,0,41,0,10,34,0,0,0,0
827,0.879,0,51,0,0,0,0,0,41,0,10,34,0,0,0,0
828,6.372,0,51,0,0,0,0,0,41,0,10,34,0,0,0,0
829,25.348,0,51,0,0,0,0,0,41,0,10,34,0,0,0,0
830,0.734,0,51,0,0,0,0,0,41,0,10,34,0,0,0,0
831,1.605,0,51,0,0,0,0,0,41,0,10,34,0,0,0,0
832,5.620,0,51,0,0,0,0,0,41,0,10,34,0,0,0,0
833,25.361,0,51,0,0,0,0,0,41,0,10,34,0,0,0,0
834,0.783,0,51,0,0,0,0,0,41,0,10,34,0,0,0,0
835,0.616,0,51,0,0,0,0,0,41,0,10,34,0,0,0,0
836,6.610,0,51,0,0,0,0,0,41,0,10,34,0,0,0,0
837,25.388,0,51,0,0,0,0,0,41,0,10,34,0,0,0,0
838,0.867,0,51,0,0,0,0,0,41,0,10,34,0,0,0,0
839,0.658,0,51,0,0,0,0,0,41,0,10,34,0,0,0,0
840,6.740,0,51,0,0,0,0,0,41,0,10,34,0,0,0,0
841,25.036,0,51,0,0,0,1,0,42,0,9,34,0,0,0,0
842,0.771,0,51,0,0,0,0,0,42,0,9,34,0,0,0,0
843,0.852,0,51,0,0,0,0,0,42,0,9,34,0,0,0,0
844,6.493,0,51,0,0,0,0,0,42,0,9,34,0,0,0,0
845,25.124,0,51,0,0,0,0,0,42,0,9,34,0,0,0,0
846,0.804,0,51,0,0,0,0,0,42,0,9,34,0,0,0,0
847,0.706,0,51,0,0,0,0,0,42,0,9,34,0,0,0,0
848,7.791,0,51,0,0,0,0,0,42,0,9,34,0,0,0,0
849,23.915,0,51,0,0,0,0,0,42,0,9,34,0,0,0,0
850,0.774,0,51,0,0,0,0,0,42,0,9,34,0,0,0,0
851,0.785,0,51,0,0,0,0,0,42,0,9,34,0,0,0,0
852,6.793,0,51,0,0,0,0,0,42,0,9,34,0,0,0,0
853,25.120,0,51,0,0,0,0,0,42,0,9,34,0,0,0,0
854,0.843,0,51,0,0,0,0,0,42,0,9,34,0,0,0,0
855,1.789,0,51,0,0,0,0,0,42,0,9,34,0,0,0,0
856,5.513,0,51,0,0,0,0,0,42,0,9,34,0,0,0,0
857,25.103,0,51,0,0,0,0,0,42,0,9,34,0,0,0,0
858,0.796,0,51,0,0,0,0,0,42,0,9,34,0,0,0,0
859,0.703,0,51,0,0,0,0,0,42,0,9,34,0,0,0,0
860,6.591,0,51,0,0,0,0,0,42,0,9,34,0,0,0,0
861,25.268,0,51,0,0,0,0,0,42,0,9,34,0,0,0,0
862,0.845,0,51,0,0,0,0,0,42,0,9,34,0,0,0,0
863,0.663,0,51,0,0,0,0,0,42,0,9,34,0,0,0,0
864,6.622,0,51,0,0,0,0,0,42,0,9,34,0,0,0,0
865,25.110,0,51,0,0,0,0,0,42,0,9,34,0,0,0,0
866,0.743,0,51,0,0,0,0,0,42,0,9,34,0,0,0,0
867,0.568,0,51,0,0,0,0,0,42,0,9,34,0,0,0,0
868,6.872,0,51,0,0,0,0,0,42,0,9,34,0,0,0,0
869,25.353,0,51,0,0,0,0,0,42,0,9,34,0,0,0,0
870,0.780,0,51,0,0,0,0,0,42,0,9,34,0,0,0,0
871,0.613,0,51,0,0,0,0,0,42,0,9,34,0,0,0,0
872,7.889,0,51,0,0,0,0,0,42,0,9,34,0,0,0,0
873,24.043,0,51,0,0,0,0,0,42,0,9,34,0,0,0,0
874,0.761,0,51,0,0,0,0,0,42,0,9,34,0,0,0,0
875,0.668,0,51,0,0,0,0,0,42,0,9,34,0,0,0,0
876,6.713,0,51,0,0,0,0,0,42,0,9,34,0,0,0,0
877,25.069,0,51,0,0,0,0,0,42,0,9,34,0,0,0,0
878,0.766,0,51,0,0,0,0,0,42,0,9,34,0,0,0,0
879,0.664,0,51,0,0,0,0,0,42,0,9,34,0,0,0,0
880,6.874,0,51,0,0,0,0,0,42,0,9,34,0,0,0,0
881,25.113,0,51,0,0,0,0,0,42,0,9,34,0,0,0,0
882,0.780,0,51,0,0,0,0,0,42,0,9,34,0,0,0,0
883,1.298,0,51,0,0,0,0,0,42,0,9,34,0,0,0,0
884,5.955,0,51,0,0,0,0,0,42,0,9,34,0,0,0,0
885,25.237,0,51,0,0,0,0,0,42,0,9,34,0,0,0,0
886,0.854,0,51,0,0,0,0,0,42,0,9,34,0,0,0,0
887,0.651,0,51,0,0,0,0,0,42,0,9,34,0,0,0,0
888,7.962,0,51,0,0,0,0,0,42,0,9,34,0,0,0,0
889,23.889,0,52,0,0,1,0,0,42,0,10,34,0,0,0,0
890,0.969,0,52,0,0,0,0,0,42,0,10,34,0,0,0,0
891,0.908,0,52,0,0,0,0,0,42,0,10,34,0,0,0,0
892,6.271,0,52,0,0,0,0,0,42,0,10,34,0,0,0,0
893,25.110,0,52,0,0,0,0,0,42,0,10,34,0,0,0,0
894,0.807,0,52,0,0,0,0,0,42,0,10,34,0,0,0,0
895,0.665,0,52,0,0,0,0,0,42,0,10,34,0,0,0,0
896,7.199,0,52,0,0,0,0,0,42,0,10,34,0,0,0,0
897,24.955,0,52,0,0,0,1,0,43,0,9,34,0,0,0,0
898,0.795,0,52,0,0,0,0,0,43,0,9,34,0,0,0,0
899,0.789,0,52,0,0,0,0,0,43,0,9,34,0,0,0,0
900,6.400,0,52,0,0,0,0,0,43,0,9,34,0,0,0,0
901,25.046,0,52,0,0,0,0,0,43,0,9,34,0,0,0,0
902,0.757,0,52,0,0,0,0,0,43,0,9,34,0,0,0,0
903,0.700,0,52,0,0,0,0,0,43,0,9,34,0,0,0,0
904,7.462,0,52,0,0,0,0,0,43,0,9,34,0,0,0,0
905,24.895,0,52,0,0,0,0,0,43,0,9,34,0,0,0,0
906,0.797,0,52,0,0,0,0,0,43,0,9,34,0,0,0,0
907,1.499,0,52,0,0,0,0,0,43,0,9,34,0,0,0,0
908,5.398,0,52,0,0,0,0,0,43,0,9,34,0,0,0,0
909,25.339,0,52,0,0,0,0,0,43,0,9,34,0,0,0,0
910,0.964,0,52,0,0,0,0,0,43,0,9,34,0,0,0,0
911,0.989,0,52,0,0,0,0,0,43,0,9,34,0,0,0,0
912,6.767,0,52,0,0,0,0,0,43,0,9,34,0,0,0,0
913,24.534,0,52,0,0,0,0,0,43,0,9,34,0,0,0,0
914,0.888,0,52,0,0,0,0,0,43,0,9,34,0,0,0,0
915,0.670,0,52,0,0,0,0,0,43,0,9,34,0,0,0,0
916,6.703,0,52,0,0,0,0,0,43,0,9,34,0,0,0,0
917,25.146,0,52,0,0,0,0,0,43,0,9,34,0,0,0,0
918,0.775,0,52,0,0,0,0,0,43,0,9,34,0,0,0,0
919,0.626,0,52,0,0,0,0,0,43,0,9,34,0,0,0,0
920,7.227,0,52,0,0,0,0,0,43,0,9,34,0,0,0,0
921,24.629,0,52,0,0,0,0,0,43,0,9,34,0,0,0,0
922,0.759,0,52,0,0,0,0,0,43,0,9,34,0,0,0,0
923,0.686,0,52,0,0,0,0,0,43,0,9,34,0,0,0,0
924,6.864,0,52,0,0,0,0,0,43,0,9,34,0,0,0,0
925,25.006,0,52,0,0,0,0,0,43,0,9,34,0,0,0,0
926,0.773,0,52,0,0,0,0,0,43,0,9,34,0,0,0,0
927,0.677,0,52,0,0,0,0,0,43,0,9,34,0,0,0,0
928,7.071,0,52,0,0,0,0,0,43,0,9,34,0,0,0,0
929,24.671,0,52,0,0,0,0,0,43,0,9,34,0,0,0,0
930,0.835,0,52,0,0,0,0,0,43,0,9,34,0,0,0,0
931,0.616,0,52,0,0,0,0,0,43,0,9,34,0,0,0,0
932,6.763,0,52,0,0,0,0,0,43,0,9,34,0,0,0,0
933,25.184,0,53,0,0,1,0,0,43,0,10,34,0,0,0,0
934,0.878,0,53,0,0,0,0,0,43,0,10,34,0,0,0,0
935,0.827,0,53,0,0,0,0,0,43,0,10,34,0,0,0,0
936,6.634,0,53,0,0,0,0,0,43,0,10,34,0,0,0,0
937,25.097,0,53,0,0,0,0,0,43,0,10,34,0,0,0,0
938,0.826,0,53,0,0,0,0,0,43,0,10,34,0,0,0,0
939,0.653,0,53,0,0,0,0,0,43,0,10,34,0,0,0,0
940,6.510,0,53,0,0,0,0,0,43,0,10,34,0,0,0,0
941,25.200,0,53,0,0,0,0,0,43,0,10,34,0,0,0,0
942,0.877,0,53,0,0,0,0,0,43,0,10,34,0,0,0,0
943,0.717,0,53,0,0,0,0,0,43,0,10,34,0,0,0,0
944,6.602,0,53,0,0,0,0,0,43,0,10,34,0,0,0,0
945,25.201,0,53,0,0,0,0,0,43,0,10,34,0,0,0,0
946,0.848,0,53,0,0,0,0,0,43,0,10,34,0,0,0,0
947,0.675,0,53,0,0,0,0,0,43,0,10,34,0,0,0,0
948,6.528,0,53,0,0,0,0,0,43,0,10,34,0,0,0,0
949,25.338,0,53,0,0,0,0,0,43,0,10,34,0,0,0,0
950,0.810,0,53,0,0,0,0,0,43,0,10,34,0,0,0,0
951,0.643,0,53,0,0,0,0,0,43,0,10,34,0,0,0,0
952,6.994,0,53,0,0,0,0,0,43,0,10,34,0,0,0,0
953,24.854,0,53,0,0,0,0,0,43,0,10,34,0,0,0,0
954,0.875,0,53,0,0,0,0,0,43,0,10,34,0,0,0,0
955,0.671,0,53,0,0,0,0,0,43,0,10,34,0,0,0,0
956,6.600,0,53,0,0,0,0,0,43,0,10,34,0,0,0,0
957,25.116,0,53,0,0,0,0,0,43,0,10,34,0,0,0,0
958,0.797,0,53,0,0,0,0,0,43,0,10,34,0,0,0,0
959,0.661,0,53,0,0,0,0,0,43,0,10,34,0,0,0,0
960,6.731,0,53,0,0,0,0,0,43,0,10,34,0,0,0,0
961,25.265,0,53,0,0,0,0,0,43,0,10,34,0,0,0,0
962,1.119,0,53,0,0,0,0,0,43,0,10,34,0,0,0,0
963,1.525,0,53,0,0,0,0,0,43,0,10,34,0,0,0,0
964,5.472,0,53,0,0,0,0,0,43,0,10,34,0,0,0,0
965,25.084,0,53,0,0,0,0,0,43,0,10,34,0,0,0,0
966,0.802,0,53,0,0,0,0,0,43,0,10,34,0,0,0,0
967,0.750,0,53,0,0,0,0,0,43,0,10,34,0,0,0,0
968,6.672,0,53,0,0,0,0,0,43,0,10,34,0,0,0,0
969,25.064,0,53,0,0,0,0,0,43,0,10,34,0,0,0,0
970,0.771,0,53,0,0,0,0,0,43,0,10,34,0,0,0,0
971,0.740,0,53,0,0,0,0,0,43,0,10,34,0,0,0,0
972,6.657,0,53,0,0,0,0,0,43,0,10,34,0,0,0,0
973,25.273,0,53,0,0,0,0,0,43,0,10,34,0,0,0,0
974,0.851,0,53,0,0,0,0,0,43,0,10,34,0,0,0,0
975,0.626,0,53,0,0,0,0,0,43,0,10,34,0,0,0,0
976,7.028,0,53,0,0,0,0,0,43,0,10,34,0,0,0,0
977,24.780,0,53,0,0,0,0,0,43,0,10,34,0,0,0,0
978,0.707,0,53,0,0,0,0,0,43,0,10,34,0,0,0,0
979,0.694,0,53,0,0,0,0,0,43,0,10,34,0,0,0,0
980,6.864,0,53,0,0,0,0,0,43,0,10,34,0,0,0,0
981,25.007,0,53,0,0,0,0,0,43,0,10,34,0,0,0,0
982,0.821,0,53,0,0,0,0,0,43,0,10,34,0,0,0,0
983,0.628,0,53,0,0,0,0,0,43,0,10,34,0,0,0,0
984,6.795,0,53,0,0,0,0,0,43,0,10,34,0,0,0,0
985,25.175,0,53,0,0,0,0,0,43,0,10,34,0,0,0,0
986,0.819,0,53,0,0,0,0,0,43,0,10,34,0,0,0,0
987,0.654,0,53,0,0,0,0,0,43,0,10,34,0,0,0,0
988,6.593,0,53,0,0,0,0,0,43,0,10,34,0,0,0,0
989,25.265,0,53,0,0,0,0,0,43,0,10,34,0,0,0,0
990,0.947,0,53,0,0,0,0,0,43,0,10,34,0,0,0,0
991,0.799,0,53,0,0,0,0,0,43,0,10,34,0,0,0,0
992,6.388,0,53,0,0,0,0,0,43,0,10,34,0,0,0,0
993,25.207,0,53,0,0,0,0,0,43,0,10,34,0,0,0,0
994,0.894,0,53,0,0,0,0,0,43,0,10,34,0,0,0,0
995,0.639,0,53,0,0,0,0,0,43,0,10,34,0,0,0,0
996,6.622,0,53,0,0,0,0,0,43,0,10,34,0,0,0,0
997,25.115,0,53,0,0,0,0,0,43,0,10,34,0,0,0,0
998,0.785,0,53,0,0,0,0,0,43,0,10,34,0,0,0,0
999,0.608,0,53,0,0,0,0,0,43,0,10,34,0,0,0,0
1000,7.726,0,53,0,0,0,0,0,43,0,10,34,0,0,0,0
1001,24.229,0,53,0,0,0,0,0,43,0,10,34,0,0,0,0
1002,0.744,0,53,0,0,0,0,0,43,0,10,34,0,0,0,0
1003,0.648,0,53,0,0,0,0,0,43,0,10,34,0,0,0,0
1004,6.848,0,53,0,0,0,0,0,43,0,10,34,0,0,0,0
1005,25.132,0,53,0,0,0,0,0,43,0,10,34,0,0,0,0
1006,0.794,0,53,0,0,0,0,0,43,0,10,34,0,0,0,0
1007,0.670,0,53,0,0,0,0,0,43,0,10,34,0,0,0,0
1008,7.211,0,53,0,0,0,0,0,43,0,10,34,0,0,0,0
1009,24.559,0,53,0,0,0,0,0,43,0,10,34,0,0,0,0
1010,0.793,0,53,0,0,0,0,0,43,0,10,34,0,0,0,0
1011,0.599,0,53,0,0,0,0,0,43,0,10,34,0,0,0,0
1012,6.843,0,53,0,0,0,0,0,43,0,10,34,0,0,0,0
1013,25.167,0,53,0,0,0,0,0,43,0,10,34,0,0,0,0
1014,0.962,0,53,0,0,0,0,0,43,0,10,34,0,0,0,0
1015,1.906,0,53,0,0,0,0,0,43,0,10,34,0,0,0,0
1016,5.603,0,53,0,0,0,0,0,43,0,10,34,0,0,0,0
1017,25.013,0,53,0,0,0,0,0,43,0,10,34,0,0,0,0
1018,0.901,0,53,0,0,0,0,0,43,0,10,34,0,0,0,0
1019,0.656,0,53,0,0,0,0,0,43,0,10,34,0,0,0,0
1020,6.384,0,53,0,0,0,0,0,43,0,10,34,0,0,0,0
1021,25.262,0,53,0,0,0,0,0,43,0,10,34,0,0,0,0
1022,0.842,0,53,0,0,0,0,0,43,0,10,34,0,0,0,0
1023,0.667,0,53,0,0,0,0,0,43,0,10,34,0,0,0,0
1024,7.225,0,53,0,0,0,0,0,43,0,10,34,0,0,0,0
1025,24.615,0,53,0,0,0,0,0,43,0,10,34,0,0,0,0
1026,0.811,0,53,0,0,0,0,0,43,0,10,34,0,0,0,0
1027,0.623,0,53,0,0,0,0,0,43,0,10,34,0,0,0,0
1028,6.610,0,53,0,0,0,0,0,43,0,10,34,0,0,0,0
1029,25.227,0,53,0,0,0,1,0,44,0,9,34,0,0,0,0
1030,0.781,0,53,0,0,0,0,0,44,0,9,34,0,0,0,0
1031,0.777,0,53,0,0,0,0,0,44,0,9,34,0,0,0,0
1032,7.060,0,53,0,0,0,0,0,44,0,9,34,0,0,0,0
1033,24.681,0,53,0,0,0,0,0,44,0,9,34,0,0,0,0
1034,0.767,0,53,0,0,0,0,0,44,0,9,34,0,0,0,0
1035,0.653,0,53,0,0,0,0,0,44,0,9,34,0,0,0,0
1036,6.829,0,53,0,0,0,0,0,44,0,9,34,0,0,0,0
1037,25.098,0,53,0,0,0,0,0,44,0,9,34,0,0,0,0
1038,0.800,0,53,0,0,0,0,0,44,0,9,34,0,0,0,0
1039,0.612,0,53,0,0,0,0,0,44,0,9,34,0,0,0,0
1040,7.006,0,53,0,0,0,0,0,44,0,9,34,0,0,0,0
1041,25.048,0,53,0,0,0,0,0,44,0,9,34,0,0,0,0
1042,0.805,0,53,0,0,0,0,0,44,0,9,34,0,0,0,0
1043,1.546,0,53,0,0,0,0,0,44,0,9,34,0,0,0,0
1044,5.703,0,53,0,0,0,0,0,44,0,9,34,0,0,0,0
1045,25.294,0,53,0,0,0,0,0,44,0,9,34,0,0,0,0
1046,0.777,0,53,0,0,0,0,0,44,0,9,34,0,0,0,0
1047,0.678,0,53,0,0,0,0,0,44,0,9,34,0,0,0,0
1048,6.778,0,53,0,0,0,0,0,44,0,9,34,0,0,0,0
1049,25.046,0,53,0,0,0,0,0,44,0,9,34,0,0,0,0
1050,0.860,0,53,0,0,0,0,0,44,0,9,34,0,0,0,0
1051,0.747,0,53,0,0,0,0,0,44,0,9,34,0,0,0,0
1052,6.573,0,53,0,0,0,0,0,44,0,9,34,0,0,0,0
1053,24.979,0,53,0,0,0,0,0,44,0,9,34,0,0,0,0
1054,0.946,0,53,0,0,0,0,0,44,0,9,34,0,0,0,0
1055,0.618,0,53,0,0,0,0,0,44,0,9,34,0,0,0,0
1056,6.929,0,53,0,0,0,0,0,44,0,9,34,0,0,0,0
1057,24.944,0,53,0,0,0,0,0,44,0,9,34,0,0,0,0
1058,0.858,0,53,0,0,0,0,0,44,0,9,34,0,0,0,0
1059,0.675,0,53,0,0,0,0,0,44,0,9,34,0,0,0,0
1060,6.716,0,53,0,0,0,0,0,44,0,9,34,0,0,0,0
1061,25.138,0,53,0,0,0,0,0,44,0,9,34,0,0,0,0
1062,0.848,0,53,0,0,0,0,0,44,0,9,34,0,0,0,0
1063,0.646,0,53,0,0,0,0,0,44,0,9,34,0,0,0,0
1064,7.162,0,53,0,0,0,0,0,44,0,9,34,0,0,0,0
1065,24.652,0,53,0,0,0,0,0,44,0,9,34,0,0,0,0
1066,1.006,0,53,0,0,0,0,0,44,0,9,34,0,0,0,0
1067,1.257,0,53,0,0,0,0,0,44,0,9,34,0,0,0,0
1068,5.763,0,53,0,0,0,0,0,44,0,9,34,0,0,0,0
1069,25.082,0,53,0,0,0,0,0,44,0,9,34,0,0,0,0
1070,0.894,0,53,0,0,0,0,0,44,0,9,34,0,0,0,0
1071,1.036,0,53,0,0,0,0,0,44,0,9,34,0,0,0,0
1072,6.503,0,54,0,0,1,0,0,44,0,10,34,0,0,0,0
1073,25.004,0,54,0,0,0,0,0,44,0,10,34,0,0,0,0
1074,0.768,0,54,0,0,0,0,0,44,0,10,34,0,0,0,0
1075,0.695,0,54,0,0,0,0,0,44,0,10,34,0,0,0,0
1076,6.798,0,54,0,0,0,0,0,44,0,10,34,0,0,0,0
1077,25.189,0,54,0,0,0,1,0,45,0,9,34,0,0,0,0
1078,0.881,0,54,0,0,0,0,0,45,0,9,34,0,0,0,0
1079,0.844,0,54,0,0,0,0,0,45,0,9,34,0,0,0,0
1080,6.457,0,54,0,0,0,0,0,45,0,9,34,0,0,0,0
1081,25.022,0,54,0,0,0,0,0,45,0,9,34,0,0,0,0
1082,0.815,0,54,0,0,0,0,0,45,0,9,34,0,0,0,0
1083,0.709,0,54,0,0,0,0,0,45,0,9,34,0,0,0,0
1084,6.782,0,55,0,0,1,0,0,45,0,10,34,0,0,0,0
1085,25.126,0,55,0,0,0,0,0,45,0,10,34,0,0,0,0
1086,0.767,0,55,0,0,0,0,0,45,0,10,34,0,0,0,0
1087,0.627,0,55,0,0,0,0,0,45,0,10,34,0,0,0,0
1088,6.722,0,55,0,0,0,0,0,45,0,10,34,0,0,0,0
1089,25.146,0,55,0,0,0,0,0,45,0,10,34,0,0,0,0
1090,0.779,0,55,0,0,0,0,0,45,0,10,34,0,0,0,0
1091,0.717,0,55,0,0,0,0,0,45,0,10,34,0,0,0,0
1092,6.681,0,55,0,0,0,0,0,45,0,10,34,0,0,0,0
1093,25.108,0,55,0,0,0,0,0,45,0,10,34,0,0,0,0
1094,0.846,0,55,0,0,0,0,0,45,0,10,34,0,0,0,0
1095,1.207,0,55,0,0,0,0,0,45,0,10,34,0,0,0,0
1096,6.752,0,55,0,0,0,0,0,45,0,10,34,0,0,0,0
1097,24.587,0,55,0,0,0,0,0,45,0,10,34,0,0,0,0
1098,0.736,0,55,0,0,0,0,0,45,0,10,34,0,0,0,0
1099,0.730,0,55,0,0,0,0,0,45,0,10,34,0,0,0,0
1100,6.575,0,55,0,0,0,0,0,45,0,10,34,0,0,0,0
1101,25.331,0,55,0,0,0,0,0,45,0,10,34,0,0,0,0
1102,0.889,0,55,0,0,0,0,0,45,0,10,34,0,0,0,0
1103,0.664,0,55,0,0,0,0,0,45,0,10,34,0,0,0,0
1104,6.550,0,55,0,0,0,0,0,45,0,10,34,0,0,0,0
1105,25.163,0,55,0,0,0,0,0,45,0,10,34,0,0,0,0
1106,0.804,0,55,0,0,0,0,0,45,0,10,34,0,0,0,0
1107,0.622,0,55,0,0,0,0,0,45,0,10,34,0,0,0,0
1108,6.846,0,55,0,0,0,0,0,45,0,10,34,0,0,0,0
1109,25.054,0,55,0,0,0,0,0,45,0,10,34,0,0,0,0
1110,0.774,0,55,0,0,0,0,0,45,0,10,34,0,0,0,0
1111,0.657,0,55,0,0,0,0,0,45,0,10,34,0,0,0,0
1112,7.268,0,55,0,0,0,0,0,45,0,10,34,0,0,0,0
1113,24.730,0,55,0,0,0,0,0,45,0,10,34,0,0,0,0
1114,0.969,0,55,0,0,0,0,0,45,0,10,34,0,0,0,0
1115,0.764,0,55,0,0,0,0,0,45,0,10,34,0,0,0,0
1116,6.275,0,55,0,0,0,0,0,45,0,10,34,0,0,0,0
1117,25.303,0,55,0,0,0,0,0,45,0,10,34,0,0,0,0
1118,0.835,0,55,0,0,0,0,0,45,0,10,34,0,0,0,0
1119,0.650,0,55,0,0,0,0,0,45,0,10,34,0,0,0,0
1120,7.167,0,55,0,0,0,0,0,45,0,10,34,0,0,0,0
1121,24.630,0,55,0,0,0,0,0,45,0,10,34,0,0,0,0
1122,0.764,0,55,0,0,0,0,0,45,0,10,34,0,0,0,0
1123,0.645,0,55,0,0,0,0,0,45,0,10,34,0,0,0,0
1124,6.816,0,55,0,0,0,0,0,45,0,10,34,0,0,0,0
1125,25.214,0,55,0,0,0,0,0,45,0,10,34,0,0,0,0
1126,0.726,0,55,0,0,0,0,0,45,0,10,34,0,0,0,0
1127,0.730,0,55,0,0,0,0,0,45,0,10,34,0,0,0,0
1128,7.107,0,55,0,0,0,0,0,45,0,10,34,0,0,0,0
1129,24.690,0,55,0,0,0,0,0,45,0,10,34,0,0,0,0
1130,0.844,0,55,0,0,0,0,0,45,0,10,34,0,0,0,0
1131,0.678,0,55,0,0,0,0,0,45,0,10,34,0,0,0,0
1132,6.644,0,55,0,0,0,0,0,45,0,10,34,0,0,0,0
1133,25.159,0,55,0,0,0,0,0,45,0,10,34,0,0,0,0
1134,0.784,0,55,0,0,0,0,0,45,0,10,34,0,0,0,0
1135,0.670,0,55,0,0,0,0,0,45,0,10,34,0,0,0,0
1136,6.686,0,55,0,0,0,0,0,45,0,10,34,0,0,0,0
1137,25.264,0,55,0,0,0,0,0,45,0,10,34,0,0,0,0
1138,0.783,0,55,0,0,0,0,0,45,0,10,34,0,0,0,0
1139,0.702,0,55,0,0,0,0,0,45,0,10,34,0,0,0,0
1140,6.580,0,55,0,0,0,0,0,45,0,10,34,0,0,0,0
1141,25.152,0,55,0,0,0,0,0,45,0,10,34,0,0,0,0
1142,0.879,0,55,0,0,0,0,0,45,0,10,34,0,0,0,0
1143,0.648,0,55,0,0,0,0,0,45,0,10,34,0,0,0,0
1144,6.948,0,55,0,0,0,0,0,45,0,10,34,0,0,0,0
1145,24.892,0,55,0,0,0,0,0,45,0,10,34,0,0,0,0
1146,0.795,0,55,0,0,0,0,0,45,0,10,34,0,0,0,0
1147,0.720,0,55,0,0,0,0,0,45,0,10,34,0,0,0,0
1148,6.722,0,55,0,0,0,0,0,45,0,10,34,0,0,0,0
1149,25.058,0,55,0,0,0,0,0,45,0,10,34,0,0,0,0
1150,0.790,0,55,0,0,0,0,0,45,0,10,34,0,0,0,0
1151,0.671,0,55,0,0,0,0,0,45,0,10,34,0,0,0,0
1152,7.064,0,55,0,0,0,0,0,45,0,10,34,0,0,0,0
1153,24.888,0,55,0,0,0,0,0,45,0,10,34,0,0,0,0
1154,0.764,0,55,0,0,0,0,0,45,0,10,34,0,0,0,0
1155,0.778,0,55,0,0,0,0,0,45,0,10,34,0,0,0,0
1156,6.552,0,55,0,0,0,0,0,45,0,10,34,0,0,0,0
1157,25.258,0,55,0,0,0,0,0,45,0,10,34,0,0,0,0
1158,0.787,0,55,0,0,0,0,0,45,0,10,34,0,0,0,0
1159,0.728,0,55,0,0,0,0,0,45,0,10,34,0,0,0,0
1160,6.962,0,55,0,0,0,0,0,45,0,10,34,0,0,0,0
1161,24.745,0,55,0,0,0,0,0,45,0,10,34,0,0,0,0
1162,0.813,0,55,0,0,0,0,0,45,0,10,34,0,0,0,0
1163,0.698,0,55,0,0,0,0,0,45,0,10,34,0,0,0,0
1164,6.648,0,55,0,0,0,0,0,45,0,10,34,0,0,0,0
1165,25.301,0,55,0,0,0,0,0,45,0,10,34,0,0,0,0
1166,0.768,0,55,0,0,0,0,0,45,0,10,34,0,0,0,0
1167,0.739,0,55,0,0,0,0,0,45,0,10,34,0,0,0,0
1168,7.174,0,55,0,0,0,0,0,45,0,10,34,0,0,0,0
1169,24.555,0,55,0,0,0,0,0,45,0,10,34,0,0,0,0
1170,0.998,0,55,0,0,0,0,0,45,0,10,34,0,0,0,0
1171,1.789,0,55,0,0,0,0,0,45,0,10,34,0,0,0,0
1172,5.239,0,55,0,0,0,0,0,45,0,10,34,0,0,0,0
1173,25.226,0,55,0,0,0,0,0,45,0,10,34,0,0,0,0
1174,0.837,0,55,0,0,0,0,0,45,0,10,34,0,0,0,0
1175,0.776,0,55,0,0,0,0,0,45,0,10,34,0,0,0,0
1176,6.644,0,55,0,0,0,0,0,45,0,10,34,0,0,0,0
1177,25.070,0,55,0,0,0,0,0,45,0,10,34,0,0,0,0
1178,0.823,0,55,0,0,0,0,0,45,0,10,34,0,0,0,0
1179,0.714,0,55,0,0,0,0,0,45,0,10,34,0,0,0,0
1180,6.573,0,55,0,0,0,0,0,45,0,10,34,0,0,0,0
1181,25.406,0,55,0,0,0,0,0,45,0,10,34,0,0,0,0
1182,0.791,0,55,0,0,0,0,0,45,0,10,34,0,0,0,0
1183,0.678,0,55,0,0,0,0,0,45,0,10,34,0,0,0,0
1184,6.617,0,55,0,0,0,0,0,45,0,10,34,0,0,0,0
1185,25.208,0,55,0,0,0,0,0,45,0,10,34,0,0,0,0
1186,0.737,0,55,0,0,0,0,0,45,0,10,34,0,0,0,0
1187,0.641,0,55,0,0,0,0,0,45,0,10,34,0,0,0,0
1188,6.742,0,55,0,0,0,0,0,45,0,10,34,0,0,0,0
1189,25.202,0,55,0,0,0,0,0,45,0,10,34,0,0,0,0
1190,0.818,0,55,0,0,0,0,0,45,0,10,34,0,0,0,0
1191,0.701,0,55,0,0,0,0,0,45,0,10,34,0,0,0,0
1192,6.623,0,55,0,0,0,0,0,45,0,10,34,0,0,0,0
1193,25.159,0,55,0,0,0,0,0,45,0,10,34,0,0,0,0
1194,0.825,0,55,0,0,0,0,0,45,0,10,34,0,0,0,0
1195,0.847,0,55,0,0,0,0,0,45,0,10,34,0,0,0,0
1196,6.464,0,55,0,0,0,0,0,45,0,10,34,0,0,0,0
1197,25.361,0,55,0,0,0,0,0,45,0,10,34,0,0,0,0
1198,0.765,0,55,0,0,0,0,0,45,0,10,34,0,0,0,0
1199,1.829,0,55,0,0,0,0,0,45,0,10,34,0,0,0,0
1200,5.484,0,55,0,0,0,0,0,45,0,10,34,0,0,0,0
1201,25.049,0,55,0,0,0,0,0,45,0,10,34,0,0,0,0
1202,0.892,0,55,0,0,0,0,0,45,0,10,34,0,0,0,0
1203,0.646,0,55,0,0,0,0,0,45,0,10,34,0,0,0,0
1204,6.497,0,55,0,0,0,0,0,45,0,10,34,0,0,0,0
1205,25.260,0,55,0,0,0,0,0,45,0,10,34,0,0,0,0
1206,1.044,0,55,0,0,0,0,0,45,0,10,34,0,0,0,0
1207,0.800,0,55,0,0,0,0,0,45,0,10,34,0,0,0,0
1208,6.487,0,55,0,0,0,0,0,45,0,10,34,0,0,0,0
1209,24.998,0,55,0,0,0,0,0,45,0,10,34,0,0,0,0
1210,0.883,0,55,0,0,0,0,0,45,0,10,34,0,0,0,0
1211,0.657,0,55,0,0,0,0,0,45,0,10,34,0,0,0,0
1212,7.008,0,55,0,0,0,0,0,45,0,10,34,0,0,0,0
1213,24.720,0,55,0,0,0,0,0,45,0,10,34,0,0,0,0
1214,0.859,0,55,0,0,0,0,0,45,0,10,34,0,0,0,0
1215,0.647,0,55,0,0,0,0,0,45,0,10,34,0,0,0,0
1216,6.707,0,55,0,0,0,0,0,45,0,10,34,0,0,0,0
1217,25.192,0,55,0,0,0,0,0,45,0,10,34,0,0,0,0
1218,0.814,0,55,0,0,0,0,0,45,0,10,34,0,0,0,0
1219,0.638,0,55,0,0,0,0,0,45,0,10,34,0,0,0,0
1220,6.658,0,55,0,0,0,0,0,45,0,10,34,0,0,0,0
1221,25.166,0,55,0,0,0,0,0,45,0,10,34,0,0,0,0
1222,0.821,0,55,0,0,0,0,0,45,0,10,34,0,0,0,0
1223,0.765,0,55,0,0,0,0,0,45,0,10,34,0,0,0,0
1224,6.648,0,55,0,0,0,0,0,45,0,10,34,0,0,0,0
1225,25.159,0,55,0,0,0,0,0,45,0,10,34,0,0,0,0
1226,0.790,0,55,0,0,0,0,0,45,0,10,34,0,0,0,0
1227,0.635,0,55,0,0,0,0,0,45,0,10,34,0,0,0,0
1228,6.631,0,55,0,0,0,0,0,45,0,10,34,0,0,0,0
1229,25.301,0,55,0,0,0,0,0,45,0,10,34,0,0,0,0
1230,0.829,0,55,0,0,0,0,0,45,0,10,34,0,0,0,0
1231,0.622,0,55,0,0,0,0,0,45,0,10,34,0,0,0,0
1232,6.857,0,55,0,0,0,0,0,45,0,10,34,0,0,0,0
1233,25.067,0,55,0,0,0,0,0,45,0,10,34,0,0,0,0
1234,0.759,0,55,0,0,0,0,0,45,0,10,34,0,0,0,0
1235,0.594,0,55,0,0,0,0,0,45,0,10,34,0,0,0,0
1236,6.865,0,55,0,0,0,0,0,45,0,10,34,0,0,0,0
1237,25.071,0,55,0,0,0,0,0,45,0,10,34,0,0,0,0
1238,0.906,0,55,0,0,0,0,0,45,0,10,34,0,0,0,0
1239,0.662,0,55,0,0,0,0,0,45,0,10,34,0,0,0,0
1240,7.086,0,55,0,0,0,0,0,45,0,10,34,0,0,0,0
1241,24.698,0,55,0,0,0,0,0,45,0,10,34,0,0,0,0
1242,0.888,0,55,0,0,0,0,0,45,0,10,34,0,0,0,0
1243,0.654,0,55,0,0,0,0,0,45,0,10,34,0,0,0,0
1244,6.510,0,55,0,0,0,0,0,45,0,10,34,0,0,0,0
1245,25.206,0,55,0,0,0,0,0,45,0,10,34,0,0,0,0
1246,0.764,0,55,0,0,0,0,0,45,0,10,34,0,0,0,0
1247,1.784,0,55,0,0,0,0,0,45,0,10,34,0,0,0,0
1248,5.743,0,55,0,0,0,0,0,45,0,10,34,0,0,0,0
1249,25.195,0,55,0,0,0,0,0,45,0,10,34,0,0,0,0
1250,0.837,0,55,0,0,0,0,0,45,0,10,34,0,0,0,0
1251,0.655,0,55,0,0,0,0,0,45,0,10,34,0,0,0,0
1252,6.473,0,55,0,0,0,0,0,45,0,10,34,0,0,0,0
1253,25.257,0,55,0,0,0,0,0,45,0,10,34,0,0,0,0
1254,0.791,0,55,0,0,0,0,0,45,0,10,34,0,0,0,0
1255,0.643,0,55,0,0,0,0,0,45,0,10,34,0,0,0,0
1256,7.177,0,55,0,0,0,0,0,45,0,10,34,0,0,0,0
1257,24.719,0,55,0,0,0,0,0,45,0,10,34,0,0,0,0
1258,0.738,0,55,0,0,0,0,0,45,0,10,34,0,0,0,0
1259,0.659,0,55,0,0,0,0,0,45,0,10,34,0,0,0,0
1260,6.610,0,55,0,0,0,0,0,45,0,10,34,0,0,0,0
1261,25.284,0,55,0,0,0,0,0,45,0,10,34,0,0,0,0
1262,0.810,0,55,0,0,0,0,0,45,0,10,34,0,0,0,0
1263,0.688,0,55,0,0,0,0,0,45,0,10,34,0,0,0,0
1264,6.838,0,55,0,0,0,0,0,45,0,10,34,0,0,0,0
1265,25.043,0,55,0,0,0,0,0,45,0,10,34,0,0,0,0
1266,0.830,0,55,0,0,0,0,0,45,0,10,34,0,0,0,0
1267,0.712,0,55,0,0,0,0,0,45,0,10,34,0,0,0,0
1268,6.642,0,55,0,0,0,0,0,45,0,10,34,0,0,0,0
1269,25.123,0,55,0,0,0,0,0,45,0,10,34,0,0,0,0
1270,0.899,0,55,0,0,0,0,0,45,0,10,34,0,0,0,0
1271,0.678,0,55,0,0,0,0,0,45,0,10,34,0,0,0,0
1272,6.923,0,55,0,0,0,0,0,45,0,10,34,0,0,0,0
1273,24.836,0,55,0,0,0,0,0,45,0,10,34,0,0,0,0
1274,1.047,0,55,0,0,0,0,0,45,0,10,34,0,0,0,0
1275,0.680,0,55,0,0,0,0,0,45,0,10,34,0,0,0,0
1276,6.469,0,55,0,0,0,0,0,45,0,10,34,0,0,0,0
1277,25.178,0,55,0,0,0,0,0,45,0,10,34,0,0,0,0
1278,0.935,0,55,0,0,0,0,0,45,0,10,34,0,0,0,0
1279,1.523,0,55,0,0,0,0,0,45,0,10,34,0,0,0,0
1280,5.493,0,55,0,0,0,0,0,45,0,10,34,0,0,0,0
1281,25.340,0,55,0,0,0,0,0,45,0,10,34,0,0,0,0
1282,0.784,0,55,0,0,0,0,0,45,0,10,34,0,0,0,0
1283,0.618,0,55,0,0,0,0,0,45,0,10,34,0,0,0,0
1284,6.660,0,55,0,0,0,0,0,45,0,10,34,0,0,0,0
1285,25.342,0,55,0,0,0,0,0,45,0,10,34,0,0,0,0
1286,0.737,0,55,0,0,0,0,0,45,0,10,34,0,0,0,0
1287,0.633,0,55,0,0,0,0,0,45,0,10,34,0,0,0,0
1288,6.783,0,55,0,0,0,0,0,45,0,10,34,0,0,0,0
1289,25.239,0,55,0,0,0,0,0,45,0,10,34,0,0,0,0
1290,0.836,0,55,0,0,0,0,0,45,0,10,34,0,0,0,0
1291,0.600,0,55,0,0,0,0,0,45,0,10,34,0,0,0,0
1292,6.517,0,55,0,0,0,0,0,45,0,10,34,0,0,0,0
1293,25.201,0,55,0,0,0,0,0,45,0,10,34,0,0,0,0
1294,0.831,0,55,0,0,0,0,0,45,0,10,34,0,0,0,0
1295,0.706,0,55,0,0,0,0,0,45,0,10,34,0,0,0,0
1296,6.614,0,55,0,0,0,0,0,45,0,10,34,0,0,0,0
1297,25.350,0,55,0,0,0,0,0,45,0,10,34,0,0,0,0
1298,0.909,0,55,0,0,0,0,0,45,0,10,34,0,0,0,0
1299,0.635,0,55,0,0,0,0,0,45,0,10,34,0,0,0,0
1300,6.423,0,55,0,0,0,0,0,45,0,10,34,0,0,0,0
1301,25.276,0,55,0,0,0,0,0,45,0,10,34,0,0,0,0
1302,0.802,0,55,0,0,0,0,0,45,0,10,34,0,0,0,0
1303,0.669,0,55,0,0,0,0,0,45,0,10,34,0,0,0,0
1304,6.698,0,55,0,0,0,0,0,45,0,10,34,0,0,0,0
1305,25.184,0,55,0,0,0,0,0,45,0,10,34,0,0,0,0
1306,0.815,0,55,0,0,0,0,0,45,0,10,34,0,0,0,0
1307,0.672,0,55,0,0,0,0,0,45,0,10,34,0,0,0,0
1308,6.597,0,55,0,0,0,0,0,45,0,10,34,0,0,0,0
1309,25.106,0,55,0,0,0,0,0,45,0,10,34,0,0,0,0
1310,0.743,0,55,0,0,0,0,0,45,0,10,34,0,0,0,0
1311,0.647,0,55,0,0,0,0,0,45,0,10,34,0,0,0,0
1312,6.720,0,55,0,0,0,0,0,45,0,10,34,0,0,0,0
1313,25.291,0,55,0,0,0,0,0,45,0,10,34,0,0,0,0
1314,0.777,0,55,0,0,0,0,0,45,0,10,34,0,0,0,0
1315,0.637,0,55,0,0,0,0,0,45,0,10,34,0,0,0,0
1316,6.742,0,55,0,0,0,0,0,45,0,10,34,0,0,0,0
1317,25.160,0,55,0,0,0,0,0,45,0,10,34,0,0,0,0
1318,0.709,0,55,0,0,0,0,0,45,0,10,34,0,0,0,0
1319,0.619,0,55,0,0,0,0,0,45,0,10,34,0,0,0,0
1320,7.400,0,55,0,0,0,0,0,45,0,10,34,0,0,0,0
1321,24.758,0,55,0,0,0,0,0,45,0,10,34,0,0,0,0
1322,0.919,0,55,0,0,0,0,0,45,0,10,34,0,0,0,0
1323,0.680,0,55,0,0,0,0,0,45,0,10,34,0,0,0,0
1324,6.339,0,55,0,0,0,0,0,45,0,10,34,0,0,0,0
1325,25.200,0,55,0,0,0,0,0,45,0,10,34,0,0,0,0
1326,0.957,0,55,0,0,0,0,0,45,0,10,34,0,0,0,0
1327,0.734,0,55,0,0,0,0,0,45,0,10,34,0,0,0,0
1328,6.653,0,55,0,0,0,0,0,45,0,10,34,0,0,0,0
1329,25.078,0,55,0,0,0,0,0,45,0,10,34,0,0,0,0
1330,0.874,0,55,0,0,0,0,0,45,0,10,34,0,0,0,0
1331,0.708,0,55,0,0,0,0,0,45,0,10,34,0,0,0,0
1332,6.387,0,55,0,0,0,0,0,45,0,10,34,0,0,0,0
1333,25.189,0,55,0,0,0,0,0,45,0,10,34,0,0,0,0
1334,0.824,0,55,0,0,0,0,0,45,0,10,34,0,0,0,0
1335,0.599,0,55,0,0,0,0,0,45,0,10,34,0,0,0,0
1336,6.802,0,55,0,0,0,0,0,45,0,10,34,0,0,0,0
1337,25.274,0,55,0,0,0,0,0,45,0,10,34,0,0,0,0
1338,0.842,0,55,0,0,0,0,0,45,0,10,34,0,0,0,0
1339,0.669,0,55,0,0,0,0,0,45,0,10,34,0,0,0,0
1340,6.516,0,55,0,0,0,0,0,45,0,10,34,0,0,0,0
1341,25.303,0,55,0,0,0,0,0,45,0,10,34,0,0,0,0
1342,0.763,0,55,0,0,0,0,0,45,0,10,34,0,0,0,0
1343,0.636,0,55,0,0,0,0,0,45,0,10,34,0,0,0,0
1344,7.658,0,55,0,0,0,0,0,45,0,10,34,0,0,0,0
1345,24.234,0,55,0,0,0,0,0,45,0,10,34,0,0,0,0
1346,0.825,0,55,0,0,0,0,0,45,0,10,34,0,0,0,0
1347,0.644,0,55,0,0,0,0,0,45,0,10,34,0,0,0,0
1348,6.648,0,55,0,0,0,0,0,45,0,10,34,0,0,0,0
1349,25.129,0,55,0,0,0,0,0,45,0,10,34,0,0,0,0
1350,0.747,0,55,0,0,0,0,0,45,0,10,34,0,0,0,0
1351,0.694,0,55,0,0,0,0,0,45,0,10,34,0,0,0,0
1352,7.384,0,55,0,0,0,0,0,45,0,10,34,0,0,0,0
1353,24.547,0,55,0,0,0,0,0,45,0,10,34,0,0,0,0
1354,0.828,0,55,0,0,0,0,0,45,0,10,34,0,0,0,0
1355,1.545,0,55,0,0,0,0,0,45,0,10,34,0,0,0,0
1356,5.785,0,55,0,0,0,0,0,45,0,10,34,0,0,0,0
1357,25.584,0,55,0,0,0,0,0,45,0,10,34,0,0,0,0
1358,0.844,0,55,0,0,0,0,0,45,0,10,34,0,0,0,0
1359,0.602,0,55,0,0,0,0,0,45,0,10,34,0,0,0,0
1360,6.882,0,55,0,0,0,0,0,45,0,10,34,0,0,0,0
1361,24.554,0,55,0,0,0,0,0,45,0,10,34,0,0,0,0
1362,0.737,0,55,0,0,0,0,0,45,0,10,34,0,0,0,0
1363,0.650,0,55,0,0,0,0,0,45,0,10,34,0,0,0,0
1364,6.779,0,55,0,0,0,0,0,45,0,10,34,0,0,0,0
1365,25.184,0,55,0,0,0,0,0,45,0,10,34,0,0,0,0
1366,0.788,0,55,0,0,0,0,0,45,0,10,34,0,0,0,0
1367,0.609,0,55,0,0,0,0,0,45,0,10,34,0,0,0,0
1368,7.362,0,55,0,0,0,0,0,45,0,10,34,0,0,0,0
1369,24.601,0,55,0,0,0,0,0,45,0,10,34,0,0,0,0
1370,0.768,0,55,0,0,0,0,0,45,0,10,34,0,0,0,0
1371,0.700,0,55,0,0,0,0,0,45,0,10,34,0,0,0,0
1372,6.819,0,55,0,0,0,0,0,45,0,10,34,0,0,0,0
1373,25.116,0,56,0,0,1,0,0,45,0,11,34,0,0,0,0
1374,0.808,0,56,0,0,0,0,0,45,0,11,34,0,0,0,0
1375,0.864,0,56,0,0,0,0,0,45,0,11,34,0,0,0,0
1376,6.503,0,56,0,0,0,0,0,45,0,11,34,0,0,0,0
1377,25.178,0,56,0,0,0,0,0,45,0,11,34,0,0,0,0
1378,0.748,0,56,0,0,0,0,0,45,0,11,34,0,0,0,0
1379,0.608,0,56,0,0,0,0,0,45,0,11,34,0,0,0,0
1380,6.746,0,56,0,0,0,0,0,45,0,11,34,0,0,0,0
1381,25.278,0,56,0,0,0,0,0,45,0,11,34,0,0,0,0
1382,0.824,0,56,0,0,0,0,0,45,0,11,34,0,0,0,0
1383,1.169,0,56,0,0,0,0,0,45,0,11,34,0,0,0,0
1384,6.374,0,56,0,0,0,0,0,45,0,11,34,0,0,0,0
1385,24.800,0,56,0,0,0,0,0,45,0,11,34,0,0,0,0
1386,0.768,0,56,0,0,0,0,0,45,0,11,34,0,0,0,0
1387,0.602,0,56,0,0,0,0,0,45,0,11,34,0,0,0,0
1388,6.785,0,56,0,0,0,0,0,45,0,11,34,0,0,0,0
1389,25.489,0,56,0,0,0,0,0,45,0,11,34,0,0,0,0
1390,0.766,0,56,0,0,0,0,0,45,0,11,34,0,0,0,0
1391,0.593,0,56,0,0,0,0,0,45,0,11,34,0,0,0,0
1392,6.619,0,56,0,0,0,0,0,45,0,11,34,0,0,0,0
1393,25.072,0,56,0,0,0,0,0,45,0,11,34,0,0,0,0
1394,0.869,0,56,0,0,0,0,0,45,0,11,34,0,0,0,0
1395,0.626,0,56,0,0,0,0,0,45,0,11,34,0,0,0,0
1396,6.728,0,56,0,0,0,0,0,45,0,11,34,0,0,0,0
1397,25.180,0,56,0,0,0,0,0,45,0,11,34,0,0,0,0
1398,0.807,0,56,0,0,0,0,0,45,0,11,34,0,0,0,0
1399,0.648,0,56,0,0,0,0,0,45,0,11,34,0,0,0,0
1400,6.628,0,56,0,0,0,0,0,45,0,11,34,0,0,0,0
1401,25.245,0,56,0,0,0,0,0,45,0,11,34,0,0,0,0
1402,0.726,0,56,0,0,0,0,0,45,0,11,34,0,0,0,0
1403,0.630,0,56,0,0,0,0,0,45,0,11,34,0,0,0,0
1404,6.755,0,56,0,0,0,0,0,45,0,11,34,0,0,0,0
1405,25.140,0,56,0,0,0,0,0,45,0,11,34,0,0,0,0
1406,0.905,0,56,0,0,0,0,0,45,0,11,34,0,0,0,0
1407,0.768,0,56,0,0,0,0,0,45,0,11,34,0,0,0,0
1408,7.760,0,56,0,0,0,0,0,45,0,11,34,0,0,0,0
1409,23.916,0,56,0,0,0,0,0,45,0,11,34,0,0,0,0
1410,0.804,0,56,0,0,0,0,0,45,0,11,34,0,0,0,0
1411,0.931,0,56,0,0,0,0,0,45,0,11,34,0,0,0,0
1412,6.294,0,56,0,0,0,0,0,45,0,11,34,0,0,0,0
1413,25.312,0,56,0,0,0,0,0,45,0,11,34,0,0,0,0
1414,0.827,0,56,0,0,0,0,0,45,0,11,34,0,0,0,0
1415,0.586,0,56,0,0,0,0,0,45,0,11,34,0,0,0,0
1416,7.211,0,56,0,0,0,0,0,45,0,11,34,0,0,0,0
1417,24.731,0,56,0,0,0,0,0,45,0,11,34,0,0,0,0
1418,0.843,0,56,0,0,0,0,0,45,0,11,34,0,0,0,0
1419,0.638,0,56,0,0,0,0,0,45,0,11,34,0,0,0,0
1420,6.512,0,56,0,0,0,0,0,45,0,11,34,0,0,0,0
1421,25.367,0,56,0,0,0,0,0,45,0,11,34,0,0,0,0
1422,0.825,0,56,0,0,0,0,0,45,0,11,34,0,0,0,0
1423,0.669,0,56,0,0,0,0,0,45,0,11,34,0,0,0,0
1424,6.720,0,56,0,0,0,0,0,45,0,11,34,0,0,0,0
1425,25.097,0,56,0,0,0,0,0,45,0,11,34,0,0,0,0
1426,0.851,0,56,0,0,0,0,0,45,0,11,34,0,0,0,0
1427,0.700,0,56,0,0,0,0,0,45,0,11,34,0,0,0,0
1428,6.654,0,56,0,0,0,0,0,45,0,11,34,0,0,0,0
1429,25.000,0,56,0,0,0,0,0,45,0,11,34,0,0,0,0
1430,0.830,0,56,0,0,0,0,0,45,0,11,34,0,0,0,0
1431,0.675,0,56,0,0,0,0,0,45,0,11,34,0,0,0,0
1432,7.332,0,56,0,0,0,0,0,45,0,11,34,0,0,0,0
1433,24.621,0,56,0,0,0,0,0,45,0,11,34,0,0,0,0
1434,0.768,0,56,0,0,0,0,0,45,0,11,34,0,0,0,0
1435,1.227,0,56,0,0,0,0,0,45,0,11,34,0,0,0,0
1436,6.166,0,56,0,0,0,0,0,45,0,11,34,0,0,0,0
1437,25.140,0,56,0,0,0,0,0,45,0,11,34,0,0,0,0
1438,0.818,0,56,0,0,0,0,0,45,0,11,34,0,0,0,0
1439,0.822,0,56,0,0,0,0,0,45,0,11,34,0,0,0,0
1440,6.799,0,56,0,0,0,0,0,45,0,11,34,0,0,0,0
1441,24.812,0,56,0,0,0,0,0,45,0,11,34,0,0,0,0
1442,0.802,0,56,0,0,0,0,0,45,0,11,34,0,0,0,0
1443,0.701,0,56,0,0,0,0,0,45,0,11,34,0,0,0,0
1444,6.682,0,56,0,0,0,0,0,45,0,11,34,0,0,0,0
1445,25.268,0,56,0,0,0,0,0,45,0,11,34,0,0,0,0
1446,0.771,0,56,0,0,0,0,0,45,0,11,34,0,0,0,0
1447,0.636,0,56,0,0,0,0,0,45,0,11,34,0,0,0,0
1448,6.849,0,56,0,0,0,0,0,45,0,11,34,0,0,0,0
1449,25.148,0,56,0,0,0,0,0,45,0,11,34,0,0,0,0
1450,0.793,0,56,0,0,0,0,0,45,0,11,34,0,0,0,0
1451,0.659,0,56,0,0,0,0,0,45,0,11,34,0,0,0,0
1452,6.553,0,56,0,0,0,0,0,45,0,11,34,0,0,0,0
1453,25.227,0,56,0,0,0,0,0,45,0,11,34,0,0,0,0
1454,0.776,0,56,0,0,0,0,0,45,0,11,34,0,0,0,0
1455,0.653,0,56,0,0,0,0,0,45,0,11,34,0,0,0,0
1456,6.699,0,56,0,0,0,0,0,45,0,11,34,0,0,0,0
1457,25.091,0,56,0,0,0,0,0,45,0,11,34,0,0,0,0
1458,0.802,0,56,0,0,0,0,0,45,0,11,34,0,0,0,0
1459,0.671,0,56,0,0,0,0,0,45,0,11,34,0,0,0,0
1460,6.707,0,56,0,0,0,0,0,45,0,11,34,0,0,0,0
1461,25.172,0,56,0,0,0,0,0,45,0,11,34,0,0,0,0
1462,0.820,0,56,0,0,0,0,0,45,0,11,34,0,0,0,0
1463,1.836,0,56,0,0,0,0,0,45,0,11,34,0,0,0,0
1464,5.573,0,56,0,0,0,0,0,45,0,11,34,0,0,0,0
1465,25.268,0,56,0,0,0,0,0,45,0,11,34,0,0,0,0
1466,0.825,0,56,0,0,0,0,0,45,0,11,34,0,0,0,0
1467,0.708,0,56,0,0,0,0,0,45,0,11,34,0,0,0,0
1468,6.397,0,56,0,0,0,0,0,45,0,11,34,0,0,0,0
1469,25.274,0,56,0,0,0,0,0,45,0,11,34,0,0,0,0
1470,0.874,0,56,0,0,0,0,0,45,0,11,34,0,0,0,0
1471,0.666,0,56,0,0,0,0,0,45,0,11,34,0,0,0,0
1472,6.817,0,56,0,0,0,0,0,45,0,11,34,0,0,0,0
1473,25.044,0,56,0,0,0,0,0,45,0,11,34,0,0,0,0
1474,0.825,0,56,0,0,0,0,0,45,0,11,34,0,0,0,0
1475,0.730,0,56,0,0,0,0,0,45,0,11,34,0,0,0,0
1476,6.853,0,56,0,0,0,0,0,45,0,11,34,0,0,0,0
1477,24.791,0,56,0,0,0,0,0,45,0,11,34,0,0,0,0
1478,0.716,0,56,0,0,0,0,0,45,0,11,34,0,0,0,0
1479,0.680,0,56,0,0,0,0,0,45,0,11,34,0,0,0,0
1480,7.329,0,56,0,0,0,0,0,45,0,11,34,0,0,0,0
1481,24.647,0,56,0,0,0,0,0,45,0,11,34,0,0,0,0
1482,0.797,0,56,0,0,0,0,0,45,0,11,34,0,0,0,0
1483,0.709,0,56,0,0,0,0,0,45,0,11,34,0,0,0,0
1484,6.678,0,56,0,0,0,0,0,45,0,11,34,0,0,0,0
1485,25.174,0,56,0,0,0,0,0,45,0,11,34,0,0,0,0
1486,0.893,0,56,0,0,0,0,0,45,0,11,34,0,0,0,0
1487,0.679,0,56,0,0,0,0,0,45,0,11,34,0,0,0,0
1488,7.693,0,56,0,0,0,0,0,45,0,11,34,0,0,0,0
1489,24.105,0,56,0,0,0,0,0,45,0,11,34,0,0,0,0
1490,0.786,0,56,0,0,0,0,0,45,0,11,34,0,0,0,0
1491,1.135,0,56,0,0,0,0,0,45,0,11,34,0,0,0,0
1492,6.087,0,56,0,0,0,0,0,45,0,11,34,0,0,0,0
1493,25.301,0,56,0,0,0,0,0,45,0,11,34,0,0,0,0
1494,0.718,0,56,0,0,0,0,0,45,0,11,34,0,0,0,0
1495,0.652,0,56,0,0,0,0,0,45,0,11,34,0,0,0,0
1496,6.691,0,56,0,0,0,0,0,45,0,11,34,0,0,0,0
1497,25.286,0,56,0,0,0,0,0,45,0,11,34,0,0,0,0
1498,0.888,0,56,0,0,0,0,0,45,0,11,34,0,0,0,0
1499,0.658,0,56,0,0,0,0,0,45,0,11,34,0,0,0,0
1500,6.532,0,56,0,0,0,0,0,45,0,11,34,0,0,0,0
1501,25.201,0,56,0,0,0,0,0,45,0,11,34,0,0,0,0
1502,0.796,0,56,0,0,0,0,0,45,0,11,34,0,0,0,0
1503,0.697,0,56,0,0,0,0,0,45,0,11,34,0,0,0,0
1504,6.714,0,56,0,0,0,0,0,45,0,11,34,0,0,0,0
1505,25.065,0,56,0,0,0,0,0,45,0,11,34,0,0,0,0
1506,0.922,0,56,0,0,0,0,0,45,0,11,34,0,0,0,0
1507,0.617,0,56,0,0,0,0,0,45,0,11,34,0,0,0,0
1508,6.747,0,56,0,0,0,0,0,45,0,11,34,0,0,0,0
1509,25.150,0,56,0,0,0,0,0,45,0,11,34,0,0,0,0
1510,0.824,0,56,0,0,0,0,0,45,0,11,34,0,0,0,0
1511,0.697,0,56,0,0,0,0,0,45,0,11,34,0,0,0,0
1512,8.002,0,56,0,0,0,0,0,45,0,11,34,0,0,0,0
1513,24.169,0,56,0,0,0,0,0,45,0,11,34,0,0,0,0
1514,1.475,0,56,0,0,0,0,0,45,0,11,34,0,0,0,0
1515,2.083,0,56,0,0,0,0,0,45,0,11,34,0,0,0,0
1516,4.555,0,56,0,0,0,0,0,45,0,11,34,0,0,0,0
1517,24.992,0,56,0,0,0,0,0,45,0,11,34,0,0,0,0
1518,0.776,0,56,0,0,0,0,0,45,0,11,34,0,0,0,0
1519,0.665,0,56,0,0,0,0,0,45,0,11,34,0,0,0,0
1520,7.702,0,56,0,0,0,0,0,45,0,11,34,0,0,0,0
1521,24.555,0,56,0,0,0,0,0,45,0,11,34,0,0,0,0
1522,0.924,0,56,0,0,0,0,0,45,0,11,34,0,0,0,0
1523,0.661,0,56,0,0,0,0,0,45,0,11,34,0,0,0,0
1524,6.393,0,56,0,0,0,0,0,45,0,11,34,0,0,0,0
1525,27.917,0,56,0,0,0,0,0,45,0,11,34,0,0,0,0
1526,0.821,0,56,0,0,0,0,0,45,0,11,34,0,0,0,0
1527,0.680,0,56,0,0,0,0,0,45,0,11,34,0,0,0,0
1528,4.090,0,56,0,0,0,0,0,45,0,11,34,0,0,0,0
1529,24.965,0,56,0,0,0,0,0,45,0,11,34,0,0,0,0
1530,0.912,0,56,0,0,0,0,0,45,0,11,34,0,0,0,0
1531,0.950,0,56,0,0,0,0,0,45,0,11,34,0,0,0,0
1532,6.507,0,56,0,0,0,0,0,45,0,11,34,0,0,0,0
1533,24.939,0,56,0,0,0,0,0,45,0,11,34,0,0,0,0
1534,0.934,0,56,0,0,0,0,0,45,0,11,34,0,0,0,0
1535,0.709,0,56,0,0,0,0,0,45,0,11,34,0,0,0,0
1536,6.762,0,56,0,0,0,0,0,45,0,11,34,0,0,0,0
1537,24.697,0,56,0,0,0,0,0,45,0,11,34,0,0,0,0
1538,0.956,0,56,0,0,0,0,0,45,0,11,34,0,0,0,0
1539,0.767,0,56,0,0,0,0,0,45,0,11,34,0,0,0,0
1540,6.471,0,56,0,0,0,0,0,45,0,11,34,0,0,0,0
1541,25.273,0,56,0,0,0,0,0,45,0,11,34,0,0,0,0
1542,0.949,0,56,0,0,0,0,0,45,0,11,34,0,0,0,0
1543,1.785,0,56,0,0,0,0,0,45,0,11,34,0,0,0,0
1544,5.353,0,56,0,0,0,0,0,45,0,11,34,0,0,0,0
1545,25.246,0,56,0,0,0,0,0,45,0,11,34,0,0,0,0
1546,1.011,0,56,0,0,0,0,0,45,0,11,34,0,0,0,0
1547,0.763,0,56,0,0,0,0,0,45,0,11,34,0,0,0,0
1548,6.233,0,56,0,0,0,0,0,45,0,11,34,0,0,0,0
1549,25.111,0,56,0,0,0,0,0,45,0,11,34,0,0,0,0
1550,0.829,0,56,0,0,0,0,0,45,0,11,34,0,0,0,0
1551,0.711,0,56,0,0,0,0,0,45,0,11,34,0,0,0,0
1552,7.861,0,56,0,0,0,0,0,45,0,11,34,0,0,0,0
1553,23.955,0,56,0,0,0,0,0,45,0,11,34,0,0,0,0
1554,0.788,0,56,0,0,0,0,0,45,0,11,34,0,0,0,0
1555,0.656,0,56,0,0,0,0,0,45,0,11,34,0,0,0,0
1556,6.758,0,56,0,0,0,0,0,45,0,11,34,0,0,0,0
1557,25.168,0,56,0,0,0,0,0,45,0,11,34,0,0,0,0
1558,0.794,0,56,0,0,0,0,0,45,0,11,34,0,0,0,0
1559,0.801,0,56,0,0,0,0,0,45,0,11,34,0,0,0,0
1560,7.045,0,56,0,0,0,0,0,45,0,11,34,0,0,0,0
1561,24.723,0,56,0,0,0,0,0,45,0,11,34,0,0,0,0
1562,0.813,0,56,0,0,0,0,0,45,0,11,34,0,0,0,0
1563,0.625,0,56,0,0,0,0,0,45,0,11,34,0,0,0,0
1564,7.047,0,56,0,0,0,0,0,45,0,11,34,0,0,0,0
1565,24.804,0,56,0,0,0,0,0,45,0,11,34,0,0,0,0
1566,0.857,0,56,0,0,0,0,0,45,0,11,34,0,0,0,0
1567,2.000,0,56,0,0,0,0,0,45,0,11,34,0,0,0,0
1568,5.178,0,56,0,0,0,0,0,45,0,11,34,0,0,0,0
1569,25.213,0,56,0,0,0,0,0,45,0,11,34,0,0,0,0
1570,0.812,0,56,0,0,0,0,0,45,0,11,34,0,0,0,0
1571,0.674,0,56,0,0,0,0,0,45,0,11,34,0,0,0,0
1572,6.614,0,56,0,0,0,0,0,45,0,11,34,0,0,0,0
1573,25.164,0,56,0,0,0,0,0,45,0,11,34,0,0,0,0
1574,0.825,0,56,0,0,0,0,0,45,0,11,34,0,0,0,0
1575,0.746,0,56,0,0,0,0,0,45,0,11,34,0,0,0,0
1576,7.283,0,56,0,0,0,0,0,45,0,11,34,0,0,0,0
1577,24.521,0,56,0,0,0,1,0,46,0,10,34,0,0,0,0
1578,0.906,0,56,0,0,0,0,0,46,0,10,34,0,0,0,0
1579,0.848,0,56,0,0,0,0,0,46,0,10,34,0,0,0,0
1580,6.399,0,56,0,0,0,0,0,46,0,10,34,0,0,0,0
1581,25.222,0,56,0,0,0,0,0,46,0,10,34,0,0,0,0
1582,0.745,0,56,0,0,0,0,0,46,0,10,34,0,0,0,0
1583,0.643,0,56,0,0,0,0,0,46,0,10,34,0,0,0,0
1584,6.873,0,56,0,0,0,0,0,46,0,10,34,0,0,0,0
1585,25.142,0,56,0,0,0,0,0,46,0,10,34,0,0,0,0
1586,0.741,0,56,0,0,0,0,0,46,0,10,34,0,0,0,0
1587,0.610,0,56,0,0,0,0,0,46,0,10,34,0,0,0,0
1588,6.822,0,56,0,0,0,0,0,46,0,10,34,0,0,0,0
1589,25.017,0,56,0,0,0,0,0,46,0,10,34,0,0,0,0
1590,0.789,0,56,0,0,0,0,0,46,0,10,34,0,0,0,0
1591,0.893,0,56,0,0,0,0,0,46,0,10,34,0,0,0,0
1592,7.068,0,56,0,0,0,0,0,46,0,10,34,0,0,0,0
1593,24.777,0,56,0,0,0,0,0,46,0,10,34,0,0,0,0
1594,1.020,0,56,0,0,0,0,0,46,0,10,34,0,0,0,0
1595,1.261,0,56,0,0,0,0,0,46,0,10,34,0,0,0,0
1596,6.010,0,56,0,0,0,0,0,46,0,10,34,0,0,0,0
1597,24.988,0,56,0,0,0,0,0,46,0,10,34,0,0,0,0
1598,0.901,0,56,0,0,0,0,0,46,0,10,34,0,0,0,0
1599,0.663,0,56,0,0,0,0,0,46,0,10,34,0,0,0,0
1600,6.447,0,56,0,0,0,0,0,46,0,10,34,0,0,0,0
1601,25.325,0,56,0,0,0,0,0,46,0,10,34,0,0,0,0
1602,0.881,0,56,0,0,0,0,0,46,0,10,34,0,0,0,0
1603,0.737,0,56,0,0,0,0,0,46,0,10,34,0,0,0,0
1604,6.714,0,56,0,0,0,0,0,46,0,10,34,0,0,0,0
1605,24.945,0,56,0,0,0,0,0,46,0,10,34,0,0,0,0
1606,0.815,0,56,0,0,0,0,0,46,0,10,34,0,0,0,0
1607,0.722,0,56,0,0,0,0,0,46,0,10,34,0,0,0,0
1608,6.822,0,56,0,0,0,0,0,46,0,10,34,0,0,0,0
1609,24.900,0,56,0,0,0,0,0,46,0,10,34,0,0,0,0
1610,0.821,0,56,0,0,0,0,0,46,0,10,34,0,0,0,0
1611,0.689,0,56,0,0,0,0,0,46,0,10,34,0,0,0,0
1612,6.663,0,56,0,0,0,0,0,46,0,10,34,0,0,0,0
1613,25.109,0,56,0,0,0,0,0,46,0,10,34,0,0,0,0
1614,0.790,0,56,0,0,0,0,0,46,0,10,34,0,0,0,0
1615,0.571,0,56,0,0,0,0,0,46,0,10,34,0,0,0,0
1616,7.847,0,56,0,0,0,0,0,46,0,10,34,0,0,0,0
1617,24.208,0,56,0,0,0,0,0,46,0,10,34,0,0,0,0
1618,0.831,0,56,0,0,0,0,0,46,0,10,34,0,0,0,0
1619,1.477,0,56,0,0,0,0,0,46,0,10,34,0,0,0,0
1620,5.996,0,56,0,0,0,0,0,46,0,10,34,0,0,0,0
1621,25.136,0,56,0,0,0,0,0,46,0,10,34,0,0,0,0
1622,0.813,0,56,0,0,0,0,0,46,0,10,34,0,0,0,0
1623,1.252,0,56,0,0,0,0,0,46,0,10,34,0,0,0,0
1624,6.486,0,56,0,0,0,0,0,46,0,10,34,0,0,0,0
1625,24.701,0,56,0,0,0,1,0,47,0,9,34,0,0,0,0
1626,0.818,0,56,0,0,0,0,0,47,0,9,34,0,0,0,0
1627,0.846,0,56,0,0,0,0,0,47,0,9,34,0,0,0,0
1628,6.833,0,56,0,0,0,0,0,47,0,9,34,0,0,0,0
1629,24.791,0,56,0,0,0,0,0,47,0,9,34,0,0,0,0
1630,0.770,0,56,0,0,0,0,0,47,0,9,34,0,0,0,0
1631,0.664,0,56,0,0,0,0,0,47,0,9,34,0,0,0,0
1632,6.829,0,56,0,0,0,0,0,47,0,9,34,0,0,0,0
1633,25.132,0,56,0,0,0,0,0,47,0,9,34,0,0,0,0
1634,1.003,0,56,0,0,0,0,0,47,0,9,34,0,0,0,0
1635,0.769,0,56,0,0,0,0,0,47,0,9,34,0,0,0,0
1636,6.615,0,56,0,0,0,0,0,47,0,9,34,0,0,0,0
1637,24.975,0,56,0,0,0,0,0,47,0,9,34,0,0,0,0
1638,0.892,0,56,0,0,0,0,0,47,0,9,34,0,0,0,0
1639,0.685,0,56,0,0,0,0,0,47,0,9,34,0,0,0,0
1640,7.811,0,56,0,0,0,0,0,47,0,9,34,0,0,0,0
1641,24.003,0,56,0,0,0,0,0,47,0,9,34,0,0,0,0
1642,0.772,0,56,0,0,0,0,0,47,0,9,34,0,0,0,0
1643,0.713,0,56,0,0,0,0,0,47,0,9,34,0,0,0,0
1644,6.611,0,56,0,0,0,0,0,47,0,9,34,0,0,0,0
1645,25.097,0,56,0,0,0,0,0,47,0,9,34,0,0,0,0
1646,0.790,0,56,0,0,0,0,0,47,0,9,34,0,0,0,0
1647,2.742,0,56,0,0,0,0,0,47,0,9,34,0,0,0,0
1648,4.595,0,56,0,0,0,0,0,47,0,9,34,0,0,0,0
1649,25.289,0,56,0,0,0,0,0,47,0,9,34,0,0,0,0
1650,0.795,0,56,0,0,0,0,0,47,0,9,34,0,0,0,0
1651,0.611,0,56,0,0,0,0,0,47,0,9,34,0,0,0,0
1652,6.679,0,56,0,0,0,0,0,47,0,9,34,0,0,0,0
1653,25.047,0,56,0,0,0,0,0,47,0,9,34,0,0,0,0
1654,0.780,0,56,0,0,0,0,0,47,0,9,34,0,0,0,0
1655,0.676,0,56,0,0,0,0,0,47,0,9,34,0,0,0,0
1656,6.943,0,56,0,0,0,0,0,47,0,9,34,0,0,0,0
1657,25.059,0,56,0,0,0,0,0,47,0,9,34,0,0,0,0
1658,0.763,0,56,0,0,0,0,0,47,0,9,34,0,0,0,0
1659,0.602,0,56,0,0,0,0,0,47,0,9,34,0,0,0,0
1660,6.630,0,56,0,0,0,0,0,47,0,9,34,0,0,0,0
1661,25.317,0,56,0,0,0,0,0,47,0,9,34,0,0,0,0
1662,0.812,0,56,0,0,0,0,0,47,0,9,34,0,0,0,0
1663,0.701,0,56,0,0,0,0,0,47,0,9,34,0,0,0,0
1664,6.816,0,56,0,0,0,0,0,47,0,9,34,0,0,0,0
1665,25.035,0,56,0,0,0,0,0,47,0,9,34,0,0,0,0
1666,0.771,0,56,0,0,0,0,0,47,0,9,34,0,0,0,0
1667,0.652,0,56,0,0,0,0,0,47,0,9,34,0,0,0,0
1668,6.646,0,56,0,0,0,0,0,47,0,9,34,0,0,0,0
1669,25.200,0,56,0,0,0,1,0,48,0,8,34,0,0,0,0
1670,0.785,0,56,0,0,0,0,0,48,0,8,34,0,0,0,0
1671,0.922,0,56,0,0,0,0,0,48,0,8,34,0,0,0,0
1672,6.731,0,56,0,0,0,0,0,48,0,8,34,0,0,0,0
1673,24.890,0,56,0,0,0,0,0,48,0,8,34,0,0,0,0
1674,0.921,0,56,0,0,0,0,0,48,0,8,34,0,0,0,0
1675,0.649,0,56,0,0,0,0,0,48,0,8,34,0,0,0,0
1676,6.660,0,56,0,0,0,0,0,48,0,8,34,0,0,0,0
1677,25.158,0,56,0,0,0,0,0,48,0,8,34,0,0,0,0
1678,0.811,0,56,0,0,0,0,0,48,0,8,34,0,0,0,0
1679,0.652,0,56,0,0,0,0,0,48,0,8,34,0,0,0,0
1680,6.683,0,56,0,0,0,0,0,48,0,8,34,0,0,0,0
1681,25.151,0,56,0,0,0,0,0,48,0,8,34,0,0,0,0
1682,0.839,0,56,0,0,0,0,0,48,0,8,34,0,0,0,0
1683,0.662,0,56,0,0,0,0,0,48,0,8,34,0,0,0,0
1684,6.667,0,56,0,0,0,0,0,48,0,8,34,0,0,0,0
1685,25.183,0,56,0,0,0,0,0,48,0,8,34,0,0,0,0
1686,0.882,0,56,0,0,0,0,0,48,0,8,34,0,0,0,0
1687,0.691,0,56,0,0,0,0,0,48,0,8,34,0,0,0,0
1688,7.101,0,56,0,0,0,0,0,48,0,8,34,0,0,0,0
1689,24.761,0,56,0,0,0,0,0,48,0,8,34,0,0,0,0
1690,0.789,0,56,0,0,0,0,0,48,0,8,34,0,0,0,0
1691,0.652,0,56,0,0,0,0,0,48,0,8,34,0,0,0,0
1692,6.584,0,56,0,0,0,0,0,48,0,8,34,0,0,0,0
1693,25.363,0,56,0,0,0,0,0,48,0,8,34,0,0,0,0
1694,1.118,0,56,0,0,0,0,0,48,0,8,34,0,0,0,0
1695,0.791,0,56,0,0,0,0,0,48,0,8,34,0,0,0,0
1696,6.091,0,56,0,0,0,0,0,48,0,8,34,0,0,0,0
1697,25.249,0,56,0,0,0,0,0,48,0,8,34,0,0,0,0
1698,0.911,0,56,0,0,0,0,0,48,0,8,34,0,0,0,0
1699,0.865,0,56,0,0,0,0,0,48,0,8,34,0,0,0,0
1700,6.179,0,56,0,0,0,0,0,48,0,8,34,0,0,0,0
1701,25.174,0,56,0,0,0,0,0,48,0,8,34,0,0,0,0
1702,0.932,0,56,0,0,0,0,0,48,0,8,34,0,0,0,0
1703,0.662,0,56,0,0,0,0,0,48,0,8,34,0,0,0,0
1704,7.114,0,56,0,0,0,0,0,48,0,8,34,0,0,0,0
1705,24.777,0,56,0,0,0,0,0,48,0,8,34,0,0,0,0
1706,0.742,0,56,0,0,0,0,0,48,0,8,34,0,0,0,0
1707,0.904,0,56,0,0,0,0,0,48,0,8,34,0,0,0,0
1708,6.613,0,56,0,0,0,0,0,48,0,8,34,0,0,0,0
1709,24.992,0,56,0,0,0,0,0,48,0,8,34,0,0,0,0
1710,0.789,0,56,0,0,0,0,0,48,0,8,34,0,0,0,0
1711,0.678,0,56,0,0,0,0,0,48,0,8,34,0,0,0,0
1712,6.912,0,56,0,0,0,0,0,48,0,8,34,0,0,0,0
1713,24.945,0,56,0,0,0,0,0,48,0,8,34,0,0,0,0
1714,0.810,0,56,0,0,0,0,0,48,0,8,34,0,0,0,0
1715,0.682,0,56,0,0,0,0,0,48,0,8,34,0,0,0,0
1716,6.746,0,56,0,0,0,0,0,48,0,8,34,0,0,0,0
1717,25.142,0,56,0,0,0,0,0,48,0,8,34,0,0,0,0
1718,0.706,0,56,0,0,0,0,0,48,0,8,34,0,0,0,0
1719,0.625,0,56,0,0,0,0,0,48,0,8,34,0,0,0,0
1720,7.293,0,56,0,0,0,0,0,48,0,8,34,0,0,0,0
1721,24.672,0,56,0,0,0,0,0,48,0,8,34,0,0,0,0
1722,0.795,0,56,0,0,0,0,0,48,0,8,34,0,0,0,0
1723,0.649,0,56,0,0,0,0,0,48,0,8,34,0,0,0,0
1724,6.762,0,56,0,0,0,0,0,48,0,8,34,0,0,0,0
1725,25.127,0,56,0,0,0,0,0,48,0,8,34,0,0,0,0
1726,0.820,0,56,0,0,0,0,0,48,0,8,34,0,0,0,0
1727,1.057,0,56,0,0,0,0,0,48,0,8,34,0,0,0,0
1728,6.277,0,56,0,0,0,0,0,48,0,8,34,0,0,0,0
1729,25.285,0,56,0,0,0,0,0,48,0,8,34,0,0,0,0
1730,0.905,0,56,0,0,0,0,0,48,0,8,34,0,0,0,0
1731,0.632,0,56,0,0,0,0,0,48,0,8,34,0,0,0,0
1732,6.578,0,56,0,0,0,0,0,48,0,8,34,0,0,0,0
1733,25.074,0,56,0,0,0,0,0,48,0,8,34,0,0,0,0
1734,0.871,0,56,0,0,0,0,0,48,0,8,34,0,0,0,0
1735,0.669,0,56,0,0,0,0,0,48,0,8,34,0,0,0,0
1736,6.842,0,56,0,0,0,0,0,48,0,8,34,0,0,0,0
1737,24.921,0,56,0,0,0,0,0,48,0,8,34,0,0,0,0
1738,0.810,0,56,0,0,0,0,0,48,0,8,34,0,0,0,0
1739,0.614,0,56,0,0,0,0,0,48,0,8,34,0,0,0,0
1740,6.816,0,56,0,0,0,0,0,48,0,8,34,0,0,0,0
1741,25.267,0,56,0,0,0,0,0,48,0,8,34,0,0,0,0
1742,0.948,0,56,0,0,0,0,0,48,0,8,34,0,0,0,0
1743,0.604,0,56,0,0,0,0,0,48,0,8,34,0,0,0,0
1744,6.827,0,56,0,0,0,0,0,48,0,8,34,0,0,0,0
1745,24.825,0,56,0,0,0,0,0,48,0,8,34,0,0,0,0
1746,0.786,0,56,0,0,0,0,0,48,0,8,34,0,0,0,0
1747,1.747,0,56,0,0,0,0,0,48,0,8,34,0,0,0,0
1748,5.650,0,56,0,0,0,0,0,48,0,8,34,0,0,0,0
1749,25.137,0,56,0,0,0,0,0,48,0,8,34,0,0,0,0
1750,0.826,0,56,0,0,0,0,0,48,0,8,34,0,0,0,0
1751,0.669,0,56,0,0,0,0,0,48,0,8,34,0,0,0,0
1752,6.803,0,56,0,0,0,0,0,48,0,8,34,0,0,0,0
1753,24.999,0,56,0,0,0,0,0,48,0,8,34,0,0,0,0
1754,0.716,0,56,0,0,0,0,0,48,0,8,34,0,0,0,0
1755,0.669,0,56,0,0,0,0,0,48,0,8,34,0,0,0,0
1756,6.741,0,56,0,0,0,0,0,48,0,8,34,0,0,0,0
1757,25.340,0,56,0,0,0,0,0,48,0,8,34,0,0,0,0
1758,0.797,0,56,0,0,0,0,0,48,0,8,34,0,0,0,0
1759,0.648,0,56,0,0,0,0,0,48,0,8,34,0,0,0,0
1760,7.223,0,56,0,0,0,0,0,48,0,8,34,0,0,0,0
1761,24.642,0,56,0,0,0,0,0,48,0,8,34,0,0,0,0
1762,0.879,0,56,0,0,0,0,0,48,0,8,34,0,0,0,0
1763,0.576,0,56,0,0,0,0,0,48,0,8,34,0,0,0,0
1764,6.706,0,56,0,0,0,0,0,48,0,8,34,0,0,0,0
1765,25.036,0,56,0,0,0,0,0,48,0,8,34,0,0,0,0
1766,0.822,0,56,0,0,0,0,0,48,0,8,34,0,0,0,0
1767,0.653,0,56,0,0,0,0,0,48,0,8,34,0,0,0,0
1768,6.920,0,56,0,0,0,0,0,48,0,8,34,0,0,0,0
1769,24.917,0,56,0,0,0,0,0,48,0,8,34,0,0,0,0
1770,0.798,0,56,0,0,0,1,0,49,0,7,34,0,0,0,0
1771,0.758,0,56,0,0,0,0,0,49,0,7,34,0,0,0,0
1772,6.729,0,56,0,0,0,0,0,49,0,7,34,0,0,0,0
1773,25.127,0,56,0,0,0,0,0,49,0,7,34,0,0,0,0
1774,0.860,0,56,0,0,0,0,0,49,0,7,34,0,0,0,0
1775,0.914,0,56,0,0,0,0,0,49,0,7,34,0,0,0,0
1776,6.460,0,56,0,0,0,0,0,49,0,7,34,0,0,0,0
1777,24.993,0,56,0,0,0,0,0,49,0,7,34,0,0,0,0
1778,0.776,0,56,0,0,0,0,0,49,0,7,34,0,0,0,0
1779,0.669,0,56,0,0,0,0,0,49,0,7,34,0,0,0,0
1780,6.850,0,56,0,0,0,0,0,49,0,7,34,0,0,0,0
1781,25.175,0,56,0,0,0,0,0,49,0,7,34,0,0,0,0
1782,0.773,0,56,0,0,0,0,0,49,0,7,34,0,0,0,0
1783,0.649,0,56,0,0,0,0,0,49,0,7,34,0,0,0,0
1784,6.805,0,56,0,0,0,1,0,50,0,6,34,0,0,0,0
1785,25.054,0,56,0,0,0,0,0,50,0,6,34,0,0,0,0
1786,1.016,0,56,0,0,0,0,0,50,0,6,34,0,0,0,0
1787,0.707,0,56,0,0,0,0,0,50,0,6,34,0,0,0,0
1788,6.466,0,56,0,0,0,0,0,50,0,6,34,0,0,0,0
1789,25.232,0,57,0,0,1,0,0,50,0,7,34,0,0,0,0
1790,0.822,0,57,0,0,0,0,0,50,0,7,34,0,0,0,0
1791,0.646,0,57,0,0,0,0,0,50,0,7,34,0,0,0,0
1792,6.666,0,57,0,0,0,0,0,50,0,7,34,0,0,0,0
1793,25.205,0,57,0,0,0,0,0,50,0,7,34,0,0,0,0
1794,0.745,0,57,0,0,0,0,0,50,0,7,34,0,0,0,0
1795,0.741,0,57,0,0,0,0,0,50,0,7,34,0,0,0,0
1796,6.740,0,57,0,0,0,0,0,50,0,7,34,0,0,0,0
1797,25.028,0,57,0,0,0,0,0,50,0,7,34,0,0,0,0
1798,0.887,0,57,0,0,0,0,0,50,0,7,34,0,0,0,0
1799,2.667,0,57,0,0,0,0,0,50,0,7,34,0,0,0,0
1800,5.619,0,57,0,0,0,0,0,50,0,7,34,0,0,0,0
1801,24.148,0,57,0,0,0,1,0,51,0,6,34,0,0,0,0
1802,0.788,0,57,0,0,0,0,0,51,0,6,34,0,0,0,0
1803,0.810,0,57,0,0,0,0,0,51,0,6,34,0,0,0,0
1804,6.459,0,57,0,0,0,0,0,51,0,6,34,0,0,0,0
1805,25.208,0,57,0,0,0,0,0,51,0,6,34,0,0,0,0
1806,0.912,0,57,0,0,0,0,0,51,0,6,34,0,0,0,0
1807,0.672,0,57,0,0,0,0,0,51,0,6,34,0,0,0,0
1808,7.879,0,57,0,0,0,0,0,51,0,6,34,0,0,0,0
1809,23.885,0,57,0,0,0,0,0,51,0,6,34,0,0,0,0
1810,0.751,0,57,0,0,0,0,0,51,0,6,34,0,0,0,0
1811,0.763,0,57,0,0,0,0,0,51,0,6,34,0,0,0,0
1812,6.855,0,57,0,0,0,0,0,51,0,6,34,0,0,0,0
1813,25.041,0,57,0,0,0,0,0,51,0,6,34,0,0,0,0
1814,0.961,0,57,0,0,0,0,0,51,0,6,34,0,0,0,0
1815,0.624,0,57,0,0,0,0,0,51,0,6,34,0,0,0,0
1816,6.554,0,57,0,0,0,0,0,51,0,6,34,0,0,0,0
1817,25.142,0,57,0,0,0,0,0,51,0,6,34,0,0,0,0
1818,0.731,0,57,0,0,0,0,0,51,0,6,34,0,0,0,0
1819,0.729,0,57,0,0,0,0,0,51,0,6,34,0,0,0,0
1820,6.725,0,57,0,0,0,0,0,51,0,6,34,0,0,0,0
1821,25.127,0,57,0,0,0,0,0,51,0,6,34,0,0,0,0
1822,0.803,0,57,0,0,0,0,0,51,0,6,34,0,0,0,0
1823,0.840,0,57,0,0,0,0,0,51,0,6,34,0,0,0,0
1824,7.433,0,57,0,0,0,0,0,51,0,6,34,0,0,0,0
1825,24.392,0,57,0,0,0,0,0,51,0,6,34,0,0,0,0
1826,1.094,0,57,0,0,0,0,0,51,0,6,34,0,0,0,0
1827,0.962,0,57,0,0,0,0,0,51,0,6,34,0,0,0,0
1828,6.261,0,57,0,0,0,0,0,51,0,6,34,0,0,0,0
1829,24.994,0,57,0,0,0,0,0,51,0,6,34,0,0,0,0
1830,0.953,0,57,0,0,0,0,0,51,0,6,34,0,0,0,0
1831,0.714,0,57,0,0,0,0,0,51,0,6,34,0,0,0,0
1832,6.413,0,57,0,0,0,0,0,51,0,6,34,0,0,0,0
1833,25.290,0,58,0,0,1,0,0,51,0,7,34,0,0,0,0
1834,0.936,0,58,0,0,0,0,0,51,0,7,34,0,0,0,0
1835,0.640,0,58,0,0,0,0,0,51,0,7,34,0,0,0,0
1836,6.391,0,58,0,0,0,0,0,51,0,7,34,0,0,0,0
1837,25.386,0,58,0,0,0,0,0,51,0,7,34,0,0,0,0
1838,0.716,0,58,0,0,0,0,0,51,0,7,34,0,0,0,0
1839,0.651,0,58,0,0,0,0,0,51,0,7,34,0,0,0,0
1840,6.847,0,58,0,0,0,0,0,51,0,7,34,0,0,0,0
1841,24.996,0,58,0,0,0,0,0,51,0,7,34,0,0,0,0
1842,0.746,0,58,0,0,0,0,0,51,0,7,34,0,0,0,0
1843,0.605,0,58,0,0,0,0,0,51,0,7,34,0,0,0,0
1844,6.907,0,58,0,0,0,0,0,51,0,7,34,0,0,0,0
1845,25.133,0,58,0,0,0,1,0,52,0,6,34,0,0,0,0
1846,0.836,0,58,0,0,0,0,0,52,0,6,34,0,0,0,0
1847,0.810,0,58,0,0,0,0,0,52,0,6,34,0,0,0,0
1848,7.625,0,58,0,0,0,0,0,52,0,6,34,0,0,0,0
1849,24.261,0,58,0,0,0,0,0,52,0,6,34,0,0,0,0
1850,0.880,0,58,0,0,0,0,0,52,0,6,34,0,0,0,0
1851,1.504,0,58,0,0,0,0,0,52,0,6,34,0,0,0,0
1852,5.468,0,58,0,0,0,0,0,52,0,6,34,0,0,0,0
1853,25.053,0,58,0,0,0,0,0,52,0,6,34,0,0,0,0
1854,0.834,0,58,0,0,0,0,0,52,0,6,34,0,0,0,0
1855,0.647,0,58,0,0,0,0,0,52,0,6,34,0,0,0,0
1856,7.781,0,58,0,0,0,0,0,52,0,6,34,0,0,0,0
1857,24.293,0,58,0,0,0,0,0,52,0,6,34,0,0,0,0
1858,0.803,0,58,0,0,0,0,0,52,0,6,34,0,0,0,0
1859,0.593,0,58,0,0,0,0,0,52,0,6,34,0,0,0,0
1860,6.610,0,58,0,0,0,0,0,52,0,6,34,0,0,0,0
1861,25.212,0,58,0,0,0,0,0,52,0,6,34,0,0,0,0
1862,0.748,0,58,0,0,0,0,0,52,0,6,34,0,0,0,0
1863,0.709,0,58,0,0,0,0,0,52,0,6,34,0,0,0,0
1864,7.930,0,58,0,0,0,0,0,52,0,6,34,0,0,0,0
1865,23.980,0,58,0,0,0,0,0,52,0,6,34,0,0,0,0
1866,0.793,0,58,0,0,0,0,0,52,0,6,34,0,0,0,0
1867,0.595,0,58,0,0,0,0,0,52,0,6,34,0,0,0,0
1868,6.827,0,58,0,0,0,0,0,52,0,6,34,0,0,0,0
1869,25.086,0,58,0,0,0,0,0,52,0,6,34,0,0,0,0
1870,0.894,0,58,0,0,0,0,0,52,0,6,34,0,0,0,0
1871,0.686,0,58,0,0,0,0,0,52,0,6,34,0,0,0,0
1872,7.151,0,58,0,0,0,0,0,52,0,6,34,0,0,0,0
1873,24.803,0,58,0,0,0,0,0,52,0,6,34,0,0,0,0
1874,0.906,0,58,0,0,0,0,0,52,0,6,34,0,0,0,0
1875,1.876,0,58,0,0,0,0,0,52,0,6,34,0,0,0,0
1876,5.154,0,58,0,0,0,0,0,52,0,6,34,0,0,0,0
1877,25.186,0,58,0,0,0,0,0,52,0,6,34,0,0,0,0
1878,0.865,0,58,0,0,0,0,0,52,0,6,34,0,0,0,0
1879,0.609,0,58,0,0,0,0,0,52,0,6,34,0,0,0,0
1880,7.194,0,58,0,0,0,0,0,52,0,6,34,0,0,0,0
1881,24.704,0,58,0,0,0,0,0,52,0,6,34,0,0,0,0
1882,0.842,0,58,0,0,0,0,0,52,0,6,34,0,0,0,0
1883,0.675,0,58,0,0,0,0,0,52,0,6,34,0,0,0,0
1884,6.667,0,58,0,0,0,0,0,52,0,6,34,0,0,0,0
1885,25.055,0,58,0,0,0,0,0,52,0,6,34,0,0,0,0
1886,0.838,0,58,0,0,0,0,0,52,0,6,34,0,0,0,0
1887,0.622,0,58,0,0,0,0,0,52,0,6,34,0,0,0,0
1888,7.301,0,58,0,0,0,0,0,52,0,6,34,0,0,0,0
1889,24.610,0,58,0,0,0,0,0,52,0,6,34,0,0,0,0
1890,0.787,0,58,0,0,0,0,0,52,0,6,34,0,0,0,0
1891,0.701,0,58,0,0,0,0,0,52,0,6,34,0,0,0,0
1892,6.749,0,58,0,0,0,0,0,52,0,6,34,0,0,0,0
1893,25.402,0,58,0,0,0,0,0,52,0,6,34,0,0,0,0
1894,0.833,0,58,0,0,0,0,0,52,0,6,34,0,0,0,0
1895,0.699,0,58,0,0,0,0,0,52,0,6,34,0,0,0,0
1896,6.731,0,58,0,0,0,0,0,52,0,6,34,0,0,0,0
1897,24.825,0,58,0,0,0,0,0,52,0,6,34,0,0,0,0
1898,1.090,0,58,0,0,0,0,0,52,0,6,34,0,0,0,0
1899,1.700,0,58,0,0,0,0,0,52,0,6,34,0,0,0,0
1900,5.364,0,58,0,0,0,0,0,52,0,6,34,0,0,0,0
1901,25.200,0,58,0,0,0,0,0,52,0,6,34,0,0,0,0
1902,0.957,0,58,0,0,0,0,0,52,0,6,34,0,0,0,0
1903,2.011,0,58,0,0,0,0,0,52,0,6,34,0,0,0,0
1904,5.654,0,58,0,0,0,0,0,52,0,6,34,0,0,0,0
1905,24.639,0,58,0,0,0,0,0,52,0,6,34,0,0,0,0
1906,0.901,0,58,0,0,0,0,0,52,0,6,34,0,0,0,0
1907,0.673,0,58,0,0,0,0,0,52,0,6,34,0,0,0,0
1908,6.705,0,58,0,0,0,0,0,52,0,6,34,0,0,0,0
1909,25.112,0,58,0,0,0,0,0,52,0,6,34,0,0,0,0
1910,1.104,0,58,0,0,0,0,0,52,0,6,34,0,0,0,0
1911,0.817,0,58,0,0,0,0,0,52,0,6,34,0,0,0,0
1912,6.442,0,58,0,0,0,0,0,52,0,6,34,0,0,0,0
1913,25.033,0,58,0,0,0,0,0,52,0,6,34,0,0,0,0
1914,0.803,0,58,0,0,0,0,0,52,0,6,34,0,0,0,0
1915,0.661,0,58,0,0,0,0,0,52,0,6,34,0,0,0,0
1916,6.818,0,58,0,0,0,0,0,52,0,6,34,0,0,0,0
1917,24.921,0,58,0,0,0,0,0,52,0,6,34,0,0,0,0
1918,0.857,0,58,0,0,0,0,0,52,0,6,34,0,0,0,0
1919,0.756,0,58,0,0,0,0,0,52,0,6,34,0,0,0,0
1920,6.696,0,58,0,0,0,0,0,52,0,6,34,0,0,0,0
1921,25.021,0,58,0,0,0,0,0,52,0,6,34,0,0,0,0
1922,0.832,0,58,0,0,0,0,0,52,0,6,34,0,0,0,0
1923,0.643,0,58,0,0,0,0,0,52,0,6,34,0,0,0,0
1924,6.758,0,58,0,0,0,0,0,52,0,6,34,0,0,0,0
1925,25.095,0,58,0,0,0,0,0,52,0,6,34,0,0,0,0
1926,0.868,0,58,0,0,0,0,0,52,0,6,34,0,0,0,0
1927,0.676,0,58,0,0,0,0,0,52,0,6,34,0,0,0,0
1928,6.787,0,58,0,0,0,0,0,52,0,6,34,0,0,0,0
1929,25.248,0,58,0,0,0,0,0,52,0,6,34,0,0,0,0
1930,0.821,0,58,0,0,0,0,0,52,0,6,34,0,0,0,0
1931,0.592,0,58,0,0,0,0,0,52,0,6,34,0,0,0,0
1932,6.371,0,58,0,0,0,0,0,52,0,6,34,0,0,0,0
1933,25.604,0,58,0,0,0,0,0,52,0,6,34,0,0,0,0
1934,1.056,0,58,0,0,0,0,0,52,0,6,34,0,0,0,0
1935,0.767,0,58,0,0,0,0,0,52,0,6,34,0,0,0,0
1936,6.132,0,58,0,0,0,0,0,52,0,6,34,0,0,0,0
1937,25.019,0,58,0,0,0,0,0,52,0,6,34,0,0,0,0
1938,0.811,0,58,0,0,0,0,0,52,0,6,34,0,0,0,0
1939,0.758,0,58,0,0,0,0,0,52,0,6,34,0,0,0,0
1940,6.719,0,58,0,0,0,0,0,52,0,6,34,0,0,0,0
1941,25.186,0,58,0,0,0,0,0,52,0,6,34,0,0,0,0
1942,0.896,0,58,0,0,0,0,0,52,0,6,34,0,0,0,0
1943,0.766,0,58,0,0,0,0,0,52,0,6,34,0,0,0,0
1944,6.851,0,58,0,0,0,0,0,52,0,6,34,0,0,0,0
1945,24.744,0,58,0,0,0,0,0,52,0,6,34,0,0,0,0
1946,0.790,0,58,0,0,0,0,0,52,0,6,34,0,0,0,0
1947,0.722,0,58,0,0,0,0,0,52,0,6,34,0,0,0,0
1948,6.776,0,58,0,0,0,0,0,52,0,6,34,0,0,0,0
1949,25.147,0,58,0,0,0,0,0,52,0,6,34,0,0,0,0
1950,0.797,0,58,0,0,0,0,0,52,0,6,34,0,0,0,0
1951,0.677,0,58,0,0,0,0,0,52,0,6,34,0,0,0,0
1952,7.008,0,58,0,0,0,0,0,52,0,6,34,0,0,0,0
1953,24.777,0,58,0,0,0,0,0,52,0,6,34,0,0,0,0
1954,0.759,0,58,0,0,0,0,0,52,0,6,34,0,0,0,0
1955,1.111,0,58,0,0,0,0,0,52,0,6,34,0,0,0,0
1956,6.157,0,58,0,0,0,0,0,52,0,6,34,0,0,0,0
1957,25.151,0,58,0,0,0,0,0,52,0,6,34,0,0,0,0
1958,0.831,0,58,0,0,0,0,0,52,0,6,34,0,0,0,0
1959,0.589,0,58,0,0,0,0,0,52,0,6,34,0,0,0,0
1960,7.396,0,58,0,0,0,0,0,52,0,6,34,0,0,0,0
1961,24.603,0,58,0,0,0,0,0,52,0,6,34,0,0,0,0
1962,0.758,0,58,0,0,0,0,0,52,0,6,34,0,0,0,0
1963,0.622,0,58,0,0,0,0,0,52,0,6,34,0,0,0,0
1964,6.841,0,58,0,0,0,0,0,52,0,6,34,0,0,0,0
1965,25.170,0,58,0,0,0,0,0,52,0,6,34,0,0,0,0
1966,0.853,0,58,0,0,0,0,0,52,0,6,34,0,0,0,0
1967,0.684,0,58,0,0,0,0,0,52,0,6,34,0,0,0,0
1968,7.114,0,58,0,0,0,0,0,52,0,6,34,0,0,0,0
1969,24.773,0,58,0,0,0,0,0,52,0,2,34,4,0,0,0
1970,0.773,0,58,0,0,0,0,0,52,0,2,34,4,0,0,0
1971,0.647,0,58,0,0,0,0,0,52,0,2,34,4,0,0,0
1972,6.534,0,59,0,0,1,0,0,52,0,3,34,4,0,0,0
1973,25.385,0,59,0,0,0,0,0,52,0,3,34,4,0,0,0
1974,0.880,0,59,0,0,0,0,0,52,0,3,34,4,0,0,0
1975,0.683,0,59,0,0,0,0,0,52,0,3,34,4,0,0,0
1976,7.515,0,59,0,0,0,0,0,52,0,3,34,4,0,0,0
1977,24.262,0,59,0,0,0,0,0,52,0,3,34,4,0,0,0
1978,0.956,0,59,0,0,0,0,0,52,0,3,34,4,0,0,0
1979,1.692,0,59,0,0,0,0,0,52,0,3,34,4,0,0,0
1980,5.267,0,59,0,0,0,0,0,52,0,3,34,4,0,0,0
1981,25.338,0,59,0,0,0,0,0,52,0,3,34,4,0,0,0
1982,0.907,0,59,0,0,0,0,0,52,0,3,34,4,0,0,0
1983,0.635,0,59,0,0,0,0,0,52,0,3,34,4,0,0,0
1984,6.500,0,60,0,0,1,0,0,52,0,4,34,4,0,0,0
1985,25.302,0,60,0,0,0,0,0,52,0,4,34,4,0,0,0
1986,0.789,0,60,0,0,0,0,0,52,0,4,34,4,0,0,0
1987,0.635,0,60,0,0,0,0,0,52,0,4,34,4,0,0,0
1988,6.699,0,60,0,0,0,0,0,52,0,4,34,4,0,0,0
1989,25.068,0,60,0,0,0,0,0,52,0,4,34,4,0,0,0
1990,0.834,0,60,0,0,0,0,0,52,0,4,34,4,0,0,0
1991,0.692,0,60,0,0,0,0,0,52,0,4,34,4,0,0,0
1992,6.795,0,60,0,0,0,0,0,52,0,4,34,4,0,0,0
1993,25.156,0,60,0,0,0,0,0,52,0,4,34,4,0,0,0
1994,0.782,0,60,0,0,0,0,0,52,0,4,34,4,0,0,0
1995,0.640,0,60,0,0,0,0,0,52,0,4,34,4,0,0,0
1996,6.727,0,60,0,0,0,0,0,52,0,4,34,4,0,0,0
1997,25.126,0,60,0,0,0,0,0,52,0,4,34,4,0,0,0
1998,0.713,0,60,0,0,0,0,0,52,0,4,34,4,0,0,0
1999,0.650,0,60,0,0,0,0,0,52,0,4,34,4,0,0,0
2000,7.395,0,60,0,0,0,0,0,52,0,4,34,4,0,0,0
2001,24.564,0,60,0,0,0,0,0,52,0,4,34,4,0,0,0
2002,0.812,0,60,0,0,0,0,0,52,0,4,34,4,0,0,0
2003,0.679,0,60,0,0,0,0,0,52,0,4,34,4,0,0,0
2004,6.656,0,60,0,0,0,0,0,52,0,4,34,4,0,0,0
2005,25.449,0,60,0,0,0,0,0,52,0,4,34,4,0,0,0
2006,0.861,0,60,0,0,0,0,0,52,0,4,34,4,0,0,0
2007,1.268,0,60,0,0,0,0,0,52,0,4,34,4,0,0,0
2008,6.233,0,60,0,0,0,0,0,52,0,4,34,4,0,0,0
2009,24.640,0,60,0,0,0,0,0,52,0,4,34,4,0,0,0
2010,0.809,0,60,0,0,0,0,0,52,0,4,34,4,0,0,0
2011,0.667,0,60,0,0,0,0,0,52,0,4,34,4,0,0,0
2012,6.627,0,60,0,0,0,0,0,52,0,4,34,4,0,0,0
2013,25.349,0,60,0,0,0,0,0,52,0,4,34,4,0,0,0
2014,0.838,0,60,0,0,0,0,0,52,0,4,34,4,0,0,0
2015,0.746,0,60,0,0,0,0,0,52,0,4,34,4,0,0,0
2016,6.507,0,60,0,0,0,0,0,52,0,4,34,4,0,0,0
2017,25.200,0,60,0,0,0,0,0,52,0,4,34,4,0,0,0
2018,0.770,0,60,0,0,0,0,0,52,0,4,34,4,0,0,0
2019,0.655,0,60,0,0,0,0,0,52,0,4,34,4,0,0,0
2020,6.629,0,60,0,0,0,0,0,52,0,4,34,4,0,0,0
2021,25.163,0,60,0,0,0,0,0,52,0,4,34,4,0,0,0
2022,0.814,0,60,0,0,0,0,0,52,0,4,34,4,0,0,0
2023,0.665,0,60,0,0,0,0,0,52,0,4,34,4,0,0,0
2024,6.980,0,60,0,0,0,0,0,52,0,4,34,4,0,0,0
2025,24.901,0,60,0,0,0,0,0,52,0,4,34,4,0,0,0
2026,0.743,0,60,0,0,0,0,0,52,0,4,34,4,0,0,0
2027,0.660,0,60,0,0,0,0,0,52,0,4,34,4,0,0,0
2028,6.892,0,60,0,0,0,0,0,52,0,4,34,4,0,0,0
2029,25.036,0,60,0,0,0,0,0,52,0,4,34,4,0,0,0
2030,0.932,0,60,0,0,0,0,0,52,0,4,34,4,0,0,0
2031,0.646,0,60,0,0,0,0,0,52,0,4,34,4,0,0,0
2032,7.048,0,60,0,0,0,0,0,52,0,4,34,4,0,0,0
2033,24.829,0,60,0,0,0,0,0,52,0,4,34,4,0,0,0
2034,0.896,0,60,0,0,0,0,0,52,0,4,34,4,0,0,0
2035,0.647,0,60,0,0,0,0,0,52,0,4,34,4,0,0,0
2036,6.463,0,60,0,0,0,0,0,52,0,4,34,4,0,0,0
2037,25.288,0,60,0,0,0,0,0,52,0,4,34,4,0,0,0
2038,0.862,0,60,0,0,0,0,0,52,0,4,34,4,0,0,0
2039,0.718,0,60,0,0,0,0,0,52,0,4,34,4,0,0,0
2040,6.922,0,60,0,0,0,0,0,52,0,4,34,4,0,0,0
2041,24.728,0,60,0,0,0,0,0,52,0,4,34,4,0,0,0
2042,0.882,0,60,0,0,0,0,0,52,0,4,34,4,0,0,0
2043,0.745,0,60,0,0,0,0,0,52,0,4,34,4,0,0,0
2044,6.601,0,60,0,0,0,0,0,52,0,4,34,4,0,0,0
2045,25.167,0,60,0,0,0,0,0,52,0,4,34,4,0,0,0
2046,0.777,0,60,0,0,0,0,0,52,0,4,34,4,0,0,0
2047,0.727,0,60,0,0,0,0,0,52,0,4,34,4,0,0,0
2048,6.773,0,60,0,0,0,0,0,52,0,4,34,4,0,0,0
2049,24.968,0,60,0,0,0,0,0,52,0,4,34,4,0,0,0
2050,0.783,0,60,0,0,0,0,0,52,0,4,34,4,0,0,0
2051,0.659,0,60,0,0,0,0,0,52,0,4,34,4,0,0,0
2052,6.824,0,60,0,0,0,0,0,52,0,4,34,4,0,0,0
2053,25.160,0,60,0,0,0,0,0,52,0,4,34,4,0,0,0
2054,0.760,0,60,0,0,0,0,0,52,0,4,34,4,0,0,0
2055,0.745,0,60,0,0,0,0,0,52,0,4,34,4,0,0,0
2056,7.477,0,60,0,0,0,0,0,52,0,4,34,4,0,0,0
2057,24.456,0,60,0,0,0,0,0,52,0,4,34,4,0,0,0
2058,0.804,0,60,0,0,0,0,0,52,0,4,34,4,0,0,0
2059,1.724,0,60,0,0,0,0,0,52,0,4,34,4,0,0,0
2060,5.571,0,60,0,0,0,0,0,52,0,4,34,4,0,0,0
2061,25.114,0,60,0,0,0,0,0,52,0,4,34,4,0,0,0
2062,0.825,0,60,0,0,0,0,0,52,0,4,34,4,0,0,0
2063,0.665,0,60,0,0,0,0,0,52,0,4,34,4,0,0,0
2064,6.710,0,60,0,0,0,0,0,52,0,4,34,4,0,0,0
2065,25.171,0,60,0,0,0,0,0,52,0,4,34,4,0,0,0
2066,0.901,0,60,0,0,0,0,0,52,0,4,34,4,0,0,0
2067,0.834,0,60,0,0,0,0,0,52,0,4,34,4,0,0,0
2068,6.464,0,60,0,0,0,0,0,52,0,4,34,4,0,0,0
2069,25.089,0,60,0,0,0,0,0,52,0,4,34,4,0,0,0
2070,0.808,0,60,0,0,0,0,0,52,0,4,34,4,0,0,0
2071,0.721,0,60,0,0,0,0,0,52,0,4,34,4,0,0,0
2072,7.001,0,60,0,0,0,0,0,52,0,4,34,4,0,0,0
2073,24.727,0,60,0,0,0,0,0,52,0,4,34,4,0,0,0
2074,0.781,0,60,0,0,0,0,0,52,0,4,34,4,0,0,0
2075,0.705,0,60,0,0,0,0,0,52,0,4,34,4,0,0,0
2076,6.771,0,60,0,0,0,0,0,52,0,4,34,4,0,0,0
2077,25.161,0,60,0,0,0,0,0,52,0,4,34,4,0,0,0
2078,0.939,0,60,0,0,0,0,0,52,0,4,34,4,0,0,0
2079,0.626,0,60,0,0,0,0,0,52,0,4,34,4,0,0,0
2080,7.554,0,60,0,0,0,0,0,52,0,4,34,4,0,0,0
2081,24.103,0,60,0,0,0,0,0,52,0,4,34,4,0,0,0
2082,0.789,0,60,0,0,0,0,0,52,0,4,34,4,0,0,0
2083,0.788,0,60,0,0,0,0,0,52,0,4,34,4,0,0,0
2084,6.829,0,60,0,0,0,0,0,52,0,4,34,4,0,0,0
2085,24.876,0,60,0,0,0,0,0,52,0,4,34,4,0,0,0
2086,0.799,0,60,0,0,0,0,0,52,0,4,34,4,0,0,0
2087,1.072,0,60,0,0,0,0,0,52,0,4,34,4,0,0,0
2088,7.631,0,60,0,0,0,0,0,52,0,4,34,4,0,0,0
2089,23.952,0,60,0,0,0,0,0,52,0,4,34,4,0,0,0
2090,0.838,0,60,0,0,0,0,0,52,0,4,34,4,0,0,0
2091,0.606,0,60,0,0,0,0,0,52,0,4,34,4,0,0,0
2092,6.822,0,60,0,0,0,0,0,52,0,4,34,4,0,0,0
2093,25.059,0,60,0,0,0,0,0,52,0,4,34,4,0,0,0
2094,0.786,0,60,0,0,0,0,0,52,0,4,34,4,0,0,0
2095,0.683,0,60,0,0,0,0,0,52,0,4,34,4,0,0,0
2096,6.664,0,60,0,0,0,0,0,52,0,4,34,4,0,0,0
2097,25.136,0,60,0,0,0,0,0,52,0,4,34,4,0,0,0
2098,0.757,0,60,0,0,0,0,0,52,0,4,34,4,0,0,0
2099,0.686,0,60,0,0,0,0,0,52,0,4,34,4,0,0,0
2100,6.746,0,60,0,0,0,0,0,52,0,4,34,4,0,0,0
2101,25.194,0,60,0,0,0,0,0,52,0,4,34,4,0,0,0
2102,0.833,0,60,0,0,0,0,0,52,0,4,34,4,0,0,0
2103,0.671,0,60,0,0,0,0,0,52,0,4,34,4,0,0,0
2104,7.539,0,60,0,0,0,0,0,52,0,4,34,4,0,0,0
2105,24.289,0,60,0,0,0,0,0,52,0,4,34,4,0,0,0
2106,0.810,0,60,0,0,0,0,0,52,0,4,34,4,0,0,0
2107,0.666,0,60,0,0,0,0,0,52,0,4,34,4,0,0,0
2108,6.748,0,60,0,0,0,0,0,52,0,4,34,4,0,0,0
2109,25.229,0,60,0,0,0,0,0,52,0,4,34,4,0,0,0
2110,0.809,0,60,0,0,0,0,0,52,0,4,34,4,0,0,0
2111,2.049,0,60,0,0,0,0,0,52,0,4,34,4,0,0,0
2112,5.150,0,60,0,0,0,0,0,52,0,4,34,4,0,0,0
2113,25.334,0,60,0,0,0,0,0,52,0,4,34,4,0,0,0
2114,0.876,0,60,0,0,0,0,0,52,0,4,34,4,0,0,0
2115,1.152,0,60,0,0,0,0,0,52,0,4,34,4,0,0,0
2116,5.879,0,60,0,0,0,0,0,52,0,4,34,4,0,0,0
2117,25.253,0,60,0,0,0,0,0,52,0,4,34,4,0,0,0
2118,0.755,0,60,0,0,0,0,0,52,0,4,34,4,0,0,0
2119,0.659,0,60,0,0,0,0,0,52,0,4,34,4,0,0,0
2120,7.953,0,60,0,0,0,0,0,52,0,4,34,4,0,0,0
2121,24.079,0,60,0,0,0,0,0,52,0,4,34,4,0,0,0
2122,0.805,0,60,0,0,0,0,0,52,0,4,34,4,0,0,0
2123,0.644,0,60,0,0,0,0,0,52,0,4,34,4,0,0,0
2124,6.625,0,60,0,0,0,0,0,52,0,4,34,4,0,0,0
2125,25.365,0,60,0,0,0,0,0,52,0,4,34,4,0,0,0
2126,0.862,0,60,0,0,0,0,0,52,0,4,34,4,0,0,0
2127,0.662,0,60,0,0,0,0,0,52,0,4,34,4,0,0,0
2128,7.107,0,60,0,0,0,0,0,52,0,4,34,4,0,0,0
2129,24.482,0,60,0,0,0,0,0,52,0,4,34,4,0,0,0
2130,0.746,0,60,0,0,0,0,0,52,0,4,34,4,0,0,0
2131,0.653,0,60,0,0,0,0,0,52,0,4,34,4,0,0,0
2132,6.897,0,60,0,0,0,0,0,52,0,4,34,4,0,0,0
2133,24.978,0,60,0,0,0,0,0,52,0,4,34,4,0,0,0
2134,0.737,0,60,0,0,0,0,0,52,0,4,34,4,0,0,0
2135,0.750,0,60,0,0,0,0,0,52,0,4,34,4,0,0,0
2136,7.348,0,60,0,0,0,0,0,52,0,4,34,4,0,0,0
2137,24.584,0,60,0,0,0,0,0,52,0,4,34,4,0,0,0
2138,0.980,0,60,0,0,0,0,0,52,0,4,34,4,0,0,0
2139,1.710,0,60,0,0,0,0,0,52,0,4,34,4,0,0,0
2140,5.448,0,60,0,0,0,0,0,52,0,4,34,4,0,0,0
2141,25.529,0,60,0,0,0,0,0,52,0,4,34,4,0,0,0
2142,1.072,0,60,0,0,0,0,0,52,0,4,34,4,0,0,0
2143,1.556,0,60,0,0,0,0,0,52,0,4,34,4,0,0,0
2144,5.310,0,60,0,0,0,0,0,52,0,4,34,4,0,0,0
2145,25.170,0,60,0,0,0,0,0,52,0,4,34,4,0,0,0
2146,0.856,0,60,0,0,0,0,0,52,0,4,34,4,0,0,0
2147,0.733,0,60,0,0,0,0,0,52,0,4,34,4,0,0,0
2148,6.490,0,60,0,0,0,0,0,52,0,4,34,4,0,0,0
2149,25.173,0,60,0,0,0,0,0,52,0,4,34,4,0,0,0
2150,0.891,0,60,0,0,0,0,0,52,0,4,34,4,0,0,0
2151,0.691,0,60,0,0,0,0,0,52,0,4,34,4,0,0,0
2152,7.628,0,60,0,0,0,0,0,52,0,4,34,4,0,0,0
2153,24.095,0,60,0,0,0,0,0,52,0,4,34,4,0,0,0
2154,0.843,0,60,0,0,0,0,0,52,0,4,34,4,0,0,0
2155,0.743,0,60,0,0,0,0,0,52,0,4,34,4,0,0,0
2156,6.675,0,60,0,0,0,0,0,52,0,4,34,4,0,0,0
2157,25.026,0,60,0,0,0,0,0,52,0,4,34,4,0,0,0
2158,0.808,0,60,0,0,0,0,0,52,0,4,34,4,0,0,0
2159,0.635,0,60,0,0,0,0,0,52,0,4,34,4,0,0,0
2160,6.937,0,60,0,0,0,0,0,52,0,4,34,4,0,0,0
2161,24.986,0,60,0,0,0,0,0,52,0,4,34,4,0,0,0
2162,0.793,0,60,0,0,0,0,0,52,0,4,34,4,0,0,0
2163,0.762,0,60,0,0,0,0,0,52,0,4,34,4,0,0,0
2164,6.676,0,60,0,0,0,0,0,52,0,4,34,4,0,0,0
2165,25.188,0,60,0,0,0,0,0,52,0,4,34,4,0,0,0
2166,0.838,0,60,0,0,0,0,0,52,0,4,34,4,0,0,0
2167,1.312,0,60,0,0,0,0,0,52,0,4,34,4,0,0,0
2168,6.374,0,60,0,0,0,0,0,52,0,4,34,4,0,0,0
2169,24.623,0,60,0,0,0,0,0,52,0,4,34,4,0,0,0
2170,0.839,0,60,0,0,0,0,0,52,0,4,34,4,0,0,0
2171,0.684,0,60,0,0,0,0,0,52,0,4,34,4,0,0,0
2172,6.691,0,60,0,0,0,0,0,52,0,4,34,4,0,0,0
2173,25.208,0,60,0,0,0,1,0,52,0,4,34,4,0,0,0
2174,0.873,0,60,0,0,0,0,0,52,0,4,34,4,0,0,0
2175,0.666,0,60,0,0,0,0,0,52,0,4,34,4,0,0,0
2176,7.034,0,60,0,0,0,0,0,52,0,4,34,4,0,0,0
2177,24.741,0,60,0,0,0,0,0,52,0,4,34,4,0,0,0
2178,0.838,0,60,0,0,0,0,0,52,0,4,34,4,0,0,0
2179,0.691,0,60,0,0,0,0,0,52,0,4,34,4,0,0,0
2180,6.818,0,60,0,0,0,0,0,52,0,4,34,4,0,0,0
2181,25.014,0,60,0,0,0,1,0,53,0,3,34,4,0,0,0
2182,0.824,0,60,0,0,0,0,0,53,0,3,34,4,0,0,0
2183,0.723,0,60,0,0,0,0,0,53,0,3,34,4,0,0,0
2184,6.784,0,60,0,0,0,0,0,53,0,3,34,4,0,0,0
2185,24.989,0,60,0,0,0,0,0,53,0,3,34,4,0,0,0
2186,0.839,0,60,0,0,0,0,0,53,0,3,34,4,0,0,0
2187,0.753,0,60,0,0,0,0,0,53,0,3,34,4,0,0,0
2188,6.598,0,60,0,0,0,0,0,53,0,3,34,4,0,0,0
2189,25.355,0,60,0,0,0,0,0,53,0,3,34,4,0,0,0
2190,0.823,0,60,0,0,0,0,0,53,0,3,34,4,0,0,0
2191,1.692,0,60,0,0,0,0,0,53,0,3,34,4,0,0,0
2192,6.296,0,60,0,0,0,0,0,53,0,3,34,4,0,0,0
2193,24.364,0,60,0,0,0,0,0,53,0,3,34,4,0,0,0
2194,0.963,0,60,0,0,0,0,0,53,0,3,34,4,0,0,0
2195,0.773,0,60,0,0,0,0,0,53,0,3,34,4,0,0,0
2196,6.271,0,60,0,0,0,0,0,53,0,3,34,4,0,0,0
2197,25.160,0,60,0,0,0,0,0,53,0,3,34,4,0,0,0
2198,0.888,0,60,0,0,0,0,0,53,0,3,34,4,0,0,0
2199,0.658,0,60,0,0,0,0,0,53,0,3,34,4,0,0,0
2200,7.814,0,60,0,0,0,0,0,53,0,3,34,4,0,0,0
2201,24.061,0,60,0,0,0,0,0,53,0,3,34,4,0,0,0
2202,0.728,0,60,0,0,0,0,0,53,0,3,34,4,0,0,0
2203,0.678,0,60,0,0,0,0,0,53,0,3,34,4,0,0,0
2204,6.742,0,60,0,0,0,0,0,53,0,3,34,4,0,0,0
2205,25.159,0,60,0,0,0,0,0,53,0,3,34,4,0,0,0
2206,0.817,0,60,0,0,0,0,0,53,0,3,34,4,0,0,0
2207,0.667,0,60,0,0,0,0,0,53,0,3,34,4,0,0,0
2208,6.952,0,60,0,0,0,0,0,53,0,3,34,4,0,0,0
2209,25.053,0,60,0,0,0,0,0,53,0,3,34,4,0,0,0
2210,0.876,0,60,0,0,0,0,0,53,0,3,34,4,0,0,0
2211,0.719,0,60,0,0,0,0,0,53,0,3,34,4,0,0,0
2212,6.505,0,60,0,0,0,0,0,53,0,3,34,4,0,0,0
2213,25.157,0,60,0,0,0,0,0,53,0,3,34,4,0,0,0
2214,0.739,0,60,0,0,0,0,0,53,0,3,34,4,0,0,0
2215,0.677,0,60,0,0,0,0,0,53,0,3,34,4,0,0,0
2216,7.848,0,60,0,0,0,0,0,53,0,3,34,4,0,0,0
2217,24.043,0,60,0,0,0,0,0,53,0,3,34,4,0,0,0
2218,1.039,0,60,0,0,0,0,0,53,0,3,34,4,0,0,0
2219,0.677,0,60,0,0,0,0,0,53,0,3,34,4,0,0,0
2220,6.563,0,60,0,0,0,0,0,53,0,3,34,4,0,0,0
2221,25.116,0,60,0,0,0,0,0,53,0,3,34,4,0,0,0
2222,0.797,0,60,0,0,0,0,0,53,0,3,34,4,0,0,0
2223,1.272,0,60,0,0,0,0,0,53,0,3,34,4,0,0,0
2224,6.036,0,60,0,0,0,0,0,53,0,3,34,4,0,0,0
2225,25.083,0,60,0,0,0,0,0,53,0,3,34,4,0,0,0
2226,0.966,0,60,0,0,0,0,0,53,0,3,34,4,0,0,0
2227,0.635,0,60,0,0,0,0,0,53,0,3,34,4,0,0,0
2228,6.586,0,60,0,0,0,0,0,53,0,3,34,4,0,0,0
2229,25.171,0,60,0,0,0,0,0,53,0,3,34,4,0,0,0
2230,0.750,0,60,0,0,0,0,0,53,0,3,34,4,0,0,0
2231,0.700,0,60,0,0,0,0,0,53,0,3,34,4,0,0,0
2232,7.085,0,60,0,0,0,0,0,53,0,3,34,4,0,0,0
2233,24.917,0,60,0,0,0,0,0,53,0,3,34,4,0,0,0
2234,0.788,0,60,0,0,0,0,0,53,0,3,34,4,0,0,0
2235,0.699,0,60,0,0,0,0,0,53,0,3,34,4,0,0,0
2236,6.678,0,60,0,0,0,0,0,53,0,3,34,4,0,0,0
2237,25.194,0,60,0,0,0,0,0,53,0,3,34,4,0,0,0
2238,0.818,0,60,0,0,0,0,0,53,0,3,34,4,0,0,0
2239,0.702,0,60,0,0,0,0,0,53,0,3,34,4,0,0,0
2240,7.068,0,60,0,0,0,0,0,53,0,3,34,4,0,0,0
2241,24.575,0,60,0,0,0,0,0,53,0,3,34,4,0,0,0
2242,0.839,0,60,0,0,0,0,0,53,0,3,34,4,0,0,0
2243,0.678,0,60,0,0,0,0,0,53,0,3,34,4,0,0,0
2244,6.827,0,60,0,0,0,0,0,53,0,3,34,4,0,0,0
2245,25.198,0,60,0,0,0,0,0,53,0,3,34,4,0,0,0
2246,0.898,0,60,0,0,0,0,0,53,0,3,34,4,0,0,0
2247,0.732,0,60,0,0,0,0,0,53,0,3,34,4,0,0,0
2248,6.927,0,60,0,0,0,0,0,53,0,3,34,4,0,0,0
2249,24.790,0,60,0,0,0,0,0,53,0,3,34,4,0,0,0
2250,0.778,0,60,0,0,0,0,0,53,0,3,34,4,0,0,0
2251,1.219,0,60,0,0,0,0,0,53,0,3,34,4,0,0,0
2252,6.059,0,60,0,0,0,0,0,53,0,3,34,4,0,0,0
2253,25.042,0,60,0,0,0,0,0,53,0,3,34,4,0,0,0
2254,0.906,0,60,0,0,0,0,0,53,0,3,34,4,0,0,0
2255,0.659,0,60,0,0,0,0,0,53,0,3,34,4,0,0,0
2256,7.282,0,60,0,0,0,0,0,53,0,3,34,4,0,0,0
2257,24.413,0,60,0,0,0,0,0,53,0,3,34,4,0,0,0
2258,0.968,0,60,0,0,0,0,0,53,0,3,34,4,0,0,0
2259,0.656,0,60,0,0,0,0,0,53,0,3,34,4,0,0,0
2260,6.605,0,60,0,0,0,0,0,53,0,3,34,4,0,0,0
2261,25.370,0,60,0,0,0,0,0,53,0,3,34,4,0,0,0
2262,0.864,0,60,0,0,0,0,0,53,0,3,34,4,0,0,0
2263,0.677,0,60,0,0,0,0,0,53,0,3,34,4,0,0,0
2264,6.634,0,60,0,0,0,0,0,53,0,3,34,4,0,0,0
2265,25.043,0,60,0,0,0,0,0,53,0,3,34,4,0,0,0
2266,0.802,0,60,0,0,0,0,0,53,0,3,34,4,0,0,0
2267,0.705,0,60,0,0,0,0,0,53,0,3,34,4,0,0,0
2268,6.697,0,60,0,0,0,0,0,53,0,3,34,4,0,0,0
2269,25.225,0,60,0,0,0,0,0,53,0,3,34,4,0,0,0
2270,0.765,0,60,0,0,0,0,0,53,0,3,34,4,0,0,0
2271,0.620,0,60,0,0,0,0,0,53,0,3,34,4,0,0,0
2272,6.826,0,60,0,0,0,0,0,53,0,3,34,4,0,0,0
2273,25.111,0,60,0,0,0,0,0,53,0,3,34,4,0,0,0
2274,0.784,0,60,0,0,0,0,0,53,0,3,34,4,0,0,0
2275,1.235,0,60,0,0,0,0,0,53,0,3,34,4,0,0,0
2276,6.049,0,60,0,0,0,0,0,53,0,3,34,4,0,0,0
2277,25.211,0,60,0,0,0,0,0,53,0,3,34,4,0,0,0
2278,0.926,0,60,0,0,0,0,0,53,0,3,34,4,0,0,0
2279,0.739,0,60,0,0,0,0,0,53,0,3,34,4,0,0,0
2280,6.472,0,60,0,0,0,0,0,53,0,3,34,4,0,0,0
2281,25.088,0,60,0,0,0,0,0,53,0,3,34,4,0,0,0
2282,0.890,0,60,0,0,0,0,0,53,0,3,34,4,0,0,0
2283,0.679,0,60,0,0,0,0,0,53,0,3,34,4,0,0,0
2284,6.534,0,60,0,0,0,0,0,53,0,3,34,4,0,0,0
2285,25.199,0,60,0,0,0,0,0,53,0,3,34,4,0,0,0
2286,0.810,0,60,0,0,0,0,0,53,0,3,34,4,0,0,0
2287,0.676,0,60,0,0,0,0,0,53,0,3,34,4,0,0,0
2288,6.691,0,60,0,0,0,0,0,53,0,3,34,4,0,0,0
2289,25.127,0,60,0,0,0,0,0,53,0,3,34,4,0,0,0
2290,0.816,0,60,0,0,0,0,0,53,0,3,34,4,0,0,0
2291,0.670,0,60,0,0,0,0,0,53,0,3,34,4,0,0,0
2292,6.793,0,60,0,0,0,0,0,53,0,3,34,4,0,0,0
2293,25.085,0,60,0,0,0,0,0,53,0,3,34,4,0,0,0
2294,0.821,0,60,0,0,0,0,0,53,0,3,34,4,0,0,0
2295,0.828,0,60,0,0,0,0,0,53,0,3,34,4,0,0,0
2296,7.067,0,60,0,0,0,0,0,53,0,3,34,4,0,0,0
2297,24.673,0,60,0,0,0,0,0,53,0,3,34,4,0,0,0
2298,0.843,0,60,0,0,0,0,0,53,0,3,34,4,0,0,0
2299,0.720,0,60,0,0,0,0,0,53,0,3,34,4,0,0,0
2300,6.669,0,60,0,0,0,0,0,53,0,3,34,4,0,0,0
2301,25.087,0,60,0,0,0,0,0,53,0,3,34,4,0,0,0
2302,0.802,0,60,0,0,0,0,0,53,0,3,34,4,0,0,0
2303,0.733,0,60,0,0,0,0,0,53,0,3,34,4,0,0,0
2304,6.775,0,60,0,0,0,0,0,53,0,3,34,4,0,0,0
2305,25.063,0,60,0,0,0,0,0,53,0,3,34,4,0,0,0
2306,0.943,0,60,0,0,0,0,0,53,0,3,34,4,0,0,0
2307,0.750,0,60,0,0,0,0,0,53,0,3,34,4,0,0,0
2308,6.289,0,60,0,0,0,0,0,53,0,3,34,4,0,0,0
2309,25.424,0,60,0,0,0,0,0,53,0,3,34,4,0,0,0
2310,0.880,0,60,0,0,0,0,0,53,0,3,34,4,0,0,0
2311,0.747,0,60,0,0,0,0,0,53,0,3,34,4,0,0,0
2312,6.930,0,60,0,0,0,0,0,53,0,3,34,4,0,0,0
2313,24.744,0,60,0,0,0,0,0,53,0,3,34,4,0,0,0
2314,0.795,0,60,0,0,0,0,0,53,0,3,34,4,0,0,0
2315,0.592,0,60,0,0,0,0,0,53,0,3,34,4,0,0,0
2316,6.717,0,60,0,0,0,0,0,53,0,3,34,4,0,0,0
2317,25.251,0,60,0,0,0,0,0,53,0,3,34,4,0,0,0
2318,1.065,0,60,0,0,0,0,0,53,0,3,34,4,0,0,0
2319,0.789,0,60,0,0,0,0,0,53,0,3,34,4,0,0,0
2320,7.089,0,60,0,0,0,0,0,53,0,3,34,4,0,0,0
2321,24.272,0,60,0,0,0,0,0,53,0,3,34,4,0,0,0
2322,0.743,0,60,0,0,0,0,0,53,0,3,34,4,0,0,0
2323,0.701,0,60,0,0,0,0,0,53,0,3,34,4,0,0,0
2324,6.845,0,60,0,0,0,0,0,53,0,3,34,4,0,0,0
2325,25.035,0,60,0,0,0,0,0,53,0,3,34,4,0,0,0
2326,0.771,0,60,0,0,0,0,0,53,0,3,34,4,0,0,0
2327,0.688,0,60,0,0,0,0,0,53,0,3,34,4,0,0,0
2328,7.239,0,60,0,0,0,0,0,53,0,3,34,4,0,0,0
2329,24.673,0,60,0,0,0,0,0,53,0,3,34,4,0,0,0
2330,0.922,0,60,0,0,0,0,0,53,0,3,34,4,0,0,0
2331,0.591,0,60,0,0,0,0,0,53,0,3,34,4,0,0,0
2332,6.604,0,60,0,0,0,0,0,53,0,3,34,4,0,0,0
2333,25.267,0,60,0,0,0,0,0,53,0,3,34,4,0,0,0
2334,0.947,0,60,0,0,0,0,0,53,0,3,34,4,0,0,0
2335,0.900,0,60,0,0,0,0,0,53,0,3,34,4,0,0,0
2336,6.162,0,60,0,0,0,0,0,53,0,3,34,4,0,0,0
2337,25.302,0,60,0,0,0,0,0,53,0,3,34,4,0,0,0
2338,0.753,0,60,0,0,0,0,0,53,0,3,34,4,0,0,0
2339,0.608,0,60,0,0,0,0,0,53,0,3,34,4,0,0,0
2340,6.642,0,60,0,0,0,0,0,53,0,3,34,4,0,0,0
2341,25.190,0,60,0,0,0,0,0,53,0,3,34,4,0,0,0
2342,0.822,0,60,0,0,0,0,0,53,0,3,34,4,0,0,0
2343,0.678,0,60,0,0,0,0,0,53,0,3,34,4,0,0,0
2344,6.680,0,60,0,0,0,0,0,53,0,3,34,4,0,0,0
2345,25.295,0,60,0,0,0,0,0,53,0,3,34,4,0,0,0
2346,0.892,0,60,0,0,0,0,0,53,0,3,34,4,0,0,0
2347,0.665,0,60,0,0,0,0,0,53,0,3,34,4,0,0,0
2348,6.609,0,60,0,0,0,0,0,53,0,3,34,4,0,0,0
2349,25.129,0,60,0,0,0,0,0,53,0,3,34,4,0,0,0
2350,0.917,0,60,0,0,0,0,0,53,0,3,34,4,0,0,0
2351,0.864,0,60,0,0,0,0,0,53,0,3,34,4,0,0,0
2352,6.665,0,60,0,0,0,0,0,53,0,3,34,4,0,0,0
2353,25.101,0,60,0,0,0,0,0,53,0,3,34,4,0,0,0
2354,0.931,0,60,0,0,0,0,0,53,0,3,34,4,0,0,0
2355,0.764,0,60,0,0,0,0,0,53,0,3,34,4,0,0,0
2356,6.243,0,60,0,0,0,0,0,53,0,3,34,4,0,0,0
2357,25.519,0,60,0,0,0,0,0,53,0,3,34,4,0,0,0
2358,0.952,0,60,0,0,0,0,0,53,0,3,34,4,0,0,0
2359,1.311,0,60,0,0,0,0,0,53,0,3,34,4,0,0,0
2360,5.597,0,60,0,0,0,0,0,53,0,3,34,4,0,0,0
2361,25.207,0,60,0,0,0,0,0,53,0,3,34,4,0,0,0
2362,0.966,0,60,0,0,0,0,0,53,0,3,34,4,0,0,0
2363,0.626,0,60,0,0,0,0,0,53,0,3,34,4,0,0,0
2364,6.680,0,60,0,0,0,0,0,53,0,3,34,4,0,0,0
2365,25.060,0,60,0,0,0,0,0,53,0,3,34,4,0,0,0
2366,0.800,0,60,0,0,0,0,0,53,0,3,34,4,0,0,0
2367,0.755,0,60,0,0,0,0,0,53,0,3,34,4,0,0,0
2368,6.970,0,60,0,0,0,0,0,53,0,3,34,4,0,0,0
2369,24.778,0,60,0,0,0,0,0,53,0,3,34,4,0,0,0
2370,0.773,0,60,0,0,0,0,0,53,0,3,34,4,0,0,0
2371,0.723,0,60,0,0,0,0,0,53,0,3,34,4,0,0,0
2372,6.703,0,60,0,0,0,0,0,53,0,3,34,4,0,0,0
2373,25.110,0,60,0,0,0,0,0,53,0,3,34,4,0,0,0
2374,0.755,0,60,0,0,0,0,0,53,0,3,34,4,0,0,0
2375,0.622,0,60,0,0,0,0,0,53,0,3,34,4,0,0,0
2376,6.736,0,60,0,0,0,0,0,53,0,3,34,4,0,0,0
2377,25.114,0,60,0,0,0,0,0,53,0,3,34,4,0,0,0
2378,0.830,0,60,0,0,0,0,0,53,0,3,34,4,0,0,0
2379,0.758,0,60,0,0,0,0,0,53,0,3,34,4,0,0,0
2380,6.613,0,60,0,0,0,0,0,53,0,3,34,4,0,0,0
2381,25.057,0,60,0,0,0,0,0,53,0,3,34,4,0,0,0
2382,0.915,0,60,0,0,0,0,0,53,0,3,34,4,0,0,0
2383,0.638,0,60,0,0,0,0,0,53,0,3,34,4,0,0,0
2384,6.762,0,60,0,0,0,0,0,53,0,3,34,4,0,0,0
2385,25.300,0,60,0,0,0,0,0,53,0,3,34,4,0,0,0
2386,0.801,0,60,0,0,0,0,0,53,0,3,34,4,0,0,0
2387,1.581,0,60,0,0,0,0,0,53,0,3,34,4,0,0,0
2388,5.490,0,60,0,0,0,0,0,53,0,3,34,4,0,0,0
2389,25.229,0,60,0,0,0,0,0,53,0,3,34,4,0,0,0
2390,0.874,0,60,0,0,0,0,0,53,0,3,34,4,0,0,0
2391,0.756,0,60,0,0,0,0,0,53,0,3,34,4,0,0,0
2392,7.162,0,60,0,0,0,0,0,53,0,3,34,4,0,0,0
2393,24.571,0,60,0,0,0,0,0,53,0,3,34,4,0,0,0
2394,0.732,0,60,0,0,0,0,0,53,0,3,34,4,0,0,0
2395,0.700,0,60,0,0,0,0,0,53,0,3,34,4,0,0,0
2396,6.626,0,60,0,0,0,0,0,53,0,3,34,4,0,0,0
2397,25.356,0,60,0,0,0,0,0,53,0,3,34,4,0,0,0
2398,0.795,0,60,0,0,0,0,0,53,0,3,34,4,0,0,0
2399,0.674,0,60,0,0,0,0,0,53,0,3,34,4,0,0,0
2400,7.448,0,60,0,0,0,0,0,53,0,3,34,4,0,0,0
2401,24.429,0,60,0,0,0,0,0,53,0,3,34,4,0,0,0
2402,0.824,0,60,0,0,0,0,0,53,0,3,34,4,0,0,0
2403,0.763,0,60,0,0,0,0,0,53,0,3,34,4,0,0,0
2404,6.663,0,60,0,0,0,0,0,53,0,3,34,4,0,0,0
2405,26.178,0,60,0,0,0,0,0,53,0,3,34,4,0,0,0
2406,0.940,0,60,0,0,0,0,0,53,0,3,34,4,0,0,0
2407,0.863,0,60,0,0,0,0,0,53,0,3,34,4,0,0,0
2408,5.351,0,60,0,0,0,0,0,53,0,3,34,4,0,0,0
2409,24.987,0,60,0,0,0,0,0,53,0,3,34,4,0,0,0
2410,0.877,0,60,0,0,0,0,0,53,0,3,34,4,0,0,0
2411,0.815,0,60,0,0,0,0,0,53,0,3,34,4,0,0,0
2412,6.439,0,60,0,0,0,0,0,53,0,3,34,4,0,0,0
2413,25.319,0,60,0,0,0,0,0,53,0,3,34,4,0,0,0
2414,0.803,0,60,0,0,0,0,0,53,0,3,34,4,0,0,0
2415,1.793,0,60,0,0,0,0,0,53,0,3,34,4,0,0,0
2416,5.960,0,60,0,0,0,0,0,53,0,3,34,4,0,0,0
2417,24.748,0,60,0,0,0,0,0,53,0,3,34,4,0,0,0
2418,0.893,0,60,0,0,0,0,0,53,0,3,34,4,0,0,0
2419,0.704,0,60,0,0,0,0,0,53,0,3,34,4,0,0,0
2420,6.334,0,60,0,0,0,0,0,53,0,3,34,4,0,0,0
2421,25.405,0,60,0,0,0,0,0,53,0,3,34,4,0,0,0
2422,0.813,0,60,0,0,0,0,0,53,0,3,34,4,0,0,0
2423,0.627,0,60,0,0,0,0,0,53,0,3,34,4,0,0,0
2424,7.844,0,60,0,0,0,0,0,53,0,3,34,4,0,0,0
2425,23.900,0,60,0,0,0,0,0,53,0,3,34,4,0,0,0
2426,0.820,0,60,0,0,0,0,0,53,0,3,34,4,0,0,0
2427,0.696,0,60,0,0,0,0,0,53,0,3,34,4,0,0,0
2428,6.704,0,60,0,0,0,0,0,53,0,3,34,4,0,0,0
2429,25.125,0,60,0,0,0,0,0,53,0,3,34,4,0,0,0
2430,0.801,0,60,0,0,0,0,0,53,0,3,34,4,0,0,0
2431,0.626,0,60,0,0,0,0,0,53,0,3,34,4,0,0,0
2432,7.412,0,60,0,0,0,0,0,53,0,3,34,4,0,0,0
2433,24.506,0,60,0,0,0,0,0,53,0,3,34,4,0,0,0
2434,0.820,0,60,0,0,0,0,0,53,0,3,34,4,0,0,0
2435,0.568,0,60,0,0,0,0,0,53,0,3,34,4,0,0,0
2436,6.789,0,60,0,0,0,0,0,53,0,3,34,4,0,0,0
2437,25.119,0,60,0,0,0,0,0,53,0,3,34,4,0,0,0
2438,0.776,0,60,0,0,0,0,0,53,0,3,34,4,0,0,0
2439,0.658,0,60,0,0,0,0,0,53,0,3,34,4,0,0,0
2440,6.895,0,60,0,0,0,0,0,53,0,3,34,4,0,0,0
2441,30.529,0,60,0,0,0,0,0,53,0,3,34,4,0,0,0
2442,3.341,0,60,0,0,0,0,0,53,0,3,34,4,0,0,0
2443,9.292,0,60,0,0,0,0,0,53,0,3,34,4,0,0,0
2444,3.421,0,60,0,0,0,0,0,53,0,3,34,4,0,0,0
2445,11.908,0,60,0,0,0,0,0,53,0,3,34,4,0,0,0
2446,8.491,0,60,0,0,0,0,0,53,0,3,34,4,0,0,0
2447,1.018,0,60,0,0,0,0,0,53,0,3,34,4,0,0,0
2448,0.726,0,60,0,0,0,0,0,53,0,3,34,4,0,0,0
2449,14.803,0,60,0,0,0,0,0,53,0,3,34,4,0,0,0
2450,0.859,0,60,0,0,0,0,0,53,0,3,34,4,0,0,0
2451,7.330,0,60,0,0,0,0,0,53,0,3,34,4,0,0,0
2452,8.409,0,60,0,0,0,0,0,53,0,3,34,4,0,0,0
2453,25.028,0,60,0,0,0,0,0,53,0,3,34,4,0,0,0
2454,0.814,0,60,0,0,0,0,0,53,0,3,34,4,0,0,0
2455,0.813,0,60,0,0,0,0,0,53,0,3,34,4,0,0,0
2456,6.679,0,60,0,0,0,0,0,53,0,3,34,4,0,0,0
2457,25.037,0,60,0,0,0,0,0,53,0,3,34,4,0,0,0
2458,0.800,0,60,0,0,0,0,0,53,0,3,34,4,0,0,0
2459,0.687,0,60,0,0,0,0,0,53,0,3,34,4,0,0,0
2460,6.859,0,60,0,0,0,0,0,53,0,3,34,4,0,0,0
2461,24.904,0,60,0,0,0,0,0,53,0,3,34,4,0,0,0
2462,0.799,0,60,0,0,0,0,0,53,0,3,34,4,0,0,0
2463,0.695,0,60,0,0,0,0,0,53,0,3,34,4,0,0,0
2464,6.802,0,60,0,0,0,0,0,53,0,3,34,4,0,0,0
2465,24.909,0,60,0,0,0,0,0,53,0,3,34,4,0,0,0
2466,0.808,0,60,0,0,0,0,0,53,0,3,34,4,0,0,0
2467,0.651,0,60,0,0,0,0,0,53,0,3,34,4,0,0,0
2468,6.834,0,60,0,0,0,0,0,53,0,3,34,4,0,0,0
2469,25.248,0,60,0,0,0,0,0,53,0,3,34,4,0,0,0
2470,0.795,0,60,0,0,0,0,0,53,0,3,34,4,0,0,0
2471,0.632,0,60,0,0,0,0,0,53,0,3,34,4,0,0,0
2472,6.620,0,60,0,0,0,0,0,53,0,3,34,4,0,0,0
2473,25.109,0,60,0,0,0,0,0,53,0,3,34,4,0,0,0
2474,0.844,0,60,0,0,0,0,0,53,0,3,34,4,0,0,0
2475,0.692,0,60,0,0,0,0,0,53,0,3,34,4,0,0,0
2476,6.703,0,60,0,0,0,0,0,53,0,3,34,4,0,0,0
2477,25.102,0,60,0,0,0,0,0,53,0,3,34,4,0,0,0
2478,0.820,0,60,0,0,0,0,0,53,0,3,34,4,0,0,0
2479,0.746,0,60,0,0,0,0,0,53,0,3,34,4,0,0,0
2480,7.140,0,60,0,0,0,0,0,53,0,3,34,4,0,0,0
2481,24.802,0,60,0,0,0,0,0,53,0,3,34,4,0,0,0
2482,0.745,0,60,0,0,0,0,0,53,0,3,34,4,0,0,0
2483,0.782,0,60,0,0,0,0,0,53,0,3,34,4,0,0,0
2484,6.571,0,60,0,0,0,0,0,53,0,3,34,4,0,0,0
2485,25.121,0,60,0,0,0,0,0,53,0,3,34,4,0,0,0
2486,0.714,0,60,0,0,0,0,0,53,0,3,34,4,0,0,0
2487,0.743,0,60,0,0,0,0,0,53,0,3,34,4,0,0,0
2488,7.445,0,60,0,0,0,0,0,53,0,3,34,4,0,0,0
2489,24.356,0,60,0,0,0,0,0,53,0,3,34,4,0,0,0
2490,0.839,0,60,0,0,0,0,0,53,0,3,34,4,0,0,0
2491,0.677,0,60,0,0,0,0,0,53,0,3,34,4,0,0,0
2492,6.790,0,60,0,0,0,0,0,53,0,3,34,4,0,0,0
2493,25.132,0,60,0,0,0,0,0,53,0,3,34,4,0,0,0
2494,0.836,0,60,0,0,0,0,0,53,0,3,34,4,0,0,0
2495,0.784,0,60,0,0,0,0,0,53,0,3,34,4,0,0,0
2496,6.509,0,60,0,0,0,0,0,53,0,3,34,4,0,0,0
2497,25.272,0,60,0,0,0,0,0,53,0,3,34,4,0,0,0
2498,0.777,0,60,0,0,0,0,0,53,0,3,34,4,0,0,0
2499,0.732,0,60,0,0,0,0,0,53,0,3,34,4,0,0,0
2500,6.496,0,60,0,0,0,0,0,53,0,3,34,4,0,0,0
2501,25.135,0,60,0,0,0,0,0,53,0,3,34,4,0,0,0
2502,0.830,0,60,0,0,0,0,0,53,0,3,34,4,0,0,0
2503,0.674,0,60,0,0,0,0,0,53,0,3,34,4,0,0,0
2504,7.170,0,60,0,0,0,0,0,53,0,3,34,4,0,0,0
2505,24.689,0,60,0,0,0,0,0,53,0,3,34,4,0,0,0
2506,0.825,0,60,0,0,0,0,0,53,0,3,34,4,0,0,0
2507,0.710,0,60,0,0,0,0,0,53,0,3,34,4,0,0,0
2508,6.699,0,60,0,0,0,0,0,53,0,3,34,4,0,0,0
2509,25.108,0,60,0,0,0,0,0,53,0,3,34,4,0,0,0
2510,0.771,0,60,0,0,0,0,0,53,0,3,34,4,0,0,0
2511,0.667,0,60,0,0,0,0,0,53,0,3,34,4,0,0,0
2512,6.855,0,60,0,0,0,0,0,53,0,3,34,4,0,0,0
2513,24.994,0,60,0,0,0,0,0,53,0,3,34,4,0,0,0
2514,0.812,0,60,0,0,0,0,0,53,0,3,34,4,0,0,0
2515,0.669,0,60,0,0,0,0,0,53,0,3,34,4,0,0,0
2516,6.788,0,60,0,0,0,0,0,53,0,3,34,4,0,0,0
2517,25.233,0,60,0,0,0,0,0,53,0,3,34,4,0,0,0
2518,0.863,0,60,0,0,0,0,0,53,0,3,34,4,0,0,0
2519,0.643,0,60,0,0,0,0,0,53,0,3,34,4,0,0,0
2520,6.674,0,60,0,0,0,0,0,53,0,3,34,4,0,0,0
2521,25.072,0,60,0,0,0,0,0,53,0,3,34,4,0,0,0
2522,0.805,0,60,0,0,0,0,0,53,0,3,34,4,0,0,0
2523,1.619,0,60,0,0,0,0,0,53,0,3,34,4,0,0,0
2524,5.737,0,60,0,0,0,0,0,53,0,3,34,4,0,0,0
2525,25.170,0,60,0,0,0,0,0,53,0,3,34,4,0,0,0
2526,0.790,0,60,0,0,0,0,0,53,0,3,34,4,0,0,0
2527,0.644,0,60,0,0,0,0,0,53,0,3,34,4,0,0,0
2528,6.750,0,60,0,0,0,0,0,53,0,3,34,4,0,0,0
2529,25.049,0,60,0,0,0,0,0,53,0,3,34,4,0,0,0
2530,0.750,0,60,0,0,0,0,0,53,0,3,34,4,0,0,0
2531,0.592,0,60,0,0,0,0,0,53,0,3,34,4,0,0,0
2532,6.772,0,60,0,0,0,0,0,53,0,3,34,4,0,0,0
2533,25.332,0,60,0,0,0,0,0,53,0,3,34,4,0,0,0
2534,0.788,0,60,0,0,0,0,0,53,0,3,34,4,0,0,0
2535,0.752,0,60,0,0,0,0,0,53,0,3,34,4,0,0,0
2536,6.604,0,60,0,0,0,0,0,53,0,3,34,4,0,0,0
2537,25.226,0,60,0,0,0,0,0,53,0,3,34,4,0,0,0
2538,0.894,0,60,0,0,0,0,0,53,0,3,34,4,0,0,0
2539,0.694,0,60,0,0,0,0,0,53,0,3,34,4,0,0,0
2540,6.580,0,60,0,0,0,0,0,53,0,3,34,4,0,0,0
2541,25.190,0,60,0,0,0,0,0,53,0,3,34,4,0,0,0
2542,0.900,0,60,0,0,0,0,0,53,0,3,34,4,0,0,0
2543,0.743,0,60,0,0,0,0,0,53,0,3,34,4,0,0,0
2544,6.457,0,60,0,0,0,0,0,53,0,3,34,4,0,0,0
2545,24.985,0,60,0,0,0,0,0,53,0,3,34,4,0,0,0
2546,0.810,0,60,0,0,0,0,0,53,0,3,34,4,0,0,0
2547,0.642,0,60,0,0,0,0,0,53,0,3,34,4,0,0,0
2548,6.955,0,60,0,0,0,0,0,53,0,3,34,4,0,0,0
2549,25.120,0,60,0,0,0,0,0,53,0,3,34,4,0,0,0
2550,0.962,0,60,0,0,0,0,0,53,0,3,34,4,0,0,0
2551,0.783,0,60,0,0,0,0,0,53,0,3,34,4,0,0,0
2552,6.437,0,60,0,0,0,0,0,53,0,3,34,4,0,0,0
2553,25.171,0,60,0,0,0,0,0,53,0,3,34,4,0,0,0
2554,0.812,0,60,0,0,0,0,0,53,0,3,34,4,0,0,0
2555,0.907,0,60,0,0,0,0,0,53,0,3,34,4,0,0,0
2556,6.325,0,60,0,0,0,0,0,53,0,3,34,4,0,0,0
2557,25.175,0,60,0,0,0,0,0,53,0,3,34,4,0,0,0
2558,0.794,0,60,0,0,0,0,0,53,0,3,34,4,0,0,0
2559,0.619,0,60,0,0,0,0,0,53,0,3,34,4,0,0,0
2560,6.955,0,60,0,0,0,0,0,53,0,3,34,4,0,0,0
2561,24.956,0,60,0,0,0,0,0,53,0,3,34,4,0,0,0
2562,0.829,0,60,0,0,0,0,0,53,0,3,34,4,0,0,0
2563,0.753,0,60,0,0,0,0,0,53,0,3,34,4,0,0,0
2564,6.545,0,60,0,0,0,0,0,53,0,3,34,4,0,0,0
2565,25.205,0,60,0,0,0,0,0,53,0,3,34,4,0,0,0
2566,0.765,0,60,0,0,0,0,0,53,0,3,34,4,0,0,0
2567,0.678,0,60,0,0,0,0,0,53,0,3,34,4,0,0,0
2568,7.341,0,60,0,0,0,0,0,53,0,3,34,4,0,0,0
2569,24.566,0,60,0,0,0,0,0,53,0,3,34,4,0,0,0
2570,0.742,0,60,0,0,0,0,0,53,0,3,34,4,0,0,0
2571,0.706,0,60,0,0,0,0,0,53,0,3,34,4,0,0,0
2572,6.970,0,60,0,0,0,0,0,53,0,3,34,4,0,0,0
2573,24.919,0,60,0,0,0,0,0,53,0,3,34,4,0,0,0
2574,0.815,0,60,0,0,0,0,0,53,0,3,34,4,0,0,0
2575,0.702,0,60,0,0,0,0,0,53,0,3,34,4,0,0,0
2576,6.610,0,60,0,0,0,0,0,53,0,3,34,4,0,0,0
2577,25.184,0,60,0,0,0,0,0,53,0,3,34,4,0,0,0
2578,0.819,0,60,0,0,0,0,0,53,0,3,34,4,0,0,0
2579,0.672,0,60,0,0,0,0,0,53,0,3,34,4,0,0,0
2580,6.652,0,60,0,0,0,0,0,53,0,3,34,4,0,0,0
2581,25.323,0,60,0,0,0,0,0,53,0,3,34,4,0,0,0
2582,0.797,0,60,0,0,0,0,0,53,0,3,34,4,0,0,0
2583,1.611,0,60,0,0,0,0,0,53,0,3,34,4,0,0,0
2584,5.635,0,60,0,0,0,0,0,53,0,3,34,4,0,0,0
2585,25.211,0,60,0,0,0,0,0,53,0,3,34,4,0,0,0
2586,0.833,0,60,0,0,0,0,0,53,0,3,34,4,0,0,0
2587,0.660,0,60,0,0,0,0,0,53,0,3,34,4,0,0,0
2588,6.600,0,60,0,0,0,0,0,53,0,3,34,4,0,0,0
2589,25.251,0,60,0,0,0,0,0,53,0,3,34,4,0,0,0
2590,0.897,0,60,0,0,0,0,0,53,0,3,34,4,0,0,0
2591,0.634,0,60,0,0,0,0,0,53,0,3,34,4,0,0,0
2592,7.046,0,60,0,0,0,0,0,53,0,3,34,4,0,0,0
2593,24.667,0,60,0,0,0,0,0,53,0,3,34,4,0,0,0
2594,0.753,0,60,0,0,0,0,0,53,0,3,34,4,0,0,0
2595,0.667,0,60,0,0,0,0,0,53,0,3,34,4,0,0,0
2596,6.730,0,60,0,0,0,0,0,53,0,3,34,4,0,0,0
2597,25.187,0,60,0,0,0,0,0,53,0,3,34,4,0,0,0
2598,0.809,0,60,0,0,0,0,0,53,0,3,34,4,0,0,0
2599,0.684,0,60,0,0,0,0,0,53,0,3,34,4,0,0,0
2600,6.755,0,60,0,0,0,0,0,53,0,3,34,4,0,0,0
2601,25.133,0,60,0,0,0,0,0,53,0,3,34,4,0,0,0
2602,0.875,0,60,0,0,0,0,0,53,0,3,34,4,0,0,0
2603,0.691,0,60,0,0,0,0,0,53,0,3,34,4,0,0,0
2604,6.504,0,60,0,0,0,0,0,53,0,3,34,4,0,0,0
2605,25.267,0,60,0,0,0,0,0,53,0,3,34,4,0,0,0
2606,0.829,0,60,0,0,0,0,0,53,0,3,34,4,0,0,0
2607,0.640,0,60,0,0,0,0,0,53,0,3,34,4,0,0,0
2608,7.558,0,60,0,0,0,0,0,53,0,3,34,4,0,0,0
2609,24.360,0,60,0,0,0,0,0,53,0,3,34,4,0,0,0
2610,0.817,0,60,0,0,0,0,0,53,0,3,34,4,0,0,0
2611,1.112,0,60,0,0,0,0,0,53,0,3,34,4,0,0,0
2612,6.175,0,60,0,0,0,0,0,53,0,3,34,4,0,0,0
2613,25.169,0,60,0,0,0,0,0,53,0,3,34,4,0,0,0
2614,0.763,0,60,0,0,0,0,0,53,0,3,34,4,0,0,0
2615,0.674,0,60,0,0,0,0,0,53,0,3,34,4,0,0,0
2616,6.636,0,60,0,0,0,0,0,53,0,3,34,4,0,0,0
2617,25.269,0,60,0,0,0,0,0,53,0,3,34,4,0,0,0
2618,0.779,0,60,0,0,0,0,0,53,0,3,34,4,0,0,0
2619,0.626,0,60,0,0,0,0,0,53,0,3,34,4,0,0,0
2620,6.748,0,60,0,0,0,0,0,53,0,3,34,4,0,0,0
2621,25.182,0,60,0,0,0,0,0,53,0,3,34,4,0,0,0
2622,0.811,0,60,0,0,0,0,0,53,0,3,34,4,0,0,0
2623,0.671,0,60,0,0,0,0,0,53,0,3,34,4,0,0,0
2624,6.723,0,60,0,0,0,0,0,53,0,3,34,4,0,0,0
2625,25.110,0,60,0,0,0,0,0,53,0,3,34,4,0,0,0
2626,0.780,0,60,0,0,0,0,0,53,0,3,34,4,0,0,0
2627,0.585,0,60,0,0,0,0,0,53,0,3,34,4,0,0,0
2628,6.791,0,60,0,0,0,0,0,53,0,3,34,4,0,0,0
2629,25.263,0,60,0,0,0,0,0,53,0,3,34,4,0,0,0
2630,0.763,0,60,0,0,0,0,0,53,0,3,34,4,0,0,0
2631,0.649,0,60,0,0,0,0,0,53,0,3,34,4,0,0,0
2632,6.752,0,60,0,0,0,0,0,53,0,3,34,4,0,0,0
2633,25.105,0,60,0,0,0,0,0,53,0,3,34,4,0,0,0
2634,0.825,0,60,0,0,0,0,0,53,0,3,34,4,0,0,0
2635,0.706,0,60,0,0,0,0,0,53,0,3,34,4,0,0,0
2636,6.511,0,60,0,0,0,0,0,53,0,3,34,4,0,0,0
2637,25.354,0,60,0,0,0,0,0,53,0,3,34,4,0,0,0
2638,0.826,0,60,0,0,0,0,0,53,0,3,34,4,0,0,0
2639,1.286,0,60,0,0,0,0,0,53,0,3,34,4,0,0,0
2640,6.456,0,60,0,0,0,0,0,53,0,3,34,4,0,0,0
2641,24.651,0,60,0,0,0,0,0,53,0,3,34,4,0,0,0
2642,0.836,0,60,0,0,0,0,0,53,0,3,34,4,0,0,0
2643,0.675,0,60,0,0,0,0,0,53,0,3,34,4,0,0,0
2644,6.610,0,60,0,0,0,0,0,53,0,3,34,4,0,0,0
2645,25.276,0,60,0,0,0,0,0,53,0,3,34,4,0,0,0
2646,0.731,0,60,0,0,0,0,0,53,0,3,34,4,0,0,0
2647,0.775,0,60,0,0,0,0,0,53,0,3,34,4,0,0,0
2648,6.673,0,60,0,0,0,0,0,53,0,3,34,4,0,0,0
2649,25.155,0,60,0,0,0,0,0,53,0,3,34,4,0,0,0
2650,0.783,0,60,0,0,0,0,0,53,0,3,34,4,0,0,0
2651,0.732,0,60,0,0,0,0,0,53,0,3,34,4,0,0,0
2652,6.780,0,60,0,0,0,0,0,53,0,3,34,4,0,0,0
2653,25.138,0,60,0,0,0,0,0,53,0,3,34,4,0,0,0
2654,0.826,0,60,0,0,0,0,0,53,0,3,34,4,0,0,0
2655,0.623,0,60,0,0,0,0,0,53,0,3,34,4,0,0,0
2656,7.000,0,60,0,0,0,0,0,53,0,3,34,4,0,0,0
2657,24.659,0,60,0,0,0,0,0,53,0,3,34,4,0,0,0
2658,0.780,0,60,0,0,0,0,0,53,0,3,34,4,0,0,0
2659,0.732,0,60,0,0,0,0,0,53,0,3,34,4,0,0,0
2660,6.710,0,60,0,0,0,0,0,53,0,3,34,4,0,0,0
2661,25.341,0,60,0,0,0,0,0,53,0,3,34,4,0,0,0
2662,0.918,0,60,0,0,0,0,0,53,0,3,34,4,0,0,0
2663,0.892,0,60,0,0,0,0,0,53,0,3,34,4,0,0,0
2664,6.657,0,60,0,0,0,0,0,53,0,3,34,4,0,0,0
2665,24.842,0,60,0,0,0,0,0,53,0,3,34,4,0,0,0
2666,0.821,0,60,0,0,0,0,0,53,0,3,34,4,0,0,0
2667,1.109,0,60,0,0,0,0,0,53,0,3,34,4,0,0,0
2668,6.058,0,60,0,0,0,0,0,53,0,3,34,4,0,0,0
2669,25.097,0,60,0,0,0,0,0,53,0,3,34,4,0,0,0
2670,0.880,0,60,0,0,0,0,0,53,0,3,34,4,0,0,0
2671,0.695,0,60,0,0,0,0,0,53,0,3,34,4,0,0,0
2672,6.861,0,60,0,0,0,0,0,53,0,3,34,4,0,0,0
2673,24.982,0,60,0,0,0,0,0,53,0,3,34,4,0,0,0
2674,0.932,0,60,0,0,0,0,0,53,0,3,34,4,0,0,0
2675,0.687,0,60,0,0,0,0,0,53,0,3,34,4,0,0,0
2676,6.551,0,60,0,0,0,0,0,53,0,3,34,4,0,0,0
2677,25.176,0,60,0,0,0,0,0,53,0,3,34,4,0,0,0
2678,0.917,0,60,0,0,0,0,0,53,0,3,34,4,0,0,0
2679,0.803,0,60,0,0,0,0,0,53,0,3,34,4,0,0,0
2680,7.038,0,60,0,0,0,0,0,53,0,3,34,4,0,0,0
2681,24.673,0,60,0,0,0,0,0,53,0,3,34,4,0,0,0
2682,0.804,0,60,0,0,0,0,0,53,0,3,34,4,0,0,0
2683,0.621,0,60,0,0,0,0,0,53,0,3,34,4,0,0,0
2684,6.731,0,60,0,0,0,0,0,53,0,3,34,4,0,0,0
2685,25.069,0,60,0,0,0,0,0,53,0,3,34,4,0,0,0
2686,0.801,0,60,0,0,0,0,0,53,0,3,34,4,0,0,0
2687,0.653,0,60,0,0,0,0,0,53,0,3,34,4,0,0,0
2688,6.914,0,60,0,0,0,0,0,53,0,3,34,4,0,0,0
2689,25.014,0,61,0,0,1,0,0,53,0,4,34,4,0,0,0
2690,0.830,0,61,0,0,0,0,0,53,0,4,34,4,0,0,0
2691,1.961,0,61,0,0,0,0,0,53,0,4,34,4,0,0,0
2692,5.375,0,61,0,0,0,0,0,53,0,4,34,4,0,0,0
2693,25.118,0,61,0,0,0,0,0,53,0,4,34,4,0,0,0
2694,0.896,0,61,0,0,0,0,0,53,0,4,34,4,0,0,0
2695,0.624,0,61,0,0,0,0,0,53,0,4,34,4,0,0,0
2696,6.806,0,61,0,0,0,0,0,53,0,4,34,4,0,0,0
2697,25.078,0,61,0,0,0,0,0,53,0,4,34,4,0,0,0
2698,0.834,0,61,0,0,0,0,0,53,0,4,34,4,0,0,0
2699,0.670,0,61,0,0,0,0,0,53,0,4,34,4,0,0,0
2700,6.655,0,61,0,0,0,0,0,53,0,4,34,4,0,0,0
2701,25.070,0,61,0,0,0,0,0,53,0,4,34,4,0,0,0
2702,0.896,0,61,0,0,0,0,0,53,0,4,34,4,0,0,0
2703,0.702,0,61,0,0,0,0,0,53,0,4,34,4,0,0,0
2704,6.700,0,61,0,0,0,0,0,53,0,4,34,4,0,0,0
2705,25.122,0,61,0,0,0,0,0,53,0,4,34,4,0,0,0
2706,0.830,0,61,0,0,0,0,0,53,0,4,34,4,0,0,0
2707,0.844,0,61,0,0,0,0,0,53,0,4,34,4,0,0,0
2708,6.774,0,61,0,0,0,0,0,53,0,4,34,4,0,0,0
2709,24.884,0,61,0,0,0,0,0,53,0,4,34,4,0,0,0
2710,0.846,0,61,0,0,0,0,0,53,0,4,34,4,0,0,0
2711,0.814,0,61,0,0,0,0,0,53,0,4,34,4,0,0,0
2712,7.069,0,61,0,0,0,0,0,53,0,4,34,4,0,0,0
2713,24.633,0,61,0,0,0,0,0,53,0,4,34,4,0,0,0
2714,0.902,0,61,0,0,0,0,0,53,0,4,34,4,0,0,0
2715,0.784,0,61,0,0,0,0,0,53,0,4,34,4,0,0,0
2716,6.626,0,61,0,0,0,0,0,53,0,4,34,4,0,0,0
2717,25.096,0,61,0,0,0,0,0,53,0,4,34,4,0,0,0
2718,0.835,0,61,0,0,0,0,0,53,0,4,34,4,0,0,0
2719,1.333,0,61,0,0,0,0,0,53,0,4,34,4,0,0,0
2720,5.901,0,61,0,0,0,0,0,53,0,4,34,4,0,0,0
2721,25.198,0,61,0,0,0,0,0,53,0,4,34,4,0,0,0
2722,0.803,0,61,0,0,0,0,0,53,0,4,34,4,0,0,0
2723,0.821,0,61,0,0,0,0,0,53,0,4,34,4,0,0,0
2724,6.524,0,61,0,0,0,0,0,53,0,4,34,4,0,0,0
2725,25.096,0,61,0,0,0,1,0,54,0,3,34,4,0,0,0
2726,0.739,0,61,0,0,0,0,0,54,0,3,34,4,0,0,0
2727,0.760,0,61,0,0,0,0,0,54,0,3,34,4,0,0,0
2728,7.315,0,61,0,0,0,0,0,54,0,3,34,4,0,0,0
2729,24.559,0,61,0,0,0,0,0,54,0,3,34,4,0,0,0
2730,0.966,0,61,0,0,0,0,0,54,0,3,34,4,0,0,0
2731,0.820,0,61,0,0,0,0,0,54,0,3,34,4,0,0,0
2732,6.440,0,61,0,0,0,0,0,54,0,3,34,4,0,0,0
2733,25.040,0,62,0,0,1,0,0,54,0,4,34,4,0,0,0
2734,0.823,0,62,0,0,0,0,0,54,0,4,34,4,0,0,0
2735,0.847,0,62,0,0,0,0,0,54,0,4,34,4,0,0,0
2736,7.055,0,62,0,0,0,0,0,54,0,4,34,4,0,0,0
2737,24.589,0,62,0,0,0,0,0,54,0,4,34,4,0,0,0
2738,0.975,0,62,0,0,0,0,0,54,0,4,34,4,0,0,0
2739,1.010,0,62,0,0,0,0,0,54,0,4,34,4,0,0,0
2740,6.321,0,62,0,0,0,0,0,54,0,4,34,4,0,0,0
2741,25.082,0,62,0,0,0,0,0,54,0,4,34,4,0,0,0
2742,0.952,0,62,0,0,0,0,0,54,0,4,34,4,0,0,0
2743,2.593,0,62,0,0,0,0,0,54,0,4,34,4,0,0,0
2744,5.047,0,62,0,0,0,0,0,54,0,4,34,4,0,0,0
2745,24.835,0,62,0,0,0,0,0,54,0,4,34,4,0,0,0
2746,1.054,0,62,0,0,0,0,0,54,0,4,34,4,0,0,0
2747,1.263,0,62,0,0,0,0,0,54,0,4,34,4,0,0,0
2748,5.763,0,62,0,0,0,0,0,54,0,4,34,4,0,0,0
2749,25.151,0,62,0,0,0,0,0,54,0,4,34,4,0,0,0
2750,1.021,0,62,0,0,0,0,0,54,0,4,34,4,0,0,0
2751,0.848,0,62,0,0,0,0,0,54,0,4,34,4,0,0,0
2752,6.880,0,62,0,0,0,0,0,54,0,4,34,4,0,0,0
2753,24.649,0,62,0,0,0,0,0,54,0,4,34,4,0,0,0
2754,0.831,0,62,0,0,0,0,0,54,0,4,34,4,0,0,0
2755,0.712,0,62,0,0,0,0,0,54,0,4,34,4,0,0,0
2756,6.840,0,62,0,0,0,0,0,54,0,4,34,4,0,0,0
2757,25.067,0,62,0,0,0,0,0,54,0,4,34,4,0,0,0
2758,0.980,0,62,0,0,0,0,0,54,0,4,34,4,0,0,0
2759,0.701,0,62,0,0,0,0,0,54,0,4,34,4,0,0,0
2760,7.024,0,62,0,0,0,0,0,54,0,4,34,4,0,0,0
2761,24.433,0,62,0,0,0,0,0,54,0,4,34,4,0,0,0
2762,0.854,0,62,0,0,0,0,0,54,0,4,34,4,0,0,0
2763,0.804,0,62,0,0,0,0,0,54,0,4,34,4,0,0,0
2764,6.664,0,62,0,0,0,0,0,54,0,4,34,4,0,0,0
2765,24.976,0,62,0,0,0,0,0,54,0,4,34,4,0,0,0
2766,0.891,0,62,0,0,0,0,0,54,0,4,34,4,0,0,0
2767,1.762,0,62,0,0,0,0,0,54,0,4,34,4,0,0,0
2768,5.540,0,62,0,0,0,0,0,54,0,4,34,4,0,0,0
2769,25.267,0,62,0,0,0,1,0,55,0,3,34,4,0,0,0
2770,0.958,0,62,0,0,0,0,0,55,0,3,34,4,0,0,0
2771,0.779,0,62,0,0,0,0,0,55,0,3,34,4,0,0,0
2772,6.284,0,62,0,0,0,0,0,55,0,3,34,4,0,0,0
2773,25.293,0,62,0,0,0,0,0,55,0,3,34,4,0,0,0
2774,1.093,0,62,0,0,0,0,0,55,0,3,34,4,0,0,0
2775,0.776,0,62,0,0,0,0,0,55,0,3,34,4,0,0,0
2776,6.408,0,62,0,0,0,0,0,55,0,3,34,4,0,0,0
2777,25.210,0,62,0,0,0,0,0,55,0,3,34,4,0,0,0
2778,0.974,0,62,0,0,0,0,0,55,0,3,34,4,0,0,0
2779,0.810,0,62,0,0,0,0,0,55,0,3,34,4,0,0,0
2780,6.162,0,62,0,0,0,0,0,55,0,3,34,4,0,0,0
2781,25.083,0,62,0,0,0,0,0,55,0,3,34,4,0,0,0
2782,0.831,0,62,0,0,0,0,0,55,0,3,34,4,0,0,0
2783,0.654,0,62,0,0,0,0,0,55,0,3,34,4,0,0,0
2784,6.962,0,62,0,0,0,0,0,55,0,3,34,4,0,0,0
2785,24.859,0,62,0,0,0,0,0,55,0,3,34,4,0,0,0
2786,0.853,0,62,0,0,0,0,0,55,0,3,34,4,0,0,0
2787,0.785,0,62,0,0,0,0,0,55,0,3,34,4,0,0,0
2788,6.695,0,62,0,0,0,0,0,55,0,3,34,4,0,0,0
2789,25.076,0,62,0,0,0,1,0,56,0,2,34,4,0,0,0
2790,0.885,0,62,0,0,0,0,0,56,0,2,34,4,0,0,0
2791,0.810,0,62,0,0,0,0,0,56,0,2,34,4,0,0,0
2792,6.496,0,62,0,0,0,0,0,56,0,2,34,4,0,0,0
2793,25.133,0,62,0,0,0,0,0,56,0,2,34,4,0,0,0
2794,0.914,0,62,0,0,0,0,0,56,0,2,34,4,0,0,0
2795,1.072,0,62,0,0,0,0,0,56,0,2,34,4,0,0,0
2796,6.318,0,62,0,0,0,0,0,56,0,2,34,4,0,0,0
2797,24.994,0,62,0,0,0,0,0,56,0,2,34,4,0,0,0
2798,0.870,0,62,0,0,0,0,0,56,0,2,34,4,0,0,0
2799,0.791,0,62,0,0,0,0,0,56,0,2,34,4,0,0,0
2800,6.468,0,62,0,0,0,0,0,56,0,2,34,4,0,0,0
2801,25.330,0,62,0,0,0,0,0,56,0,2,34,4,0,0,0
2802,0.934,0,62,0,0,0,0,0,56,0,2,34,4,0,0,0
2803,0.728,0,62,0,0,0,0,0,56,0,2,34,4,0,0,0
2804,6.581,0,62,0,0,0,0,0,56,0,2,34,4,0,0,0
2805,25.127,0,62,0,0,0,0,0,56,0,2,34,4,0,0,0
2806,0.864,0,62,0,0,0,0,0,56,0,2,34,4,0,0,0
2807,0.718,0,62,0,0,0,0,0,56,0,2,34,4,0,0,0
2808,6.567,0,62,0,0,0,0,0,56,0,2,34,4,0,0,0
2809,25.107,0,62,0,0,0,0,0,56,0,2,34,4,0,0,0
2810,0.930,0,62,0,0,0,0,0,56,0,2,34,4,0,0,0
2811,0.641,0,62,0,0,0,0,0,56,0,2,34,4,0,0,0
2812,6.774,0,62,0,0,0,0,0,56,0,2,34,4,0,0,0
2813,24.925,0,62,0,0,0,0,0,56,0,2,34,4,0,0,0
2814,1.051,0,62,0,0,0,0,0,56,0,2,34,4,0,0,0
2815,0.755,0,62,0,0,0,0,0,56,0,2,34,4,0,0,0
2816,6.910,0,62,0,0,0,0,0,56,0,2,34,4,0,0,0
2817,24.835,0,62,0,0,0,0,0,56,0,2,34,4,0,0,0
2818,0.892,0,62,0,0,0,0,0,56,0,2,34,4,0,0,0
2819,1.347,0,62,0,0,0,0,0,56,0,2,34,4,0,0,0
2820,5.950,0,62,0,0,0,0,0,56,0,2,34,4,0,0,0
2821,25.037,0,62,0,0,0,0,0,56,0,2,34,4,0,0,0
2822,0.889,0,62,0,0,0,0,0,56,0,2,34,4,0,0,0
2823,0.984,0,62,0,0,0,0,0,56,0,2,34,4,0,0,0
2824,7.130,0,62,0,0,0,0,0,56,0,2,34,4,0,0,0
2825,24.285,0,62,0,0,0,0,0,56,0,2,34,4,0,0,0
2826,1.009,0,62,0,0,0,0,0,56,0,2,34,4,0,0,0
2827,0.869,0,62,0,0,0,0,0,56,0,2,34,4,0,0,0
2828,6.374,0,62,0,0,0,0,0,56,0,2,34,4,0,0,0
2829,25.100,0,62,0,0,0,0,0,56,0,2,34,4,0,0,0
2830,0.755,0,62,0,0,0,0,0,56,0,2,34,4,0,0,0
2831,0.799,0,62,0,0,0,0,0,56,0,2,34,4,0,0,0
2832,7.147,0,62,0,0,0,0,0,56,0,2,34,4,0,0,0
2833,24.577,0,62,0,0,0,0,0,56,0,2,34,4,0,0,0
2834,1.021,0,62,0,0,0,0,0,56,0,2,34,4,0,0,0
2835,1.121,0,62,0,0,0,0,0,56,0,2,34,4,0,0,0
2836,6.267,0,62,0,0,0,0,0,56,0,2,34,4,0,0,0
2837,25.004,0,62,0,0,0,0,0,56,0,2,34,4,0,0,0
2838,0.827,0,62,0,0,0,0,0,56,0,2,34,4,0,0,0
2839,0.706,0,62,0,0,0,0,0,56,0,2,34,4,0,0,0
2840,6.803,0,62,0,0,0,0,0,56,0,2,34,4,0,0,0
2841,24.985,0,62,0,0,0,0,0,56,0,2,34,4,0,0,0
2842,0.894,0,62,0,0,0,0,0,56,0,2,34,4,0,0,0
2843,0.712,0,62,0,0,0,0,0,56,0,2,34,4,0,0,0
2844,6.677,0,62,0,0,0,0,0,56,0,2,34,4,0,0,0
2845,25.108,0,62,0,0,0,0,0,56,0,2,34,4,0,0,0
2846,0.807,0,62,0,0,0,0,0,56,0,2,34,4,0,0,0
2847,2.145,0,62,0,0,0,0,0,56,0,2,34,4,0,0,0
2848,5.226,0,62,0,0,0,0,0,56,0,2,34,4,0,0,0
2849,25.371,0,62,0,0,0,0,0,56,0,2,34,4,0,0,0
2850,0.879,0,62,0,0,0,0,0,56,0,2,34,4,0,0,0
2851,0.813,0,62,0,0,0,0,0,56,0,2,34,4,0,0,0
2852,6.348,0,62,0,0,0,0,0,56,0,2,34,4,0,0,0
2853,24.873,0,62,0,0,0,0,0,56,0,2,34,4,0,0,0
2854,0.918,0,62,0,0,0,0,0,56,0,2,34,4,0,0,0
2855,0.702,0,62,0,0,0,0,0,56,0,2,34,4,0,0,0
2856,6.634,0,62,0,0,0,0,0,56,0,2,34,4,0,0,0
2857,25.071,0,62,0,0,0,0,0,56,0,2,34,4,0,0,0
2858,0.911,0,62,0,0,0,0,0,56,0,2,34,4,0,0,0
2859,0.668,0,62,0,0,0,0,0,56,0,2,34,4,0,0,0
2860,6.777,0,62,0,0,0,0,0,56,0,2,34,4,0,0,0
2861,25.076,0,62,0,0,0,0,0,56,0,2,34,4,0,0,0
2862,0.901,0,62,0,0,0,0,0,56,0,2,34,4,0,0,0
2863,0.731,0,62,0,0,0,0,0,56,0,2,34,4,0,0,0
2864,6.870,0,62,0,0,0,0,0,56,0,2,34,4,0,0,0
2865,24.751,0,62,0,0,0,0,0,56,0,2,34,4,0,0,0
2866,0.896,0,62,0,0,0,0,0,56,0,2,34,4,0,0,0
2867,0.662,0,62,0,0,0,0,0,56,0,2,34,4,0,0,0
2868,6.711,0,62,0,0,0,0,0,56,0,2,34,4,0,0,0
2869,25.137,0,62,0,0,0,0,0,56,0,2,34,4,0,0,0
2870,0.794,0,62,0,0,0,0,0,56,0,2,34,4,0,0,0
2871,0.679,0,62,0,0,0,0,0,56,0,2,34,4,0,0,0
2872,6.897,0,62,0,0,0,0,0,56,0,2,34,4,0,0,0
2873,24.923,0,63,0,0,1,0,0,56,0,3,34,4,0,0,0
2874,0.855,0,63,0,0,0,0,0,56,0,3,34,4,0,0,0
2875,1.580,0,63,0,0,0,0,0,56,0,3,34,4,0,0,0
2876,5.805,0,63,0,0,0,0,0,56,0,3,34,4,0,0,0
2877,25.317,0,63,0,0,0,0,0,56,0,3,34,4,0,0,0
2878,0.827,0,63,0,0,0,0,0,56,0,3,34,4,0,0,0
2879,0.721,0,63,0,0,0,0,0,56,0,3,34,4,0,0,0
2880,7.002,0,63,0,0,0,0,0,56,0,3,34,4,0,0,0
2881,24.495,0,63,0,0,0,0,0,56,0,3,34,4,0,0,0
2882,0.867,0,63,0,0,0,0,0,56,0,3,34,4,0,0,0
2883,0.655,0,63,0,0,0,0,0,56,0,3,34,4,0,0,0
2884,6.873,0,64,0,0,1,0,0,56,0,4,34,4,0,0,0
2885,25.097,0,64,0,0,0,0,0,56,0,4,34,4,0,0,0
2886,0.807,0,64,0,0,0,0,0,56,0,4,34,4,0,0,0
2887,0.676,0,64,0,0,0,0,0,56,0,4,34,4,0,0,0
2888,6.843,0,64,0,0,0,0,0,56,0,4,34,4,0,0,0
2889,25.015,0,64,0,0,0,0,0,56,0,4,34,4,0,0,0
2890,0.839,0,64,0,0,0,0,0,56,0,4,34,4,0,0,0
2891,0.712,0,64,0,0,0,0,0,56,0,4,34,4,0,0,0
2892,6.648,0,64,0,0,0,0,0,56,0,4,34,4,0,0,0
2893,25.094,0,64,0,0,0,0,0,56,0,4,34,4,0,0,0
2894,0.876,0,64,0,0,0,0,0,56,0,4,34,4,0,0,0
2895,0.650,0,64,0,0,0,0,0,56,0,4,34,4,0,0,0
2896,6.763,0,64,0,0,0,0,0,56,0,4,34,4,0,0,0
2897,25.248,0,64,0,0,0,0,0,56,0,4,34,4,0,0,0
2898,1.009,0,64,0,0,0,0,0,56,0,4,34,4,0,0,0
2899,2.093,0,64,0,0,0,0,0,56,0,4,34,4,0,0,0
2900,4.826,0,64,0,0,0,0,0,56,0,4,34,4,0,0,0
2901,25.189,0,64,0,0,0,0,0,56,0,4,34,4,0,0,0
2902,0.885,0,64,0,0,0,0,0,56,0,4,34,4,0,0,0
2903,0.854,0,64,0,0,0,0,0,56,0,4,34,4,0,0,0
2904,6.937,0,64,0,0,0,0,0,56,0,4,34,4,0,0,0
2905,24.570,0,64,0,0,0,0,0,56,0,4,34,4,0,0,0
2906,0.866,0,64,0,0,0,0,0,56,0,4,34,4,0,0,0
2907,0.688,0,64,0,0,0,0,0,56,0,4,34,4,0,0,0
2908,6.722,0,64,0,0,0,0,0,56,0,4,34,4,0,0,0
2909,25.120,0,64,0,0,0,0,0,56,0,4,34,4,0,0,0
2910,0.978,0,64,0,0,0,0,0,56,0,4,34,4,0,0,0
2911,0.653,0,64,0,0,0,0,0,56,0,4,34,4,0,0,0
2912,6.630,0,64,0,0,0,0,0,56,0,4,34,4,0,0,0
2913,25.058,0,64,0,0,0,1,0,57,0,3,34,4,0,0,0
2914,0.812,0,64,0,0,0,0,0,57,0,3,34,4,0,0,0
2915,0.776,0,64,0,0,0,0,0,57,0,3,34,4,0,0,0
2916,6.597,0,64,0,0,0,0,0,57,0,3,34,4,0,0,0
2917,25.116,0,64,0,0,0,0,0,57,0,3,34,4,0,0,0
2918,0.952,0,64,0,0,0,0,0,57,0,3,34,4,0,0,0
2919,0.662,0,64,0,0,0,0,0,57,0,3,34,4,0,0,0
2920,7.066,0,64,0,0,0,0,0,57,0,3,34,4,0,0,0
2921,24.728,0,64,0,0,0,0,0,57,0,3,34,4,0,0,0
2922,0.912,0,64,0,0,0,0,0,57,0,3,34,4,0,0,0
2923,0.719,0,64,0,0,0,0,0,57,0,3,34,4,0,0,0
2924,6.561,0,64,0,0,0,0,0,57,0,3,34,4,0,0,0
2925,25.204,0,64,0,0,0,0,0,57,0,3,34,4,0,0,0
2926,0.976,0,64,0,0,0,0,0,57,0,3,34,4,0,0,0
2927,0.672,0,64,0,0,0,0,0,57,0,3,34,4,0,0,0
2928,6.433,0,64,0,0,0,0,0,57,0,3,34,4,0,0,0
2929,25.187,0,64,0,0,0,0,0,57,0,3,34,4,0,0,0
2930,0.986,0,64,0,0,0,0,0,57,0,3,34,4,0,0,0
2931,0.815,0,64,0,0,0,0,0,57,0,3,34,4,0,0,0
2932,6.367,0,64,0,0,0,0,0,57,0,3,34,4,0,0,0
2933,25.095,0,64,0,0,0,0,0,57,0,3,34,4,0,0,0
2934,1.032,0,64,0,0,0,0,0,57,0,3,34,4,0,0,0
2935,0.796,0,64,0,0,0,0,0,57,0,3,34,4,0,0,0
2936,6.319,0,64,0,0,0,0,0,57,0,3,34,4,0,0,0
2937,25.289,0,64,0,0,0,0,0,57,0,3,34,4,0,0,0
2938,1.006,0,64,0,0,0,0,0,57,0,3,34,4,0,0,0
2939,0.764,0,64,0,0,0,0,0,57,0,3,34,4,0,0,0
2940,6.525,0,64,0,0,0,0,0,57,0,3,34,4,0,0,0
2941,25.075,0,64,0,0,0,0,0,57,0,3,34,4,0,0,0
2942,0.831,0,64,0,0,0,0,0,57,0,3,34,4,0,0,0
2943,0.767,0,64,0,0,0,0,0,57,0,3,34,4,0,0,0
2944,6.463,0,64,0,0,0,0,0,57,0,3,34,4,0,0,0
2945,25.072,0,64,0,0,0,0,0,57,0,3,34,4,0,0,0
2946,0.914,0,64,0,0,0,0,0,57,0,3,34,4,0,0,0
2947,0.708,0,64,0,0,0,0,0,57,0,3,34,4,0,0,0
2948,6.728,0,64,0,0,0,0,0,57,0,3,34,4,0,0,0
2949,24.993,0,64,0,0,0,0,0,57,0,3,34,4,0,0,0
2950,0.795,0,64,0,0,0,0,0,57,0,3,34,4,0,0,0
2951,0.881,0,64,0,0,0,0,0,57,0,3,34,4,0,0,0
2952,6.722,0,64,0,0,0,0,0,57,0,3,34,4,0,0,0
2953,24.993,0,64,0,0,0,0,0,57,0,3,34,4,0,0,0
2954,0.885,0,64,0,0,0,0,0,57,0,3,34,4,0,0,0
2955,1.727,0,64,0,0,0,0,0,57,0,3,34,4,0,0,0
2956,5.674,0,64,0,0,0,0,0,57,0,3,34,4,0,0,0
2957,25.021,0,64,0,0,0,0,0,57,0,3,34,4,0,0,0
2958,0.911,0,64,0,0,0,0,0,57,0,3,34,4,0,0,0
2959,0.790,0,64,0,0,0,0,0,57,0,3,34,4,0,0,0
2960,6.650,0,64,0,0,0,0,0,57,0,3,34,4,0,0,0
2961,24.973,0,64,0,0,0,0,0,57,0,3,34,4,0,0,0
2962,0.914,0,64,0,0,0,0,0,57,0,3,34,4,0,0,0
2963,0.694,0,64,0,0,0,0,0,57,0,3,34,4,0,0,0
2964,6.829,0,64,0,0,0,0,0,57,0,3,34,4,0,0,0
2965,24.893,0,64,0,0,0,0,0,57,0,3,34,4,0,0,0
2966,0.899,0,64,0,0,0,0,0,57,0,3,34,4,0,0,0
2967,0.720,0,64,0,0,0,0,0,57,0,3,34,4,0,0,0
2968,6.656,0,64,0,0,0,0,0,57,0,3,34,4,0,0,0
2969,25.077,0,64,0,0,0,0,0,57,0,3,34,4,0,0,0
2970,0.974,0,64,0,0,0,0,0,57,0,3,34,4,0,0,0
2971,0.728,0,64,0,0,0,0,0,57,0,3,34,4,0,0,0
2972,6.658,0,64,0,0,0,0,0,57,0,3,34,4,0,0,0
2973,24.891,0,64,0,0,0,0,0,57,0,3,34,4,0,0,0
2974,1.082,0,64,0,0,0,0,0,57,0,3,34,4,0,0,0
2975,0.735,0,64,0,0,0,0,0,57,0,3,34,4,0,0,0
2976,6.628,0,64,0,0,0,0,0,57,0,3,34,4,0,0,0
2977,24.938,0,64,0,0,0,0,0,57,0,3,34,4,0,0,0
2978,0.811,0,64,0,0,0,0,0,57,0,3,34,4,0,0,0
2979,0.776,0,64,0,0,0,0,0,57,0,3,34,4,0,0,0
2980,6.601,0,64,0,0,0,0,0,57,0,3,34,4,0,0,0
2981,25.082,0,64,0,0,0,0,0,57,0,3,34,4,0,0,0
2982,0.832,0,64,0,0,0,0,0,57,0,3,34,4,0,0,0
2983,2.716,0,64,0,0,0,0,0,57,0,3,34,4,0,0,0
2984,4.656,0,64,0,0,0,0,0,57,0,3,34,4,0,0,0
2985,25.306,0,64,0,0,0,0,0,57,0,3,34,4,0,0,0
2986,0.834,0,64,0,0,0,0,0,57,0,3,34,4,0,0,0
2987,0.854,0,64,0,0,0,0,0,57,0,3,34,4,0,0,0
2988,6.476,0,64,0,0,0,0,0,57,0,3,34,4,0,0,0
2989,24.986,0,64,0,0,0,0,0,57,0,3,34,4,0,0,0
2990,0.827,0,64,0,0,0,0,0,57,0,3,34,4,0,0,0
2991,0.675,0,64,0,0,0,0,0,57,0,3,34,4,0,0,0
2992,6.724,0,64,0,0,0,0,0,57,0,3,34,4,0,0,0
2993,25.184,0,64,0,0,0,0,0,57,0,3,34,4,0,0,0
2994,0.847,0,64,0,0,0,0,0,57,0,3,34,4,0,0,0
2995,0.723,0,64,0,0,0,0,0,57,0,3,34,4,0,0,0
2996,6.837,0,64,0,0,0,0,0,57,0,3,34,4,0,0,0
2997,25.022,0,64,0,0,0,0,0,57,0,3,34,4,0,0,0
2998,0.840,0,64,0,0,0,0,0,57,0,3,34,4,0,0,0
2999,0.719,0,64,0,0,0,0,0,57,0,3,34,4,0,0,0
3000,6.994,0,64,0,0,0,0,0,57,0,3,34,4,0,0,0
3001,24.761,0,64,0,0,0,0,0,57,0,3,34,4,0,0,0
3002,0.917,0,64,0,0,0,0,0,57,0,3,34,4,0,0,0
3003,0.788,0,64,0,0,0,0,0,57,0,3,34,4,0,0,0
3004,6.567,0,64,0,0,0,0,0,57,0,3,34,4,0,0,0
3005,24.827,0,64,0,0,0,0,0,57,0,3,34,4,0,0,0
3006,0.836,0,64,0,0,0,0,0,57,0,3,34,4,0,0,0
3007,0.843,0,64,0,0,0,0,0,57,0,3,34,4,0,0,0
3008,6.722,0,64,0,0,0,0,0,57,0,3,34,4,0,0,0
3009,25.167,0,64,0,0,0,0,0,57,0,3,34,4,0,0,0
3010,0.857,0,64,0,0,0,0,0,57,0,3,34,4,0,0,0
3011,0.678,0,64,0,0,0,0,0,57,0,3,34,4,0,0,0
3012,6.579,0,64,0,0,0,0,0,57,0,3,34,4,0,0,0
3013,25.204,0,64,0,0,0,0,0,57,0,3,34,4,0,0,0
3014,0.916,0,64,0,0,0,0,0,57,0,3,34,4,0,0,0
3015,0.662,0,64,0,0,0,0,0,57,0,3,34,4,0,0,0
3016,6.654,0,64,0,0,0,0,0,57,0,3,34,4,0,0,0
3017,25.029,0,64,0,0,0,0,0,57,0,3,34,4,0,0,0
3018,0.911,0,64,0,0,0,0,0,57,0,3,34,4,0,0,0
3019,0.670,0,64,0,0,0,0,0,57,0,3,34,4,0,0,0
3020,6.828,0,64,0,0,0,0,0,57,0,3,34,4,0,0,0
3021,24.920,0,64,0,0,0,0,0,57,0,3,34,4,0,0,0
3022,0.903,0,64,0,0,0,0,0,57,0,3,34,4,0,0,0
3023,0.691,0,64,0,0,0,0,0,57,0,3,34,4,0,0,0
3024,6.654,0,64,0,0,0,0,0,57,0,3,34,4,0,0,0
3025,25.228,0,64,0,0,0,0,0,57,0,3,34,4,0,0,0
3026,0.781,0,64,0,0,0,0,0,57,0,3,34,4,0,0,0
3027,0.695,0,64,0,0,0,0,0,57,0,3,34,4,0,0,0
3028,7.035,0,64,0,0,0,0,0,57,0,3,34,4,0,0,0
3029,24.732,0,64,0,0,0,0,0,57,0,3,34,4,0,0,0
3030,0.886,0,64,0,0,0,0,0,57,0,3,34,4,0,0,0
3031,0.786,0,64,0,0,0,0,0,57,0,3,34,4,0,0,0
3032,6.437,0,64,0,0,0,0,0,57,0,3,34,4,0,0,0
3033,25.337,0,64,0,0,0,0,0,57,0,3,34,4,0,0,0
3034,0.836,0,64,0,0,0,0,0,57,0,3,34,4,0,0,0
3035,1.698,0,64,0,0,0,0,0,57,0,3,34,4,0,0,0
3036,5.568,0,64,0,0,0,0,0,57,0,3,34,4,0,0,0
3037,25.268,0,64,0,0,0,0,0,57,0,3,34,4,0,0,0
3038,0.873,0,64,0,0,0,0,0,57,0,3,34,4,0,0,0
3039,0.827,0,64,0,0,0,0,0,57,0,3,34,4,0,0,0
3040,6.733,0,64,0,0,0,0,0,57,0,3,34,4,0,0,0
3041,24.742,0,64,0,0,0,0,0,57,0,3,34,4,0,0,0
3042,0.853,0,64,0,0,0,0,0,57,0,3,34,4,0,0,0
3043,0.744,0,64,0,0,0,0,0,57,0,3,34,4,0,0,0
3044,6.563,0,64,0,0,0,0,0,57,0,3,34,4,0,0,0
3045,25.219,0,64,0,0,0,0,0,57,0,3,34,4,0,0,0
3046,0.812,0,64,0,0,0,0,0,57,0,3,34,4,0,0,0
3047,0.749,0,64,0,0,0,0,0,57,0,3,34,4,0,0,0
3048,6.932,0,64,0,0,0,0,0,57,0,3,34,4,0,0,0
3049,24.716,0,64,0,0,0,0,0,57,0,3,34,4,0,0,0
3050,0.980,0,64,0,0,0,0,0,57,0,3,34,4,0,0,0
3051,0.724,0,64,0,0,0,0,0,57,0,3,34,4,0,0,0
3052,6.535,0,64,0,0,0,0,0,57,0,3,34,4,0,0,0
3053,25.041,0,64,0,0,0,0,0,57,0,3,34,4,0,0,0
3054,0.835,0,64,0,0,0,0,0,57,0,3,34,4,0,0,0
3055,0.697,0,64,0,0,0,0,0,57,0,3,34,4,0,0,0
3056,7.769,0,64,0,0,0,0,0,57,0,3,34,4,0,0,0
3057,24.153,0,64,0,0,0,0,0,57,0,3,34,4,0,0,0
3058,0.773,0,64,0,0,0,0,0,57,0,3,34,4,0,0,0
3059,0.745,0,64,0,0,0,0,0,57,0,3,34,4,0,0,0
3060,6.779,0,64,0,0,0,0,0,57,0,3,34,4,0,0,0
3061,25.076,0,64,0,0,0,0,0,57,0,3,34,4,0,0,0
3062,1.188,0,64,0,0,0,0,0,57,0,3,34,4,0,0,0
3063,1.952,0,64,0,0,0,0,0,57,0,3,34,4,0,0,0
3064,5.516,0,64,0,0,0,0,0,57,0,3,34,4,0,0,0
3065,24.556,0,64,0,0,0,0,0,57,0,3,34,4,0,0,0
3066,0.930,0,64,0,0,0,0,0,57,0,3,34,4,0,0,0
3067,0.653,0,64,0,0,0,0,0,57,0,3,34,4,0,0,0
3068,6.686,0,64,0,0,0,0,0,57,0,3,34,4,0,0,0
3069,25.075,0,64,0,0,0,0,0,57,0,3,34,4,0,0,0
3070,1.158,0,64,0,0,0,0,0,57,0,3,34,4,0,0,0
3071,0.796,0,64,0,0,0,0,0,57,0,3,34,4,0,0,0
3072,6.299,0,64,0,0,0,0,0,57,0,3,34,4,0,0,0
3073,25.111,0,64,0,0,0,0,0,57,0,3,34,4,0,0,0
3074,0.994,0,64,0,0,0,0,0,57,0,3,34,4,0,0,0
3075,0.652,0,64,0,0,0,0,0,57,0,3,34,4,0,0,0
3076,6.679,0,64,0,0,0,0,0,57,0,3,34,4,0,0,0
3077,25.101,0,64,0,0,0,0,0,57,0,3,34,4,0,0,0
3078,0.864,0,64,0,0,0,0,0,57,0,3,34,4,0,0,0
3079,0.726,0,64,0,0,0,0,0,57,0,3,34,4,0,0,0
3080,7.015,0,64,0,0,0,0,0,57,0,3,34,4,0,0,0
3081,24.607,0,64,0,0,0,0,0,57,0,3,34,4,0,0,0
3082,0.962,0,64,0,0,0,0,0,57,0,3,34,4,0,0,0
3083,0.755,0,64,0,0,0,0,0,57,0,3,34,4,0,0,0
3084,6.673,0,64,0,0,0,0,0,57,0,3,34,4,0,0,0
3085,24.969,0,64,0,0,0,0,0,57,0,3,34,4,0,0,0
3086,0.867,0,64,0,0,0,0,0,57,0,3,34,4,0,0,0
3087,0.785,0,64,0,0,0,0,0,57,0,3,34,4,0,0,0
3088,6.907,0,64,0,0,0,0,0,57,0,3,34,4,0,0,0
3089,24.709,0,64,0,0,0,0,0,57,0,3,34,4,0,0,0
3090,0.846,0,64,0,0,0,0,0,57,0,3,34,4,0,0,0
3091,1.304,0,64,0,0,0,0,0,57,0,3,34,4,0,0,0
3092,6.130,0,64,0,0,0,0,0,57,0,3,34,4,0,0,0
3093,25.143,0,64,0,0,0,0,0,57,0,3,34,4,0,0,0
3094,0.907,0,64,0,0,0,0,0,57,0,3,34,4,0,0,0
3095,0.666,0,64,0,0,0,0,0,57,0,3,34,4,0,0,0
3096,6.619,0,64,0,0,0,0,0,57,0,3,34,4,0,0,0
3097,25.171,0,64,0,0,0,0,0,57,0,3,34,4,0,0,0
3098,0.930,0,64,0,0,0,0,0,57,0,3,34,4,0,0,0
3099,0.732,0,64,0,0,0,0,0,57,0,3,34,4,0,0,0
3100,6.610,0,64,0,0,0,0,0,57,0,3,34,4,0,0,0
3101,24.930,0,64,0,0,0,0,0,57,0,3,34,4,0,0,0
3102,1.024,0,64,0,0,0,0,0,57,0,3,34,4,0,0,0
3103,0.906,0,64,0,0,0,0,0,57,0,3,34,4,0,0,0
3104,6.557,0,64,0,0,0,0,0,57,0,3,34,4,0,0,0
3105,24.871,0,64,0,0,0,0,0,57,0,3,34,4,0,0,0
3106,0.849,0,64,0,0,0,0,0,57,0,3,34,4,0,0,0
3107,0.724,0,64,0,0,0,0,0,57,0,3,34,4,0,0,0
3108,6.792,0,64,0,0,0,0,0,57,0,3,34,4,0,0,0
3109,24.969,0,64,0,0,0,0,0,57,0,3,34,4,0,0,0
3110,1.097,0,64,0,0,0,0,0,57,0,3,34,4,0,0,0
3111,0.807,0,64,0,0,0,0,0,57,0,3,34,4,0,0,0
3112,6.886,0,64,0,0,0,0,0,57,0,3,34,4,0,0,0
3113,24.575,0,64,0,0,0,0,0,57,0,3,34,4,0,0,0
3114,0.985,0,64,0,0,0,0,0,57,0,3,34,4,0,0,0
3115,1.954,0,64,0,0,0,0,0,57,0,3,34,4,0,0,0
3116,5.266,0,64,0,0,0,0,0,57,0,3,34,4,0,0,0
3117,25.248,0,64,0,0,0,0,0,57,0,3,34,4,0,0,0
3118,1.000,0,64,0,0,0,0,0,57,0,3,34,4,0,0,0
3119,1.617,0,64,0,0,0,0,0,57,0,3,34,4,0,0,0
3120,5.583,0,64,0,0,0,0,0,57,0,3,34,4,0,0,0
3121,24.971,0,64,0,0,0,0,0,57,0,3,34,4,0,0,0
3122,0.952,0,64,0,0,0,0,0,57,0,3,34,4,0,0,0
3123,0.661,0,64,0,0,0,0,0,57,0,3,34,4,0,0,0
3124,6.624,0,64,0,0,0,0,0,57,0,3,34,4,0,0,0
3125,25.114,0,64,0,0,0,0,0,57,0,3,34,4,0,0,0
3126,0.960,0,64,0,0,0,0,0,57,0,3,34,4,0,0,0
3127,0.751,0,64,0,0,0,0,0,57,0,3,34,4,0,0,0
3128,6.685,0,64,0,0,0,0,0,57,0,3,34,4,0,0,0
3129,24.964,0,64,0,0,0,0,0,57,0,3,34,4,0,0,0
3130,0.855,0,64,0,0,0,0,0,57,0,3,34,4,0,0,0
3131,0.741,0,64,0,0,0,0,0,57,0,3,34,4,0,0,0
3132,6.710,0,64,0,0,0,0,0,57,0,3,34,4,0,0,0
3133,25.112,0,64,0,0,0,0,0,57,0,3,34,4,0,0,0
3134,0.895,0,64,0,0,0,0,0,57,0,3,34,4,0,0,0
3135,0.721,0,64,0,0,0,0,0,57,0,3,34,4,0,0,0
3136,7.385,0,64,0,0,0,0,0,57,0,3,34,4,0,0,0
3137,24.324,0,64,0,0,0,0,0,57,0,3,34,4,0,0,0
3138,0.865,0,64,0,0,0,0,0,57,0,3,34,4,0,0,0
3139,0.712,0,64,0,0,0,0,0,57,0,3,34,4,0,0,0
3140,6.678,0,64,0,0,0,0,0,57,0,3,34,4,0,0,0
3141,24.974,0,64,0,0,0,0,0,57,0,3,34,4,0,0,0
3142,0.885,0,64,0,0,0,0,0,57,0,3,34,4,0,0,0
3143,1.634,0,64,0,0,0,0,0,57,0,3,34,4,0,0,0
3144,5.687,0,64,0,0,0,0,0,57,0,3,34,4,0,0,0
3145,25.046,0,64,0,0,0,0,0,57,0,3,34,4,0,0,0
3146,0.883,0,64,0,0,0,0,0,57,0,3,34,4,0,0,0
3147,0.830,0,64,0,0,0,0,0,57,0,3,34,4,0,0,0
3148,6.579,0,64,0,0,0,0,0,57,0,3,34,4,0,0,0
3149,25.023,0,64,0,0,0,0,0,57,0,3,34,4,0,0,0
3150,0.871,0,64,0,0,0,0,0,57,0,3,34,4,0,0,0
3151,0.803,0,64,0,0,0,0,0,57,0,3,34,4,0,0,0
3152,6.797,0,64,0,0,0,0,0,57,0,3,34,4,0,0,0
3153,25.105,0,64,0,0,0,0,0,57,0,3,34,4,0,0,0
3154,0.896,0,64,0,0,0,0,0,57,0,3,34,4,0,0,0
3155,0.678,0,64,0,0,0,0,0,57,0,3,34,4,0,0,0
3156,6.705,0,64,0,0,0,0,0,57,0,3,34,4,0,0,0
3157,24.940,0,64,0,0,0,0,0,57,0,3,34,4,0,0,0
3158,0.957,0,64,0,0,0,0,0,57,0,3,34,4,0,0,0
3159,0.698,0,64,0,0,0,0,0,57,0,3,34,4,0,0,0
3160,7.149,0,64,0,0,0,0,0,57,0,3,34,4,0,0,0
3161,24.514,0,64,0,0,0,0,0,57,0,3,34,4,0,0,0
3162,0.928,0,64,0,0,0,0,0,57,0,3,34,4,0,0,0
3163,0.806,0,64,0,0,0,0,0,57,0,3,34,4,0,0,0
3164,6.559,0,64,0,0,0,0,0,57,0,3,34,4,0,0,0
3165,25.078,0,64,0,0,0,0,0,57,0,3,34,4,0,0,0
3166,0.798,0,64,0,0,0,0,0,57,0,3,34,4,0,0,0
3167,0.838,0,64,0,0,0,0,0,57,0,3,34,4,0,0,0
3168,6.548,0,64,0,0,0,0,0,57,0,3,34,4,0,0,0
3169,25.179,0,64,0,0,0,0,0,57,0,3,34,4,0,0,0
3170,0.873,0,64,0,0,0,0,0,57,0,3,34,4,0,0,0
3171,1.928,0,64,0,0,0,0,0,57,0,3,34,4,0,0,0
3172,5.354,0,64,0,0,0,0,0,57,0,3,34,4,0,0,0
3173,25.037,0,64,0,0,0,0,0,57,0,3,34,4,0,0,0
3174,0.956,0,64,0,0,0,0,0,57,0,3,34,4,0,0,0
3175,1.338,0,64,0,0,0,0,0,57,0,3,34,4,0,0,0
3176,6.620,0,64,0,0,0,0,0,57,0,3,34,4,0,0,0
3177,24.423,0,64,0,0,0,0,0,57,0,3,34,4,0,0,0
3178,0.862,0,64,0,0,0,0,0,57,0,3,34,4,0,0,0
3179,0.667,0,64,0,0,0,0,0,57,0,3,34,4,0,0,0
3180,6.792,0,64,0,0,0,0,0,57,0,3,34,4,0,0,0
3181,25.197,0,64,0,0,0,0,0,57,0,3,34,4,0,0,0
3182,1.019,0,64,0,0,0,0,0,57,0,3,34,4,0,0,0
3183,0.737,0,64,0,0,0,0,0,57,0,3,34,4,0,0,0
3184,7.582,0,64,0,0,0,0,0,57,0,3,34,4,0,0,0
3185,23.811,0,64,0,0,0,0,0,57,0,3,34,4,0,0,0
3186,1.004,0,64,0,0,0,0,0,57,0,3,34,4,0,0,0
3187,0.707,0,64,0,0,0,0,0,57,0,3,34,4,0,0,0
3188,6.819,0,64,0,0,0,0,0,57,0,3,34,4,0,0,0
3189,24.835,0,64,0,0,0,0,0,57,0,3,34,4,0,0,0
3190,0.980,0,64,0,0,0,0,0,57,0,3,34,4,0,0,0
3191,0.811,0,64,0,0,0,0,0,57,0,3,34,4,0,0,0
3192,6.525,0,64,0,0,0,0,0,57,0,3,34,4,0,0,0
3193,24.934,0,64,0,0,0,0,0,57,0,3,34,4,0,0,0
3194,0.998,0,64,0,0,0,0,0,57,0,3,34,4,0,0,0
3195,0.727,0,64,0,0,0,0,0,57,0,3,34,4,0,0,0
3196,6.571,0,64,0,0,0,0,0,57,0,3,34,4,0,0,0
3197,25.084,0,64,0,0,0,0,0,57,0,3,34,4,0,0,0
3198,0.785,0,64,0,0,0,0,0,57,0,3,34,4,0,0,0
3199,0.777,0,64,0,0,0,0,0,57,0,3,34,4,0,0,0
3200,6.757,0,64,0,0,0,0,0,57,0,3,34,4,0,0,0
3201,25.097,0,64,0,0,0,0,0,57,0,3,34,4,0,0,0
3202,0.825,0,64,0,0,0,0,0,57,0,3,34,4,0,0,0
3203,1.289,0,64,0,0,0,0,0,57,0,3,34,4,0,0,0
3204,6.058,0,64,0,0,0,0,0,57,0,3,34,4,0,0,0
3205,25.024,0,64,0,0,0,0,0,57,0,3,34,4,0,0,0
3206,0.838,0,64,0,0,0,0,0,57,0,3,34,4,0,0,0
3207,0.673,0,64,0,0,0,0,0,57,0,3,34,4,0,0,0
3208,6.810,0,64,0,0,0,0,0,57,0,3,34,4,0,0,0
3209,25.068,0,64,0,0,0,0,0,57,0,3,34,4,0,0,0
3210,0.836,0,64,0,0,0,0,0,57,0,3,34,4,0,0,0
3211,0.764,0,64,0,0,0,0,0,57,0,3,34,4,0,0,0
3212,6.733,0,64,0,0,0,0,0,57,0,3,34,4,0,0,0
3213,25.225,0,64,0,0,0,0,0,57,0,3,34,4,0,0,0
3214,0.841,0,64,0,0,0,0,0,57,0,3,34,4,0,0,0
3215,0.762,0,64,0,0,0,0,0,57,0,3,34,4,0,0,0
3216,6.586,0,64,0,0,0,0,0,57,0,3,34,4,0,0,0
3217,24.966,0,64,0,0,0,0,0,57,0,3,34,4,0,0,0
3218,1.028,0,64,0,0,0,0,0,57,0,3,34,4,0,0,0
3219,0.745,0,64,0,0,0,0,0,57,0,3,34,4,0,0,0
3220,6.538,0,64,0,0,0,0,0,57,0,3,34,4,0,0,0
3221,25.126,0,64,0,0,0,0,0,57,0,3,34,4,0,0,0
3222,0.859,0,64,0,0,0,0,0,57,0,3,34,4,0,0,0
3223,0.722,0,64,0,0,0,0,0,57,0,3,34,4,0,0,0
3224,6.672,0,64,0,0,0,0,0,57,0,3,34,4,0,0,0
3225,25.053,0,64,0,0,0,0,0,57,0,3,34,4,0,0,0
3226,0.948,0,64,0,0,0,0,0,57,0,3,34,4,0,0,0
3227,1.735,0,64,0,0,0,0,0,57,0,3,34,4,0,0,0
3228,5.551,0,64,0,0,0,0,0,57,0,3,34,4,0,0,0
3229,25.049,0,64,0,0,0,0,0,57,0,3,34,4,0,0,0
3230,0.957,0,64,0,0,0,0,0,57,0,3,34,4,0,0,0
3231,1.509,0,64,0,0,0,0,0,57,0,3,34,4,0,0,0
3232,6.068,0,64,0,0,0,0,0,57,0,3,34,4,0,0,0
3233,24.708,0,64,0,0,0,0,0,57,0,3,34,4,0,0,0
3234,0.788,0,64,0,0,0,0,0,57,0,3,34,4,0,0,0
3235,0.705,0,64,0,0,0,0,0,57,0,3,34,4,0,0,0
3236,6.980,0,64,0,0,0,0,0,57,0,3,34,4,0,0,0
3237,25.098,0,64,0,0,0,0,0,57,0,3,34,4,0,0,0
3238,0.997,0,64,0,0,0,0,0,57,0,3,34,4,0,0,0
3239,0.813,0,64,0,0,0,0,0,57,0,3,34,4,0,0,0
3240,6.718,0,64,0,0,0,0,0,57,0,3,34,4,0,0,0
3241,24.631,0,64,0,0,0,0,0,57,0,3,34,4,0,0,0
3242,0.991,0,64,0,0,0,0,0,57,0,3,34,4,0,0,0
3243,0.703,0,64,0,0,0,0,0,57,0,3,34,4,0,0,0
3244,6.782,0,64,0,0,0,0,0,57,0,3,34,4,0,0,0
3245,24.847,0,64,0,0,0,0,0,57,0,3,34,4,0,0,0
3246,0.825,0,64,0,0,0,0,0,57,0,3,34,4,0,0,0
3247,0.685,0,64,0,0,0,0,0,57,0,3,34,4,0,0,0
3248,6.796,0,64,0,0,0,0,0,57,0,3,34,4,0,0,0
3249,24.914,0,64,0,0,0,0,0,57,0,3,34,4,0,0,0
3250,0.815,0,64,0,0,0,0,0,57,0,3,34,4,0,0,0
3251,0.669,0,64,0,0,0,0,0,57,0,3,34,4,0,0,0
3252,6.889,0,64,0,0,0,0,0,57,0,3,34,4,0,0,0
3253,25.008,0,64,0,0,0,0,0,57,0,3,34,4,0,0,0
3254,0.833,0,64,0,0,0,0,0,57,0,3,34,4,0,0,0
3255,1.968,0,64,0,0,0,0,0,57,0,3,34,4,0,0,0
3256,5.421,0,64,0,0,0,0,0,57,0,3,34,4,0,0,0
3257,25.091,0,64,0,0,0,0,0,57,0,3,34,4,0,0,0
3258,1.022,0,64,0,0,0,0,0,57,0,3,34,4,0,0,0
3259,0.793,0,64,0,0,0,0,0,57,0,3,34,4,0,0,0
3260,6.610,0,64,0,0,0,0,0,57,0,3,34,4,0,0,0
3261,25.020,0,64,0,0,0,0,0,57,0,3,34,4,0,0,0
3262,0.962,0,64,0,0,0,0,0,57,0,3,34,4,0,0,0
3263,0.703,0,64,0,0,0,0,0,57,0,3,34,4,0,0,0
3264,7.682,0,64,0,0,0,0,0,57,0,3,34,4,0,0,0
3265,23.932,0,64,0,0,0,0,0,57,0,3,34,4,0,0,0
3266,1.014,0,64,0,0,0,0,0,57,0,3,34,4,0,0,0
3267,0.625,0,64,0,0,0,0,0,57,0,3,34,4,0,0,0
3268,6.703,0,64,0,0,0,0,0,57,0,3,34,4,0,0,0
3269,24.921,0,64,0,0,0,0,0,57,0,3,34,4,0,0,0
3270,0.914,0,64,0,0,0,0,0,57,0,3,34,4,0,0,0
3271,0.714,0,64,0,0,0,0,0,57,0,3,34,4,0,0,0
3272,7.146,0,64,0,0,0,0,0,57,0,3,34,4,0,0,0
3273,24.577,0,64,0,0,0,0,0,57,0,3,34,4,0,0,0
3274,0.879,0,64,0,0,0,0,0,57,0,3,34,4,0,0,0
3275,0.815,0,64,0,0,0,0,0,57,0,3,34,4,0,0,0
3276,6.578,0,64,0,0,0,0,0,57,0,3,34,4,0,0,0
3277,25.066,0,64,0,0,0,0,0,57,0,3,34,4,0,0,0
3278,0.933,0,64,0,0,0,0,0,57,0,3,34,4,0,0,0
3279,0.676,0,64,0,0,0,0,0,57,0,3,34,4,0,0,0
3280,7.811,0,64,0,0,0,0,0,57,0,3,34,4,0,0,0
3281,23.979,0,64,0,0,0,0,0,57,0,3,34,4,0,0,0
3282,0.972,0,64,0,0,0,0,0,57,0,3,34,4,0,0,0
3283,2.223,0,64,0,0,0,0,0,57,0,3,34,4,0,0,0
3284,5.171,0,64,0,0,0,0,0,57,0,3,34,4,0,0,0
3285,24.880,0,64,0,0,0,0,0,57,0,3,34,4,0,0,0
3286,0.867,0,64,0,0,0,0,0,57,0,3,34,4,0,0,0
3287,1.718,0,64,0,0,0,0,0,57,0,3,34,4,0,0,0
3288,5.766,0,64,0,0,0,0,0,57,0,3,34,4,0,0,0
3289,24.916,0,64,0,0,0,0,0,57,0,3,34,4,0,0,0
3290,0.974,0,64,0,0,0,0,0,57,0,3,34,4,0,0,0
3291,0.618,0,64,0,0,0,0,0,57,0,3,34,4,0,0,0
3292,6.812,0,64,0,0,0,0,0,57,0,3,34,4,0,0,0
3293,24.992,0,64,0,0,0,0,0,57,0,3,34,4,0,0,0
3294,0.769,0,64,0,0,0,0,0,57,0,3,34,4,0,0,0
3295,0.784,0,64,0,0,0,0,0,57,0,3,34,4,0,0,0
3296,6.721,0,64,0,0,0,0,0,57,0,3,34,4,0,0,0
3297,25.107,0,64,0,0,0,0,0,57,0,3,34,4,0,0,0
3298,1.074,0,64,0,0,0,0,0,57,0,3,34,4,0,0,0
3299,0.712,0,64,0,0,0,0,0,57,0,3,34,4,0,0,0
3300,6.405,0,64,0,0,0,0,0,57,0,3,34,4,0,0,0
3301,25.156,0,64,0,0,0,0,0,57,0,3,34,4,0,0,0
3302,0.978,0,64,0,0,0,0,0,57,0,3,34,4,0,0,0
3303,0.668,0,64,0,0,0,0,0,57,0,3,34,4,0,0,0
3304,7.004,0,64,0,0,0,0,0,57,0,3,34,4,0,0,0
3305,24.612,0,64,0,0,0,0,0,57,0,3,34,4,0,0,0
3306,0.976,0,64,0,0,0,0,0,57,0,3,34,4,0,0,0
3307,0.641,0,64,0,0,0,0,0,57,0,3,34,4,0,0,0
3308,6.688,0,64,0,0,0,0,0,57,0,3,34,4,0,0,0
3309,24.993,0,64,0,0,0,0,0,57,0,3,34,4,0,0,0
3310,1.034,0,64,0,0,0,0,0,57,0,3,34,4,0,0,0
3311,1.881,0,64,0,0,0,0,0,57,0,3,34,4,0,0,0
3312,5.444,0,64,0,0,0,0,0,57,0,3,34,4,0,0,0
3313,24.935,0,64,0,0,0,0,0,57,0,3,34,4,0,0,0
3314,0.893,0,64,0,0,0,0,0,57,0,3,34,4,0,0,0
3315,0.790,0,64,0,0,0,0,0,57,0,3,34,4,0,0,0
3316,6.754,0,64,0,0,0,0,0,57,0,3,34,4,0,0,0
3317,25.055,0,64,0,0,0,0,0,57,0,3,34,4,0,0,0
3318,0.939,0,64,0,0,0,0,0,57,0,3,34,4,0,0,0
3319,0.661,0,64,0,0,0,0,0,57,0,3,34,4,0,0,0
3320,6.625,0,64,0,0,0,0,0,57,0,3,34,4,0,0,0
3321,25.101,0,64,0,0,0,0,0,57,0,3,34,4,0,0,0
3322,0.844,0,64,0,0,0,0,0,57,0,3,34,4,0,0,0
3323,0.675,0,64,0,0,0,0,0,57,0,3,34,4,0,0,0
3324,6.680,0,64,0,0,0,0,0,57,0,3,34,4,0,0,0
3325,25.147,0,64,0,0,0,0,0,57,0,3,34,4,0,0,0
3326,0.866,0,64,0,0,0,0,0,57,0,3,34,4,0,0,0
3327,0.705,0,64,0,0,0,0,0,57,0,3,34,4,0,0,0
3328,7.078,0,64,0,0,0,0,0,57,0,3,34,4,0,0,0
3329,24.579,0,64,0,0,0,0,0,57,0,3,34,4,0,0,0
3330,0.792,0,64,0,0,0,0,0,57,0,3,34,4,0,0,0
3331,0.801,0,64,0,0,0,0,0,57,0,3,34,4,0,0,0
3332,6.716,0,64,0,0,0,0,0,57,0,3,34,4,0,0,0
3333,25.250,0,64,0,0,0,0,0,57,0,3,34,4,0,0,0
3334,0.976,0,64,0,0,0,0,0,57,0,3,34,4,0,0,0
3335,0.744,0,64,0,0,0,0,0,57,0,3,34,4,0,0,0
3336,6.359,0,64,0,0,0,0,0,57,0,3,34,4,0,0,0
3337,25.011,0,64,0,0,0,0,0,57,0,3,34,4,0,0,0
3338,0.834,0,64,0,0,0,0,0,57,0,3,34,4,0,0,0
3339,0.703,0,64,0,0,0,0,0,57,0,3,34,4,0,0,0
3340,6.773,0,64,0,0,0,0,0,57,0,3,34,4,0,0,0
3341,25.093,0,64,0,0,0,0,0,57,0,3,34,4,0,0,0
3342,0.789,0,64,0,0,0,0,0,57,0,3,34,4,0,0,0
3343,0.694,0,64,0,0,0,0,0,57,0,3,34,4,0,0,0
3344,6.908,0,64,0,0,0,0,0,57,0,3,34,4,0,0,0
3345,24.962,0,64,0,0,0,0,0,57,0,3,34,4,0,0,0
3346,0.859,0,64,0,0,0,0,0,57,0,3,34,4,0,0,0
3347,0.695,0,64,0,0,0,0,0,57,0,3,34,4,0,0,0
3348,6.836,0,64,0,0,0,0,0,57,0,3,34,4,0,0,0
3349,24.893,0,64,0,0,0,0,0,57,0,3,34,4,0,0,0
3350,0.847,0,64,0,0,0,0,0,57,0,3,34,4,0,0,0
3351,0.869,0,64,0,0,0,0,0,57,0,3,34,4,0,0,0
3352,6.812,0,64,0,0,0,0,0,57,0,3,34,4,0,0,0
3353,24.790,0,64,0,0,0,0,0,57,0,3,34,4,0,0,0
3354,1.070,0,64,0,0,0,0,0,57,0,3,34,4,0,0,0
3355,0.862,0,64,0,0,0,0,0,57,0,3,34,4,0,0,0
3356,6.360,0,64,0,0,0,0,0,57,0,3,34,4,0,0,0
3357,25.157,0,64,0,0,0,0,0,57,0,3,34,4,0,0,0
3358,0.851,0,64,0,0,0,0,0,57,0,3,34,4,0,0,0
3359,0.797,0,64,0,0,0,0,0,57,0,3,34,4,0,0,0
3360,6.504,0,64,0,0,0,0,0,57,0,3,34,4,0,0,0
3361,25.231,0,64,0,0,0,0,0,57,0,3,34,4,0,0,0
3362,0.831,0,64,0,0,0,0,0,57,0,3,34,4,0,0,0
3363,1.177,0,64,0,0,0,0,0,57,0,3,34,4,0,0,0
3364,5.921,0,64,0,0,0,0,0,57,0,3,34,4,0,0,0
3365,25.258,0,64,0,0,0,0,0,57,0,3,34,4,0,0,0
3366,0.870,0,64,0,0,0,0,0,57,0,3,34,4,0,0,0
3367,0.629,0,64,0,0,0,0,0,57,0,3,34,4,0,0,0
3368,6.895,0,64,0,0,0,0,0,57,0,3,34,4,0,0,0
3369,25.089,0,64,0,0,0,0,0,57,0,3,34,4,0,0,0
3370,0.797,0,64,0,0,0,0,0,57,0,3,34,4,0,0,0
3371,0.838,0,64,0,0,0,0,0,57,0,3,34,4,0,0,0
3372,6.462,0,64,0,0,0,0,0,57,0,3,34,4,0,0,0
3373,25.176,0,64,0,0,0,0,0,57,0,3,34,4,0,0,0
3374,0.836,0,64,0,0,0,0,0,57,0,3,34,4,0,0,0
3375,0.669,0,64,0,0,0,0,0,57,0,3,34,4,0,0,0
3376,7.227,0,64,0,0,0,0,0,57,0,3,34,4,0,0,0
3377,24.370,0,64,0,0,0,0,0,57,0,3,34,4,0,0,0
3378,0.945,0,64,0,0,0,0,0,57,0,3,34,4,0,0,0
3379,0.659,0,64,0,0,0,0,0,57,0,3,34,4,0,0,0
3380,6.749,0,64,0,0,0,0,0,57,0,3,34,4,0,0,0
3381,25.083,0,64,0,0,0,0,0,57,0,3,34,4,0,0,0
3382,0.876,0,64,0,0,0,0,0,57,0,3,34,4,0,0,0
3383,0.729,0,64,0,0,0,0,0,57,0,3,34,4,0,0,0
3384,6.547,0,64,0,0,0,0,0,57,0,3,34,4,0,0,0
3385,25.337,0,64,0,0,0,0,0,57,0,3,34,4,0,0,0
3386,0.850,0,64,0,0,0,0,0,57,0,3,34,4,0,0,0
3387,1.718,0,64,0,0,0,0,0,57,0,3,34,4,0,0,0
3388,5.475,0,64,0,0,0,0,0,57,0,3,34,4,0,0,0
3389,25.064,0,64,0,0,0,1,0,58,0,2,34,4,0,0,0
3390,0.943,0,64,0,0,0,0,0,58,0,2,34,4,0,0,0
3391,0.892,0,64,0,0,0,0,0,58,0,2,34,4,0,0,0
3392,6.902,0,64,0,0,0,0,0,58,0,2,34,4,0,0,0
3393,24.720,0,64,0,0,0,0,0,58,0,2,34,4,0,0,0
3394,0.859,0,64,0,0,0,0,0,58,0,2,34,4,0,0,0
3395,0.658,0,64,0,0,0,0,0,58,0,2,34,4,0,0,0
3396,6.630,0,64,0,0,0,0,0,58,0,2,34,4,0,0,0
3397,25.184,0,64,0,0,0,0,0,58,0,2,34,4,0,0,0
3398,0.894,0,64,0,0,0,0,0,58,0,2,34,4,0,0,0
3399,0.776,0,64,0,0,0,0,0,58,0,2,34,4,0,0,0
3400,6.931,0,64,0,0,0,0,0,58,0,2,34,4,0,0,0
3401,24.699,0,64,0,0,0,1,0,59,0,1,34,4,0,0,0
3402,0.832,0,64,0,0,0,0,0,59,0,1,34,4,0,0,0
3403,0.864,0,64,0,0,0,0,0,59,0,1,34,4,0,0,0
3404,6.437,0,64,0,0,0,0,0,59,0,1,34,4,0,0,0
3405,25.217,0,64,0,0,0,0,0,59,0,1,34,4,0,0,0
3406,0.854,0,64,0,0,0,0,0,59,0,1,34,4,0,0,0
3407,0.687,0,64,0,0,0,0,0,59,0,1,34,4,0,0,0
3408,6.773,0,64,0,0,0,0,0,59,0,1,34,4,0,0,0
3409,24.964,0,64,0,0,0,0,0,59,0,1,34,4,0,0,0
3410,1.093,0,64,0,0,0,0,0,59,0,1,34,4,0,0,0
3411,1.528,0,64,0,0,0,0,0,59,0,1,34,4,0,0,0
3412,5.665,0,64,0,0,0,0,0,59,0,1,34,4,0,0,0
3413,24.998,0,64,0,0,0,0,0,59,0,1,34,4,0,0,0
3414,1.049,0,64,0,0,0,0,0,59,0,1,34,4,0,0,0
3415,0.657,0,64,0,0,0,0,0,59,0,1,34,4,0,0,0
3416,7.092,0,64,0,0,0,0,0,59,0,1,34,4,0,0,0
3417,24.753,0,64,0,0,0,0,0,59,0,1,34,4,0,0,0
3418,0.862,0,64,0,0,0,0,0,59,0,1,34,4,0,0,0
3419,0.675,0,64,0,0,0,0,0,59,0,1,34,4,0,0,0
3420,6.710,0,64,0,0,0,0,0,59,0,1,34,4,0,0,0
3421,24.892,0,64,0,0,0,0,0,59,0,1,34,4,0,0,0
3422,0.945,0,64,0,0,0,0,0,59,0,1,34,4,0,0,0
3423,0.748,0,64,0,0,0,0,0,59,0,1,34,4,0,0,0
3424,7.103,0,64,0,0,0,0,0,59,0,1,34,4,0,0,0
3425,24.559,0,64,0,0,0,0,0,59,0,1,34,4,0,0,0
3426,0.845,0,64,0,0,0,0,0,59,0,1,34,4,0,0,0
3427,0.728,0,64,0,0,0,0,0,59,0,1,34,4,0,0,0
3428,6.899,0,64,0,0,0,0,0,59,0,1,34,4,0,0,0
3429,24.841,0,64,0,0,0,0,0,59,0,1,34,4,0,0,0
3430,0.940,0,64,0,0,0,0,0,59,0,1,34,4,0,0,0
3431,0.671,0,64,0,0,0,0,0,59,0,1,34,4,0,0,0
3432,7.139,0,64,0,0,0,0,0,59,0,1,34,4,0,0,0
3433,24.725,0,64,0,0,0,0,0,59,0,1,34,4,0,0,0
3434,0.946,0,64,0,0,0,0,0,59,0,1,34,4,0,0,0
3435,0.860,0,64,0,0,0,0,0,59,0,1,34,4,0,0,0
3436,6.434,0,64,0,0,0,0,0,59,0,1,34,4,0,0,0
3437,25.102,0,64,0,0,0,0,0,59,0,1,34,4,0,0,0
3438,0.938,0,64,0,0,0,0,0,59,0,1,34,4,0,0,0
3439,1.500,0,64,0,0,0,0,0,59,0,1,34,4,0,0,0
3440,5.628,0,64,0,0,0,0,0,59,0,1,34,4,0,0,0
3441,25.227,0,64,0,0,0,0,0,59,0,1,34,4,0,0,0
3442,0.974,0,64,0,0,0,0,0,59,0,1,34,4,0,0,0
3443,0.766,0,64,0,0,0,0,0,59,0,1,34,4,0,0,0
3444,6.450,0,64,0,0,0,0,0,59,0,1,34,4,0,0,0
3445,25.006,0,64,0,0,0,0,0,59,0,1,34,4,0,0,0
3446,0.903,0,64,0,0,0,0,0,59,0,1,34,4,0,0,0
3447,0.650,0,64,0,0,0,0,0,59,0,1,34,4,0,0,0
3448,6.647,0,64,0,0,0,0,0,59,0,1,34,4,0,0,0
3449,25.322,0,64,0,0,0,0,0,59,0,1,34,4,0,0,0
3450,0.763,0,64,0,0,0,0,0,59,0,1,34,4,0,0,0
3451,0.727,0,64,0,0,0,0,0,59,0,1,34,4,0,0,0
3452,6.627,0,64,0,0,0,0,0,59,0,1,34,4,0,0,0
3453,24.993,0,64,0,0,0,0,0,59,0,1,34,4,0,0,0
3454,0.905,0,64,0,0,0,0,0,59,0,1,34,4,0,0,0
3455,0.719,0,64,0,0,0,0,0,59,0,1,34,4,0,0,0
3456,6.645,0,64,0,0,0,0,0,59,0,1,34,4,0,0,0
3457,24.999,0,64,0,0,0,0,0,59,0,1,34,4,0,0,0
3458,0.944,0,64,0,0,0,0,0,59,0,1,34,4,0,0,0
3459,0.674,0,64,0,0,0,0,0,59,0,1,34,4,0,0,0
3460,6.835,0,64,0,0,0,0,0,59,0,1,34,4,0,0,0
3461,25.220,0,64,0,0,0,0,0,59,0,1,34,4,0,0,0
3462,0.893,0,64,0,0,0,0,0,59,0,1,34,4,0,0,0
3463,0.814,0,64,0,0,0,0,0,59,0,1,34,4,0,0,0
3464,7.205,0,64,0,0,0,0,0,59,0,1,34,4,0,0,0
3465,24.474,0,64,0,0,0,0,0,59,0,1,34,4,0,0,0
3466,0.912,0,64,0,0,0,0,0,59,0,1,34,4,0,0,0
3467,1.279,0,64,0,0,0,0,0,59,0,1,34,4,0,0,0
3468,5.789,0,64,0,0,0,0,0,59,0,1,34,4,0,0,0
3469,25.207,0,64,0,0,0,0,0,59,0,1,34,4,0,0,0
3470,0.855,0,64,0,0,0,0,0,59,0,1,34,4,0,0,0
3471,0.975,0,64,0,0,0,0,0,59,0,1,34,4,0,0,0
3472,6.235,0,64,0,0,0,0,0,59,0,1,34,4,0,0,0
3473,25.082,0,64,0,0,0,0,0,59,0,1,34,4,0,0,0
3474,0.891,0,64,0,0,0,0,0,59,0,1,34,4,0,0,0
3475,0.714,0,64,0,0,0,0,0,59,0,1,34,4,0,0,0
3476,6.716,0,64,0,0,0,0,0,59,0,1,34,4,0,0,0
3477,25.054,0,64,0,0,0,0,0,59,0,1,34,4,0,0,0
3478,0.939,0,64,0,0,0,0,0,59,0,1,34,4,0,0,0
3479,0.735,0,64,0,0,0,0,0,59,0,1,34,4,0,0,0
3480,6.832,0,64,0,0,0,0,0,59,0,1,34,4,0,0,0
3481,24.792,0,64,0,0,0,0,0,59,0,1,34,4,0,0,0
3482,0.832,0,64,0,0,0,0,0,59,0,1,34,4,0,0,0
3483,0.663,0,64,0,0,0,0,0,59,0,1,34,4,0,0,0
3484,6.870,0,64,0,0,0,0,0,59,0,1,34,4,0,0,0
3485,25.047,0,64,0,0,0,0,0,59,0,1,34,4,0,0,0
3486,0.821,0,64,0,0,0,0,0,59,0,1,34,4,0,0,0
3487,0.665,0,64,0,0,0,0,0,59,0,1,34,4,0,0,0
3488,7.282,0,64,0,0,0,0,0,59,0,1,34,4,0,0,0
3489,24.520,0,64,0,0,0,0,0,59,0,1,34,4,0,0,0
3490,0.844,0,64,0,0,0,0,0,59,0,1,34,4,0,0,0
3491,0.704,0,64,0,0,0,0,0,59,0,1,34,4,0,0,0
3492,6.678,0,64,0,0,0,0,0,59,0,1,34,4,0,0,0
3493,25.214,0,64,0,0,0,0,0,59,0,1,34,4,0,0,0
3494,0.875,0,64,0,0,0,0,0,59,0,1,34,4,0,0,0
3495,2.260,0,64,0,0,0,0,0,59,0,1,34,4,0,0,0
3496,4.886,0,64,0,0,0,0,0,59,0,1,34,4,0,0,0
3497,25.136,0,64,0,0,0,0,0,59,0,1,34,4,0,0,0
3498,0.839,0,64,0,0,0,0,0,59,0,1,34,4,0,0,0
3499,0.727,0,64,0,0,0,0,0,59,0,1,34,4,0,0,0
3500,6.652,0,64,0,0,0,0,0,59,0,1,34,4,0,0,0
3501,25.101,0,64,0,0,0,0,0,59,0,1,34,4,0,0,0
3502,0.882,0,64,0,0,0,0,0,59,0,1,34,4,0,0,0
3503,0.730,0,64,0,0,0,0,0,59,0,1,34,4,0,0,0
3504,6.915,0,64,0,0,0,0,0,59,0,1,34,4,0,0,0
3505,24.797,0,64,0,0,0,0,0,59,0,1,34,4,0,0,0
3506,0.916,0,64,0,0,0,0,0,59,0,1,34,4,0,0,0
3507,0.677,0,64,0,0,0,0,0,59,0,1,34,4,0,0,0
3508,6.839,0,64,0,0,0,0,0,59,0,1,34,4,0,0,0
3509,24.903,0,64,0,0,0,0,0,59,0,1,34,4,0,0,0
3510,0.899,0,64,0,0,0,0,0,59,0,1,34,4,0,0,0
3511,0.641,0,64,0,0,0,0,0,59,0,1,34,4,0,0,0
3512,6.814,0,64,0,0,0,0,0,59,0,1,34,4,0,0,0
3513,25.087,0,64,0,0,0,0,0,59,0,1,34,4,0,0,0
3514,0.928,0,64,0,0,0,0,0,59,0,1,34,4,0,0,0
3515,0.653,0,64,0,0,0,0,0,59,0,1,34,4,0,0,0
3516,6.590,0,64,0,0,0,0,0,59,0,1,34,4,0,0,0
3517,25.170,0,64,0,0,0,0,0,59,0,1,34,4,0,0,0
3518,0.838,0,64,0,0,0,0,0,59,0,1,34,4,0,0,0
3519,0.661,0,64,0,0,0,0,0,59,0,1,34,4,0,0,0
3520,6.842,0,64,0,0,0,0,0,59,0,1,34,4,0,0,0
3521,24.930,0,64,0,0,0,0,0,59,0,1,34,4,0,0,0
3522,0.833,0,64,0,0,0,0,0,59,0,1,34,4,0,0,0
3523,0.722,0,64,0,0,0,0,0,59,0,1,34,4,0,0,0
3524,6.714,0,64,0,0,0,0,0,59,0,1,34,4,0,0,0
3525,25.186,0,64,0,0,0,0,0,59,0,1,34,4,0,0,0
3526,0.809,0,64,0,0,0,0,0,59,0,1,34,4,0,0,0
3527,0.758,0,64,0,0,0,0,0,59,0,1,34,4,0,0,0
3528,6.572,0,64,0,0,0,0,0,59,0,1,34,4,0,0,0
3529,25.105,0,64,0,0,0,0,0,59,0,1,34,4,0,0,0
3530,0.957,0,64,0,0,0,0,0,59,0,1,34,4,0,0,0
3531,0.690,0,64,0,0,0,0,0,59,0,1,34,4,0,0,0
3532,6.603,0,64,0,0,0,0,0,59,0,1,34,4,0,0,0
3533,25.004,0,64,0,0,0,0,0,59,0,1,34,4,0,0,0
3534,0.993,0,64,0,0,0,0,0,59,0,1,34,4,0,0,0
3535,0.674,0,64,0,0,0,0,0,59,0,1,34,4,0,0,0
3536,6.759,0,64,0,0,0,0,0,59,0,1,34,4,0,0,0
3537,24.863,0,64,0,0,0,0,0,59,0,1,34,4,0,0,0
3538,0.910,0,64,0,0,0,0,0,59,0,1,34,4,0,0,0
3539,0.728,0,64,0,0,0,0,0,59,0,1,34,4,0,0,0
3540,6.627,0,64,0,0,0,0,0,59,0,1,34,4,0,0,0
3541,25.055,0,64,0,0,0,0,0,59,0,1,34,4,0,0,0
3542,0.874,0,64,0,0,0,0,0,59,0,1,34,4,0,0,0
3543,0.674,0,64,0,0,0,0,0,59,0,1,34,4,0,0,0
3544,7.157,0,64,0,0,0,0,0,59,0,1,34,4,0,0,0
3545,24.689,0,64,0,0,0,0,0,59,0,1,34,4,0,0,0
3546,1.043,0,64,0,0,0,0,0,59,0,1,34,4,0,0,0
3547,1.615,0,64,0,0,0,0,0,59,0,1,34,4,0,0,0
3548,5.519,0,64,0,0,0,0,0,59,0,1,34,4,0,0,0
3549,25.294,0,64,0,0,0,0,0,59,0,1,34,4,0,0,0
3550,0.936,0,64,0,0,0,0,0,59,0,1,34,4,0,0,0
3551,0.647,0,64,0,0,0,0,0,59,0,1,34,4,0,0,0
3552,6.709,0,64,0,0,0,0,0,59,0,1,34,4,0,0,0
3553,24.939,0,64,0,0,0,0,0,59,0,1,34,4,0,0,0
3554,0.936,0,64,0,0,0,0,0,59,0,1,34,4,0,0,0
3555,0.771,0,64,0,0,0,0,0,59,0,1,34,4,0,0,0
3556,6.439,0,64,0,0,0,0,0,59,0,1,34,4,0,0,0
3557,25.351,0,64,0,0,0,0,0,59,0,1,34,4,0,0,0
3558,0.901,0,64,0,0,0,0,0,59,0,1,34,4,0,0,0
3559,0.713,0,64,0,0,0,0,0,59,0,1,34,4,0,0,0
3560,6.475,0,64,0,0,0,0,0,59,0,1,34,4,0,0,0
3561,25.073,0,64,0,0,0,0,0,59,0,1,34,4,0,0,0
3562,0.890,0,64,0,0,0,0,0,59,0,1,34,4,0,0,0
3563,0.660,0,64,0,0,0,0,0,59,0,1,34,4,0,0,0
3564,6.754,0,64,0,0,0,0,0,59,0,1,34,4,0,0,0
3565,24.896,0,64,0,0,0,0,0,59,0,1,34,4,0,0,0
3566,0.964,0,64,0,0,0,0,0,59,0,1,34,4,0,0,0
3567,0.636,0,64,0,0,0,0,0,59,0,1,34,4,0,0,0
3568,7.247,0,64,0,0,0,0,0,59,0,1,34,4,0,0,0
3569,24.674,0,64,0,0,0,0,0,59,0,1,34,4,0,0,0
3570,0.902,0,64,0,0,0,0,0,59,0,1,34,4,0,0,0
3571,0.751,0,64,0,0,0,0,0,59,0,1,34,4,0,0,0
3572,6.546,0,64,0,0,0,0,0,59,0,1,34,4,0,0,0
3573,25.032,0,64,0,0,0,0,0,59,0,1,34,4,0,0,0
3574,0.804,0,64,0,0,0,0,0,59,0,1,34,4,0,0,0
3575,1.656,0,64,0,0,0,0,0,59,0,1,34,4,0,0,0
3576,5.768,0,64,0,0,0,0,0,59,0,1,34,4,0,0,0
3577,25.077,0,64,0,0,0,0,0,59,0,1,34,4,0,0,0
3578,0.895,0,64,0,0,0,0,0,59,0,1,34,4,0,0,0
3579,0.750,0,64,0,0,0,0,0,59,0,1,34,4,0,0,0
3580,6.604,0,64,0,0,0,0,0,59,0,1,34,4,0,0,0
3581,25.193,0,64,0,0,0,0,0,59,0,1,34,4,0,0,0
3582,0.863,0,64,0,0,0,0,0,59,0,1,34,4,0,0,0
3583,0.654,0,64,0,0,0,0,0,59,0,1,34,4,0,0,0
3584,7.534,0,64,0,0,0,0,0,59,0,1,34,4,0,0,0
3585,24.247,0,64,0,0,0,0,0,59,0,1,34,4,0,0,0
3586,0.852,0,64,0,0,0,0,0,59,0,1,34,4,0,0,0
3587,0.754,0,64,0,0,0,0,0,59,0,1,34,4,0,0,0
3588,6.596,0,64,0,0,0,0,0,59,0,1,34,4,0,0,0
3589,24.997,0,64,0,0,0,0,0,59,0,1,34,4,0,0,0
3590,0.936,0,64,0,0,0,0,0,59,0,1,34,4,0,0,0
3591,0.719,0,64,0,0,0,0,0,59,0,1,34,4,0,0,0
3592,6.663,0,64,0,0,0,0,0,59,0,1,34,4,0,0,0
3593,25.326,0,64,0,0,0,0,0,59,0,1,34,4,0,0,0
3594,0.787,0,64,0,0,0,0,0,59,0,1,34,4,0,0,0
3595,0.664,0,64,0,0,0,0,0,59,0,1,34,4,0,0,0
3596,6.619,0,64,0,0,0,0,0,59,0,1,34,4,0,0,0
3597,25.160,0,64,0,0,0,0,0,59,0,1,34,4,0,0,0
3598,0.837,0,64,0,0,0,0,0,59,0,1,34,4,0,0,0
3599,0.732,0,64,0,0,0,0,0,59,0,1,34,4,0,0,0
3600,6.657,0,64,0,0,0,0,0,59,0,1,34,4,0,0,0
3601,25.003,0,64,0,0,0,0,0,59,0,1,34,4,0,0,0
3602,0.904,0,64,0,0,0,0,0,59,0,1,34,4,0,0,0
3603,1.752,0,64,0,0,0,0,0,59,0,1,34,4,0,0,0
3604,5.647,0,64,0,0,0,0,0,59,0,1,34,4,0,0,0
3605,24.978,0,64,0,0,0,0,0,59,0,1,34,4,0,0,0
3606,0.916,0,64,0,0,0,0,0,59,0,1,34,4,0,0,0
3607,0.724,0,64,0,0,0,0,0,59,0,1,34,4,0,0,0
3608,6.625,0,64,0,0,0,0,0,59,0,1,34,4,0,0,0
3609,25.063,0,64,0,0,0,0,0,59,0,1,34,4,0,0,0
3610,0.859,0,64,0,0,0,0,0,59,0,1,34,4,0,0,0
3611,0.665,0,64,0,0,0,0,0,59,0,1,34,4,0,0,0
3612,6.862,0,64,0,0,0,0,0,59,0,1,34,4,0,0,0
3613,24.924,0,64,0,0,0,0,0,59,0,1,34,4,0,0,0
3614,0.878,0,64,0,0,0,0,0,59,0,1,34,4,0,0,0
3615,0.825,0,64,0,0,0,0,0,59,0,1,34,4,0,0,0
3616,6.725,0,64,0,0,0,0,0,59,0,1,34,4,0,0,0
3617,24.912,0,64,0,0,0,0,0,59,0,1,34,4,0,0,0
3618,0.852,0,64,0,0,0,0,0,59,0,1,34,4,0,0,0
3619,0.877,0,64,0,0,0,0,0,59,0,1,34,4,0,0,0
3620,6.684,0,64,0,0,0,0,0,59,0,1,34,4,0,0,0
3621,25.036,0,64,0,0,0,0,0,59,0,1,34,4,0,0,0
3622,0.844,0,64,0,0,0,0,0,59,0,1,34,4,0,0,0
3623,0.794,0,64,0,0,0,0,0,59,0,1,34,4,0,0,0
3624,7.026,0,64,0,0,0,0,0,59,0,1,34,4,0,0,0
3625,24.629,0,64,0,0,0,0,0,59,0,1,34,4,0,0,0
3626,0.854,0,64,0,0,0,0,0,59,0,1,34,4,0,0,0
3627,0.757,0,64,0,0,0,0,0,59,0,1,34,4,0,0,0
3628,6.637,0,64,0,0,0,0,0,59,0,1,34,4,0,0,0
3629,24.999,0,64,0,0,0,0,0,59,0,1,34,4,0,0,0
3630,0.852,0,64,0,0,0,0,0,59,0,1,34,4,0,0,0
3631,0.971,0,64,0,0,0,0,0,59,0,1,34,4,0,0,0
3632,6.539,0,64,0,0,0,0,0,59,0,1,34,4,0,0,0
3633,25.020,0,64,0,0,0,0,0,59,0,1,34,4,0,0,0
3634,0.967,0,64,0,0,0,0,0,59,0,1,34,4,0,0,0
3635,1.081,0,64,0,0,0,0,0,59,0,1,34,4,0,0,0
3636,6.233,0,64,0,0,0,0,0,59,0,1,34,4,0,0,0
3637,25.013,0,64,0,0,0,0,0,59,0,1,34,4,0,0,0
3638,0.797,0,64,0,0,0,0,0,59,0,1,34,4,0,0,0
3639,0.739,0,64,0,0,0,0,0,59,0,1,34,4,0,0,0
3640,6.852,0,64,0,0,0,0,0,59,0,1,34,4,0,0,0
3641,25.043,0,64,0,0,0,0,0,59,0,1,34,4,0,0,0
3642,0.918,0,64,0,0,0,0,0,59,0,1,34,4,0,0,0
3643,0.724,0,64,0,0,0,0,0,59,0,1,34,4,0,0,0
3644,6.657,0,64,0,0,0,0,0,59,0,1,34,4,0,0,0
3645,24.968,0,64,0,0,0,0,0,59,0,1,34,4,0,0,0
3646,1.021,0,64,0,0,0,0,0,59,0,1,34,4,0,0,0
3647,0.832,0,64,0,0,0,0,0,59,0,1,34,4,0,0,0
3648,6.952,0,64,0,0,0,0,0,59,0,1,34,4,0,0,0
3649,24.486,0,64,0,0,0,0,0,59,0,1,34,4,0,0,0
3650,0.837,0,64,0,0,0,0,0,59,0,1,34,4,0,0,0
3651,0.660,0,64,0,0,0,0,0,59,0,1,34,4,0,0,0
3652,6.765,0,64,0,0,0,0,0,59,0,1,34,4,0,0,0
3653,25.260,0,64,0,0,0,0,0,59,0,1,34,4,0,0,0
3654,0.824,0,64,0,0,0,0,0,59,0,1,34,4,0,0,0
3655,0.779,0,64,0,0,0,0,0,59,0,1,34,4,0,0,0
3656,6.686,0,64,0,0,0,0,0,59,0,1,34,4,0,0,0
3657,24.860,0,64,0,0,0,0,0,59,0,1,34,4,0,0,0
3658,0.852,0,64,0,0,0,0,0,59,0,1,34,4,0,0,0
3659,1.349,0,64,0,0,0,0,0,59,0,1,34,4,0,0,0
3660,6.027,0,64,0,0,0,0,0,59,0,1,34,4,0,0,0
3661,25.359,0,64,0,0,0,0,0,59,0,1,34,4,0,0,0
3662,0.874,0,64,0,0,0,0,0,59,0,1,34,4,0,0,0
3663,0.821,0,64,0,0,0,0,0,59,0,1,34,4,0,0,0
3664,6.398,0,64,0,0,0,0,0,59,0,1,34,4,0,0,0
3665,25.053,0,64,0,0,0,0,0,59,0,1,34,4,0,0,0
3666,0.794,0,64,0,0,0,0,0,59,0,1,34,4,0,0,0
3667,0.690,0,64,0,0,0,0,0,59,0,1,34,4,0,0,0
3668,6.776,0,64,0,0,0,0,0,59,0,1,34,4,0,0,0
3669,25.194,0,64,0,0,0,0,0,59,0,1,34,4,0,0,0
3670,1.059,0,64,0,0,0,0,0,59,0,1,34,4,0,0,0
3671,0.827,0,64,0,0,0,0,0,59,0,1,34,4,0,0,0
3672,7.506,0,64,0,0,0,0,0,59,0,1,34,4,0,0,0
3673,23.905,0,64,0,0,0,0,0,59,0,1,34,4,0,0,0
3674,0.797,0,64,0,0,0,0,0,59,0,1,34,4,0,0,0
3675,0.787,0,64,0,0,0,0,0,59,0,1,34,4,0,0,0
3676,6.595,0,64,0,0,0,0,0,59,0,1,34,4,0,0,0
3677,25.058,0,64,0,0,0,0,0,59,0,1,34,4,0,0,0
3678,0.954,0,64,0,0,0,0,0,59,0,1,34,4,0,0,0
3679,0.706,0,64,0,0,0,0,0,59,0,1,34,4,0,0,0
3680,6.967,0,64,0,0,0,0,0,59,0,1,34,4,0,0,0
3681,24.574,0,64,0,0,0,0,0,59,0,1,34,4,0,0,0
3682,1.013,0,64,0,0,0,0,0,59,0,1,34,4,0,0,0
3683,0.774,0,64,0,0,0,0,0,59,0,1,34,4,0,0,0
3684,6.646,0,64,0,0,0,0,0,59,0,1,34,4,0,0,0
3685,24.974,0,64,0,0,0,0,0,59,0,1,34,4,0,0,0
3686,0.967,0,64,0,0,0,0,0,59,0,1,34,4,0,0,0
3687,0.786,0,64,0,0,0,0,0,59,0,1,34,4,0,0,0
3688,7.360,0,64,0,0,0,0,0,59,0,1,34,4,0,0,0
3689,24.383,0,64,0,0,0,0,0,59,0,1,34,4,0,0,0
3690,0.955,0,64,0,0,0,0,0,59,0,1,34,4,0,0,0
3691,0.687,0,64,0,0,0,0,0,59,0,1,34,4,0,0,0
3692,6.492,0,64,0,0,0,0,0,59,0,1,34,4,0,0,0
3693,25.023,0,64,0,0,0,0,0,59,0,1,34,4,0,0,0
3694,0.826,0,64,0,0,0,0,0,59,0,1,34,4,0,0,0
3695,0.856,0,64,0,0,0,0,0,59,0,1,34,4,0,0,0
3696,6.615,0,64,0,0,0,0,0,59,0,1,34,4,0,0,0
3697,24.969,0,64,0,0,0,0,0,59,0,1,34,4,0,0,0
3698,0.973,0,64,0,0,0,0,0,59,0,1,34,4,0,0,0
3699,0.666,0,64,0,0,0,0,0,59,0,1,34,4,0,0,0
3700,6.822,0,64,0,0,0,0,0,59,0,1,34,4,0,0,0
3701,25.070,0,64,0,0,0,0,0,59,0,1,34,4,0,0,0
3702,0.930,0,64,0,0,0,0,0,59,0,1,34,4,0,0,0
3703,0.731,0,64,0,0,0,0,0,59,0,1,34,4,0,0,0
3704,6.637,0,64,0,0,0,0,0,59,0,1,34,4,0,0,0
3705,25.160,0,64,0,0,0,0,0,59,0,1,34,4,0,0,0
3706,0.866,0,64,0,0,0,0,0,59,0,1,34,4,0,0,0
3707,0.885,0,64,0,0,0,0,0,59,0,1,34,4,0,0,0
3708,6.284,0,64,0,0,0,0,0,59,0,1,34,4,0,0,0
3709,25.044,0,64,0,0,0,0,0,59,0,1,34,4,0,0,0
3710,0.945,0,64,0,0,0,0,0,59,0,1,34,4,0,0,0
3711,0.648,0,64,0,0,0,0,0,59,0,1,34,4,0,0,0
3712,6.740,0,64,0,0,0,0,0,59,0,1,34,4,0,0,0
3713,25.126,0,64,0,0,0,0,0,59,0,1,34,4,0,0,0
3714,1.057,0,64,0,0,0,0,0,59,0,1,34,4,0,0,0
3715,2.962,0,64,0,0,0,0,0,59,0,1,34,4,0,0,0
3716,4.001,0,64,0,0,0,0,0,59,0,1,34,4,0,0,0
3717,25.342,0,64,0,0,0,0,0,59,0,1,34,4,0,0,0
3718,0.964,0,64,0,0,0,0,0,59,0,1,34,4,0,0,0
3719,1.216,0,64,0,0,0,0,0,59,0,1,34,4,0,0,0
3720,5.981,0,64,0,0,0,0,0,59,0,1,34,4,0,0,0
3721,24.999,0,64,0,0,0,0,0,59,0,1,34,4,0,0,0
3722,0.848,0,64,0,0,0,0,0,59,0,1,34,4,0,0,0
3723,0.693,0,64,0,0,0,0,0,59,0,1,34,4,0,0,0
3724,6.661,0,64,0,0,0,0,0,59,0,1,34,4,0,0,0
3725,25.267,0,64,0,0,0,0,0,59,0,1,34,4,0,0,0
3726,0.861,0,64,0,0,0,0,0,59,0,1,34,4,0,0,0
3727,0.739,0,64,0,0,0,0,0,59,0,1,34,4,0,0,0
3728,6.487,0,64,0,0,0,0,0,59,0,1,34,4,0,0,0
3729,25.114,0,64,0,0,0,0,0,59,0,1,34,4,0,0,0
3730,0.936,0,64,0,0,0,0,0,59,0,1,34,4,0,0,0
3731,0.749,0,64,0,0,0,0,0,59,0,1,34,4,0,0,0
3732,6.634,0,64,0,0,0,0,0,59,0,1,34,4,0,0,0
3733,25.103,0,64,0,0,0,0,0,59,0,1,34,4,0,0,0
3734,0.866,0,64,0,0,0,0,0,59,0,1,34,4,0,0,0
3735,0.716,0,64,0,0,0,0,0,59,0,1,34,4,0,0,0
3736,7.197,0,64,0,0,0,0,0,59,0,1,34,4,0,0,0
3737,24.559,0,64,0,0,0,0,0,59,0,1,34,4,0,0,0
3738,0.959,0,64,0,0,0,0,0,59,0,1,34,4,0,0,0
3739,0.725,0,64,0,0,0,0,0,59,0,1,34,4,0,0,0
3740,6.580,0,64,0,0,0,0,0,59,0,1,34,4,0,0,0
3741,24.914,0,64,0,0,0,0,0,59,0,1,34,4,0,0,0
3742,1.004,0,64,0,0,0,0,0,59,0,1,34,4,0,0,0
3743,0.736,0,64,0,0,0,0,0,59,0,1,34,4,0,0,0
3744,6.540,0,64,0,0,0,0,0,59,0,1,34,4,0,0,0
3745,25.077,0,64,0,0,0,0,0,59,0,1,34,4,0,0,0
3746,0.822,0,64,0,0,0,0,0,59,0,1,34,4,0,0,0
3747,0.698,0,64,0,0,0,0,0,59,0,1,34,4,0,0,0
3748,6.746,0,64,0,0,0,0,0,59,0,1,34,4,0,0,0
3749,25.041,0,64,0,0,0,0,0,59,0,1,34,4,0,0,0
3750,0.798,0,64,0,0,0,0,0,59,0,1,34,4,0,0,0
3751,0.640,0,64,0,0,0,0,0,59,0,1,34,4,0,0,0
3752,6.858,0,64,0,0,0,0,0,59,0,1,34,4,0,0,0
3753,24.995,0,64,0,0,0,0,0,59,0,1,34,4,0,0,0
3754,0.866,0,64,0,0,0,0,0,59,0,1,34,4,0,0,0
3755,0.662,0,64,0,0,0,0,0,59,0,1,34,4,0,0,0
3756,6.817,0,64,0,0,0,0,0,59,0,1,34,4,0,0,0
3757,24.987,0,64,0,0,0,0,0,59,0,1,34,4,0,0,0
3758,0.915,0,64,0,0,0,0,0,59,0,1,34,4,0,0,0
3759,0.703,0,64,0,0,0,0,0,59,0,1,34,4,0,0,0
3760,7.256,0,64,0,0,0,0,0,59,0,1,34,4,0,0,0
3761,24.545,0,64,0,0,0,0,0,59,0,1,34,4,0,0,0
3762,0.896,0,64,0,0,0,0,0,59,0,1,34,4,0,0,0
3763,0.634,0,64,0,0,0,0,0,59,0,1,34,4,0,0,0
3764,6.783,0,64,0,0,0,0,0,59,0,1,34,4,0,0,0
3765,25.150,0,64,0,0,0,0,0,59,0,1,34,4,0,0,0
3766,0.922,0,64,0,0,0,0,0,59,0,1,34,4,0,0,0
3767,0.716,0,64,0,0,0,0,0,59,0,1,34,4,0,0,0
3768,6.595,0,64,0,0,0,0,0,59,0,1,34,4,0,0,0
3769,24.991,0,64,0,0,0,0,0,59,0,1,34,4,0,0,0
3770,0.970,0,64,0,0,0,0,0,59,0,1,34,4,0,0,0
3771,0.706,0,64,0,0,0,0,0,59,0,1,34,4,0,0,0
3772,6.455,0,64,0,0,0,0,0,59,0,1,34,4,0,0,0
3773,25.144,0,64,0,0,0,0,0,59,0,1,34,4,0,0,0
3774,0.959,0,64,0,0,0,0,0,59,0,1,34,4,0,0,0
3775,1.166,0,64,0,0,0,0,0,59,0,1,34,4,0,0,0
3776,6.170,0,64,0,0,0,0,0,59,0,1,34,4,0,0,0
3777,24.976,0,64,0,0,0,0,0,59,0,1,34,4,0,0,0
3778,0.903,0,64,0,0,0,0,0,59,0,1,34,4,0,0,0
3779,0.636,0,64,0,0,0,0,0,59,0,1,34,4,0,0,0
3780,6.834,0,64,0,0,0,0,0,59,0,1,34,4,0,0,0
3781,25.234,0,64,0,0,0,0,0,59,0,1,34,4,0,0,0
3782,0.901,0,64,0,0,0,0,0,59,0,1,34,4,0,0,0
3783,0.688,0,64,0,0,0,0,0,59,0,1,34,4,0,0,0
3784,7.685,0,64,0,0,0,0,0,59,0,1,34,4,0,0,0
3785,24.010,0,64,0,0,0,0,0,59,0,1,34,4,0,0,0
3786,0.802,0,64,0,0,0,0,0,59,0,1,34,4,0,0,0
3787,0.644,0,64,0,0,0,0,0,59,0,1,34,4,0,0,0
3788,6.666,0,64,0,0,0,0,0,59,0,1,34,4,0,0,0
3789,25.208,0,64,0,0,0,0,0,59,0,1,34,4,0,0,0
3790,0.961,0,64,0,0,0,0,0,59,0,1,34,4,0,0,0
3791,0.714,0,64,0,0,0,0,0,59,0,1,34,4,0,0,0
3792,6.416,0,64,0,0,0,0,0,59,0,1,34,4,0,0,0
3793,25.137,0,64,0,0,0,0,0,59,0,1,34,4,0,0,0
3794,0.796,0,64,0,0,0,0,0,59,0,1,34,4,0,0,0
3795,0.658,0,64,0,0,0,0,0,59,0,1,34,4,0,0,0
3796,6.728,0,64,0,0,0,0,0,59,0,1,34,4,0,0,0
3797,25.050,0,64,0,0,0,0,0,59,0,1,34,4,0,0,0
3798,0.926,0,64,0,0,0,0,0,59,0,1,34,4,0,0,0
3799,0.757,0,64,0,0,0,0,0,59,0,1,34,4,0,0,0
3800,6.596,0,64,0,0,0,0,0,59,0,1,34,4,0,0,0
3801,25.160,0,64,0,0,0,0,0,59,0,1,34,4,0,0,0
3802,0.910,0,64,0,0,0,0,0,59,0,1,34,4,0,0,0
3803,1.742,0,64,0,0,0,0,0,59,0,1,34,4,0,0,0
3804,5.737,0,64,0,0,0,0,0,59,0,1,34,4,0,0,0
3805,25.007,0,64,0,0,0,0,0,59,0,1,34,4,0,0,0
3806,0.932,0,64,0,0,0,0,0,59,0,1,34,4,0,0,0
3807,0.774,0,64,0,0,0,0,0,59,0,1,34,4,0,0,0
3808,7.465,0,64,0,0,0,0,0,59,0,1,34,4,0,0,0
3809,24.260,0,64,0,0,0,0,0,59,0,1,34,4,0,0,0
3810,0.937,0,64,0,0,0,0,0,59,0,1,34,4,0,0,0
3811,0.715,0,64,0,0,0,0,0,59,0,1,34,4,0,0,0
3812,6.432,0,64,0,0,0,0,0,59,0,1,34,4,0,0,0
3813,25.099,0,64,0,0,0,0,0,59,0,1,34,4,0,0,0
3814,0.924,0,64,0,0,0,0,0,59,0,1,34,4,0,0,0
3815,0.795,0,64,0,0,0,0,0,59,0,1,34,4,0,0,0
3816,6.679,0,64,0,0,0,0,0,59,0,1,34,4,0,0,0
3817,24.891,0,64,0,0,0,0,0,59,0,1,34,4,0,0,0
3818,0.905,0,64,0,0,0,0,0,59,0,1,34,4,0,0,0
3819,0.723,0,64,0,0,0,0,0,59,0,1,34,4,0,0,0
3820,6.582,0,64,0,0,0,0,0,59,0,1,34,4,0,0,0
3821,25.245,0,64,0,0,0,0,0,59,0,1,34,4,0,0,0
3822,0.859,0,64,0,0,0,0,0,59,0,1,34,4,0,0,0
3823,0.698,0,64,0,0,0,0,0,59,0,1,34,4,0,0,0
3824,6.707,0,64,0,0,0,0,0,59,0,1,34,4,0,0,0
3825,24.832,0,64,0,0,0,0,0,59,0,1,34,4,0,0,0
3826,1.192,0,64,0,0,0,0,0,59,0,1,34,4,0,0,0
3827,0.714,0,64,0,0,0,0,0,59,0,1,34,4,0,0,0
3828,6.416,0,64,0,0,0,0,0,59,0,1,34,4,0,0,0
3829,25.224,0,64,0,0,0,0,0,59,0,1,34,4,0,0,0
3830,0.974,0,64,0,0,0,0,0,59,0,1,34,4,0,0,0
3831,1.234,0,64,0,0,0,0,0,59,0,1,34,4,0,0,0
3832,7.063,0,64,0,0,0,0,0,59,0,1,34,4,0,0,0
3833,23.923,0,64,0,0,0,0,0,59,0,1,34,4,0,0,0
3834,0.859,0,64,0,0,0,0,0,59,0,1,34,4,0,0,0
3835,0.607,0,64,0,0,0,0,0,59,0,1,34,4,0,0,0
3836,6.820,0,64,0,0,0,0,0,59,0,1,34,4,0,0,0
3837,25.007,0,64,0,0,0,0,0,59,0,1,34,4,0,0,0
3838,0.952,0,64,0,0,0,0,0,59,0,1,34,4,0,0,0
3839,0.675,0,64,0,0,0,0,0,59,0,1,34,4,0,0,0
3840,6.709,0,64,0,0,0,0,0,59,0,1,34,4,0,0,0
3841,25.173,0,64,0,0,0,0,0,59,0,1,34,4,0,0,0
3842,1.055,0,64,0,0,0,0,0,59,0,1,34,4,0,0,0
3843,0.702,0,64,0,0,0,0,0,59,0,1,34,4,0,0,0
3844,6.617,0,64,0,0,0,0,0,59,0,1,34,4,0,0,0
3845,24.970,0,64,0,0,0,0,0,59,0,1,34,4,0,0,0
3846,0.901,0,64,0,0,0,0,0,59,0,1,34,4,0,0,0
3847,0.668,0,64,0,0,0,0,0,59,0,1,34,4,0,0,0
3848,6.557,0,64,0,0,0,0,0,59,0,1,34,4,0,0,0
3849,25.117,0,64,0,0,0,0,0,59,0,1,34,4,0,0,0
3850,0.951,0,64,0,0,0,0,0,59,0,1,34,4,0,0,0
3851,0.790,0,64,0,0,0,0,0,59,0,1,34,4,0,0,0
3852,6.566,0,64,0,0,0,0,0,59,0,1,34,4,0,0,0
3853,25.073,0,64,0,0,0,0,0,59,0,1,34,4,0,0,0
3854,0.901,0,64,0,0,0,0,0,59,0,1,34,4,0,0,0
3855,0.701,0,64,0,0,0,0,0,59,0,1,34,4,0,0,0
3856,6.502,0,64,0,0,0,0,0,59,0,1,34,4,0,0,0
3857,25.205,0,64,0,0,0,0,0,59,0,1,34,4,0,0,0
3858,0.845,0,64,0,0,0,0,0,59,0,1,34,4,0,0,0
3859,0.984,0,64,0,0,0,0,0,59,0,1,34,4,0,0,0
3860,6.356,0,64,0,0,0,0,0,59,0,1,34,4,0,0,0
3861,25.223,0,64,0,0,0,0,0,59,0,1,34,4,0,0,0
3862,0.829,0,64,0,0,0,0,0,59,0,1,34,4,0,0,0
3863,0.690,0,64,0,0,0,0,0,59,0,1,34,4,0,0,0
3864,6.663,0,64,0,0,0,0,0,59,0,1,34,4,0,0,0
3865,25.105,0,64,0,0,0,0,0,59,0,1,34,4,0,0,0
3866,0.853,0,64,0,0,0,0,0,59,0,1,34,4,0,0,0
3867,0.765,0,64,0,0,0,0,0,59,0,1,34,4,0,0,0
3868,6.411,0,64,0,0,0,0,0,59,0,1,34,4,0,0,0
3869,25.343,0,64,0,0,0,0,0,59,0,1,34,4,0,0,0
3870,0.868,0,64,0,0,0,0,0,59,0,1,34,4,0,0,0
3871,0.778,0,64,0,0,0,0,0,59,0,1,34,4,0,0,0
3872,6.536,0,64,0,0,0,0,0,59,0,1,34,4,0,0,0
3873,25.002,0,64,0,0,0,0,0,59,0,1,34,4,0,0,0
3874,0.902,0,64,0,0,0,0,0,59,0,1,34,4,0,0,0
3875,0.671,0,64,0,0,0,0,0,59,0,1,34,4,0,0,0
3876,6.737,0,64,0,0,0,0,0,59,0,1,34,4,0,0,0
3877,25.169,0,64,0,0,0,0,0,59,0,1,34,4,0,0,0
3878,0.821,0,64,0,0,0,0,0,59,0,1,34,4,0,0,0
3879,0.773,0,64,0,0,0,0,0,59,0,1,34,4,0,0,0
3880,7.022,0,64,0,0,0,0,0,59,0,1,34,4,0,0,0
3881,24.559,0,64,0,0,0,0,0,59,0,1,34,4,0,0,0
3882,0.773,0,64,0,0,0,0,0,59,0,1,34,4,0,0,0
3883,0.861,0,64,0,0,0,0,0,59,0,1,34,4,0,0,0
3884,6.702,0,64,0,0,0,0,0,59,0,1,34,4,0,0,0
3885,25.483,0,64,0,0,0,0,0,59,0,1,34,4,0,0,0
3886,0.903,0,64,0,0,0,0,0,59,0,1,34,4,0,0,0
3887,0.731,0,64,0,0,0,0,0,59,0,1,34,4,0,0,0
3888,6.085,0,64,0,0,0,0,0,59,0,1,34,4,0,0,0
3889,25.263,0,64,0,0,0,0,0,59,0,1,34,4,0,0,0
3890,0.880,0,64,0,0,0,0,0,59,0,1,34,4,0,0,0
3891,0.651,0,64,0,0,0,0,0,59,0,1,34,4,0,0,0
3892,6.660,0,64,0,0,0,0,0,59,0,1,34,4,0,0,0
3893,25.303,0,64,0,0,0,0,0,59,0,1,34,4,0,0,0
3894,0.876,0,64,0,0,0,0,0,59,0,1,34,4,0,0,0
3895,0.669,0,64,0,0,0,0,0,59,0,1,34,4,0,0,0
3896,6.329,0,64,0,0,0,0,0,59,0,1,34,4,0,0,0
3897,25.125,0,64,0,0,0,0,0,59,0,1,34,4,0,0,0
3898,0.916,0,64,0,0,0,0,0,59,0,1,34,4,0,0,0
3899,0.808,0,64,0,0,0,0,0,59,0,1,34,4,0,0,0
3900,6.549,0,64,0,0,0,0,0,59,0,1,34,4,0,0,0
3901,25.113,0,64,0,0,0,0,0,59,0,1,34,4,0,0,0
3902,0.840,0,64,0,0,0,0,0,59,0,1,34,4,0,0,0
3903,0.739,0,64,0,0,0,0,0,59,0,1,34,4,0,0,0
3904,6.618,0,64,0,0,0,0,0,59,0,1,34,4,0,0,0
3905,25.235,0,64,0,0,0,0,0,59,0,1,34,4,0,0,0
3906,0.877,0,64,0,0,0,0,0,59,0,1,34,4,0,0,0
3907,0.813,0,64,0,0,0,0,0,59,0,1,34,4,0,0,0
3908,6.408,0,64,0,0,0,0,0,59,0,1,34,4,0,0,0
3909,25.287,0,64,0,0,0,0,0,59,0,1,34,4,0,0,0
3910,0.895,0,64,0,0,0,0,0,59,0,1,34,4,0,0,0
3911,1.264,0,64,0,0,0,0,0,59,0,1,34,4,0,0,0
3912,5.964,0,64,0,0,0,0,0,59,0,1,34,4,0,0,0
3913,25.126,0,64,0,0,0,0,0,59,0,1,34,4,0,0,0
3914,0.831,0,64,0,0,0,0,0,59,0,1,34,4,0,0,0
3915,0.662,0,64,0,0,0,0,0,59,0,1,34,4,0,0,0
3916,6.810,0,64,0,0,0,0,0,59,0,1,34,4,0,0,0
3917,25.094,0,64,0,0,0,0,0,59,0,1,34,4,0,0,0
3918,1.022,0,64,0,0,0,0,0,59,0,1,34,4,0,0,0
3919,0.667,0,64,0,0,0,0,0,59,0,1,34,4,0,0,0
3920,6.466,0,64,0,0,0,0,0,59,0,1,34,4,0,0,0
3921,24.974,0,64,0,0,0,0,0,59,0,1,34,4,0,0,0
3922,0.901,0,64,0,0,0,0,0,59,0,1,34,4,0,0,0
3923,0.733,0,64,0,0,0,0,0,59,0,1,34,4,0,0,0
3924,6.744,0,64,0,0,0,0,0,59,0,1,34,4,0,0,0
3925,25.087,0,64,0,0,0,0,0,59,0,1,34,4,0,0,0
3926,0.975,0,64,0,0,0,0,0,59,0,1,34,4,0,0,0
3927,0.639,0,64,0,0,0,0,0,59,0,1,34,4,0,0,0
3928,6.891,0,64,0,0,0,0,0,59,0,1,34,4,0,0,0
3929,24.911,0,64,0,0,0,0,0,59,0,1,34,4,0,0,0
3930,0.847,0,64,0,0,0,0,0,59,0,1,34,4,0,0,0
3931,0.841,0,64,0,0,0,0,0,59,0,1,34,4,0,0,0
3932,6.484,0,64,0,0,0,0,0,59,0,1,34,4,0,0,0
3933,24.976,0,64,0,0,0,0,0,59,0,1,34,4,0,0,0
3934,0.878,0,64,0,0,0,0,0,59,0,1,34,4,0,0,0
3935,1.545,0,64,0,0,0,0,0,59,0,1,34,4,0,0,0
3936,6.433,0,64,0,0,0,0,0,59,0,1,34,4,0,0,0
3937,24.358,0,64,0,0,0,0,0,59,0,1,34,4,0,0,0
3938,1.034,0,64,0,0,0,0,0,59,0,1,34,4,0,0,0
3939,0.693,0,64,0,0,0,0,0,59,0,1,34,4,0,0,0
3940,6.638,0,64,0,0,0,0,0,59,0,1,34,4,0,0,0
3941,25.080,0,64,0,0,0,0,0,59,0,1,34,4,0,0,0
3942,0.909,0,64,0,0,0,0,0,59,0,1,34,4,0,0,0
3943,0.813,0,64,0,0,0,0,0,59,0,1,34,4,0,0,0
3944,6.538,0,64,0,0,0,0,0,59,0,1,34,4,0,0,0
3945,25.257,0,64,0,0,0,0,0,59,0,1,34,4,0,0,0
3946,0.855,0,64,0,0,0,0,0,59,0,1,34,4,0,0,0
3947,0.888,0,64,0,0,0,0,0,59,0,1,34,4,0,0,0
3948,6.465,0,64,0,0,0,0,0,59,0,1,34,4,0,0,0
3949,24.883,0,64,0,0,0,0,0,59,0,1,34,4,0,0,0
3950,0.863,0,64,0,0,0,0,0,59,0,1,34,4,0,0,0
3951,0.755,0,64,0,0,0,0,0,59,0,1,34,4,0,0,0
3952,6.657,0,64,0,0,0,0,0,59,0,1,34,4,0,0,0
3953,25.093,0,64,0,0,0,0,0,59,0,1,34,4,0,0,0
3954,0.850,0,64,0,0,0,0,0,59,0,1,34,4,0,0,0
3955,0.676,0,64,0,0,0,0,0,59,0,1,34,4,0,0,0
3956,6.839,0,64,0,0,0,0,0,59,0,1,34,4,0,0,0
3957,25.047,0,64,0,0,0,0,0,59,0,1,34,4,0,0,0
3958,0.831,0,64,0,0,0,0,0,59,0,1,34,4,0,0,0
3959,0.833,0,64,0,0,0,0,0,59,0,1,34,4,0,0,0
3960,7.759,0,64,0,0,0,0,0,59,0,1,34,4,0,0,0
3961,23.853,0,64,0,0,0,0,0,59,0,1,34,4,0,0,0
3962,0.812,0,64,0,0,0,0,0,59,0,1,34,4,0,0,0
3963,0.961,0,64,0,0,0,0,0,59,0,1,34,4,0,0,0
3964,6.423,0,64,0,0,0,0,0,59,0,1,34,4,0,0,0
3965,25.041,0,64,0,0,0,0,0,59,0,1,34,4,0,0,0
3966,0.810,0,64,0,0,0,0,0,59,0,1,34,4,0,0,0
3967,0.661,0,64,0,0,0,0,0,59,0,1,34,4,0,0,0
3968,7.068,0,64,0,0,0,0,0,59,0,1,34,4,0,0,0
3969,24.698,0,64,0,0,0,0,0,59,0,1,34,4,0,0,0
3970,0.890,0,64,0,0,0,0,0,59,0,1,34,4,0,0,0
3971,0.683,0,64,0,0,0,0,0,59,0,1,34,4,0,0,0
3972,6.790,0,64,0,0,0,0,0,59,0,1,34,4,0,0,0
3973,25.026,0,64,0,0,0,0,0,59,0,1,34,4,0,0,0
3974,1.022,0,64,0,0,0,0,0,59,0,1,34,4,0,0,0
3975,0.678,0,64,0,0,0,0,0,59,0,1,34,4,0,0,0
3976,6.850,0,64,0,0,0,0,0,59,0,1,34,4,0,0,0
3977,25.007,0,64,0,0,0,0,0,59,0,1,34,4,0,0,0
3978,0.833,0,64,0,0,0,0,0,59,0,1,34,4,0,0,0
3979,0.712,0,64,0,0,0,0,0,59,0,1,34,4,0,0,0
3980,6.707,0,64,0,0,0,0,0,59,0,1,34,4,0,0,0
3981,24.984,0,64,0,0,0,0,0,59,0,1,34,4,0,0,0
3982,0.930,0,64,0,0,0,0,0,59,0,1,34,4,0,0,0
3983,0.741,0,64,0,0,0,0,0,59,0,1,34,4,0,0,0
3984,6.652,0,64,0,0,0,0,0,59,0,1,34,4,0,0,0
3985,24.983,0,64,0,0,0,0,0,59,0,1,34,4,0,0,0
3986,0.813,0,64,0,0,0,0,0,59,0,1,34,4,0,0,0
3987,0.849,0,64,0,0,0,0,0,59,0,1,34,4,0,0,0
3988,6.575,0,64,0,0,0,0,0,59,0,1,34,4,0,0,0
3989,25.208,0,64,0,0,0,0,0,59,0,1,34,4,0,0,0
3990,0.809,0,64,0,0,0,0,0,59,0,1,34,4,0,0,0
3991,1.533,0,64,0,0,0,0,0,59,0,1,34,4,0,0,0
3992,6.027,0,64,0,0,0,0,0,59,0,1,34,4,0,0,0
3993,24.754,0,64,0,0,0,0,0,59,0,1,34,4,0,0,0
3994,0.948,0,64,0,0,0,0,0,59,0,1,34,4,0,0,0
3995,0.671,0,64,0,0,0,0,0,59,0,1,34,4,0,0,0
3996,6.708,0,64,0,0,0,0,0,59,0,1,34,4,0,0,0
3997,25.061,0,64,0,0,0,0,0,59,0,1,34,4,0,0,0
3998,0.933,0,64,0,0,0,0,0,59,0,1,34,4,0,0,0
3999,0.668,0,64,0,0,0,0,0,59,0,1,34,4,0,0,0
4000,6.908,0,64,0,0,0,0,0,59,0,1,34,4,0,0,0
4001,24.964,0,64,0,0,0,0,0,59,0,1,34,4,0,0,0
4002,0.811,0,64,0,0,0,0,0,59,0,1,34,4,0,0,0
4003,0.664,0,64,0,0,0,0,0,59,0,1,34,4,0,0,0
4004,6.698,0,64,0,0,0,0,0,59,0,1,34,4,0,0,0
4005,24.972,0,64,0,0,0,0,0,59,0,1,34,4,0,0,0
4006,0.792,0,64,0,0,0,0,0,59,0,1,34,4,0,0,0
4007,0.680,0,64,0,0,0,0,0,59,0,1,34,4,0,0,0
4008,7.029,0,64,0,0,0,0,0,59,0,1,34,4,0,0,0
4009,24.873,0,64,0,0,0,0,0,59,0,1,34,4,0,0,0
4010,0.847,0,64,0,0,0,0,0,59,0,1,34,4,0,0,0
4011,0.619,0,64,0,0,0,0,0,59,0,1,34,4,0,0,0
4012,6.745,0,64,0,0,0,0,0,59,0,1,34,4,0,0,0
4013,25.026,0,64,0,0,0,0,0,59,0,1,34,4,0,0,0
4014,0.959,0,64,0,0,0,0,0,59,0,1,34,4,0,0,0
4015,0.676,0,64,0,0,0,0,0,59,0,1,34,4,0,0,0
4016,6.778,0,64,0,0,0,0,0,59,0,1,34,4,0,0,0
4017,25.021,0,64,0,0,0,0,0,59,0,1,34,4,0,0,0
4018,0.906,0,64,0,0,0,0,0,59,0,1,34,4,0,0,0
4019,1.227,0,64,0,0,0,0,0,59,0,1,34,4,0,0,0
4020,6.214,0,64,0,0,0,0,0,59,0,1,34,4,0,0,0
4021,24.916,0,64,0,0,0,0,0,59,0,1,34,4,0,0,0
4022,0.852,0,64,0,0,0,0,0,59,0,1,34,4,0,0,0
4023,0.696,0,64,0,0,0,0,0,59,0,1,34,4,0,0,0
4024,7.643,0,64,0,0,0,0,0,59,0,1,34,4,0,0,0
4025,24.417,0,64,0,0,0,0,0,59,0,1,34,4,0,0,0
4026,0.923,0,64,0,0,0,0,0,59,0,1,34,4,0,0,0
4027,0.775,0,64,0,0,0,0,0,59,0,1,34,4,0,0,0
4028,6.380,0,64,0,0,0,0,0,59,0,1,34,4,0,0,0
4029,25.050,0,64,0,0,0,0,0,59,0,1,34,4,0,0,0
4030,0.862,0,64,0,0,0,0,0,59,0,1,34,4,0,0,0
4031,0.753,0,64,0,0,0,0,0,59,0,1,34,4,0,0,0
4032,6.914,0,64,0,0,0,0,0,59,0,1,34,4,0,0,0
4033,24.723,0,64,0,0,0,0,0,59,0,1,34,4,0,0,0
4034,0.816,0,64,0,0,0,0,0,59,0,1,34,4,0,0,0
4035,0.660,0,64,0,0,0,0,0,59,0,1,34,4,0,0,0
4036,7.187,0,64,0,0,0,0,0,59,0,1,34,4,0,0,0
4037,24.734,0,64,0,0,0,0,0,59,0,1,34,4,0,0,0
4038,0.962,0,64,0,0,0,0,0,59,0,1,34,4,0,0,0
4039,0.974,0,64,0,0,0,0,0,59,0,1,34,4,0,0,0
4040,6.617,0,64,0,0,0,0,0,59,0,1,34,4,0,0,0
4041,24.768,0,64,0,0,0,0,0,59,0,1,34,4,0,0,0
4042,0.893,0,64,0,0,0,0,0,59,0,1,34,4,0,0,0
4043,0.693,0,64,0,0,0,0,0,59,0,1,34,4,0,0,0
4044,6.823,0,64,0,0,0,0,0,59,0,1,34,4,0,0,0
4045,24.863,0,64,0,0,0,0,0,59,0,1,34,4,0,0,0
4046,0.906,0,64,0,0,0,0,0,59,0,1,34,4,0,0,0
4047,1.268,0,64,0,0,0,0,0,59,0,1,34,4,0,0,0
4048,6.175,0,64,0,0,0,0,0,59,0,1,34,4,0,0,0
4049,25.032,0,64,0,0,0,0,0,59,0,1,34,4,0,0,0
4050,0.828,0,64,0,0,0,0,0,59,0,1,34,4,0,0,0
4051,0.704,0,64,0,0,0,0,0,59,0,1,34,4,0,0,0
4052,6.739,0,64,0,0,0,0,0,59,0,1,34,4,0,0,0
4053,25.078,0,64,0,0,0,0,0,59,0,1,34,4,0,0,0
4054,0.845,0,64,0,0,0,0,0,59,0,1,34,4,0,0,0
4055,0.660,0,64,0,0,0,0,0,59,0,1,34,4,0,0,0
4056,7.246,0,64,0,0,0,0,0,59,0,1,34,4,0,0,0
4057,24.627,0,64,0,0,0,0,0,59,0,1,34,4,0,0,0
4058,0.899,0,64,0,0,0,0,0,59,0,1,34,4,0,0,0
4059,0.661,0,64,0,0,0,0,0,59,0,1,34,4,0,0,0
4060,6.775,0,64,0,0,0,0,0,59,0,1,34,4,0,0,0
4061,24.924,0,64,0,0,0,0,0,59,0,1,34,4,0,0,0
4062,0.834,0,64,0,0,0,0,0,59,0,1,34,4,0,0,0
4063,0.699,0,64,0,0,0,0,0,59,0,1,34,4,0,0,0
4064,6.829,0,64,0,0,0,0,0,59,0,1,34,4,0,0,0
4065,24.892,0,64,0,0,0,0,0,59,0,1,34,4,0,0,0
4066,0.889,0,64,0,0,0,0,0,59,0,1,34,4,0,0,0
4067,0.666,0,64,0,0,0,0,0,59,0,1,34,4,0,0,0
4068,6.970,0,64,0,0,0,0,0,59,0,1,34,4,0,0,0
4069,24.808,0,64,0,0,0,0,0,59,0,1,34,4,0,0,0
4070,0.870,0,64,0,0,0,0,0,59,0,1,34,4,0,0,0
4071,0.693,0,64,0,0,0,0,0,59,0,1,34,4,0,0,0
4072,7.171,0,64,0,0,0,0,0,59,0,1,34,4,0,0,0
4073,24.930,0,64,0,0,0,0,0,59,0,1,34,4,0,0,0
4074,0.913,0,64,0,0,0,0,0,59,0,1,34,4,0,0,0
4075,1.035,0,64,0,0,0,0,0,59,0,1,34,4,0,0,0
4076,6.054,0,64,0,0,0,0,0,59,0,1,34,4,0,0,0
4077,25.076,0,64,0,0,0,0,0,59,0,1,34,4,0,0,0
4078,0.888,0,64,0,0,0,0,0,59,0,1,34,4,0,0,0
4079,0.701,0,64,0,0,0,0,0,59,0,1,34,4,0,0,0
4080,6.753,0,64,0,0,0,0,0,59,0,1,34,4,0,0,0
4081,25.097,0,64,0,0,0,0,0,59,0,1,34,4,0,0,0
4082,0.924,0,64,0,0,0,0,0,59,0,1,34,4,0,0,0
4083,0.708,0,64,0,0,0,0,0,59,0,1,34,4,0,0,0
4084,6.596,0,64,0,0,0,0,0,59,0,1,34,4,0,0,0
4085,25.125,0,64,0,0,0,0,0,59,0,1,34,4,0,0,0
4086,0.816,0,64,0,0,0,0,0,59,0,1,34,4,0,0,0
4087,0.747,0,64,0,0,0,0,0,59,0,1,34,4,0,0,0
4088,6.629,0,64,0,0,0,0,0,59,0,1,34,4,0,0,0
4089,25.037,0,64,0,0,0,0,0,59,0,1,34,4,0,0,0
4090,0.916,0,64,0,0,0,0,0,59,0,1,34,4,0,0,0
4091,0.655,0,64,0,0,0,0,0,59,0,1,34,4,0,0,0
4092,6.722,0,64,0,0,0,0,0,59,0,1,34,4,0,0,0
4093,25.162,0,64,0,0,0,0,0,59,0,1,34,4,0,0,0
4094,1.020,0,64,0,0,0,0,0,59,0,1,34,4,0,0,0
4095,0.648,0,64,0,0,0,0,0,59,0,1,34,4,0,0,0
4096,6.453,0,64,0,0,0,0,0,59,0,1,34,4,0,0,0
4097,25.206,0,64,0,0,0,0,0,59,0,1,34,4,0,0,0
4098,0.826,0,64,0,0,0,0,0,59,0,1,34,4,0,0,0
4099,0.853,0,64,0,0,0,0,0,59,0,1,34,4,0,0,0
4100,6.597,0,64,0,0,0,0,0,59,0,1,34,4,0,0,0
4101,25.085,0,64,0,0,0,0,0,59,0,1,34,4,0,0,0
4102,0.806,0,64,0,0,0,0,0,59,0,1,34,4,0,0,0
4103,1.584,0,64,0,0,0,0,0,59,0,1,34,4,0,0,0
4104,5.780,0,64,0,0,0,0,0,59,0,1,34,4,0,0,0
4105,25.131,0,64,0,0,0,0,0,59,0,1,34,4,0,0,0
4106,0.868,0,64,0,0,0,0,0,59,0,1,34,4,0,0,0
4107,0.695,0,64,0,0,0,0,0,59,0,1,34,4,0,0,0
4108,6.686,0,64,0,0,0,0,0,59,0,1,34,4,0,0,0
4109,25.114,0,64,0,0,0,0,0,59,0,1,34,4,0,0,0
4110,0.824,0,64,0,0,0,0,0,59,0,1,34,4,0,0,0
4111,0.726,0,64,0,0,0,0,0,59,0,1,34,4,0,0,0
4112,6.595,0,64,0,0,0,0,0,59,0,1,34,4,0,0,0
4113,25.189,0,64,0,0,0,0,0,59,0,1,34,4,0,0,0
4114,0.845,0,64,0,0,0,0,0,59,0,1,34,4,0,0,0
4115,0.602,0,64,0,0,0,0,0,59,0,1,34,4,0,0,0
4116,6.636,0,64,0,0,0,0,0,59,0,1,34,4,0,0,0
4117,25.143,0,64,0,0,0,0,0,59,0,1,34,4,0,0,0
4118,0.788,0,64,0,0,0,0,0,59,0,1,34,4,0,0,0
4119,0.639,0,64,0,0,0,0,0,59,0,1,34,4,0,0,0
4120,7.710,0,64,0,0,0,0,0,59,0,1,34,4,0,0,0
4121,24.270,0,64,0,0,0,0,0,59,0,1,34,4,0,0,0
4122,1.045,0,64,0,0,0,0,0,59,0,1,34,4,0,0,0
4123,0.756,0,64,0,0,0,0,0,59,0,1,34,4,0,0,0
4124,6.536,0,64,0,0,0,0,0,59,0,1,34,4,0,0,0
4125,24.799,0,64,0,0,0,0,0,59,0,1,34,4,0,0,0
4126,0.857,0,64,0,0,0,0,0,59,0,1,34,4,0,0,0
4127,0.755,0,64,0,0,0,0,0,59,0,1,34,4,0,0,0
4128,7.339,0,64,0,0,0,0,0,59,0,1,34,4,0,0,0
4129,24.564,0,64,0,0,0,0,0,59,0,1,34,4,0,0,0
4130,0.781,0,64,0,0,0,0,0,59,0,1,34,4,0,0,0
4131,1.736,0,64,0,0,0,0,0,59,0,1,34,4,0,0,0
4132,5.668,0,64,0,0,0,0,0,59,0,1,34,4,0,0,0
4133,25.445,0,64,0,0,0,0,0,59,0,1,34,4,0,0,0
4134,0.781,0,64,0,0,0,0,0,59,0,1,34,4,0,0,0
4135,0.795,0,64,0,0,0,0,0,59,0,1,34,4,0,0,0
4136,6.221,0,64,0,0,0,0,0,59,0,1,34,4,0,0,0
4137,25.231,0,64,0,0,0,0,0,59,0,1,34,4,0,0,0
4138,0.812,0,64,0,0,0,0,0,59,0,1,34,4,0,0,0
4139,0.678,0,64,0,0,0,0,0,59,0,1,34,4,0,0,0
4140,6.706,0,64,0,0,0,0,0,59,0,1,34,4,0,0,0
4141,25.186,0,64,0,0,0,0,0,59,0,1,34,4,0,0,0
4142,0.850,0,64,0,0,0,0,0,59,0,1,34,4,0,0,0
4143,0.740,0,64,0,0,0,0,0,59,0,1,34,4,0,0,0
4144,7.525,0,64,0,0,0,0,0,59,0,1,34,4,0,0,0
4145,24.166,0,64,0,0,0,0,0,59,0,1,34,4,0,0,0
4146,0.841,0,64,0,0,0,0,0,59,0,1,34,4,0,0,0
4147,0.718,0,64,0,0,0,0,0,59,0,1,34,4,0,0,0
4148,6.559,0,64,0,0,0,0,0,59,0,1,34,4,0,0,0
4149,25.149,0,64,0,0,0,0,0,59,0,1,34,4,0,0,0
4150,0.819,0,64,0,0,0,0,0,59,0,1,34,4,0,0,0
4151,0.652,0,64,0,0,0,0,0,59,0,1,34,4,0,0,0
4152,7.537,0,64,0,0,0,0,0,59,0,1,34,4,0,0,0
4153,24.231,0,64,0,0,0,0,0,59,0,1,34,4,0,0,0
4154,0.926,0,64,0,0,0,0,0,59,0,1,34,4,0,0,0
4155,0.798,0,64,0,0,0,0,0,59,0,1,34,4,0,0,0
4156,6.582,0,64,0,0,0,0,0,59,0,1,34,4,0,0,0
4157,25.006,0,64,0,0,0,0,0,59,0,1,34,4,0,0,0
4158,0.868,0,64,0,0,0,0,0,59,0,1,34,4,0,0,0
4159,1.028,0,64,0,0,0,0,0,59,0,1,34,4,0,0,0
4160,6.585,0,64,0,0,0,0,0,59,0,1,34,4,0,0,0
4161,25.003,0,64,0,0,0,0,0,59,0,1,34,4,0,0,0
4162,0.865,0,64,0,0,0,0,0,59,0,1,34,4,0,0,0
4163,0.789,0,64,0,0,0,0,0,59,0,1,34,4,0,0,0
4164,6.518,0,64,0,0,0,0,0,59,0,1,34,4,0,0,0
4165,25.039,0,64,0,0,0,0,0,59,0,1,34,4,0,0,0
4166,0.885,0,64,0,0,0,0,0,59,0,1,34,4,0,0,0
4167,0.649,0,64,0,0,0,0,0,59,0,1,34,4,0,0,0
4168,7.154,0,64,0,0,0,0,0,59,0,1,34,4,0,0,0
4169,24.712,0,64,0,0,0,0,0,59,0,1,34,4,0,0,0
4170,0.922,0,64,0,0,0,0,0,59,0,1,34,4,0,0,0
4171,0.641,0,64,0,0,0,0,0,59,0,1,34,4,0,0,0
4172,6.662,0,64,0,0,0,0,0,59,0,1,34,4,0,0,0
4173,25.232,0,64,0,0,0,0,0,59,0,1,34,4,0,0,0
4174,0.799,0,64,0,0,0,0,0,59,0,1,34,4,0,0,0
4175,0.718,0,64,0,0,0,0,0,59,0,1,34,4,0,0,0
4176,6.601,0,64,0,0,0,0,0,59,0,1,34,4,0,0,0
4177,24.900,0,64,0,0,0,0,0,59,0,1,34,4,0,0,0
4178,0.879,0,64,0,0,0,0,0,59,0,1,34,4,0,0,0
4179,0.850,0,64,0,0,0,0,0,59,0,1,34,4,0,0,0
4180,6.646,0,64,0,0,0,0,0,59,0,1,34,4,0,0,0
4181,25.138,0,64,0,0,0,0,0,59,0,1,34,4,0,0,0
4182,0.870,0,64,0,0,0,0,0,59,0,1,34,4,0,0,0
4183,0.718,0,64,0,0,0,0,0,59,0,1,34,4,0,0,0
4184,7.093,0,64,0,0,0,0,0,59,0,1,34,4,0,0,0
4185,24.639,0,64,0,0,0,0,0,59,0,1,34,4,0,0,0
4186,0.864,0,64,0,0,0,0,0,59,0,1,34,4,0,0,0
4187,1.533,0,64,0,0,0,0,0,59,0,1,34,4,0,0,0
4188,5.803,0,64,0,0,0,0,0,59,0,1,34,4,0,0,0
4189,25.332,0,64,0,0,0,0,0,59,0,1,34,4,0,0,0
4190,0.861,0,64,0,0,0,0,0,59,0,1,34,4,0,0,0
4191,0.739,0,64,0,0,0,0,0,59,0,1,34,4,0,0,0
4192,6.447,0,64,0,0,0,0,0,59,0,1,34,4,0,0,0
4193,25.263,0,64,0,0,0,0,0,59,0,1,34,4,0,0,0
4194,0.897,0,64,0,0,0,0,0,59,0,1,34,4,0,0,0
4195,0.902,0,64,0,0,0,0,0,59,0,1,34,4,0,0,0
4196,6.311,0,64,0,0,0,0,0,59,0,1,34,4,0,0,0
4197,24.957,0,64,0,0,0,0,0,59,0,1,34,4,0,0,0
4198,0.917,0,64,0,0,0,0,0,59,0,1,34,4,0,0,0
4199,0.740,0,64,0,0,0,0,0,59,0,1,34,4,0,0,0
4200,6.653,0,64,0,0,0,0,0,59,0,1,34,4,0,0,0
4201,25.155,0,64,0,0,0,0,0,59,0,1,34,4,0,0,0
4202,0.894,0,64,0,0,0,0,0,59,0,1,34,4,0,0,0
4203,0.681,0,64,0,0,0,0,0,59,0,1,34,4,0,0,0
4204,6.543,0,64,0,0,0,0,0,59,0,1,34,4,0,0,0
4205,25.262,0,64,0,0,0,0,0,59,0,1,34,4,0,0,0
4206,1.083,0,64,0,0,0,0,0,59,0,1,34,4,0,0,0
4207,0.830,0,64,0,0,0,0,0,59,0,1,34,4,0,0,0
4208,6.839,0,64,0,0,0,0,0,59,0,1,34,4,0,0,0
4209,24.547,0,64,0,0,0,0,0,59,0,1,34,4,0,0,0
4210,0.843,0,64,0,0,0,0,0,59,0,1,34,4,0,0,0
4211,0.698,0,64,0,0,0,0,0,59,0,1,34,4,0,0,0
4212,6.568,0,64,0,0,0,0,0,59,0,1,34,4,0,0,0
4213,24.997,0,64,0,0,0,0,0,59,0,1,34,4,0,0,0
4214,0.916,0,64,0,0,0,0,0,59,0,1,34,4,0,0,0
4215,0.690,0,64,0,0,0,0,0,59,0,1,34,4,0,0,0
4216,7.651,0,64,0,0,0,0,0,59,0,1,34,4,0,0,0
4217,23.947,0,64,0,0,0,0,0,59,0,1,34,4,0,0,0
4218,0.808,0,64,0,0,0,0,0,59,0,1,34,4,0,0,0
4219,0.709,0,64,0,0,0,0,0,59,0,1,34,4,0,0,0
4220,6.653,0,64,0,0,0,0,0,59,0,1,34,4,0,0,0
4221,25.159,0,64,0,0,0,0,0,59,0,1,34,4,0,0,0
4222,0.980,0,64,0,0,0,0,0,59,0,1,34,4,0,0,0
4223,0.694,0,64,0,0,0,0,0,59,0,1,34,4,0,0,0
4224,6.648,0,64,0,0,0,0,0,59,0,1,34,4,0,0,0
4225,25.146,0,64,0,0,0,0,0,59,0,1,34,4,0,0,0
4226,0.893,0,64,0,0,0,0,0,59,0,1,34,4,0,0,0
4227,0.619,0,64,0,0,0,0,0,59,0,1,34,4,0,0,0
4228,6.496,0,64,0,0,0,0,0,59,0,1,34,4,0,0,0
4229,25.345,0,64,0,0,0,0,0,59,0,1,34,4,0,0,0
4230,0.908,0,64,0,0,0,0,0,59,0,1,34,4,0,0,0
4231,0.657,0,64,0,0,0,0,0,59,0,1,34,4,0,0,0
4232,6.415,0,64,0,0,0,0,0,59,0,1,34,4,0,0,0
4233,25.214,0,64,0,0,0,0,0,59,0,1,34,4,0,0,0
4234,0.888,0,64,0,0,0,0,0,59,0,1,34,4,0,0,0
4235,0.660,0,64,0,0,0,0,0,59,0,1,34,4,0,0,0
4236,6.631,0,64,0,0,0,0,0,59,0,1,34,4,0,0,0
4237,25.167,0,64,0,0,0,0,0,59,0,1,34,4,0,0,0
4238,0.837,0,64,0,0,0,0,0,59,0,1,34,4,0,0,0
4239,0.662,0,64,0,0,0,0,0,59,0,1,34,4,0,0,0
4240,7.324,0,64,0,0,0,0,0,59,0,1,34,4,0,0,0
4241,24.514,0,64,0,0,0,0,0,59,0,1,34,4,0,0,0
4242,0.894,0,64,0,0,0,0,0,59,0,1,34,4,0,0,0
4243,1.667,0,64,0,0,0,0,0,59,0,1,34,4,0,0,0
4244,5.629,0,64,0,0,0,0,0,59,0,1,34,4,0,0,0
4245,25.117,0,64,0,0,0,0,0,59,0,1,34,4,0,0,0
4246,0.919,0,64,0,0,0,0,0,59,0,1,34,4,0,0,0
4247,1.422,0,64,0,0,0,0,0,59,0,1,34,4,0,0,0
4248,7.004,0,64,0,0,0,0,0,59,0,1,34,4,0,0,0
4249,24.105,0,64,0,0,0,0,0,59,0,1,34,4,0,0,0
4250,0.864,0,64,0,0,0,0,0,59,0,1,34,4,0,0,0
4251,0.626,0,64,0,0,0,0,0,59,0,1,34,4,0,0,0
4252,6.445,0,64,0,0,0,0,0,59,0,1,34,4,0,0,0
4253,25.189,0,64,0,0,0,0,0,59,0,1,34,4,0,0,0
4254,0.795,0,64,0,0,0,0,0,59,0,1,34,4,0,0,0
4255,0.682,0,64,0,0,0,0,0,59,0,1,34,4,0,0,0
4256,8.079,0,64,0,0,0,0,0,59,0,1,34,4,0,0,0
4257,23.923,0,64,0,0,0,0,0,59,0,1,34,4,0,0,0
4258,0.814,0,64,0,0,0,0,0,59,0,1,34,4,0,0,0
4259,0.690,0,64,0,0,0,0,0,59,0,1,34,4,0,0,0
4260,6.558,0,64,0,0,0,0,0,59,0,1,34,4,0,0,0
4261,25.073,0,64,0,0,0,0,0,59,0,1,34,4,0,0,0
4262,0.898,0,64,0,0,0,0,0,59,0,1,34,4,0,0,0
4263,0.678,0,64,0,0,0,0,0,59,0,1,34,4,0,0,0
4264,6.875,0,64,0,0,0,0,0,59,0,1,34,4,0,0,0
4265,25.113,0,64,0,0,0,0,0,59,0,1,34,4,0,0,0
4266,0.999,0,64,0,0,0,0,0,59,0,1,34,4,0,0,0
4267,0.736,0,64,0,0,0,0,0,59,0,1,34,4,0,0,0
4268,6.703,0,64,0,0,0,0,0,59,0,1,34,4,0,0,0
4269,25.012,0,64,0,0,0,0,0,59,0,1,34,4,0,0,0
4270,0.958,0,64,0,0,0,0,0,59,0,1,34,4,0,0,0
4271,0.685,0,64,0,0,0,0,0,59,0,1,34,4,0,0,0
4272,6.226,0,64,0,0,0,0,0,59,0,1,34,4,0,0,0
4273,25.147,0,64,0,0,0,0,0,59,0,1,34,4,0,0,0
4274,0.811,0,64,0,0,0,0,0,59,0,1,34,4,0,0,0
4275,0.624,0,64,0,0,0,0,0,59,0,1,34,4,0,0,0
4276,6.738,0,64,0,0,0,0,0,59,0,1,34,4,0,0,0
4277,25.290,0,64,0,0,0,0,0,59,0,1,34,4,0,0,0
4278,0.871,0,64,0,0,0,0,0,59,0,1,34,4,0,0,0
4279,0.722,0,64,0,0,0,0,0,59,0,1,34,4,0,0,0
4280,6.700,0,64,0,0,0,0,0,59,0,1,34,4,0,0,0
4281,25.050,0,64,0,0,0,0,0,59,0,1,34,4,0,0,0
4282,0.838,0,64,0,0,0,0,0,59,0,1,34,4,0,0,0
4283,0.660,0,64,0,0,0,0,0,59,0,1,34,4,0,0,0
4284,6.538,0,64,0,0,0,0,0,59,0,1,34,4,0,0,0
4285,25.139,0,64,0,0,0,0,0,59,0,1,34,4,0,0,0
4286,0.876,0,64,0,0,0,0,0,59,0,1,34,4,0,0,0
4287,0.662,0,64,0,0,0,0,0,59,0,1,34,4,0,0,0
4288,6.976,0,64,0,0,0,0,0,59,0,1,34,4,0,0,0
4289,24.815,0,64,0,0,0,0,0,59,0,1,34,4,0,0,0
4290,0.824,0,64,0,0,0,0,0,59,0,1,34,4,0,0,0
4291,0.647,0,64,0,0,0,0,0,59,0,1,34,4,0,0,0
4292,6.994,0,64,0,0,0,0,0,59,0,1,34,4,0,0,0
4293,24.965,0,64,0,0,0,0,0,59,0,1,34,4,0,0,0
4294,1.023,0,64,0,0,0,0,0,59,0,1,34,4,0,0,0
4295,1.605,0,64,0,0,0,0,0,59,0,1,34,4,0,0,0
4296,5.691,0,64,0,0,0,0,0,59,0,1,34,4,0,0,0
4297,24.965,0,64,0,0,0,0,0,59,0,1,34,4,0,0,0
4298,0.915,0,64,0,0,0,0,0,59,0,1,34,4,0,0,0
4299,0.642,0,64,0,0,0,0,0,59,0,1,34,4,0,0,0
4300,6.663,0,64,0,0,0,0,0,59,0,1,34,4,0,0,0
4301,25.263,0,64,0,0,0,0,0,59,0,1,34,4,0,0,0
4302,0.943,0,64,0,0,0,0,0,59,0,1,34,4,0,0,0
4303,0.649,0,64,0,0,0,0,0,59,0,1,34,4,0,0,0
4304,6.865,0,64,0,0,0,0,0,59,0,1,34,4,0,0,0
4305,24.798,0,64,0,0,0,0,0,59,0,1,34,4,0,0,0
4306,0.877,0,64,0,0,0,0,0,59,0,1,34,4,0,0,0
4307,0.665,0,64,0,0,0,0,0,59,0,1,34,4,0,0,0
4308,6.745,0,64,0,0,0,0,0,59,0,1,34,4,0,0,0
4309,25.169,0,64,0,0,0,0,0,59,0,1,34,4,0,0,0
4310,0.774,0,64,0,0,0,0,0,59,0,1,34,4,0,0,0
4311,0.624,0,64,0,0,0,0,0,59,0,1,34,4,0,0,0
4312,6.648,0,64,0,0,0,0,0,59,0,1,34,4,0,0,0
4313,25.060,0,64,0,0,0,0,0,59,0,1,34,4,0,0,0
4314,0.855,0,64,0,0,0,0,0,59,0,1,34,4,0,0,0
4315,0.626,0,64,0,0,0,0,0,59,0,1,34,4,0,0,0
4316,6.851,0,64,0,0,0,0,0,59,0,1,34,4,0,0,0
4317,25.095,0,64,0,0,0,0,0,59,0,1,34,4,0,0,0
4318,0.808,0,64,0,0,0,0,0,59,0,1,34,4,0,0,0
4319,0.694,0,64,0,0,0,0,0,59,0,1,34,4,0,0,0
4320,7.232,0,64,0,0,0,0,0,59,0,1,34,4,0,0,0
4321,24.575,0,64,0,0,0,0,0,59,0,1,34,4,0,0,0
4322,0.851,0,64,0,0,0,0,0,59,0,1,34,4,0,0,0
4323,1.573,0,64,0,0,0,0,0,59,0,1,34,4,0,0,0
4324,5.689,0,64,0,0,0,0,0,59,0,1,34,4,0,0,0
4325,25.328,0,64,0,0,0,0,0,59,0,1,34,4,0,0,0
4326,0.912,0,64,0,0,0,0,0,59,0,1,34,4,0,0,0
4327,0.621,0,64,0,0,0,0,0,59,0,1,34,4,0,0,0
4328,6.585,0,64,0,0,0,0,0,59,0,1,34,4,0,0,0
4329,25.096,0,64,0,0,0,0,0,59,0,1,34,4,0,0,0
4330,0.916,0,64,0,0,0,0,0,59,0,1,34,4,0,0,0
4331,0.694,0,64,0,0,0,0,0,59,0,1,34,4,0,0,0
4332,6.824,0,64,0,0,0,0,0,59,0,1,34,4,0,0,0
4333,24.967,0,64,0,0,0,0,0,59,0,1,34,4,0,0,0
4334,0.904,0,64,0,0,0,0,0,59,0,1,34,4,0,0,0
4335,0.637,0,64,0,0,0,0,0,59,0,1,34,4,0,0,0
4336,6.453,0,64,0,0,0,0,0,59,0,1,34,4,0,0,0
4337,25.391,0,64,0,0,0,0,0,59,0,1,34,4,0,0,0
4338,0.794,0,64,0,0,0,0,0,59,0,1,34,4,0,0,0
4339,0.618,0,64,0,0,0,0,0,59,0,1,34,4,0,0,0
4340,6.891,0,64,0,0,0,0,0,59,0,1,34,4,0,0,0
4341,24.954,0,64,0,0,0,0,0,59,0,1,34,4,0,0,0
4342,0.875,0,64,0,0,0,0,0,59,0,1,34,4,0,0,0
4343,0.669,0,64,0,0,0,0,0,59,0,1,34,4,0,0,0
4344,7.544,0,64,0,0,0,0,0,59,0,1,34,4,0,0,0
4345,24.261,0,64,0,0,0,0,0,59,0,1,34,4,0,0,0
4346,0.842,0,64,0,0,0,0,0,59,0,1,34,4,0,0,0
4347,0.790,0,64,0,0,0,0,0,59,0,1,34,4,0,0,0
4348,6.588,0,64,0,0,0,0,0,59,0,1,34,4,0,0,0
4349,25.029,0,64,0,0,0,0,0,59,0,1,34,4,0,0,0
4350,0.830,0,64,0,0,0,0,0,59,0,1,34,4,0,0,0
4351,1.410,0,64,0,0,0,0,0,59,0,1,34,4,0,0,0
4352,7.080,0,64,0,0,0,0,0,59,0,1,34,4,0,0,0
4353,24.115,0,64,0,0,0,0,0,59,0,1,34,4,0,0,0
4354,0.806,0,64,0,0,0,0,0,59,0,1,34,4,0,0,0
4355,0.709,0,64,0,0,0,0,0,59,0,1,34,4,0,0,0
4356,6.619,0,64,0,0,0,0,0,59,0,1,34,4,0,0,0
4357,25.217,0,64,0,0,0,0,0,59,0,1,34,4,0,0,0
4358,0.857,0,64,0,0,0,0,0,59,0,1,34,4,0,0,0
4359,0.675,0,64,0,0,0,0,0,59,0,1,34,4,0,0,0
4360,7.257,0,64,0,0,0,0,0,59,0,1,34,4,0,0,0
4361,24.399,0,64,0,0,0,0,0,59,0,1,34,4,0,0,0
4362,0.882,0,64,0,0,0,0,0,59,0,1,34,4,0,0,0
4363,0.717,0,64,0,0,0,0,0,59,0,1,34,4,0,0,0
4364,6.862,0,64,0,0,0,0,0,59,0,1,34,4,0,0,0
4365,24.721,0,64,0,0,0,0,0,59,0,1,34,4,0,0,0
4366,0.841,0,64,0,0,0,0,0,59,0,1,34,4,0,0,0
4367,0.674,0,64,0,0,0,0,0,59,0,1,34,4,0,0,0
4368,7.940,0,64,0,0,0,0,0,59,0,1,34,4,0,0,0
4369,24.047,0,64,0,0,0,0,0,59,0,1,34,4,0,0,0
4370,0.938,0,64,0,0,0,0,0,59,0,1,34,4,0,0,0
4371,0.612,0,64,0,0,0,0,0,59,0,1,34,4,0,0,0
4372,6.583,0,64,0,0,0,0,0,59,0,1,34,4,0,0,0
4373,25.206,0,64,0,0,0,0,0,59,0,1,34,4,0,0,0
4374,0.972,0,64,0,0,0,0,0,59,0,1,34,4,0,0,0
4375,0.812,0,64,0,0,0,0,0,59,0,1,34,4,0,0,0
4376,6.953,0,64,0,0,0,0,0,59,0,1,34,4,0,0,0
4377,24.643,0,64,0,0,0,0,0,59,0,1,34,4,0,0,0
4378,0.828,0,64,0,0,0,0,0,59,0,1,34,4,0,0,0
4379,1.113,0,64,0,0,0,0,0,59,0,1,34,4,0,0,0
4380,6.082,0,64,0,0,0,0,0,59,0,1,34,4,0,0,0
4381,25.341,0,64,0,0,0,0,0,59,0,1,34,4,0,0,0
4382,1.156,0,64,0,0,0,0,0,59,0,1,34,4,0,0,0
4383,0.581,0,64,0,0,0,0,0,59,0,1,34,4,0,0,0
4384,6.828,0,64,0,0,0,0,0,59,0,1,34,4,0,0,0
4385,24.720,0,64,0,0,0,0,0,59,0,1,34,4,0,0,0
4386,0.924,0,64,0,0,0,0,0,59,0,1,34,4,0,0,0
4387,0.616,0,64,0,0,0,0,0,59,0,1,34,4,0,0,0
4388,6.586,0,64,0,0,0,0,0,59,0,1,34,4,0,0,0
4389,25.147,0,64,0,0,0,0,0,59,0,1,34,4,0,0,0
4390,0.813,0,64,0,0,0,0,0,59,0,1,34,4,0,0,0
4391,0.679,0,64,0,0,0,0,0,59,0,1,34,4,0,0,0
4392,7.625,0,64,0,0,0,0,0,59,0,1,34,4,0,0,0
4393,24.128,0,64,0,0,0,0,0,59,0,1,34,4,0,0,0
4394,0.997,0,64,0,0,0,0,0,59,0,1,34,4,0,0,0
4395,0.666,0,64,0,0,0,0,0,59,0,1,34,4,0,0,0
4396,6.658,0,64,0,0,0,0,0,59,0,1,34,4,0,0,0
4397,25.284,0,64,0,0,0,0,0,59,0,1,34,4,0,0,0
4398,0.924,0,64,0,0,0,0,0,59,0,1,34,4,0,0,0
4399,0.769,0,64,0,0,0,0,0,59,0,1,34,4,0,0,0
4400,6.778,0,64,0,0,0,0,0,59,0,1,34,4,0,0,0
4401,24.666,0,64,0,0,0,0,0,59,0,1,34,4,0,0,0
4402,0.780,0,64,0,0,0,0,0,59,0,1,34,4,0,0,0
4403,0.763,0,64,0,0,0,0,0,59,0,1,34,4,0,0,0
4404,6.611,0,64,0,0,0,0,0,59,0,1,34,4,0,0,0
4405,25.166,0,64,0,0,0,0,0,59,0,1,34,4,0,0,0
4406,0.854,0,64,0,0,0,0,0,59,0,1,34,4,0,0,0
4407,1.028,0,64,0,0,0,0,0,59,0,1,34,4,0,0,0
4408,6.228,0,64,0,0,0,0,0,59,0,1,34,4,0,0,0
4409,25.215,0,64,0,0,0,0,0,59,0,1,34,4,0,0,0
4410,0.866,0,64,0,0,0,0,0,59,0,1,34,4,0,0,0
4411,0.612,0,64,0,0,0,0,0,59,0,1,34,4,0,0,0
4412,6.869,0,64,0,0,0,0,0,59,0,1,34,4,0,0,0
4413,24.997,0,64,0,0,0,0,0,59,0,1,34,4,0,0,0
4414,0.909,0,64,0,0,0,0,0,59,0,1,34,4,0,0,0
4415,0.665,0,64,0,0,0,0,0,59,0,1,34,4,0,0,0
4416,7.102,0,64,0,0,0,0,0,59,0,1,34,4,0,0,0
4417,24.682,0,64,0,0,0,0,0,59,0,1,34,4,0,0,0
4418,0.794,0,64,0,0,0,0,0,59,0,1,34,4,0,0,0
4419,0.686,0,64,0,0,0,0,0,59,0,1,34,4,0,0,0
4420,6.706,0,64,0,0,0,0,0,59,0,1,34,4,0,0,0
4421,25.184,0,64,0,0,0,0,0,59,0,1,34,4,0,0,0
4422,0.861,0,64,0,0,0,0,0,59,0,1,34,4,0,0,0
4423,0.663,0,64,0,0,0,0,0,59,0,1,34,4,0,0,0
4424,7.112,0,64,0,0,0,0,0,59,0,1,34,4,0,0,0
4425,24.649,0,64,0,0,0,0,0,59,0,1,34,4,0,0,0
4426,0.804,0,64,0,0,0,0,0,59,0,1,34,4,0,0,0
4427,0.652,0,64,0,0,0,0,0,59,0,1,34,4,0,0,0
4428,6.924,0,64,0,0,0,0,0,59,0,1,34,4,0,0,0
4429,24.897,0,64,0,0,0,0,0,59,0,1,34,4,0,0,0
4430,0.908,0,64,0,0,0,0,0,59,0,1,34,4,0,0,0
4431,0.812,0,64,0,0,0,0,0,59,0,1,34,4,0,0,0
4432,6.514,0,64,0,0,0,0,0,59,0,1,34,4,0,0,0
4433,25.271,0,64,0,0,0,0,0,59,0,1,34,4,0,0,0
4434,0.830,0,64,0,0,0,0,0,59,0,1,34,4,0,0,0
4435,0.604,0,64,0,0,0,0,0,59,0,1,34,4,0,0,0
4436,6.638,0,64,0,0,0,0,0,59,0,1,34,4,0,0,0
4437,25.189,0,64,0,0,0,0,0,59,0,1,34,4,0,0,0
4438,0.858,0,64,0,0,0,0,0,59,0,1,34,4,0,0,0
4439,0.667,0,64,0,0,0,0,0,59,0,1,34,4,0,0,0
4440,6.639,0,64,0,0,0,0,0,59,0,1,34,4,0,0,0
4441,25.324,0,64,0,0,0,0,0,59,0,1,34,4,0,0,0
4442,0.855,0,64,0,0,0,0,0,59,0,1,34,4,0,0,0
4443,0.619,0,64,0,0,0,0,0,59,0,1,34,4,0,0,0
4444,6.470,0,64,0,0,0,0,0,59,0,1,34,4,0,0,0
4445,25.382,0,64,0,0,0,0,0,59,0,1,34,4,0,0,0
4446,0.809,0,64,0,0,0,0,0,59,0,1,34,4,0,0,0
4447,0.653,0,64,0,0,0,0,0,59,0,1,34,4,0,0,0
4448,6.459,0,64,0,0,0,0,0,59,0,1,34,4,0,0,0
4449,25.099,0,64,0,0,0,0,0,59,0,1,34,4,0,0,0
4450,0.791,0,64,0,0,0,0,0,59,0,1,34,4,0,0,0
4451,0.679,0,64,0,0,0,0,0,59,0,1,34,4,0,0,0
4452,6.970,0,64,0,0,0,0,0,59,0,1,34,4,0,0,0
4453,24.988,0,64,0,0,0,0,0,59,0,1,34,4,0,0,0
4454,0.868,0,64,0,0,0,0,0,59,0,1,34,4,0,0,0
4455,0.703,0,64,0,0,0,0,0,59,0,1,34,4,0,0,0
4456,7.488,0,64,0,0,0,0,0,59,0,1,34,4,0,0,0
4457,24.288,0,64,0,0,0,0,0,59,0,1,34,4,0,0,0
4458,0.789,0,64,0,0,0,0,0,59,0,1,34,4,0,0,0
4459,0.678,0,64,0,0,0,0,0,59,0,1,34,4,0,0,0
4460,6.635,0,64,0,0,0,0,0,59,0,1,34,4,0,0,0
4461,25.446,0,64,0,0,0,0,0,59,0,1,34,4,0,0,0
4462,0.744,0,64,0,0,0,0,0,59,0,1,34,4,0,0,0
4463,0.702,0,64,0,0,0,0,0,59,0,1,34,4,0,0,0
4464,7.439,0,64,0,0,0,0,0,59,0,1,34,4,0,0,0
4465,24.335,0,64,0,0,0,0,0,59,0,1,34,4,0,0,0
4466,0.874,0,64,0,0,0,0,0,59,0,1,34,4,0,0,0
4467,0.658,0,64,0,0,0,0,0,59,0,1,34,4,0,0,0
4468,6.662,0,64,0,0,0,0,0,59,0,1,34,4,0,0,0
4469,24.916,0,64,0,0,0,0,0,59,0,1,34,4,0,0,0
4470,0.849,0,64,0,0,0,0,0,59,0,1,34,4,0,0,0
4471,0.663,0,64,0,0,0,0,0,59,0,1,34,4,0,0,0
4472,6.830,0,64,0,0,0,0,0,59,0,1,34,4,0,0,0
4473,24.981,0,64,0,0,0,0,0,59,0,1,34,4,0,0,0
4474,0.820,0,64,0,0,0,0,0,59,0,1,34,4,0,0,0
4475,0.679,0,64,0,0,0,0,0,59,0,1,34,4,0,0,0
4476,6.909,0,64,0,0,0,0,0,59,0,1,34,4,0,0,0
4477,25.148,0,64,0,0,0,0,0,59,0,1,34,4,0,0,0
4478,0.832,0,64,0,0,0,0,0,59,0,1,34,4,0,0,0
4479,0.735,0,64,0,0,0,0,0,59,0,1,34,4,0,0,0
4480,7.366,0,64,0,0,0,0,0,59,0,1,34,4,0,0,0
4481,24.590,0,64,0,0,0,0,0,59,0,1,34,4,0,0,0
4482,0.958,0,64,0,0,0,0,0,59,0,1,34,4,0,0,0
4483,1.537,0,64,0,0,0,0,0,59,0,1,34,4,0,0,0
4484,5.402,0,64,0,0,0,0,0,59,0,1,34,4,0,0,0
4485,24.957,0,64,0,0,0,0,0,59,0,1,34,4,0,0,0
4486,0.926,0,64,0,0,0,0,0,59,0,1,34,4,0,0,0
4487,0.677,0,64,0,0,0,0,0,59,0,1,34,4,0,0,0
4488,6.796,0,64,0,0,0,0,0,59,0,1,34,4,0,0,0
4489,24.968,0,64,0,0,0,0,0,59,0,1,34,4,0,0,0
4490,0.764,0,64,0,0,0,0,0,59,0,1,34,4,0,0,0
4491,0.665,0,64,0,0,0,0,0,59,0,1,34,4,0,0,0
4492,6.825,0,64,0,0,0,0,0,59,0,1,34,4,0,0,0
4493,25.294,0,64,0,0,0,0,0,59,0,1,34,4,0,0,0
4494,0.899,0,64,0,0,0,0,0,59,0,1,34,4,0,0,0
4495,0.712,0,64,0,0,0,0,0,59,0,1,34,4,0,0,0
4496,6.663,0,64,0,0,0,0,0,59,0,1,34,4,0,0,0
4497,25.241,0,64,0,0,0,0,0,59,0,1,34,4,0,0,0
4498,0.738,0,64,0,0,0,0,0,59,0,1,34,4,0,0,0
4499,0.630,0,64,0,0,0,0,0,59,0,1,34,4,0,0,0
4500,6.776,0,64,0,0,0,0,0,59,0,1,34,4,0,0,0
4501,24.944,0,64,0,0,0,0,0,59,0,1,34,4,0,0,0
4502,0.773,0,64,0,0,0,0,0,59,0,1,34,4,0,0,0
4503,0.662,0,64,0,0,0,0,0,59,0,1,34,4,0,0,0
4504,7.345,0,64,0,0,0,0,0,59,0,1,34,4,0,0,0
4505,24.447,0,64,0,0,0,0,0,59,0,1,34,4,0,0,0
4506,0.760,0,64,0,0,0,0,0,59,0,1,34,4,0,0,0
4507,0.670,0,64,0,0,0,0,0,59,0,1,34,4,0,0,0
4508,7.007,0,64,0,0,0,0,0,59,0,1,34,4,0,0,0
4509,25.186,0,64,0,0,0,0,0,59,0,1,34,4,0,0,0
4510,0.794,0,64,0,0,0,0,0,59,0,1,34,4,0,0,0
4511,1.371,0,64,0,0,0,0,0,59,0,1,34,4,0,0,0
4512,6.236,0,64,0,0,0,0,0,59,0,1,34,4,0,0,0
4513,24.606,0,64,0,0,0,0,0,59,0,1,34,4,0,0,0
4514,0.748,0,64,0,0,0,0,0,59,0,1,34,4,0,0,0
4515,0.668,0,64,0,0,0,0,0,59,0,1,34,4,0,0,0
4516,6.798,0,64,0,0,0,0,0,59,0,1,34,4,0,0,0
4517,25.153,0,64,0,0,0,0,0,59,0,1,34,4,0,0,0
4518,0.900,0,64,0,0,0,0,0,59,0,1,34,4,0,0,0
4519,0.645,0,64,0,0,0,0,0,59,0,1,34,4,0,0,0
4520,7.154,0,64,0,0,0,0,0,59,0,1,34,4,0,0,0
4521,24.666,0,64,0,0,0,0,0,59,0,1,34,4,0,0,0
4522,0.793,0,64,0,0,0,0,0,59,0,1,34,4,0,0,0
4523,0.648,0,64,0,0,0,0,0,59,0,1,34,4,0,0,0
4524,6.703,0,64,0,0,0,0,0,59,0,1,34,4,0,0,0
4525,25.165,0,64,0,0,0,0,0,59,0,1,34,4,0,0,0
4526,0.807,0,64,0,0,0,0,0,59,0,1,34,4,0,0,0
4527,0.608,0,64,0,0,0,0,0,59,0,1,34,4,0,0,0
4528,6.682,0,64,0,0,0,0,0,59,0,1,34,4,0,0,0
4529,25.335,0,64,0,0,0,0,0,59,0,1,34,4,0,0,0
4530,0.804,0,64,0,0,0,0,0,59,0,1,34,4,0,0,0
4531,0.653,0,64,0,0,0,0,0,59,0,1,34,4,0,0,0
4532,6.592,0,64,0,0,0,0,0,59,0,1,34,4,0,0,0
4533,25.251,0,64,0,0,0,0,0,59,0,1,34,4,0,0,0
4534,0.954,0,64,0,0,0,0,0,59,0,1,34,4,0,0,0
4535,0.762,0,64,0,0,0,0,0,59,0,1,34,4,0,0,0
4536,6.574,0,64,0,0,0,0,0,59,0,1,34,4,0,0,0
4537,24.968,0,64,0,0,0,0,0,59,0,1,34,4,0,0,0
4538,0.954,0,64,0,0,0,0,0,59,0,1,34,4,0,0,0
4539,0.815,0,64,0,0,0,0,0,59,0,1,34,4,0,0,0
4540,6.273,0,64,0,0,0,0,0,59,0,1,34,4,0,0,0
4541,25.300,0,64,0,0,0,0,0,59,0,1,34,4,0,0,0
4542,0.793,0,64,0,0,0,0,0,59,0,1,34,4,0,0,0
4543,0.647,0,64,0,0,0,0,0,59,0,1,34,4,0,0,0
4544,7.269,0,64,0,0,0,0,0,59,0,1,34,4,0,0,0
4545,24.754,0,64,0,0,0,0,0,59,0,1,34,4,0,0,0
4546,0.765,0,64,0,0,0,0,0,59,0,1,34,4,0,0,0
4547,0.684,0,64,0,0,0,0,0,59,0,1,34,4,0,0,0
4548,6.582,0,64,0,0,0,0,0,59,0,1,34,4,0,0,0
4549,25.247,0,64,0,0,0,0,0,59,0,1,34,4,0,0,0
4550,0.813,0,64,0,0,0,0,0,59,0,1,34,4,0,0,0
4551,0.671,0,64,0,0,0,0,0,59,0,1,34,4,0,0,0
4552,6.667,0,64,0,0,0,0,0,59,0,1,34,4,0,0,0
4553,25.168,0,64,0,0,0,0,0,59,0,1,34,4,0,0,0
4554,0.871,0,64,0,0,0,0,0,59,0,1,34,4,0,0,0
4555,0.722,0,64,0,0,0,0,0,59,0,1,34,4,0,0,0
4556,6.550,0,64,0,0,0,0,0,59,0,1,34,4,0,0,0
4557,25.060,0,64,0,0,0,0,0,59,0,1,34,4,0,0,0
4558,0.827,0,64,0,0,0,0,0,59,0,1,34,4,0,0,0
4559,0.663,0,64,0,0,0,0,0,59,0,1,34,4,0,0,0
4560,6.903,0,64,0,0,0,0,0,59,0,1,34,4,0,0,0
4561,25.286,0,64,0,0,0,0,0,59,0,1,34,4,0,0,0
4562,0.844,0,64,0,0,0,0,0,59,0,1,34,4,0,0,0
4563,1.591,0,64,0,0,0,0,0,59,0,1,34,4,0,0,0
4564,5.415,0,64,0,0,0,0,0,59,0,1,34,4,0,0,0
4565,25.358,0,64,0,0,0,0,0,59,0,1,34,4,0,0,0
4566,0.836,0,64,0,0,0,0,0,59,0,1,34,4,0,0,0
4567,0.620,0,64,0,0,0,0,0,59,0,1,34,4,0,0,0
4568,6.654,0,64,0,0,0,0,0,59,0,1,34,4,0,0,0
4569,24.982,0,64,0,0,0,0,0,59,0,1,34,4,0,0,0
4570,0.855,0,64,0,0,0,0,0,59,0,1,34,4,0,0,0
4571,0.619,0,64,0,0,0,0,0,59,0,1,34,4,0,0,0
4572,6.842,0,64,0,0,0,0,0,59,0,1,34,4,0,0,0
4573,25.227,0,64,0,0,0,0,0,59,0,1,34,4,0,0,0
4574,0.857,0,64,0,0,0,0,0,59,0,1,34,4,0,0,0
4575,0.692,0,64,0,0,0,0,0,59,0,1,34,4,0,0,0
4576,6.543,0,64,0,0,0,0,0,59,0,1,34,4,0,0,0
4577,25.174,0,64,0,0,0,0,0,59,0,1,34,4,0,0,0
4578,0.881,0,64,0,0,0,0,0,59,0,1,34,4,0,0,0
4579,0.688,0,64,0,0,0,0,0,59,0,1,34,4,0,0,0
4580,6.571,0,64,0,0,0,0,0,59,0,1,34,4,0,0,0
4581,25.181,0,64,0,0,0,0,0,59,0,1,34,4,0,0,0
4582,0.911,0,64,0,0,0,0,0,59,0,1,34,4,0,0,0
4583,0.655,0,64,0,0,0,0,0,59,0,1,34,4,0,0,0
4584,7.161,0,64,0,0,0,0,0,59,0,1,34,4,0,0,0
4585,24.589,0,64,0,0,0,0,0,59,0,1,34,4,0,0,0
4586,0.812,0,64,0,0,0,0,0,59,0,1,34,4,0,0,0
4587,0.623,0,64,0,0,0,0,0,59,0,1,34,4,0,0,0
4588,6.764,0,64,0,0,0,0,0,59,0,1,34,4,0,0,0
4589,25.346,0,64,0,0,0,0,0,59,0,1,34,4,0,0,0
4590,0.843,0,64,0,0,0,0,0,59,0,1,34,4,0,0,0
4591,2.027,0,64,0,0,0,0,0,59,0,1,34,4,0,0,0
4592,5.310,0,64,0,0,0,0,0,59,0,1,34,4,0,0,0
4593,24.976,0,64,0,0,0,0,0,59,0,1,34,4,0,0,0
4594,0.819,0,64,0,0,0,0,0,59,0,1,34,4,0,0,0
4595,0.655,0,64,0,0,0,0,0,59,0,1,34,4,0,0,0
4596,6.889,0,64,0,0,0,0,0,59,0,1,34,4,0,0,0
4597,24.916,0,64,0,0,0,0,0,59,0,1,34,4,0,0,0
4598,1.077,0,64,0,0,0,0,0,59,0,1,34,4,0,0,0
4599,0.605,0,64,0,0,0,0,0,59,0,1,34,4,0,0,0
4600,7.633,0,64,0,0,0,0,0,59,0,1,34,4,0,0,0
4601,23.906,0,64,0,0,0,0,0,59,0,1,34,4,0,0,0
4602,0.820,0,64,0,0,0,0,0,59,0,1,34,4,0,0,0
4603,0.739,0,64,0,0,0,0,0,59,0,1,34,4,0,0,0
4604,6.796,0,64,0,0,0,0,0,59,0,1,34,4,0,0,0
4605,25.064,0,64,0,0,0,0,0,59,0,1,34,4,0,0,0
4606,0.889,0,64,0,0,0,0,0,59,0,1,34,4,0,0,0
4607,0.737,0,64,0,0,0,0,0,59,0,1,34,4,0,0,0
4608,7.873,0,64,0,0,0,0,0,59,0,1,34,4,0,0,0
4609,23.851,0,64,0,0,0,0,0,59,0,1,34,4,0,0,0
4610,0.896,0,64,0,0,0,0,0,59,0,1,34,4,0,0,0
4611,0.645,0,64,0,0,0,0,0,59,0,1,34,4,0,0,0
4612,6.698,0,64,0,0,0,0,0,59,0,1,34,4,0,0,0
4613,24.946,0,64,0,0,0,0,0,59,0,1,34,4,0,0,0
4614,0.819,0,64,0,0,0,0,0,59,0,1,34,4,0,0,0
4615,0.644,0,64,0,0,0,0,0,59,0,1,34,4,0,0,0
4616,6.965,0,64,0,0,0,0,0,59,0,1,34,4,0,0,0
4617,25.167,0,64,0,0,0,0,0,59,0,1,34,4,0,0,0
4618,0.926,0,64,0,0,0,0,0,59,0,1,34,4,0,0,0
4619,1.695,0,64,0,0,0,0,0,59,0,1,34,4,0,0,0
4620,5.366,0,64,0,0,0,0,0,59,0,1,34,4,0,0,0
4621,25.377,0,64,0,0,0,0,0,59,0,1,34,4,0,0,0
4622,0.931,0,64,0,0,0,0,0,59,0,1,34,4,0,0,0
4623,0.718,0,64,0,0,0,0,0,59,0,1,34,4,0,0,0
4624,6.676,0,64,0,0,0,0,0,59,0,1,34,4,0,0,0
4625,25.137,0,64,0,0,0,0,0,59,0,2,34,4,0,0,0
4626,0.948,0,64,0,0,0,0,0,59,0,2,34,4,0,0,0
4627,0.767,0,64,0,0,0,0,0,59,0,2,34,4,0,0,0
4628,6.371,0,64,0,0,0,0,0,59,0,2,34,4,0,0,0
4629,24.856,0,64,0,0,0,0,0,59,0,2,34,4,0,0,0
4630,0.873,0,64,0,0,0,0,0,59,0,2,34,4,0,0,0
4631,0.693,0,64,0,0,0,0,0,59,0,2,34,4,0,0,0
4632,7.371,0,64,0,0,0,0,0,59,0,2,34,4,0,0,0
4633,24.447,0,64,0,0,0,0,0,59,0,2,34,4,0,0,0
4634,0.880,0,64,0,0,0,0,0,59,0,2,34,4,0,0,0
4635,0.727,0,64,0,0,0,0,0,59,0,2,34,4,0,0,0
4636,6.643,0,64,0,0,0,0,0,59,0,2,34,4,0,0,0
4637,25.156,0,64,0,0,0,0,0,59,0,2,34,4,0,0,0
4638,0.848,0,64,0,0,0,0,0,59,0,2,34,4,0,0,0
4639,0.688,0,64,0,0,0,0,0,59,0,2,34,4,0,0,0
4640,6.641,0,64,0,0,0,0,0,59,0,2,34,4,0,0,0
4641,25.047,0,64,0,0,0,0,0,59,0,2,34,4,0,0,0
4642,0.922,0,64,0,0,0,0,0,59,0,2,34,4,0,0,0
4643,1.708,0,64,0,0,0,0,0,59,0,2,34,4,0,0,0
4644,5.566,0,64,0,0,0,0,0,59,0,2,34,4,0,0,0
4645,25.264,0,64,0,0,0,0,0,59,0,2,34,4,0,0,0
4646,0.889,0,64,0,0,0,0,0,59,0,2,34,4,0,0,0
4647,0.639,0,64,0,0,0,0,0,59,0,2,34,4,0,0,0
4648,6.815,0,64,0,0,0,0,0,59,0,2,34,4,0,0,0
4649,24.954,0,64,0,0,0,0,0,59,0,2,34,4,0,0,0
4650,0.800,0,64,0,0,0,0,0,59,0,2,34,4,0,0,0
4651,0.634,0,64,0,0,0,0,0,59,0,2,34,4,0,0,0
4652,6.773,0,64,0,0,0,0,0,59,0,2,34,4,0,0,0
4653,24.971,0,64,0,0,0,0,0,59,0,2,34,4,0,0,0
4654,0.865,0,64,0,0,0,0,0,59,0,2,34,4,0,0,0
4655,0.680,0,64,0,0,0,0,0,59,0,2,34,4,0,0,0
4656,6.756,0,64,0,0,0,0,0,59,0,2,34,4,0,0,0
4657,25.191,0,64,0,0,0,0,0,59,0,2,34,4,0,0,0
4658,0.792,0,64,0,0,0,0,0,59,0,2,34,4,0,0,0
4659,0.692,0,64,0,0,0,0,0,59,0,2,34,4,0,0,0
4660,6.961,0,64,0,0,0,0,0,59,0,2,34,4,0,0,0
4661,24.900,0,64,0,0,0,0,0,59,0,2,34,4,0,0,0
4662,0.849,0,64,0,0,0,0,0,59,0,2,34,4,0,0,0
4663,0.717,0,64,0,0,0,0,0,59,0,2,34,4,0,0,0
4664,6.628,0,64,0,0,0,0,0,59,0,2,34,4,0,0,0
4665,25.187,0,64,0,0,0,0,0,59,0,2,34,4,0,0,0
4666,0.815,0,64,0,0,0,0,0,59,0,2,34,4,0,0,0
4667,0.702,0,64,0,0,0,0,0,59,0,2,34,4,0,0,0
4668,6.644,0,64,0,0,0,0,0,59,0,2,34,4,0,0,0
4669,25.004,0,64,0,0,0,0,0,59,0,2,34,4,0,0,0
4670,1.022,0,64,0,0,0,0,0,59,0,2,34,4,0,0,0
4671,0.709,0,64,0,0,0,0,0,59,0,2,34,4,0,0,0
4672,6.945,0,64,0,0,0,0,0,59,0,2,34,4,0,0,0
4673,24.692,0,64,0,0,0,0,0,59,0,2,34,4,0,0,0
4674,0.883,0,64,0,0,0,0,0,59,0,2,34,4,0,0,0
4675,0.658,0,64,0,0,0,0,0,59,0,2,34,4,0,0,0
4676,6.479,0,64,0,0,0,0,0,59,0,2,34,4,0,0,0
4677,25.311,0,64,0,0,0,0,0,59,0,2,34,4,0,0,0
4678,0.830,0,64,0,0,0,0,0,59,0,2,34,4,0,0,0
4679,0.673,0,64,0,0,0,0,0,59,0,2,34,4,0,0,0
4680,7.492,0,64,0,0,0,0,0,59,0,2,34,4,0,0,0
4681,24.351,0,64,0,0,0,0,0,59,0,2,34,4,0,0,0
4682,0.956,0,64,0,0,0,0,0,59,0,2,34,4,0,0,0
4683,0.638,0,64,0,0,0,0,0,59,0,2,34,4,0,0,0
4684,6.509,0,64,0,0,0,0,0,59,0,2,34,4,0,0,0
4685,25.287,0,64,0,0,0,0,0,59,0,2,34,4,0,0,0
4686,0.807,0,64,0,0,0,0,0,59,0,2,34,4,0,0,0
4687,0.608,0,64,0,0,0,0,0,59,0,2,34,4,0,0,0
4688,6.855,0,64,0,0,0,0,0,59,0,2,34,4,0,0,0
4689,25.012,0,64,0,0,0,0,0,59,0,2,34,4,0,0,0
4690,0.727,0,64,0,0,0,0,0,59,0,2,34,4,0,0,0
4691,0.741,0,64,0,0,0,0,0,59,0,2,34,4,0,0,0
4692,6.998,0,64,0,0,0,0,0,59,0,2,34,4,0,0,0
4693,24.970,0,64,0,0,0,0,0,59,0,2,34,4,0,0,0
4694,0.865,0,64,0,0,0,0,0,59,0,2,34,4,0,0,0
4695,2.150,0,64,0,0,0,0,0,59,0,2,34,4,0,0,0
4696,5.094,0,64,0,0,0,0,0,59,0,2,34,4,0,0,0
4697,25.308,0,64,0,0,0,0,0,59,0,2,34,4,0,0,0
4698,0.914,0,64,0,0,0,0,0,59,0,2,34,4,0,0,0
4699,0.647,0,64,0,0,0,0,0,59,0,2,34,4,0,0,0
4700,6.545,0,64,0,0,0,0,0,59,0,2,34,4,0,0,0
4701,24.998,0,64,0,0,0,0,0,59,0,2,34,4,0,0,0
4702,0.823,0,64,0,0,0,0,0,59,0,2,34,4,0,0,0
4703,0.587,0,64,0,0,0,0,0,59,0,2,34,4,0,0,0
4704,7.264,0,64,0,0,0,0,0,59,0,2,34,4,0,0,0
4705,24.689,0,64,0,0,0,0,0,59,0,2,34,4,0,0,0
4706,0.953,0,64,0,0,0,0,0,59,0,2,34,4,0,0,0
4707,0.649,0,64,0,0,0,0,0,59,0,2,34,4,0,0,0
4708,6.713,0,64,0,0,0,0,0,59,0,2,34,4,0,0,0
4709,25.008,0,64,0,0,0,0,0,59,0,2,34,4,0,0,0
4710,0.903,0,64,0,0,0,0,0,59,0,2,34,4,0,0,0
4711,0.641,0,64,0,0,0,0,0,59,0,2,34,4,0,0,0
4712,7.101,0,64,0,0,0,0,0,59,0,2,34,4,0,0,0
4713,24.751,0,64,0,0,0,0,0,59,0,2,34,4,0,0,0
4714,0.834,0,64,0,0,0,0,0,59,0,2,34,4,0,0,0
4715,0.640,0,64,0,0,0,0,0,59,0,2,34,4,0,0,0
4716,6.947,0,64,0,0,0,0,0,59,0,2,34,4,0,0,0
4717,25.193,0,64,0,0,0,0,0,59,0,2,34,4,0,0,0
4718,1.157,0,64,0,0,0,0,0,59,0,2,34,4,0,0,0
4719,0.823,0,64,0,0,0,0,0,59,0,2,34,4,0,0,0
4720,7.028,0,64,0,0,0,0,0,59,0,2,34,4,0,0,0
4721,24.284,0,64,0,0,0,0,0,59,0,2,34,4,0,0,0
4722,0.816,0,64,0,0,0,0,0,59,0,2,34,4,0,0,0
4723,0.697,0,64,0,0,0,0,0,59,0,2,34,4,0,0,0
4724,6.617,0,64,0,0,0,0,0,59,0,2,34,4,0,0,0
4725,24.989,0,64,0,0,0,0,0,59,0,2,34,4,0,0,0
4726,0.878,0,64,0,0,0,0,0,59,0,2,34,4,0,0,0
4727,0.678,0,64,0,0,0,0,0,59,0,2,34,4,0,0,0
4728,7.262,0,64,0,0,0,0,0,59,0,2,34,4,0,0,0
4729,24.569,0,64,0,0,0,0,0,59,0,2,34,4,0,0,0
4730,0.871,0,64,0,0,0,0,0,59,0,2,34,4,0,0,0
4731,0.648,0,64,0,0,0,0,0,59,0,2,34,4,0,0,0
4732,6.599,0,64,0,0,0,0,0,59,0,2,34,4,0,0,0
4733,25.149,0,64,0,0,0,0,0,59,0,2,34,4,0,0,0
4734,0.742,0,64,0,0,0,0,0,59,0,2,34,4,0,0,0
4735,0.746,0,64,0,0,0,0,0,59,0,2,34,4,0,0,0
4736,6.950,0,64,0,0,0,0,0,59,0,2,34,4,0,0,0
4737,24.750,0,64,0,0,0,0,0,59,0,2,34,4,0,0,0
4738,0.845,0,64,0,0,0,0,0,59,0,2,34,4,0,0,0
4739,0.700,0,64,0,0,0,0,0,59,0,2,34,4,0,0,0
4740,6.775,0,64,0,0,0,0,0,59,0,2,34,4,0,0,0
4741,24.946,0,64,0,0,0,0,0,59,0,2,34,4,0,0,0
4742,0.972,0,64,0,0,0,0,0,59,0,2,34,4,0,0,0
4743,0.783,0,64,0,0,0,0,0,59,0,2,34,4,0,0,0
4744,7.714,0,64,0,0,0,0,0,59,0,2,34,4,0,0,0
4745,24.061,0,64,0,0,0,0,0,59,0,2,34,4,0,0,0
4746,0.925,0,64,0,0,0,0,0,59,0,2,34,4,0,0,0
4747,1.448,0,64,0,0,0,0,0,59,0,2,34,4,0,0,0
4748,5.641,0,64,0,0,0,0,0,59,0,2,34,4,0,0,0
4749,25.230,0,64,0,0,0,0,0,59,0,2,34,4,0,0,0
4750,0.771,0,64,0,0,0,0,0,59,0,2,34,4,0,0,0
4751,0.715,0,64,0,0,0,0,0,59,0,2,34,4,0,0,0
4752,6.838,0,64,0,0,0,0,0,59,0,2,34,4,0,0,0
4753,25.215,0,64,0,0,0,0,0,59,0,2,34,4,0,0,0
4754,0.887,0,64,0,0,0,0,0,59,0,2,34,4,0,0,0
4755,0.753,0,64,0,0,0,0,0,59,0,2,34,4,0,0,0
4756,6.447,0,64,0,0,0,0,0,59,0,2,34,4,0,0,0
4757,24.909,0,64,0,0,0,0,0,59,0,2,34,4,0,0,0
4758,0.886,0,64,0,0,0,0,0,59,0,2,34,4,0,0,0
4759,0.636,0,64,0,0,0,0,0,59,0,2,34,4,0,0,0
4760,7.735,0,64,0,0,0,0,0,59,0,2,34,4,0,0,0
4761,24.136,0,64,0,0,0,0,0,59,0,2,34,4,0,0,0
4762,0.910,0,64,0,0,0,0,0,59,0,2,34,4,0,0,0
4763,0.675,0,64,0,0,0,0,0,59,0,2,34,4,0,0,0
4764,6.748,0,64,0,0,0,0,0,59,0,2,34,4,0,0,0
4765,25.056,0,64,0,0,0,0,0,59,0,2,34,4,0,0,0
4766,0.926,0,64,0,0,0,0,0,59,0,2,34,4,0,0,0
4767,0.766,0,64,0,0,0,0,0,59,0,2,34,4,0,0,0
4768,6.616,0,64,0,0,0,0,0,59,0,2,34,4,0,0,0
4769,25.210,0,64,0,0,0,0,0,59,0,2,34,4,0,0,0
4770,0.932,0,64,0,0,0,0,0,59,0,2,34,4,0,0,0
4771,1.668,0,64,0,0,0,0,0,59,0,2,34,4,0,0,0
4772,5.479,0,64,0,0,0,0,0,59,0,2,34,4,0,0,0
4773,25.186,0,64,0,0,0,0,0,59,0,2,34,4,0,0,0
4774,0.821,0,64,0,0,0,0,0,59,0,2,34,4,0,0,0
4775,1.340,0,64,0,0,0,0,0,59,0,2,34,4,0,0,0
4776,5.994,0,64,0,0,0,0,0,59,0,2,34,4,0,0,0
4777,25.143,0,64,0,0,0,0,0,59,0,2,34,4,0,0,0
4778,0.786,0,64,0,0,0,0,0,59,0,2,34,4,0,0,0
4779,0.662,0,64,0,0,0,0,0,59,0,2,34,4,0,0,0
4780,6.727,0,64,0,0,0,0,0,59,0,2,34,4,0,0,0
4781,25.090,0,64,0,0,0,0,0,59,0,2,34,4,0,0,0
4782,0.953,0,64,0,0,0,0,0,59,0,2,34,4,0,0,0
4783,0.630,0,64,0,0,0,0,0,59,0,2,34,4,0,0,0
4784,6.728,0,64,0,0,0,0,0,59,0,2,34,4,0,0,0
4785,24.976,0,64,0,0,0,0,0,59,0,2,34,4,0,0,0
4786,0.792,0,64,0,0,0,0,0,59,0,2,34,4,0,0,0
4787,0.675,0,64,0,0,0,0,0,59,0,2,34,4,0,0,0
4788,6.899,0,64,0,0,0,0,0,59,0,2,34,4,0,0,0
4789,24.925,0,64,0,0,0,0,0,59,0,2,34,4,0,0,0
4790,0.860,0,64,0,0,0,0,0,59,0,2,34,4,0,0,0
4791,0.670,0,64,0,0,0,0,0,59,0,2,34,4,0,0,0
4792,7.151,0,64,0,0,0,0,0,59,0,2,34,4,0,0,0
4793,24.614,0,64,0,0,0,0,0,59,0,2,34,4,0,0,0
4794,0.806,0,64,0,0,0,0,0,59,0,2,34,4,0,0,0
4795,0.743,0,64,0,0,0,0,0,59,0,2,34,4,0,0,0
4796,6.672,0,64,0,0,0,0,0,59,0,2,34,4,0,0,0
4797,25.273,0,64,0,0,0,0,0,59,0,2,34,4,0,0,0
4798,0.771,0,64,0,0,0,0,0,59,0,2,34,4,0,0,0
4799,1.857,0,64,0,0,0,0,0,59,0,2,34,4,0,0,0
4800,5.796,0,64,0,0,0,0,0,59,0,2,34,4,0,0,0
4801,24.777,0,64,0,0,0,0,0,59,0,2,34,4,0,0,0
4802,0.899,0,64,0,0,0,0,0,59,0,2,34,4,0,0,0
4803,0.651,0,64,0,0,0,0,0,59,0,2,34,4,0,0,0
4804,6.591,0,64,0,0,0,0,0,59,0,2,34,4,0,0,0
4805,25.412,0,64,0,0,0,0,0,59,0,2,34,4,0,0,0
4806,0.868,0,64,0,0,0,0,0,59,0,2,34,4,0,0,0
4807,0.662,0,64,0,0,0,0,0,59,0,2,34,4,0,0,0
4808,6.583,0,64,0,0,0,0,0,59,0,2,34,4,0,0,0
4809,25.006,0,64,0,0,0,0,0,59,0,2,34,4,0,0,0
4810,0.897,0,64,0,0,0,0,0,59,0,2,34,4,0,0,0
4811,0.668,0,64,0,0,0,0,0,59,0,2,34,4,0,0,0
4812,6.833,0,64,0,0,0,0,0,59,0,2,34,4,0,0,0
4813,24.917,0,64,0,0,0,0,0,59,0,2,34,4,0,0,0
4814,0.879,0,64,0,0,0,0,0,59,0,2,34,4,0,0,0
4815,0.594,0,64,0,0,0,0,0,59,0,2,34,4,0,0,0
4816,6.745,0,64,0,0,0,0,0,59,0,2,34,4,0,0,0
4817,25.156,0,64,0,0,0,0,0,59,0,2,34,4,0,0,0
4818,0.769,0,64,0,0,0,0,0,59,0,2,34,4,0,0,0
4819,0.690,0,64,0,0,0,0,0,59,0,2,34,4,0,0,0
4820,6.862,0,64,0,0,0,0,0,59,0,2,34,4,0,0,0
4821,25.401,0,64,0,0,0,0,0,59,0,2,34,4,0,0,0
4822,0.835,0,64,0,0,0,0,0,59,0,2,34,4,0,0,0
4823,1.311,0,64,0,0,0,0,0,59,0,2,34,4,0,0,0
4824,5.609,0,64,0,0,0,0,0,59,0,2,34,4,0,0,0
4825,25.291,0,64,0,0,0,0,0,59,0,2,34,4,0,0,0
4826,0.850,0,64,0,0,0,0,0,59,0,2,34,4,0,0,0
4827,0.629,0,64,0,0,0,0,0,59,0,2,34,4,0,0,0
4828,6.588,0,64,0,0,0,0,0,59,0,2,34,4,0,0,0
4829,25.196,0,64,0,0,0,0,0,59,0,2,34,4,0,0,0
4830,0.950,0,64,0,0,0,0,0,59,0,2,34,4,0,0,0
4831,0.755,0,64,0,0,0,0,0,59,0,2,34,4,0,0,0
4832,6.394,0,64,0,0,0,0,0,59,0,2,34,4,0,0,0
4833,25.221,0,64,0,0,0,0,0,59,0,2,34,4,0,0,0
4834,0.800,0,64,0,0,0,0,0,59,0,2,34,4,0,0,0
4835,0.671,0,64,0,0,0,0,0,59,0,2,34,4,0,0,0
4836,6.742,0,64,0,0,0,0,0,59,0,2,34,4,0,0,0
4837,25.143,0,64,0,0,0,0,0,59,0,2,34,4,0,0,0
4838,0.824,0,64,0,0,0,0,0,59,0,2,34,4,0,0,0
4839,0.714,0,64,0,0,0,0,0,59,0,2,34,4,0,0,0
4840,6.767,0,64,0,0,0,0,0,59,0,2,34,4,0,0,0
4841,25.106,0,64,0,0,0,0,0,59,0,2,34,4,0,0,0
4842,0.809,0,64,0,0,0,0,0,59,0,2,34,4,0,0,0
4843,0.625,0,64,0,0,0,0,0,59,0,2,34,4,0,0,0
4844,6.691,0,64,0,0,0,0,0,59,0,2,34,4,0,0,0
4845,24.960,0,64,0,0,0,0,0,59,0,2,34,4,0,0,0
4846,0.842,0,64,0,0,0,0,0,59,0,2,34,4,0,0,0
4847,0.720,0,64,0,0,0,0,0,59,0,2,34,4,0,0,0
4848,6.950,0,64,0,0,0,0,0,59,0,2,34,4,0,0,0
4849,25.256,0,64,0,0,0,0,0,59,0,2,34,4,0,0,0
4850,1.128,0,64,0,0,0,0,0,59,0,2,34,4,0,0,0
4851,1.654,0,64,0,0,0,0,0,59,0,2,34,4,0,0,0
4852,4.996,0,64,0,0,0,0,0,59,0,2,34,4,0,0,0
4853,25.334,0,64,0,0,0,0,0,59,0,2,34,4,0,0,0
4854,0.919,0,64,0,0,0,0,0,59,0,2,34,4,0,0,0
4855,0.649,0,64,0,0,0,0,0,59,0,2,34,4,0,0,0
4856,7.412,0,64,0,0,0,0,0,59,0,2,34,4,0,0,0
4857,24.358,0,64,0,0,0,0,0,59,0,2,34,4,0,0,0
4858,0.809,0,64,0,0,0,0,0,59,0,2,34,4,0,0,0
4859,0.792,0,64,0,0,0,0,0,59,0,2,34,4,0,0,0
4860,6.506,0,64,0,0,0,0,0,59,0,2,34,4,0,0,0
4861,25.191,0,64,0,0,0,0,0,59,0,2,34,4,0,0,0
4862,1.071,0,64,0,0,0,0,0,59,0,2,34,4,0,0,0
4863,0.769,0,64,0,0,0,0,0,59,0,2,34,4,0,0,0
4864,6.246,0,64,0,0,0,0,0,59,0,2,34,4,0,0,0
4865,25.157,0,64,0,0,0,0,0,59,0,1,34,5,0,0,0
4866,0.774,0,64,0,0,0,0,0,59,0,1,34,5,0,0,0
4867,0.640,0,64,0,0,0,0,0,59,0,1,34,5,0,0,0
4868,6.837,0,64,0,0,0,0,0,59,0,1,34,5,0,0,0
4869,25.069,0,64,0,0,0,0,0,59,0,1,34,5,0,0,0
4870,0.850,0,64,0,0,0,0,0,59,0,1,34,5,0,0,0
4871,0.652,0,64,0,0,0,0,0,59,0,1,34,5,0,0,0
4872,6.725,0,64,0,0,0,0,0,59,0,1,34,5,0,0,0
4873,25.107,0,64,0,0,0,0,0,59,0,1,34,5,0,0,0
4874,1.007,0,64,0,0,0,0,0,59,0,1,34,5,0,0,0
4875,0.757,0,64,0,0,0,0,0,59,0,1,34,5,0,0,0
4876,6.463,0,64,0,0,0,0,0,59,0,1,34,5,0,0,0
4877,25.314,0,64,0,0,0,0,0,59,0,1,34,5,0,0,0
4878,1.059,0,64,0,0,0,0,0,59,0,1,34,5,0,0,0
4879,0.739,0,64,0,0,0,0,0,59,0,1,34,5,0,0,0
4880,6.314,0,64,0,0,0,0,0,59,0,1,34,5,0,0,0
4881,24.978,0,64,0,0,0,0,0,59,0,1,34,5,0,0,0
4882,0.889,0,64,0,0,0,0,0,59,0,1,34,5,0,0,0
4883,0.791,0,64,0,0,0,0,0,59,0,1,34,5,0,0,0
4884,6.836,0,64,0,0,0,0,0,59,0,1,34,5,0,0,0
4885,25.019,0,64,0,0,0,0,0,59,0,1,34,5,0,0,0
4886,0.915,0,64,0,0,0,0,0,59,0,1,34,5,0,0,0
4887,0.694,0,64,0,0,0,0,0,59,0,1,34,5,0,0,0
4888,7.588,0,64,0,0,0,0,0,59,0,1,34,5,0,0,0
4889,24.193,0,64,0,0,0,0,0,59,0,1,34,5,0,0,0
4890,0.896,0,64,0,0,0,0,0,59,0,1,34,5,0,0,0
4891,0.688,0,64,0,0,0,0,0,59,0,1,34,5,0,0,0
4892,6.428,0,64,0,0,0,0,0,59,0,1,34,5,0,0,0
4893,25.140,0,64,0,0,0,0,0,59,0,1,34,5,0,0,0
4894,0.980,0,64,0,0,0,0,0,59,0,1,34,5,0,0,0
4895,0.746,0,64,0,0,0,0,0,59,0,1,34,5,0,0,0
4896,6.480,0,64,0,0,0,0,0,59,0,1,34,5,0,0,0
4897,25.021,0,64,0,0,0,0,0,59,0,1,34,5,0,0,0
4898,0.840,0,64,0,0,0,0,0,59,0,1,34,5,0,0,0
4899,0.640,0,64,0,0,0,0,0,59,0,1,34,5,0,0,0
4900,6.778,0,64,0,0,0,0,0,59,0,1,34,5,0,0,0
4901,25.289,0,64,0,0,0,0,0,59,0,1,34,5,0,0,0
4902,1.084,0,64,0,0,0,0,0,59,0,1,34,5,0,0,0
4903,1.997,0,64,0,0,0,0,0,59,0,1,34,5,0,0,0
4904,5.079,0,64,0,0,0,0,0,59,0,1,34,5,0,0,0
4905,25.078,0,64,0,0,0,0,0,59,0,1,34,5,0,0,0
4906,0.934,0,64,0,0,0,0,0,59,0,1,34,5,0,0,0
4907,0.958,0,64,0,0,0,0,0,59,0,1,34,5,0,0,0
4908,6.252,0,64,0,0,0,0,0,59,0,1,34,5,0,0,0
4909,25.143,0,64,0,0,0,0,0,59,0,1,34,5,0,0,0
4910,0.845,0,64,0,0,0,0,0,59,0,1,34,5,0,0,0
4911,0.654,0,64,0,0,0,0,0,59,0,1,34,5,0,0,0
4912,7.182,0,64,0,0,0,0,0,59,0,1,34,5,0,0,0
4913,24.755,0,64,0,0,0,0,0,59,0,1,34,5,0,0,0
4914,0.860,0,64,0,0,0,0,0,59,0,1,34,5,0,0,0
4915,0.709,0,64,0,0,0,0,0,59,0,1,34,5,0,0,0
4916,6.401,0,64,0,0,0,0,0,59,0,1,34,5,0,0,0
4917,25.236,0,64,0,0,0,0,0,59,0,1,34,5,0,0,0
4918,0.781,0,64,0,0,0,0,0,59,0,1,34,5,0,0,0
4919,0.670,0,64,0,0,0,0,0,59,0,1,34,5,0,0,0
4920,6.864,0,64,0,0,0,0,0,59,0,1,34,5,0,0,0
4921,25.067,0,64,0,0,0,0,0,59,0,1,34,5,0,0,0
4922,0.804,0,64,0,0,0,0,0,59,0,1,34,5,0,0,0
4923,0.642,0,64,0,0,0,0,0,59,0,1,34,5,0,0,0
4924,6.812,0,64,0,0,0,0,0,59,0,1,34,5,0,0,0
4925,25.130,0,64,0,0,0,0,0,59,0,1,34,5,0,0,0
4926,1.191,0,64,0,0,0,0,0,59,0,1,34,5,0,0,0
4927,0.819,0,64,0,0,0,0,0,59,0,1,34,5,0,0,0
4928,6.193,0,64,0,0,0,0,0,59,0,1,34,5,0,0,0
4929,25.086,0,64,0,0,0,0,0,59,0,1,34,5,0,0,0
4930,0.828,0,64,0,0,0,0,0,59,0,1,34,5,0,0,0
4931,1.143,0,64,0,0,0,0,0,59,0,1,34,5,0,0,0
4932,6.296,0,64,0,0,0,0,0,59,0,1,34,5,0,0,0
4933,24.996,0,64,0,0,0,0,0,59,0,1,34,5,0,0,0
4934,0.743,0,64,0,0,0,0,0,59,0,1,34,5,0,0,0
4935,0.650,0,64,0,0,0,0,0,59,0,1,34,5,0,0,0
4936,6.846,0,64,0,0,0,0,0,59,0,1,34,5,0,0,0
4937,25.112,0,64,0,0,0,0,0,59,0,1,34,5,0,0,0
4938,0.859,0,64,0,0,0,0,0,59,0,1,34,5,0,0,0
4939,0.700,0,64,0,0,0,0,0,59,0,1,34,5,0,0,0
4940,6.449,0,64,0,0,0,0,0,59,0,1,34,5,0,0,0
4941,25.306,0,64,0,0,0,0,0,59,0,1,34,5,0,0,0
4942,0.912,0,64,0,0,0,0,0,59,0,1,34,5,0,0,0
4943,0.637,0,64,0,0,0,0,0,59,0,1,34,5,0,0,0
4944,6.630,0,64,0,0,0,0,0,59,0,1,34,5,0,0,0
4945,25.039,0,64,0,0,0,0,0,59,0,1,34,5,0,0,0
4946,0.737,0,64,0,0,0,0,0,59,0,1,34,5,0,0,0
4947,0.632,0,64,0,0,0,0,0,59,0,1,34,5,0,0,0
4948,7.098,0,64,0,0,0,0,0,59,0,1,34,5,0,0,0
4949,25.102,0,64,0,0,0,0,0,59,0,1,34,5,0,0,0
4950,0.874,0,64,0,0,0,0,0,59,0,1,34,5,0,0,0
4951,0.843,0,64,0,0,0,0,0,59,0,1,34,5,0,0,0
4952,6.294,0,64,0,0,0,0,0,59,0,1,34,5,0,0,0
4953,25.508,0,64,0,0,0,0,0,59,0,1,34,5,0,0,0
4954,0.808,0,64,0,0,0,0,0,59,0,1,34,5,0,0,0
4955,0.930,0,64,0,0,0,0,0,59,0,1,34,5,0,0,0
4956,6.188,0,64,0,0,0,0,0,59,0,1,34,5,0,0,0
4957,25.027,0,64,0,0,0,0,0,59,0,1,34,5,0,0,0
4958,0.986,0,64,0,0,0,0,0,59,0,1,34,5,0,0,0
4959,0.617,0,64,0,0,0,0,0,59,0,1,34,5,0,0,0
4960,7.461,0,64,0,0,0,0,0,59,0,1,34,5,0,0,0
4961,24.368,0,64,0,0,0,0,0,59,0,1,34,5,0,0,0
4962,0.861,0,64,0,0,0,0,0,59,0,1,34,5,0,0,0
4963,0.646,0,64,0,0,0,0,0,59,0,1,34,5,0,0,0
4964,6.721,0,64,0,0,0,0,0,59,0,1,34,5,0,0,0
4965,25.004,0,64,0,0,0,0,0,59,0,1,34,5,0,0,0
4966,0.866,0,64,0,0,0,0,0,59,0,1,34,5,0,0,0
4967,0.657,0,64,0,0,0,0,0,59,0,1,34,5,0,0,0
4968,6.813,0,64,0,0,0,0,0,59,0,1,34,5,0,0,0
4969,24.947,0,64,0,0,0,0,0,59,0,1,34,5,0,0,0
4970,0.763,0,64,0,0,0,0,0,59,0,1,34,5,0,0,0
4971,0.761,0,64,0,0,0,0,0,59,0,1,34,5,0,0,0
4972,6.748,0,64,0,0,0,0,0,59,0,1,34,5,0,0,0
4973,25.199,0,64,0,0,0,0,0,59,0,1,34,5,0,0,0
4974,0.906,0,64,0,0,0,0,0,59,0,1,34,5,0,0,0
4975,1.897,0,64,0,0,0,0,0,59,0,1,34,5,0,0,0
4976,6.247,0,64,0,0,0,0,0,59,0,1,34,5,0,0,0
4977,24.349,0,64,0,0,0,0,0,59,0,1,34,5,0,0,0
4978,0.931,0,64,0,0,0,0,0,59,0,1,34,5,0,0,0
4979,0.771,0,64,0,0,0,0,0,59,0,1,34,5,0,0,0
4980,6.310,0,64,0,0,0,0,0,59,0,1,34,5,0,0,0
4981,25.271,0,64,0,0,0,0,0,59,0,1,34,5,0,0,0
4982,0.872,0,64,0,0,0,0,0,59,0,1,34,5,0,0,0
4983,0.678,0,64,0,0,0,0,0,59,0,1,34,5,0,0,0
4984,7.105,0,64,0,0,0,0,0,59,0,1,34,5,0,0,0
4985,24.578,0,64,0,0,0,0,0,59,0,1,34,5,0,0,0
4986,0.944,0,64,0,0,0,0,0,59,0,1,34,5,0,0,0
4987,0.676,0,64,0,0,0,0,0,59,0,1,34,5,0,0,0
4988,6.547,0,64,0,0,0,0,0,59,0,1,34,5,0,0,0
4989,25.292,0,64,0,0,0,0,0,59,0,1,34,5,0,0,0
4990,0.801,0,64,0,0,0,0,0,59,0,1,34,5,0,0,0
4991,0.592,0,64,0,0,0,0,0,59,0,1,34,5,0,0,0
4992,7.730,0,64,0,0,0,0,0,59,0,1,34,5,0,0,0
4993,24.110,0,64,0,0,0,0,0,59,0,1,34,5,0,0,0
4994,0.792,0,64,0,0,0,0,0,59,0,1,34,5,0,0,0
4995,0.670,0,64,0,0,0,0,0,59,0,1,34,5,0,0,0
4996,6.998,0,64,0,0,0,0,0,59,0,1,34,5,0,0,0
4997,25.013,0,64,0,0,0,0,0,59,0,1,34,5,0,0,0
4998,0.837,0,64,0,0,0,0,0,59,0,1,34,5,0,0,0
4999,0.760,0,64,0,0,0,0,0,59,0,1,34,5,0,0,0
5000,6.927,0,64,0,0,0,0,0,59,0,1,34,5,0,0,0
5001,24.568,0,64,0,0,0,0,0,59,0,1,34,5,0,0,0
5002,0.833,0,64,0,0,0,0,0,59,0,1,34,5,0,0,0
5003,2.492,0,64,0,0,0,0,0,59,0,1,34,5,0,0,0
5004,4.963,0,64,0,0,0,0,0,59,0,1,34,5,0,0,0
5005,25.343,0,64,0,0,0,0,0,59,0,1,34,5,0,0,0
5006,0.928,0,64,0,0,0,0,0,59,0,1,34,5,0,0,0
5007,0.706,0,64,0,0,0,0,0,59,0,1,34,5,0,0,0
5008,6.491,0,64,0,0,0,0,0,59,0,1,34,5,0,0,0
5009,25.040,0,64,0,0,0,0,0,59,0,1,34,5,0,0,0
5010,0.814,0,64,0,0,0,0,0,59,0,1,34,5,0,0,0
5011,0.664,0,64,0,0,0,0,0,59,0,1,34,5,0,0,0
5012,6.804,0,64,0,0,0,0,0,59,0,1,34,5,0,0,0
5013,25.000,0,64,0,0,0,0,0,59,0,1,34,5,0,0,0
5014,0.828,0,64,0,0,0,0,0,59,0,1,34,5,0,0,0
5015,0.651,0,64,0,0,0,0,0,59,0,1,34,5,0,0,0
5016,6.800,0,64,0,0,0,0,0,59,0,1,34,5,0,0,0
5017,25.080,0,64,0,0,0,0,0,59,0,1,34,5,0,0,0
5018,0.803,0,64,0,0,0,0,0,59,0,1,34,5,0,0,0
5019,0.652,0,64,0,0,0,0,0,59,0,1,34,5,0,0,0
5020,6.815,0,64,0,0,0,0,0,59,0,1,34,5,0,0,0
5021,24.902,0,64,0,0,0,0,0,59,0,1,34,5,0,0,0
5022,0.850,0,64,0,0,0,0,0,59,0,1,34,5,0,0,0
5023,0.648,0,64,0,0,0,0,0,59,0,1,34,5,0,0,0
5024,7.421,0,64,0,0,0,0,0,59,0,1,34,5,0,0,0
5025,24.615,0,64,0,0,0,0,0,59,0,1,34,5,0,0,0
5026,0.815,0,64,0,0,0,0,0,59,0,1,34,5,0,0,0
5027,0.676,0,64,0,0,0,0,0,59,0,1,34,5,0,0,0
5028,6.769,0,64,0,0,0,0,0,59,0,1,34,5,0,0,0
5029,25.021,0,64,0,0,0,0,0,59,0,1,34,5,0,0,0
5030,0.798,0,64,0,0,0,0,0,59,0,1,34,5,0,0,0
5031,2.386,0,64,0,0,0,0,0,59,0,1,34,5,0,0,0
5032,4.873,0,64,0,0,0,0,0,59,0,1,34,5,0,0,0
5033,25.238,0,64,0,0,0,0,0,59,0,1,34,5,0,0,0
5034,0.728,0,64,0,0,0,0,0,59,0,1,34,5,0,0,0
5035,0.672,0,64,0,0,0,0,0,59,0,1,34,5,0,0,0
5036,6.724,0,64,0,0,0,0,0,59,0,1,34,5,0,0,0
5037,25.336,0,64,0,0,0,0,0,59,0,1,34,5,0,0,0
5038,0.879,0,64,0,0,0,0,0,59,0,1,34,5,0,0,0
5039,0.691,0,64,0,0,0,0,0,59,0,1,34,5,0,0,0
5040,7.168,0,64,0,0,0,0,0,59,0,1,34,5,0,0,0
5041,24.398,0,64,0,0,0,0,0,59,0,1,34,5,0,0,0
5042,0.984,0,64,0,0,0,0,0,59,0,1,34,5,0,0,0
5043,0.719,0,64,0,0,0,0,0,59,0,1,34,5,0,0,0
5044,6.655,0,64,0,0,0,0,0,59,0,1,34,5,0,0,0
5045,25.160,0,64,0,0,0,0,0,59,0,1,34,5,0,0,0
5046,0.901,0,64,0,0,0,0,0,59,0,1,34,5,0,0,0
5047,0.779,0,64,0,0,0,0,0,59,0,1,34,5,0,0,0
5048,6.405,0,64,0,0,0,0,0,59,0,1,34,5,0,0,0
5049,25.116,0,64,0,0,0,0,0,59,0,1,34,5,0,0,0
5050,0.785,0,64,0,0,0,0,0,59,0,1,34,5,0,0,0
5051,0.642,0,64,0,0,0,0,0,59,0,1,34,5,0,0,0
5052,6.934,0,64,0,0,0,0,0,59,0,1,34,5,0,0,0
5053,25.087,0,64,0,0,0,0,0,59,0,1,34,5,0,0,0
5054,0.851,0,64,0,0,0,0,0,59,0,1,34,5,0,0,0
5055,1.962,0,64,0,0,0,0,0,59,0,1,34,5,0,0,0
5056,5.343,0,64,0,0,0,0,0,59,0,1,34,5,0,0,0
5057,25.170,0,64,0,0,0,0,0,59,0,1,34,5,0,0,0
5058,0.814,0,64,0,0,0,0,0,59,0,1,34,5,0,0,0
5059,0.694,0,64,0,0,0,0,0,59,0,1,34,5,0,0,0
5060,6.526,0,64,0,0,0,0,0,59,0,1,34,5,0,0,0
5061,25.155,0,64,0,0,0,0,0,59,0,1,34,5,0,0,0
5062,0.819,0,64,0,0,0,0,0,59,0,1,34,5,0,0,0
5063,0.737,0,64,0,0,0,0,0,59,0,1,34,5,0,0,0
5064,7.169,0,64,0,0,0,0,0,59,0,1,34,5,0,0,0
5065,24.706,0,64,0,0,0,0,0,59,0,1,34,5,0,0,0
5066,0.782,0,64,0,0,0,0,0,59,0,1,34,5,0,0,0
5067,0.695,0,64,0,0,0,0,0,59,0,1,34,5,0,0,0
5068,6.678,0,64,0,0,0,0,0,59,0,1,34,5,0,0,0
5069,25.073,0,64,0,0,0,0,0,59,0,1,34,5,0,0,0
5070,0.872,0,64,0,0,0,0,0,59,0,1,34,5,0,0,0
5071,0.632,0,64,0,0,0,0,0,59,0,1,34,5,0,0,0
5072,6.861,0,64,0,0,0,0,0,59,0,1,34,5,0,0,0
5073,24.899,0,64,0,0,0,0,0,59,0,1,34,5,0,0,0
5074,0.826,0,64,0,0,0,0,0,59,0,1,34,5,0,0,0
5075,0.789,0,64,0,0,0,0,0,59,0,1,34,5,0,0,0
5076,6.670,0,64,0,0,0,0,0,59,0,1,34,5,0,0,0
5077,25.158,0,64,0,0,0,0,0,59,0,1,34,5,0,0,0
5078,0.826,0,64,0,0,0,0,0,59,0,1,34,5,0,0,0
5079,0.975,0,64,0,0,0,0,0,59,0,1,34,5,0,0,0
5080,6.897,0,64,0,0,0,0,0,59,0,1,34,5,0,0,0
5081,24.568,0,64,0,0,0,0,0,59,0,1,34,5,0,0,0
5082,0.854,0,64,0,0,0,0,0,59,0,1,34,5,0,0,0
5083,0.641,0,64,0,0,0,0,0,59,0,1,34,5,0,0,0
5084,6.681,0,64,0,0,0,0,0,59,0,1,34,5,0,0,0
5085,25.268,0,64,0,0,0,0,0,59,0,1,34,5,0,0,0
5086,0.811,0,64,0,0,0,0,0,59,0,1,34,5,0,0,0
5087,0.629,0,64,0,0,0,0,0,59,0,1,34,5,0,0,0
5088,6.764,0,64,0,0,0,0,0,59,0,1,34,5,0,0,0
5089,25.120,0,64,0,0,0,0,0,59,0,1,34,5,0,0,0
5090,0.947,0,64,0,0,0,0,0,59,0,1,34,5,0,0,0
5091,0.647,0,64,0,0,0,0,0,59,0,1,34,5,0,0,0
5092,6.514,0,64,0,0,0,0,0,59,0,1,34,5,0,0,0
5093,25.230,0,64,0,0,0,0,0,59,0,1,34,5,0,0,0
5094,0.933,0,64,0,0,0,0,0,59,0,1,34,5,0,0,0
5095,0.677,0,64,0,0,0,0,0,59,0,1,34,5,0,0,0
5096,6.620,0,64,0,0,0,0,0,59,0,1,34,5,0,0,0
5097,25.055,0,64,0,0,0,0,0,59,0,1,34,5,0,0,0
5098,0.907,0,64,0,0,0,0,0,59,0,1,34,5,0,0,0
5099,0.668,0,64,0,0,0,0,0,59,0,1,34,5,0,0,0
5100,6.902,0,64,0,0,0,0,0,59,0,1,34,5,0,0,0
5101,25.156,0,64,0,0,0,0,0,59,0,1,34,5,0,0,0
5102,0.932,0,64,0,0,0,0,0,59,0,1,34,5,0,0,0
5103,1.346,0,64,0,0,0,0,0,59,0,1,34,5,0,0,0
5104,5.568,0,64,0,0,0,0,0,59,0,1,34,5,0,0,0
5105,25.105,0,64,0,0,0,0,0,59,0,1,34,5,0,0,0
5106,0.907,0,64,0,0,0,0,0,59,0,1,34,5,0,0,0
5107,0.665,0,64,0,0,0,0,0,59,0,1,34,5,0,0,0
5108,6.682,0,64,0,0,0,0,0,59,0,1,34,5,0,0,0
5109,25.105,0,64,0,0,0,0,0,59,0,1,34,5,0,0,0
5110,0.877,0,64,0,0,0,0,0,59,0,1,34,5,0,0,0
5111,0.688,0,64,0,0,0,0,0,59,0,1,34,5,0,0,0
5112,7.050,0,64,0,0,0,0,0,59,0,1,34,5,0,0,0
5113,24.697,0,64,0,0,0,0,0,59,0,1,34,5,0,0,0
5114,0.803,0,64,0,0,0,0,0,59,0,1,34,5,0,0,0
5115,0.653,0,64,0,0,0,0,0,59,0,1,34,5,0,0,0
5116,6.997,0,64,0,0,0,0,0,59,0,1,34,5,0,0,0
5117,24.897,0,64,0,0,0,0,0,59,0,1,34,5,0,0,0
5118,0.867,0,64,0,0,0,0,0,59,0,1,34,5,0,0,0
5119,0.719,0,64,0,0,0,0,0,59,0,1,34,5,0,0,0
5120,6.852,0,64,0,0,0,0,0,59,0,1,34,5,0,0,0
5121,24.917,0,64,0,0,0,0,0,59,0,1,34,5,0,0,0
5122,0.898,0,64,0,0,0,0,0,59,0,1,34,5,0,0,0
5123,0.808,0,64,0,0,0,0,0,59,0,1,34,5,0,0,0
5124,6.553,0,64,0,0,0,0,0,59,0,1,34,5,0,0,0
5125,25.200,0,64,0,0,0,0,0,59,0,1,34,5,0,0,0
5126,0.788,0,64,0,0,0,0,0,59,0,1,34,5,0,0,0
5127,0.672,0,64,0,0,0,0,0,59,0,1,34,5,0,0,0
5128,7.425,0,64,0,0,0,0,0,59,0,1,34,5,0,0,0
5129,24.399,0,64,0,0,0,0,0,59,0,1,34,5,0,0,0
5130,0.885,0,64,0,0,0,0,0,59,0,1,34,5,0,0,0
5131,0.628,0,64,0,0,0,0,0,59,0,1,34,5,0,0,0
5132,6.886,0,64,0,0,0,0,0,59,0,1,34,5,0,0,0
5133,24.815,0,64,0,0,0,0,0,59,0,1,34,5,0,0,0
5134,0.910,0,64,0,0,0,0,0,59,0,1,34,5,0,0,0
5135,0.651,0,64,0,0,0,0,0,59,0,1,34,5,0,0,0
5136,7.115,0,64,0,0,0,0,0,59,0,1,34,5,0,0,0
5137,24.948,0,64,0,0,0,0,0,59,0,1,34,5,0,0,0
5138,0.879,0,64,0,0,0,0,0,59,0,1,34,5,0,0,0
5139,0.715,0,64,0,0,0,0,0,59,0,1,34,5,0,0,0
5140,6.218,0,64,0,0,0,0,0,59,0,1,34,5,0,0,0
5141,25.278,0,64,0,0,0,0,0,59,0,1,34,5,0,0,0
5142,0.875,0,64,0,0,0,0,0,59,0,1,34,5,0,0,0
5143,0.626,0,64,0,0,0,0,0,59,0,1,34,5,0,0,0
5144,7.339,0,64,0,0,0,0,0,59,0,1,34,5,0,0,0
5145,24.488,0,64,0,0,0,0,0,59,0,1,34,5,0,0,0
5146,0.905,0,64,0,0,0,0,0,59,0,1,34,5,0,0,0
5147,0.587,0,64,0,0,0,0,0,59,0,1,34,5,0,0,0
5148,6.618,0,64,0,0,0,0,0,59,0,1,34,5,0,0,0
5149,25.243,0,64,0,0,0,0,0,59,0,1,34,5,0,0,0
5150,0.759,0,64,0,0,0,0,0,59,0,1,34,5,0,0,0
5151,0.647,0,64,0,0,0,0,0,59,0,1,34,5,0,0,0
5152,7.310,0,64,0,0,0,0,0,59,0,1,34,5,0,0,0
5153,24.695,0,64,0,0,0,0,0,59,0,1,34,5,0,0,0
5154,0.854,0,64,0,0,0,0,0,59,0,1,34,5,0,0,0
5155,0.778,0,64,0,0,0,0,0,59,0,1,34,5,0,0,0
5156,6.645,0,64,0,0,0,0,0,59,0,1,34,5,0,0,0
5157,25.062,0,64,0,0,0,0,0,59,0,1,34,5,0,0,0
5158,0.963,0,64,0,0,0,0,0,59,0,1,34,5,0,0,0
5159,1.253,0,64,0,0,0,0,0,59,0,1,34,5,0,0,0
5160,5.963,0,64,0,0,0,0,0,59,0,1,34,5,0,0,0
5161,25.103,0,64,0,0,0,0,0,59,0,1,34,5,0,0,0
5162,0.781,0,64,0,0,0,0,0,59,0,1,34,5,0,0,0
5163,0.740,0,64,0,0,0,0,0,59,0,1,34,5,0,0,0
5164,6.576,0,64,0,0,0,0,0,59,0,1,34,5,0,0,0
5165,25.300,0,64,0,0,0,0,0,59,0,1,34,5,0,0,0
5166,0.929,0,64,0,0,0,0,0,59,0,1,34,5,0,0,0
5167,0.640,0,64,0,0,0,0,0,59,0,1,34,5,0,0,0
5168,6.532,0,64,0,0,0,0,0,59,0,1,34,5,0,0,0
5169,25.163,0,64,0,0,0,0,0,59,0,1,34,5,0,0,0
5170,0.968,0,64,0,0,0,0,0,59,0,1,34,5,0,0,0
5171,0.649,0,64,0,0,0,0,0,59,0,1,34,5,0,0,0
5172,6.511,0,64,0,0,0,0,0,59,0,1,34,5,0,0,0
5173,25.103,0,64,0,0,0,0,0,59,0,1,34,5,0,0,0
5174,0.806,0,64,0,0,0,0,0,59,0,1,34,5,0,0,0
5175,0.736,0,64,0,0,0,0,0,59,0,1,34,5,0,0,0
5176,7.885,0,64,0,0,0,0,0,59,0,1,34,5,0,0,0
5177,23.969,0,64,0,0,0,0,0,59,0,1,34,5,0,0,0
5178,0.757,0,64,0,0,0,0,0,59,0,1,34,5,0,0,0
5179,0.740,0,64,0,0,0,0,0,59,0,1,34,5,0,0,0
5180,6.608,0,64,0,0,0,0,0,59,0,1,34,5,0,0,0
5181,25.533,0,64,0,0,0,0,0,59,0,1,34,5,0,0,0
5182,0.776,0,64,0,0,0,0,0,59,0,1,34,5,0,0,0
5183,1.175,0,64,0,0,0,0,0,59,0,1,34,5,0,0,0
5184,5.910,0,64,0,0,0,0,0,59,0,1,34,5,0,0,0
5185,25.068,0,64,0,0,0,0,0,59,0,1,34,5,0,0,0
5186,0.796,0,64,0,0,0,0,0,59,0,1,34,5,0,0,0
5187,0.658,0,64,0,0,0,0,0,59,0,1,34,5,0,0,0
5188,6.957,0,64,0,0,0,0,0,59,0,1,34,5,0,0,0
5189,25.012,0,64,0,0,0,0,0,59,0,1,34,5,0,0,0
5190,0.794,0,64,0,0,0,0,0,59,0,1,34,5,0,0,0
5191,0.774,0,64,0,0,0,0,0,59,0,1,34,5,0,0,0
5192,6.510,0,64,0,0,0,0,0,59,0,1,34,5,0,0,0
5193,25.151,0,64,0,0,0,0,0,59,0,1,34,5,0,0,0
5194,0.898,0,64,0,0,0,0,0,59,0,1,34,5,0,0,0
5195,0.626,0,64,0,0,0,0,0,59,0,1,34,5,0,0,0
5196,7.061,0,64,0,0,0,0,0,59,0,1,34,5,0,0,0
5197,24.694,0,64,0,0,0,0,0,59,0,1,34,5,0,0,0
5198,0.757,0,64,0,0,0,0,0,59,0,1,34,5,0,0,0
5199,0.748,0,64,0,0,0,0,0,59,0,1,34,5,0,0,0
5200,7.653,0,64,0,0,0,0,0,59,0,1,34,5,0,0,0
5201,24.249,0,64,0,0,0,0,0,59,0,1,34,5,0,0,0
5202,0.819,0,64,0,0,0,0,0,59,0,1,34,5,0,0,0
5203,0.770,0,64,0,0,0,0,0,59,0,1,34,5,0,0,0
5204,6.599,0,64,0,0,0,0,0,59,0,1,34,5,0,0,0
5205,25.149,0,64,0,0,0,0,0,59,0,1,34,5,0,0,0
5206,0.826,0,64,0,0,0,0,0,59,0,1,34,5,0,0,0
5207,1.891,0,64,0,0,0,0,0,59,0,1,34,5,0,0,0
5208,5.690,0,64,0,0,0,0,0,59,0,1,34,5,0,0,0
5209,25.004,0,64,0,0,0,0,0,59,0,1,34,5,0,0,0
5210,0.879,0,64,0,0,0,0,0,59,0,1,34,5,0,0,0
5211,0.745,0,64,0,0,0,0,0,59,0,1,34,5,0,0,0
5212,6.597,0,64,0,0,0,0,0,59,0,1,34,5,0,0,0
5213,25.040,0,64,0,0,0,0,0,59,0,1,34,5,0,0,0
5214,0.787,0,64,0,0,0,0,0,59,0,1,34,5,0,0,0
5215,0.682,0,64,0,0,0,0,0,59,0,1,34,5,0,0,0
5216,6.977,0,64,0,0,0,0,0,59,0,1,34,5,0,0,0
5217,24.951,0,64,0,0,0,0,0,59,0,1,34,5,0,0,0
5218,0.825,0,64,0,0,0,0,0,59,0,1,34,5,0,0,0
5219,0.603,0,64,0,0,0,0,0,59,0,1,34,5,0,0,0
5220,6.648,0,64,0,0,0,0,0,59,0,1,34,5,0,0,0
5221,25.224,0,64,0,0,0,0,0,59,0,1,34,5,0,0,0
5222,0.793,0,64,0,0,0,0,0,59,0,1,34,5,0,0,0
5223,0.627,0,64,0,0,0,0,0,59,0,1,34,5,0,0,0
5224,7.274,0,64,0,0,0,0,0,59,0,1,34,5,0,0,0
5225,24.703,0,64,0,0,0,0,0,59,0,1,34,5,0,0,0
5226,0.901,0,64,0,0,0,0,0,59,0,1,34,5,0,0,0
5227,0.686,0,64,0,0,0,0,0,59,0,1,34,5,0,0,0
5228,6.486,0,64,0,0,0,0,0,59,0,1,34,5,0,0,0
5229,25.326,0,64,0,0,0,0,0,59,0,1,34,5,0,0,0
5230,0.767,0,64,0,0,0,0,0,59,0,1,34,5,0,0,0
5231,0.758,0,64,0,0,0,0,0,59,0,1,34,5,0,0,0
5232,7.766,0,64,0,0,0,0,0,59,0,1,34,5,0,0,0
5233,23.975,0,64,0,0,0,0,0,59,0,1,34,5,0,0,0
5234,0.838,0,64,0,0,0,0,0,59,0,1,34,5,0,0,0
5235,1.030,0,64,0,0,0,0,0,59,0,1,34,5,0,0,0
5236,6.123,0,64,0,0,0,0,0,59,0,1,34,5,0,0,0
5237,25.759,0,64,0,0,0,0,0,59,0,1,34,5,0,0,0
5238,0.862,0,64,0,0,0,0,0,59,0,1,34,5,0,0,0
5239,0.760,0,64,0,0,0,0,0,59,0,1,34,5,0,0,0
5240,6.234,0,64,0,0,0,0,0,59,0,1,34,5,0,0,0
5241,25.292,0,64,0,0,0,0,0,59,0,1,34,5,0,0,0
5242,0.946,0,64,0,0,0,0,0,59,0,1,34,5,0,0,0
5243,0.721,0,64,0,0,0,0,0,59,0,1,34,5,0,0,0
5244,6.466,0,64,0,0,0,0,0,59,0,1,34,5,0,0,0
5245,25.026,0,64,0,0,0,0,0,59,0,1,34,5,0,0,0
5246,0.869,0,64,0,0,0,0,0,59,0,1,34,5,0,0,0
5247,0.717,0,64,0,0,0,0,0,59,0,1,34,5,0,0,0
5248,6.793,0,64,0,0,0,0,0,59,0,1,34,5,0,0,0
5249,24.853,0,64,0,0,0,0,0,59,0,1,34,5,0,0,0
5250,0.824,0,64,0,0,0,0,0,59,0,1,34,5,0,0,0
5251,0.665,0,64,0,0,0,0,0,59,0,1,34,5,0,0,0
5252,6.670,0,64,0,0,0,0,0,59,0,1,34,5,0,0,0
5253,25.160,0,64,0,0,0,0,0,59,0,1,34,5,0,0,0
5254,0.968,0,64,0,0,0,0,0,59,0,1,34,5,0,0,0
5255,0.640,0,64,0,0,0,0,0,59,0,1,34,5,0,0,0
5256,7.035,0,64,0,0,0,0,0,59,0,1,34,5,0,0,0
5257,24.636,0,64,0,0,0,0,0,59,0,1,34,5,0,0,0
5258,0.825,0,64,0,0,0,0,0,59,0,1,34,5,0,0,0
5259,0.698,0,64,0,0,0,0,0,59,0,1,34,5,0,0,0
5260,6.763,0,64,0,0,0,0,0,59,0,1,34,5,0,0,0
5261,25.138,0,64,0,0,0,0,0,59,0,1,34,5,0,0,0
5262,0.962,0,64,0,0,0,0,0,59,0,1,34,5,0,0,0
5263,1.238,0,64,0,0,0,0,0,59,0,1,34,5,0,0,0
5264,6.796,0,64,0,0,0,0,0,59,0,1,34,5,0,0,0
5265,24.304,0,64,0,0,0,0,0,59,0,1,34,5,0,0,0
5266,0.825,0,64,0,0,0,0,0,59,0,1,34,5,0,0,0
5267,0.667,0,64,0,0,0,0,0,59,0,1,34,5,0,0,0
5268,6.709,0,64,0,0,0,0,0,59,0,1,34,5,0,0,0
5269,25.019,0,64,0,0,0,0,0,59,0,1,34,5,0,0,0
5270,0.793,0,64,0,0,0,0,0,59,0,1,34,5,0,0,0
5271,0.748,0,64,0,0,0,0,0,59,0,1,34,5,0,0,0
5272,7.723,0,64,0,0,0,0,0,59,0,1,34,5,0,0,0
5273,24.084,0,64,0,0,0,0,0,59,0,1,34,5,0,0,0
5274,0.857,0,64,0,0,0,0,0,59,0,1,34,5,0,0,0
5275,0.669,0,64,0,0,0,0,0,59,0,1,34,5,0,0,0
5276,6.890,0,64,0,0,0,0,0,59,0,1,34,5,0,0,0
5277,24.955,0,64,0,0,0,0,0,59,0,1,34,5,0,0,0
5278,0.987,0,64,0,0,0,0,0,59,0,1,34,5,0,0,0
5279,0.689,0,64,0,0,0,0,0,59,0,1,34,5,0,0,0
5280,6.546,0,64,0,0,0,0,0,59,0,1,34,5,0,0,0
5281,25.313,0,64,0,0,0,0,0,59,0,1,34,5,0,0,0
5282,0.869,0,64,0,0,0,0,0,59,0,1,34,5,0,0,0
5283,0.710,0,64,0,0,0,0,0,59,0,1,34,5,0,0,0
5284,6.358,0,64,0,0,0,0,0,59,0,1,34,5,0,0,0
5285,25.073,0,64,0,0,0,0,0,59,0,1,34,5,0,0,0
5286,0.809,0,64,0,0,0,0,0,59,0,1,34,5,0,0,0
5287,0.698,0,64,0,0,0,0,0,59,0,1,34,5,0,0,0
5288,7.160,0,64,0,0,0,0,0,59,0,1,34,5,0,0,0
5289,24.929,0,64,0,0,0,0,0,59,0,1,34,5,0,0,0
5290,0.863,0,64,0,0,0,0,0,59,0,1,34,5,0,0,0
5291,1.557,0,64,0,0,0,0,0,59,0,1,34,5,0,0,0
5292,5.547,0,64,0,0,0,0,0,59,0,1,34,5,0,0,0
5293,25.217,0,64,0,0,0,0,0,59,0,1,34,5,0,0,0
5294,0.869,0,64,0,0,0,0,0,59,0,1,34,5,0,0,0
5295,0.820,0,64,0,0,0,0,0,59,0,1,34,5,0,0,0
5296,7.475,0,64,0,0,0,0,0,59,0,1,34,5,0,0,0
5297,24.175,0,64,0,0,0,0,0,59,0,1,34,5,0,0,0
5298,0.886,0,64,0,0,0,0,0,59,0,1,34,5,0,0,0
5299,0.802,0,64,0,0,0,0,0,59,0,1,34,5,0,0,0
5300,6.567,0,64,0,0,0,0,0,59,0,1,34,5,0,0,0
5301,25.058,0,64,0,0,0,0,0,59,0,1,34,5,0,0,0
5302,0.893,0,64,0,0,0,0,0,59,0,1,34,5,0,0,0
5303,0.688,0,64,0,0,0,0,0,59,0,1,34,5,0,0,0
5304,7.199,0,64,0,0,0,0,0,59,0,1,34,5,0,0,0
5305,24.555,0,64,0,0,0,0,0,59,0,1,34,5,0,0,0
5306,0.842,0,64,0,0,0,0,0,59,0,1,34,5,0,0,0
5307,0.631,0,64,0,0,0,0,0,59,0,1,34,5,0,0,0
5308,6.780,0,64,0,0,0,0,0,59,0,1,34,5,0,0,0
5309,25.129,0,64,0,0,0,0,0,59,0,1,34,5,0,0,0
5310,0.949,0,64,0,0,0,0,0,59,0,1,34,5,0,0,0
5311,0.731,0,64,0,0,0,0,0,59,0,1,34,5,0,0,0
5312,6.472,0,64,0,0,0,0,0,59,0,1,34,5,0,0,0
5313,25.467,0,64,0,0,0,0,0,59,0,1,34,5,0,0,0
5314,1.083,0,64,0,0,0,0,0,59,0,1,34,5,0,0,0
5315,1.817,0,64,0,0,0,0,0,59,0,1,34,5,0,0,0
5316,4.818,0,64,0,0,0,0,0,59,0,1,34,5,0,0,0
5317,25.242,0,64,0,0,0,0,0,59,0,1,34,5,0,0,0
5318,0.946,0,64,0,0,0,0,0,59,0,1,34,5,0,0,0
5319,1.195,0,64,0,0,0,0,0,59,0,1,34,5,0,0,0
5320,7.005,0,64,0,0,0,0,0,59,0,1,34,5,0,0,0
5321,24.330,0,64,0,0,0,0,0,59,0,1,34,5,0,0,0
5322,1.005,0,64,0,0,0,0,0,59,0,1,34,5,0,0,0
5323,0.703,0,64,0,0,0,0,0,59,0,1,34,5,0,0,0
5324,6.420,0,64,0,0,0,0,0,59,0,1,34,5,0,0,0
5325,25.116,0,64,0,0,0,0,0,59,0,1,34,5,0,0,0
5326,0.874,0,64,0,0,0,0,0,59,0,1,34,5,0,0,0
5327,0.678,0,64,0,0,0,0,0,59,0,1,34,5,0,0,0
5328,6.601,0,64,0,0,0,0,0,59,0,1,34,5,0,0,0
5329,25.126,0,64,0,0,0,0,0,59,0,1,34,5,0,0,0
5330,0.818,0,64,0,0,0,0,0,59,0,1,34,5,0,0,0
5331,0.700,0,64,0,0,0,0,0,59,0,1,34,5,0,0,0
5332,6.679,0,64,0,0,0,0,0,59,0,1,34,5,0,0,0
5333,25.053,0,64,0,0,0,0,0,59,0,1,34,5,0,0,0
5334,0.809,0,64,0,0,0,0,0,59,0,1,34,5,0,0,0
5335,0.611,0,64,0,0,0,0,0,59,0,1,34,5,0,0,0
5336,6.910,0,64,0,0,0,0,0,59,0,1,34,5,0,0,0
5337,25.070,0,64,0,0,0,0,0,59,0,1,34,5,0,0,0
5338,0.901,0,64,0,0,0,0,0,59,0,1,34,5,0,0,0
5339,0.738,0,64,0,0,0,0,0,59,0,1,34,5,0,0,0
5340,6.620,0,64,0,0,0,0,0,59,0,1,34,5,0,0,0
5341,25.273,0,64,0,0,0,0,0,59,0,1,34,5,0,0,0
5342,0.945,0,64,0,0,0,0,0,59,0,1,34,5,0,0,0
5343,0.748,0,64,0,0,0,0,0,59,0,1,34,5,0,0,0
5344,7.225,0,64,0,0,0,0,0,59,0,1,34,5,0,0,0
5345,24.491,0,64,0,0,0,0,0,59,0,1,34,5,0,0,0
5346,0.814,0,64,0,0,0,0,0,59,0,1,34,5,0,0,0
5347,0.685,0,64,0,0,0,0,0,59,0,1,34,5,0,0,0
5348,6.361,0,64,0,0,0,0,0,59,0,1,34,5,0,0,0
5349,25.273,0,64,0,0,0,0,0,59,0,1,34,5,0,0,0
5350,0.753,0,64,0,0,0,0,0,59,0,1,34,5,0,0,0
5351,0.685,0,64,0,0,0,0,0,59,0,1,34,5,0,0,0
5352,7.832,0,64,0,0,0,0,0,59,0,1,34,5,0,0,0
5353,23.956,0,64,0,0,0,0,0,59,0,1,34,5,0,0,0
5354,0.912,0,64,0,0,0,0,0,59,0,1,34,5,0,0,0
5355,0.698,0,64,0,0,0,0,0,59,0,1,34,5,0,0,0
5356,6.682,0,64,0,0,0,0,0,59,0,1,34,5,0,0,0
5357,25.256,0,64,0,0,0,0,0,59,0,1,34,5,0,0,0
5358,0.800,0,64,0,0,0,0,0,59,0,1,34,5,0,0,0
5359,0.658,0,64,0,0,0,0,0,59,0,1,34,5,0,0,0
5360,7.118,0,64,0,0,0,0,0,59,0,1,34,5,0,0,0
5361,24.533,0,64,0,0,0,0,0,59,0,1,34,5,0,0,0
5362,0.764,0,64,0,0,0,0,0,59,0,1,34,5,0,0,0
5363,0.627,0,64,0,0,0,0,0,59,0,1,34,5,0,0,0
5364,7.027,0,64,0,0,0,0,0,59,0,1,34,5,0,0,0
5365,24.997,0,64,0,0,0,0,0,59,0,1,34,5,0,0,0
5366,0.833,0,64,0,0,0,0,0,59,0,1,34,5,0,0,0
5367,0.648,0,64,0,0,0,0,0,59,0,1,34,5,0,0,0
5368,7.904,0,64,0,0,0,0,0,59,0,1,34,5,0,0,0
5369,23.925,0,64,0,0,0,0,0,59,0,1,34,5,0,0,0
5370,0.875,0,64,0,0,0,0,0,59,0,1,34,5,0,0,0
5371,1.460,0,64,0,0,0,0,0,59,0,1,34,5,0,0,0
5372,5.880,0,64,0,0,0,0,0,59,0,1,34,5,0,0,0
5373,25.224,0,64,0,0,0,0,0,59,0,1,34,5,0,0,0
5374,1.090,0,64,0,0,0,0,0,59,0,1,34,5,0,0,0
5375,1.089,0,64,0,0,0,0,0,59,0,1,34,5,0,0,0
5376,5.933,0,64,0,0,0,0,0,59,0,1,34,5,0,0,0
5377,25.214,0,64,0,0,0,0,0,59,0,1,34,5,0,0,0
5378,0.998,0,64,0,0,0,0,0,59,0,1,34,5,0,0,0
5379,0.763,0,64,0,0,0,0,0,59,0,1,34,5,0,0,0
5380,6.377,0,64,0,0,0,0,0,59,0,1,34,5,0,0,0
5381,25.248,0,64,0,0,0,0,0,59,0,1,34,5,0,0,0
5382,0.897,0,64,0,0,0,0,0,59,0,1,34,5,0,0,0
5383,0.652,0,64,0,0,0,0,0,59,0,1,34,5,0,0,0
5384,6.620,0,64,0,0,0,0,0,59,0,1,34,5,0,0,0
5385,25.111,0,64,0,0,0,0,0,59,0,1,34,5,0,0,0
5386,0.884,0,64,0,0,0,0,0,59,0,1,34,5,0,0,0
5387,0.640,0,64,0,0,0,0,0,59,0,1,34,5,0,0,0
5388,6.569,0,64,0,0,0,0,0,59,0,1,34,5,0,0,0
5389,25.163,0,64,0,0,0,0,0,59,0,1,34,5,0,0,0
5390,0.827,0,64,0,0,0,0,0,59,0,1,34,5,0,0,0
5391,0.785,0,64,0,0,0,0,0,59,0,1,34,5,0,0,0
5392,7.072,0,64,0,0,0,0,0,59,0,1,34,5,0,0,0
5393,24.611,0,64,0,0,0,0,0,59,0,1,34,5,0,0,0
5394,0.854,0,64,0,0,0,0,0,59,0,1,34,5,0,0,0
5395,0.668,0,64,0,0,0,0,0,59,0,1,34,5,0,0,0
5396,6.785,0,64,0,0,0,0,0,59,0,1,34,5,0,0,0
5397,25.078,0,64,0,0,0,0,0,59,0,1,34,5,0,0,0
5398,0.844,0,64,0,0,0,0,0,59,0,1,34,5,0,0,0
5399,0.711,0,64,0,0,0,0,0,59,0,1,34,5,0,0,0
5400,6.722,0,64,0,0,0,0,0,59,0,1,34,5,0,0,0
5401,25.204,0,64,0,0,0,0,0,59,0,1,34,5,0,0,0
5402,0.960,0,64,0,0,0,0,0,59,0,1,34,5,0,0,0
5403,0.913,0,64,0,0,0,0,0,59,0,1,34,5,0,0,0
5404,6.118,0,64,0,0,0,0,0,59,0,1,34,5,0,0,0
5405,25.092,0,64,0,0,0,0,0,59,0,1,34,5,0,0,0
5406,0.830,0,64,0,0,0,0,0,59,0,1,34,5,0,0,0
5407,0.651,0,64,0,0,0,0,0,59,0,1,34,5,0,0,0
5408,7.109,0,64,0,0,0,0,0,59,0,1,34,5,0,0,0
5409,24.897,0,64,0,0,0,0,0,59,0,1,34,5,0,0,0
5410,1.029,0,64,0,0,0,0,0,59,0,1,34,5,0,0,0
5411,0.757,0,64,0,0,0,0,0,59,0,1,34,5,0,0,0
5412,6.198,0,64,0,0,0,0,0,59,0,1,34,5,0,0,0
5413,25.341,0,64,0,0,0,0,0,59,0,1,34,5,0,0,0
5414,0.938,0,64,0,0,0,0,0,59,0,1,34,5,0,0,0
5415,0.794,0,64,0,0,0,0,0,59,0,1,34,5,0,0,0
5416,6.597,0,64,0,0,0,0,0,59,0,1,34,5,0,0,0
5417,24.917,0,64,0,0,0,0,0,59,0,1,34,5,0,0,0
5418,0.883,0,64,0,0,0,0,0,59,0,1,34,5,0,0,0
5419,0.792,0,64,0,0,0,0,0,59,0,1,34,5,0,0,0
5420,6.570,0,64,0,0,0,0,0,59,0,1,34,5,0,0,0
5421,24.971,0,64,0,0,0,0,0,59,0,1,34,5,0,0,0
5422,0.837,0,64,0,0,0,0,0,59,0,1,34,5,0,0,0
5423,0.637,0,64,0,0,0,0,0,59,0,1,34,5,0,0,0
5424,7.189,0,64,0,0,0,0,0,59,0,1,34,5,0,0,0
5425,24.774,0,64,0,0,0,0,0,59,0,1,34,5,0,0,0
5426,1.031,0,64,0,0,0,0,0,59,0,1,34,5,0,0,0
5427,2.576,0,64,0,0,0,0,0,59,0,1,34,5,0,0,0
5428,4.908,0,64,0,0,0,0,0,59,0,1,34,5,0,0,0
5429,24.729,0,64,0,0,0,0,0,59,0,1,34,5,0,0,0
5430,0.824,0,64,0,0,0,0,0,59,0,1,34,5,0,0,0
5431,0.697,0,64,0,0,0,0,0,59,0,1,34,5,0,0,0
5432,7.875,0,64,0,0,0,0,0,59,0,1,34,5,0,0,0
5433,24.053,0,64,0,0,0,0,0,59,0,1,34,5,0,0,0
5434,0.787,0,64,0,0,0,0,0,59,0,1,34,5,0,0,0
5435,0.643,0,64,0,0,0,0,0,59,0,1,34,5,0,0,0
5436,6.579,0,64,0,0,0,0,0,59,0,1,34,5,0,0,0
5437,25.392,0,64,0,0,0,0,0,59,0,1,34,5,0,0,0
5438,0.843,0,64,0,0,0,0,0,59,0,1,34,5,0,0,0
5439,0.735,0,64,0,0,0,0,0,59,0,1,34,5,0,0,0
5440,6.705,0,64,0,0,0,0,0,59,0,1,34,5,0,0,0
5441,25.044,0,64,0,0,0,0,0,59,0,1,34,5,0,0,0
5442,0.849,0,64,0,0,0,0,0,59,0,1,34,5,0,0,0
5443,0.775,0,64,0,0,0,0,0,59,0,1,34,5,0,0,0
5444,6.544,0,64,0,0,0,0,0,59,0,1,34,5,0,0,0
5445,25.099,0,64,0,0,0,0,0,59,0,1,34,5,0,0,0
5446,0.938,0,64,0,0,0,0,0,59,0,1,34,5,0,0,0
5447,0.603,0,64,0,0,0,0,0,59,0,1,34,5,0,0,0
5448,7.077,0,64,0,0,0,0,0,59,0,1,34,5,0,0,0
5449,24.574,0,64,0,0,0,0,0,59,0,1,34,5,0,0,0
5450,0.840,0,64,0,0,0,0,0,59,0,1,34,5,0,0,0
5451,0.768,0,64,0,0,0,0,0,59,0,1,34,5,0,0,0
5452,6.669,0,64,0,0,0,0,0,59,0,1,34,5,0,0,0
5453,25.212,0,64,0,0,0,0,0,59,0,1,34,5,0,0,0
5454,0.901,0,64,0,0,0,0,0,59,0,1,34,5,0,0,0
5455,1.529,0,64,0,0,0,0,0,59,0,1,34,5,0,0,0
5456,6.611,0,64,0,0,0,0,0,59,0,1,34,5,0,0,0
5457,24.211,0,64,0,0,0,0,0,59,0,1,34,5,0,0,0
5458,0.967,0,64,0,0,0,0,0,59,0,1,34,5,0,0,0
5459,0.585,0,64,0,0,0,0,0,59,0,1,34,5,0,0,0
5460,6.762,0,64,0,0,0,0,0,59,0,1,34,5,0,0,0
5461,25.145,0,64,0,0,0,0,0,59,0,1,34,5,0,0,0
5462,0.846,0,64,0,0,0,0,0,59,0,1,34,5,0,0,0
5463,0.686,0,64,0,0,0,0,0,59,0,1,34,5,0,0,0
5464,6.459,0,64,0,0,0,0,0,59,0,1,34,5,0,0,0
5465,25.157,0,64,0,0,0,0,0,59,0,1,34,5,0,0,0
5466,0.954,0,64,0,0,0,0,0,59,0,1,34,5,0,0,0
5467,0.690,0,64,0,0,0,0,0,59,0,1,34,5,0,0,0
5468,6.775,0,64,0,0,0,0,0,59,0,1,34,5,0,0,0
5469,25.373,0,64,0,0,0,0,0,59,0,1,34,5,0,0,0
5470,0.856,0,64,0,0,0,0,0,59,0,1,34,5,0,0,0
5471,0.713,0,64,0,0,0,0,0,59,0,1,34,5,0,0,0
5472,6.250,0,64,0,0,0,0,0,59,0,1,34,5,0,0,0
5473,25.135,0,64,0,0,0,0,0,59,0,1,34,5,0,0,0
5474,0.898,0,64,0,0,0,0,0,59,0,1,34,5,0,0,0
5475,0.599,0,64,0,0,0,0,0,59,0,1,34,5,0,0,0
5476,6.628,0,64,0,0,0,0,0,59,0,1,34,5,0,0,0
5477,25.231,0,64,0,0,0,0,0,59,0,1,34,5,0,0,0
5478,0.803,0,64,0,0,0,0,0,59,0,1,34,5,0,0,0
5479,1.523,0,64,0,0,0,0,0,59,0,1,34,5,0,0,0
5480,7.160,0,64,0,0,0,0,0,59,0,1,34,5,0,0,0
5481,23.793,0,64,0,0,0,0,0,59,0,1,34,5,0,0,0
5482,0.894,0,64,0,0,0,0,0,59,0,1,34,5,0,0,0
5483,0.661,0,64,0,0,0,0,0,59,0,1,34,5,0,0,0
5484,6.588,0,64,0,0,0,0,0,59,0,1,34,5,0,0,0
5485,25.222,0,64,0,0,0,0,0,59,0,1,34,5,0,0,0
5486,0.753,0,64,0,0,0,0,0,59,0,1,34,5,0,0,0
5487,0.895,0,64,0,0,0,0,0,59,0,1,34,5,0,0,0
5488,6.574,0,64,0,0,0,0,0,59,0,1,34,5,0,0,0
5489,25.128,0,64,0,0,0,0,0,59,0,1,34,5,0,0,0
5490,0.819,0,64,0,0,0,0,0,59,0,1,34,5,0,0,0
5491,0.731,0,64,0,0,0,0,0,59,0,1,34,5,0,0,0
5492,6.625,0,64,0,0,0,0,0,59,0,1,34,5,0,0,0
5493,25.512,0,64,0,0,0,0,0,59,0,1,34,5,0,0,0
5494,0.895,0,64,0,0,0,0,0,59,0,1,34,5,0,0,0
5495,0.674,0,64,0,0,0,0,0,59,0,1,34,5,0,0,0
5496,6.779,0,64,0,0,0,0,0,59,0,1,34,5,0,0,0
5497,24.549,0,64,0,0,0,0,0,59,0,1,34,5,0,0,0
5498,0.894,0,64,0,0,0,0,0,59,0,1,34,5,0,0,0
5499,0.778,0,64,0,0,0,0,0,59,0,1,34,5,0,0,0
5500,6.668,0,64,0,0,0,0,0,59,0,1,34,5,0,0,0
5501,25.283,0,64,0,0,0,0,0,59,0,1,34,5,0,0,0
5502,0.956,0,64,0,0,0,0,0,59,0,1,34,5,0,0,0
5503,0.825,0,64,0,0,0,0,0,59,0,1,34,5,0,0,0
5504,6.188,0,64,0,0,0,0,0,59,0,1,34,5,0,0,0
5505,25.198,0,64,0,0,0,0,0,59,0,1,34,5,0,0,0
5506,0.816,0,64,0,0,0,0,0,59,0,1,34,5,0,0,0
5507,0.649,0,64,0,0,0,0,0,59,0,1,34,5,0,0,0
5508,6.688,0,64,0,0,0,0,0,59,0,1,34,5,0,0,0
5509,25.302,0,64,0,0,0,0,0,59,0,1,34,5,0,0,0
5510,0.895,0,64,0,0,0,0,0,59,0,1,34,5,0,0,0
5511,0.646,0,64,0,0,0,0,0,59,0,1,34,5,0,0,0
5512,6.989,0,64,0,0,0,0,0,59,0,1,34,5,0,0,0
5513,24.766,0,64,0,0,0,0,0,59,0,1,34,5,0,0,0
5514,0.982,0,64,0,0,0,0,0,59,0,1,34,5,0,0,0
5515,0.692,0,64,0,0,0,0,0,59,0,1,34,5,0,0,0
5516,6.462,0,64,0,0,0,0,0,59,0,1,34,5,0,0,0
5517,25.009,0,64,0,0,0,0,0,59,0,1,34,5,0,0,0
5518,0.845,0,64,0,0,0,0,0,59,0,1,34,5,0,0,0
5519,0.633,0,64,0,0,0,0,0,59,0,1,34,5,0,0,0
5520,7.248,0,64,0,0,0,0,0,59,0,1,34,5,0,0,0
5521,24.718,0,64,0,0,0,0,0,59,0,1,34,5,0,0,0
5522,0.907,0,64,0,0,0,0,0,59,0,1,34,5,0,0,0
5523,0.629,0,64,0,0,0,0,0,59,0,1,34,5,0,0,0
5524,6.662,0,64,0,0,0,0,0,59,0,1,34,5,0,0,0
5525,24.898,0,64,0,0,0,0,0,59,0,1,34,5,0,0,0
5526,0.939,0,64,0,0,0,0,0,59,0,1,34,5,0,0,0
5527,0.631,0,64,0,0,0,0,0,59,0,1,34,5,0,0,0
5528,7.554,0,64,0,0,0,0,0,59,0,1,34,5,0,0,0
5529,24.290,0,64,0,0,0,0,0,59,0,1,34,5,0,0,0
5530,0.829,0,64,0,0,0,0,0,59,0,1,34,5,0,0,0
5531,0.641,0,64,0,0,0,0,0,59,0,1,34,5,0,0,0
5532,6.712,0,64,0,0,0,0,0,59,0,1,34,5,0,0,0
5533,25.093,0,64,0,0,0,0,0,59,0,1,34,5,0,0,0
5534,0.854,0,64,0,0,0,0,0,59,0,1,34,5,0,0,0
5535,0.657,0,64,0,0,0,0,0,59,0,1,34,5,0,0,0
5536,6.703,0,64,0,0,0,0,0,59,0,1,34,5,0,0,0
5537,25.167,0,64,0,0,0,0,0,59,0,1,34,5,0,0,0
5538,0.726,0,64,0,0,0,0,0,59,0,1,34,5,0,0,0
5539,0.567,0,64,0,0,0,0,0,59,0,1,34,5,0,0,0
5540,6.870,0,64,0,0,0,0,0,59,0,1,34,5,0,0,0
5541,25.281,0,64,0,0,0,0,0,59,0,1,34,5,0,0,0
5542,0.921,0,64,0,0,0,0,0,59,0,1,34,5,0,0,0
5543,0.821,0,64,0,0,0,0,0,59,0,1,34,5,0,0,0
5544,6.274,0,64,0,0,0,0,0,59,0,1,34,5,0,0,0
5545,25.123,0,64,0,0,0,0,0,59,0,1,34,5,0,0,0
5546,0.833,0,64,0,0,0,0,0,59,0,1,34,5,0,0,0
5547,0.642,0,64,0,0,0,0,0,59,0,1,34,5,0,0,0
5548,6.844,0,64,0,0,0,0,0,59,0,1,34,5,0,0,0
5549,25.257,0,64,0,0,0,0,0,59,0,1,34,5,0,0,0
5550,1.035,0,64,0,0,0,0,0,59,0,1,34,5,0,0,0
5551,0.935,0,64,0,0,0,0,0,59,0,1,34,5,0,0,0
5552,6.911,0,64,0,0,0,0,0,59,0,1,34,5,0,0,0
5553,24.400,0,64,0,0,0,0,0,59,0,1,34,5,0,0,0
5554,1.036,0,64,0,0,0,0,0,59,0,1,34,5,0,0,0
5555,2.288,0,64,0,0,0,0,0,59,0,1,34,5,0,0,0
5556,4.779,0,64,0,0,0,0,0,59,0,1,34,5,0,0,0
5557,25.502,0,64,0,0,0,0,0,59,0,1,34,5,0,0,0
5558,1.196,0,64,0,0,0,0,0,59,0,1,34,5,0,0,0
5559,1.066,0,64,0,0,0,0,0,59,0,1,34,5,0,0,0
5560,6.213,0,64,0,0,0,0,0,59,0,1,34,5,0,0,0
5561,24.476,0,64,0,0,0,0,0,59,0,1,34,5,0,0,0
5562,0.854,0,64,0,0,0,0,0,59,0,1,34,5,0,0,0
5563,0.929,0,64,0,0,0,0,0,59,0,1,34,5,0,0,0
5564,6.366,0,64,0,0,0,0,0,59,0,1,34,5,0,0,0
5565,25.678,0,64,0,0,0,0,0,59,0,1,34,5,0,0,0
5566,0.987,0,64,0,0,0,0,0,59,0,1,34,5,0,0,0
5567,0.813,0,64,0,0,0,0,0,59,0,1,34,5,0,0,0
5568,5.874,0,64,0,0,0,0,0,59,0,1,34,5,0,0,0
5569,25.097,0,64,0,0,0,0,0,59,0,1,34,5,0,0,0
5570,0.815,0,64,0,0,0,0,0,59,0,1,34,5,0,0,0
5571,0.686,0,64,0,0,0,0,0,59,0,1,34,5,0,0,0
5572,6.729,0,64,0,0,0,0,0,59,0,1,34,5,0,0,0
5573,25.528,0,64,0,0,0,0,0,59,0,1,34,5,0,0,0
5574,1.070,0,64,0,0,0,0,0,59,0,1,34,5,0,0,0
5575,0.896,0,64,0,0,0,0,0,59,0,1,34,5,0,0,0
5576,5.888,0,64,0,0,0,0,0,59,0,1,34,5,0,0,0
5577,25.100,0,64,0,0,0,0,0,59,0,1,34,5,0,0,0
5578,0.940,0,64,0,0,0,0,0,59,0,1,34,5,0,0,0
5579,0.698,0,64,0,0,0,0,0,59,0,1,34,5,0,0,0
5580,6.750,0,64,0,0,0,0,0,59,0,1,34,5,0,0,0
5581,25.131,0,64,0,0,0,0,0,59,0,1,34,5,0,0,0
5582,0.997,0,64,0,0,0,0,0,59,0,1,34,5,0,0,0
5583,0.739,0,64,0,0,0,0,0,59,0,1,34,5,0,0,0
5584,6.385,0,64,0,0,0,0,0,59,0,1,34,5,0,0,0
5585,25.446,0,64,0,0,0,0,0,59,0,1,34,5,0,0,0
5586,0.804,0,64,0,0,0,0,0,59,0,1,34,5,0,0,0
5587,0.701,0,64,0,0,0,0,0,59,0,1,34,5,0,0,0
5588,6.167,0,64,0,0,0,0,0,59,0,1,34,5,0,0,0
5589,25.237,0,64,0,0,0,0,0,59,0,1,34,5,0,0,0
5590,0.888,0,64,0,0,0,0,0,59,0,1,34,5,0,0,0
5591,0.632,0,64,0,0,0,0,0,59,0,1,34,5,0,0,0
5592,6.929,0,64,0,0,0,0,0,59,0,1,34,5,0,0,0
5593,25.001,0,64,0,0,0,0,0,59,0,1,34,5,0,0,0
5594,0.737,0,64,0,0,0,0,0,59,0,1,34,5,0,0,0
5595,0.675,0,64,0,0,0,0,0,59,0,1,34,5,0,0,0
5596,6.715,0,64,0,0,0,0,0,59,0,1,34,5,0,0,0
5597,25.248,0,64,0,0,0,0,0,59,0,1,34,5,0,0,0
5598,0.942,0,64,0,0,0,0,0,59,0,1,34,5,0,0,0
5599,0.764,0,64,0,0,0,0,0,59,0,1,34,5,0,0,0
5600,7.241,0,64,0,0,0,0,0,59,0,1,34,5,0,0,0
5601,24.291,0,64,0,0,0,0,0,59,0,1,34,5,0,0,0
5602,0.960,0,64,0,0,0,0,0,59,0,1,34,5,0,0,0
5603,0.753,0,64,0,0,0,0,0,59,0,1,34,5,0,0,0
5604,6.489,0,64,0,0,0,0,0,59,0,1,34,5,0,0,0
5605,25.213,0,64,0,0,0,0,0,59,0,1,34,5,0,0,0
5606,1.041,0,64,0,0,0,0,0,59,0,1,34,5,0,0,0
5607,1.698,0,64,0,0,0,0,0,59,0,1,34,5,0,0,0
5608,5.826,0,64,0,0,0,0,0,59,0,1,34,5,0,0,0
5609,24.675,0,64,0,0,0,0,0,59,0,1,34,5,0,0,0
5610,0.962,0,64,0,0,0,0,0,59,0,1,34,5,0,0,0
5611,0.666,0,64,0,0,0,0,0,59,0,1,34,5,0,0,0
5612,6.428,0,64,0,0,0,0,0,59,0,1,34,5,0,0,0
5613,25.295,0,64,0,0,0,0,0,59,0,1,34,5,0,0,0
5614,0.775,0,64,0,0,0,0,0,59,0,1,34,5,0,0,0
5615,0.628,0,64,0,0,0,0,0,59,0,1,34,5,0,0,0
5616,7.178,0,64,0,0,0,0,0,59,0,1,34,5,0,0,0
5617,24.861,0,64,0,0,0,0,0,59,0,1,34,5,0,0,0
5618,0.920,0,64,0,0,0,0,0,59,0,1,34,5,0,0,0
5619,0.647,0,64,0,0,0,0,0,59,0,1,34,5,0,0,0
5620,6.483,0,64,0,0,0,0,0,59,0,1,34,5,0,0,0
5621,25.178,0,64,0,0,0,0,0,59,0,1,34,5,0,0,0
5622,1.011,0,64,0,0,0,0,0,59,0,1,34,5,0,0,0
5623,0.725,0,64,0,0,0,0,0,59,0,1,34,5,0,0,0
5624,6.545,0,64,0,0,0,0,0,59,0,1,34,5,0,0,0
5625,25.039,0,64,0,0,0,0,0,59,0,1,34,5,0,0,0
5626,0.787,0,64,0,0,0,0,0,59,0,1,34,5,0,0,0
5627,0.694,0,64,0,0,0,0,0,59,0,1,34,5,0,0,0
5628,6.694,0,64,0,0,0,0,0,59,0,1,34,5,0,0,0
5629,25.161,0,64,0,0,0,0,0,59,0,1,34,5,0,0,0
5630,0.825,0,64,0,0,0,0,0,59,0,1,34,5,0,0,0
5631,0.599,0,64,0,0,0,0,0,59,0,1,34,5,0,0,0
5632,7.421,0,64,0,0,0,0,0,59,0,1,34,5,0,0,0
5633,24.327,0,64,0,0,0,0,0,59,0,1,34,5,0,0,0
5634,1.620,0,64,0,0,0,0,0,59,0,1,34,5,0,0,0
5635,1.288,0,64,0,0,0,0,0,59,0,1,34,5,0,0,0
5636,5.637,0,64,0,0,0,0,0,59,0,1,34,5,0,0,0
5637,24.961,0,64,0,0,0,0,0,59,0,1,34,5,0,0,0
5638,0.847,0,64,0,0,0,0,0,59,0,1,34,5,0,0,0
5639,1.389,0,64,0,0,0,0,0,59,0,1,34,5,0,0,0
5640,6.463,0,64,0,0,0,0,0,59,0,1,34,5,0,0,0
5641,24.599,0,64,0,0,0,0,0,59,0,1,34,5,0,0,0
5642,0.804,0,64,0,0,0,0,0,59,0,1,34,5,0,0,0
5643,0.768,0,64,0,0,0,0,0,59,0,1,34,5,0,0,0
5644,6.450,0,64,0,0,0,0,0,59,0,1,34,5,0,0,0
5645,25.269,0,64,0,0,0,0,0,59,0,1,34,5,0,0,0
5646,0.825,0,64,0,0,0,0,0,59,0,1,34,5,0,0,0
5647,0.671,0,64,0,0,0,0,0,59,0,1,34,5,0,0,0
5648,7.560,0,64,0,0,0,0,0,59,0,1,34,5,0,0,0
5649,24.135,0,64,0,0,0,0,0,59,0,1,34,5,0,0,0
5650,0.849,0,64,0,0,0,0,0,59,0,1,34,5,0,0,0
5651,0.690,0,64,0,0,0,0,0,59,0,1,34,5,0,0,0
5652,6.802,0,64,0,0,0,0,0,59,0,1,34,5,0,0,0
5653,25.082,0,64,0,0,0,0,0,59,0,1,34,5,0,0,0
5654,0.877,0,64,0,0,0,0,0,59,0,1,34,5,0,0,0
5655,0.675,0,64,0,0,0,0,0,59,0,1,34,5,0,0,0
5656,6.719,0,64,0,0,0,0,0,59,0,1,34,5,0,0,0
5657,25.004,0,64,0,0,0,0,0,59,0,1,34,5,0,0,0
5658,0.795,0,64,0,0,0,0,0,59,0,1,34,5,0,0,0
5659,0.762,0,64,0,0,0,0,0,59,0,1,34,5,0,0,0
5660,6.792,0,64,0,0,0,0,0,59,0,1,34,5,0,0,0
5661,25.136,0,64,0,0,0,0,0,59,0,1,34,5,0,0,0
5662,0.962,0,64,0,0,0,0,0,59,0,1,34,5,0,0,0
5663,0.955,0,64,0,0,0,0,0,59,0,1,34,5,0,0,0
5664,7.105,0,64,0,0,0,0,0,59,0,1,34,5,0,0,0
5665,24.248,0,64,0,0,0,0,0,59,0,1,34,5,0,0,0
5666,0.736,0,64,0,0,0,0,0,59,0,1,34,5,0,0,0
5667,0.701,0,64,0,0,0,0,0,59,0,1,34,5,0,0,0
5668,6.648,0,64,0,0,0,0,0,59,0,1,34,5,0,0,0
5669,25.171,0,64,0,0,0,0,0,59,0,1,34,5,0,0,0
5670,0.991,0,64,0,0,0,0,0,59,0,1,34,5,0,0,0
5671,0.636,0,64,0,0,0,0,0,59,0,1,34,5,0,0,0
5672,6.670,0,64,0,0,0,0,0,59,0,1,34,5,0,0,0
5673,25.203,0,64,0,0,0,0,0,59,0,1,34,5,0,0,0
5674,0.935,0,64,0,0,0,0,0,59,0,1,34,5,0,0,0
5675,0.713,0,64,0,0,0,0,0,59,0,1,34,5,0,0,0
5676,6.541,0,64,0,0,0,0,0,59,0,1,34,5,0,0,0
5677,25.020,0,64,0,0,0,0,0,59,0,1,34,5,0,0,0
5678,0.858,0,64,0,0,0,0,0,59,0,1,34,5,0,0,0
5679,0.714,0,64,0,0,0,0,0,59,0,1,34,5,0,0,0
5680,6.674,0,64,0,0,0,0,0,59,0,1,34,5,0,0,0
5681,25.034,0,64,0,0,0,0,0,59,0,1,34,5,0,0,0
5682,0.874,0,64,0,0,0,0,0,59,0,1,34,5,0,0,0
5683,0.709,0,64,0,0,0,0,0,59,0,1,34,5,0,0,0
5684,6.771,0,64,0,0,0,0,0,59,0,1,34,5,0,0,0
5685,24.983,0,64,0,0,0,0,0,59,0,1,34,5,0,0,0
5686,0.800,0,64,0,0,0,0,0,59,0,1,34,5,0,0,0
5687,0.793,0,64,0,0,0,0,0,59,0,1,34,5,0,0,0
5688,7.075,0,64,0,0,0,0,0,59,0,1,34,5,0,0,0
5689,24.920,0,64,0,0,0,0,0,59,0,1,34,5,0,0,0
5690,1.144,0,64,0,0,0,0,0,59,0,1,34,5,0,0,0
5691,1.592,0,64,0,0,0,0,0,59,0,1,34,5,0,0,0
5692,5.359,0,64,0,0,0,0,0,59,0,1,34,5,0,0,0
5693,25.018,0,64,0,0,0,0,0,59,0,1,34,5,0,0,0
5694,0.916,0,64,0,0,0,0,0,59,0,1,34,5,0,0,0
5695,0.648,0,64,0,0,0,0,0,59,0,1,34,5,0,0,0
5696,6.858,0,64,0,0,0,0,0,59,0,1,34,5,0,0,0
5697,24.949,0,64,0,0,0,0,0,59,0,1,34,5,0,0,0
5698,0.807,0,64,0,0,0,0,0,59,0,1,34,5,0,0,0
5699,0.770,0,64,0,0,0,0,0,59,0,1,34,5,0,0,0
5700,6.813,0,64,0,0,0,0,0,59,0,1,34,5,0,0,0
5701,25.033,0,64,0,0,0,0,0,59,0,1,34,5,0,0,0
5702,0.880,0,64,0,0,0,0,0,59,0,1,34,5,0,0,0
5703,0.608,0,64,0,0,0,0,0,59,0,1,34,5,0,0,0
5704,7.561,0,64,0,0,0,0,0,59,0,1,34,5,0,0,0
5705,24.251,0,64,0,0,0,0,0,59,0,1,34,5,0,0,0
5706,0.966,0,64,0,0,0,0,0,59,0,1,34,5,0,0,0
5707,0.681,0,64,0,0,0,0,0,59,0,1,34,5,0,0,0
5708,6.678,0,64,0,0,0,0,0,59,0,1,34,5,0,0,0
5709,24.871,0,64,0,0,0,0,0,59,0,1,34,5,0,0,0
5710,0.874,0,64,0,0,0,0,0,59,0,1,34,5,0,0,0
5711,0.767,0,64,0,0,0,0,0,59,0,1,34,5,0,0,0
5712,7.308,0,64,0,0,0,0,0,59,0,1,34,5,0,0,0
5713,24.586,0,64,0,0,0,0,0,59,0,1,34,5,0,0,0
5714,0.930,0,64,0,0,0,0,0,59,0,1,34,5,0,0,0
5715,1.849,0,64,0,0,0,0,0,59,0,1,34,5,0,0,0
5716,5.302,0,64,0,0,0,0,0,59,0,1,34,5,0,0,0
5717,25.011,0,64,0,0,0,0,0,59,0,1,34,5,0,0,0
5718,0.803,0,64,0,0,0,0,0,59,0,1,34,5,0,0,0
5719,0.665,0,64,0,0,0,0,0,59,0,1,34,5,0,0,0
5720,6.950,0,64,0,0,0,0,0,59,0,1,34,5,0,0,0
5721,24.889,0,64,0,0,0,0,0,59,0,1,34,5,0,0,0
5722,0.852,0,64,0,0,0,0,0,59,0,1,34,5,0,0,0
5723,0.674,0,64,0,0,0,0,0,59,0,1,34,5,0,0,0
5724,6.811,0,64,0,0,0,0,0,59,0,1,34,5,0,0,0
5725,25.054,0,64,0,0,0,0,0,59,0,1,34,5,0,0,0
5726,0.887,0,64,0,0,0,0,0,59,0,1,34,5,0,0,0
5727,0.649,0,64,0,0,0,0,0,59,0,1,34,5,0,0,0
5728,7.494,0,64,0,0,0,0,0,59,0,1,34,5,0,0,0
5729,24.410,0,64,0,0,0,0,0,59,0,1,34,5,0,0,0
5730,0.834,0,64,0,0,0,0,0,59,0,1,34,5,0,0,0
5731,0.636,0,64,0,0,0,0,0,59,0,1,34,5,0,0,0
5732,6.947,0,64,0,0,0,0,0,59,0,1,34,5,0,0,0
5733,24.963,0,64,0,0,0,0,0,59,0,1,34,5,0,0,0
5734,0.891,0,64,0,0,0,0,0,59,0,1,34,5,0,0,0
5735,0.699,0,64,0,0,0,0,0,59,0,1,34,5,0,0,0
5736,6.899,0,64,0,0,0,0,0,59,0,1,34,5,0,0,0
5737,24.825,0,64,0,0,0,0,0,59,0,1,34,5,0,0,0
5738,0.901,0,64,0,0,0,0,0,59,0,1,34,5,0,0,0
5739,0.770,0,64,0,0,0,0,0,59,0,1,34,5,0,0,0
5740,6.474,0,64,0,0,0,0,0,59,0,1,34,5,0,0,0
5741,25.240,0,64,0,0,0,0,0,59,0,1,34,5,0,0,0
5742,0.971,0,64,0,0,0,0,0,59,0,1,34,5,0,0,0
5743,1.151,0,64,0,0,0,0,0,59,0,1,34,5,0,0,0
5744,6.019,0,64,0,0,0,0,0,59,0,1,34,5,0,0,0
5745,25.000,0,64,0,0,0,0,0,59,0,1,34,5,0,0,0
5746,0.832,0,64,0,0,0,0,0,59,0,1,34,5,0,0,0
5747,0.623,0,64,0,0,0,0,0,59,0,1,34,5,0,0,0
5748,6.620,0,64,0,0,0,0,0,59,0,1,34,5,0,0,0
5749,25.284,0,64,0,0,0,0,0,59,0,1,34,5,0,0,0
5750,0.758,0,64,0,0,0,0,0,59,0,1,34,5,0,0,0
5751,0.647,0,64,0,0,0,0,0,59,0,1,34,5,0,0,0
5752,7.038,0,64,0,0,0,0,0,59,0,1,34,5,0,0,0
5753,24.883,0,64,0,0,0,0,0,59,0,1,34,5,0,0,0
5754,0.817,0,64,0,0,0,0,0,59,0,1,34,5,0,0,0
5755,0.752,0,64,0,0,0,0,0,59,0,1,34,5,0,0,0
5756,6.817,0,64,0,0,0,0,0,59,0,1,34,5,0,0,0
5757,24.885,0,64,0,0,0,0,0,59,0,1,34,5,0,0,0
5758,0.849,0,64,0,0,0,0,0,59,0,1,34,5,0,0,0
5759,0.619,0,64,0,0,0,0,0,59,0,1,34,5,0,0,0
5760,7.800,0,64,0,0,0,0,0,59,0,1,34,5,0,0,0
5761,24.333,0,64,0,0,0,0,0,59,0,1,34,5,0,0,0
5762,0.760,0,64,0,0,0,0,0,59,0,1,34,5,0,0,0
5763,0.695,0,64,0,0,0,0,0,59,0,1,34,5,0,0,0
5764,6.647,0,64,0,0,0,0,0,59,0,1,34,5,0,0,0
5765,25.168,0,64,0,0,0,0,0,59,0,1,34,5,0,0,0
5766,0.837,0,64,0,0,0,0,0,59,0,1,34,5,0,0,0
5767,1.502,0,64,0,0,0,0,0,59,0,1,34,5,0,0,0
5768,5.715,0,64,0,0,0,0,0,59,0,1,34,5,0,0,0
5769,25.123,0,64,0,0,0,0,0,59,0,1,34,5,0,0,0
5770,0.825,0,64,0,0,0,0,0,59,0,1,34,5,0,0,0
5771,0.722,0,64,0,0,0,0,0,59,0,1,34,5,0,0,0
5772,6.765,0,64,0,0,0,0,0,59,0,1,34,5,0,0,0
5773,25.356,0,64,0,0,0,0,0,59,0,1,34,5,0,0,0
5774,0.786,0,64,0,0,0,0,0,59,0,1,34,5,0,0,0
5775,0.634,0,64,0,0,0,0,0,59,0,1,34,5,0,0,0
5776,6.363,0,64,0,0,0,0,0,59,0,1,34,5,0,0,0
5777,25.321,0,64,0,0,0,0,0,59,0,1,34,5,0,0,0
5778,0.850,0,64,0,0,0,0,0,59,0,1,34,5,0,0,0
5779,0.685,0,64,0,0,0,0,0,59,0,1,34,5,0,0,0
5780,6.783,0,64,0,0,0,0,0,59,0,1,34,5,0,0,0
5781,24.874,0,64,0,0,0,0,0,59,0,1,34,5,0,0,0
5782,0.844,0,64,0,0,0,0,0,59,0,1,34,5,0,0,0
5783,0.632,0,64,0,0,0,0,0,59,0,1,34,5,0,0,0
5784,7.422,0,64,0,0,0,0,0,59,0,1,34,5,0,0,0
5785,24.546,0,64,0,0,0,0,0,59,0,1,34,5,0,0,0
5786,0.872,0,64,0,0,0,0,0,59,0,1,34,5,0,0,0
5787,0.632,0,64,0,0,0,0,0,59,0,1,34,5,0,0,0
5788,6.674,0,64,0,0,0,0,0,59,0,1,34,5,0,0,0
5789,24.962,0,64,0,0,0,0,0,59,0,1,34,5,0,0,0
5790,0.838,0,64,0,0,0,0,0,59,0,1,34,5,0,0,0
5791,1.109,0,64,0,0,0,0,0,59,0,1,34,5,0,0,0
5792,6.534,0,64,0,0,0,0,0,59,0,1,34,5,0,0,0
5793,25.088,0,64,0,0,0,0,0,59,0,1,34,5,0,0,0
5794,0.851,0,64,0,0,0,0,0,59,0,1,34,5,0,0,0
5795,0.855,0,64,0,0,0,0,0,59,0,1,34,5,0,0,0
5796,6.409,0,64,0,0,0,0,0,59,0,1,34,5,0,0,0
5797,25.198,0,64,0,0,0,0,0,59,0,1,34,5,0,0,0
5798,1.033,0,64,0,0,0,0,0,59,0,1,34,5,0,0,0
5799,0.650,0,64,0,0,0,0,0,59,0,1,34,5,0,0,0
5800,6.754,0,64,0,0,0,0,0,59,0,1,34,5,0,0,0
5801,24.928,0,64,0,0,0,0,0,59,0,1,34,5,0,0,0
5802,0.790,0,64,0,0,0,0,0,59,0,1,34,5,0,0,0
5803,0.694,0,64,0,0,0,0,0,59,0,1,34,5,0,0,0
5804,6.693,0,64,0,0,0,0,0,59,0,1,34,5,0,0,0
5805,24.970,0,64,0,0,0,0,0,59,0,1,34,5,0,0,0
5806,0.809,0,64,0,0,0,0,0,59,0,1,34,5,0,0,0
5807,0.720,0,64,0,0,0,0,0,59,0,1,34,5,0,0,0
5808,6.716,0,64,0,0,0,0,0,59,0,1,34,5,0,0,0
5809,25.202,0,64,0,0,0,0,0,59,0,1,34,5,0,0,0
5810,0.848,0,64,0,0,0,0,0,59,0,1,34,5,0,0,0
5811,0.693,0,64,0,0,0,0,0,59,0,1,34,5,0,0,0
5812,6.527,0,64,0,0,0,0,0,59,0,1,34,5,0,0,0
5813,25.269,0,64,0,0,0,0,0,59,0,1,34,5,0,0,0
5814,0.780,0,64,0,0,0,0,0,59,0,1,34,5,0,0,0
5815,0.688,0,64,0,0,0,0,0,59,0,1,34,5,0,0,0
5816,6.876,0,64,0,0,0,0,0,59,0,1,34,5,0,0,0
5817,24.770,0,64,0,0,0,0,0,59,0,1,34,5,0,0,0
5818,0.982,0,64,0,0,0,0,0,59,0,1,34,5,0,0,0
5819,2.033,0,64,0,0,0,0,0,59,0,1,34,5,0,0,0
5820,5.440,0,64,0,0,0,0,0,59,0,1,34,5,0,0,0
5821,25.131,0,64,0,0,0,0,0,59,0,1,34,5,0,0,0
5822,0.891,0,64,0,0,0,0,0,59,0,1,34,5,0,0,0
5823,0.851,0,64,0,0,0,0,0,59,0,1,34,5,0,0,0
5824,6.477,0,64,0,0,0,0,0,59,0,1,34,5,0,0,0
5825,24.998,0,64,0,0,0,0,0,59,0,1,34,5,0,0,0
5826,0.931,0,64,0,0,0,0,0,59,0,1,34,5,0,0,0
5827,0.700,0,64,0,0,0,0,0,59,0,1,34,5,0,0,0
5828,6.577,0,64,0,0,0,0,0,59,0,1,34,5,0,0,0
5829,25.107,0,64,0,0,0,0,0,59,0,1,34,5,0,0,0
5830,0.887,0,64,0,0,0,0,0,59,0,1,34,5,0,0,0
5831,0.620,0,64,0,0,0,0,0,59,0,1,34,5,0,0,0
5832,7.561,0,64,0,0,0,0,0,59,0,1,34,5,0,0,0
5833,24.290,0,64,0,0,0,0,0,59,0,1,34,5,0,0,0
5834,0.790,0,64,0,0,0,0,0,59,0,1,34,5,0,0,0
5835,0.642,0,64,0,0,0,0,0,59,0,1,34,5,0,0,0
5836,6.934,0,64,0,0,0,0,0,59,0,1,34,5,0,0,0
5837,24.859,0,64,0,0,0,0,0,59,0,1,34,5,0,0,0
5838,0.850,0,64,0,0,0,0,0,59,0,1,34,5,0,0,0
5839,0.639,0,64,0,0,0,0,0,59,0,1,34,5,0,0,0
5840,6.828,0,64,0,0,0,0,0,59,0,1,34,5,0,0,0
5841,25.175,0,64,0,0,0,0,0,59,0,1,34,5,0,0,0
5842,1.027,0,64,0,0,0,0,0,59,0,1,34,5,0,0,0
5843,1.182,0,64,0,0,0,0,0,59,0,1,34,5,0,0,0
5844,6.025,0,64,0,0,0,0,0,59,0,1,34,5,0,0,0
5845,25.006,0,64,0,0,0,0,0,59,0,1,34,5,0,0,0
5846,1.036,0,64,0,0,0,0,0,59,0,1,34,5,0,0,0
5847,0.965,0,64,0,0,0,0,0,59,0,1,34,5,0,0,0
5848,6.187,0,64,0,0,0,0,0,59,0,1,34,5,0,0,0
5849,25.312,0,64,0,0,0,0,0,59,0,1,34,5,0,0,0
5850,0.888,0,64,0,0,0,0,0,59,0,1,34,5,0,0,0
5851,0.712,0,64,0,0,0,0,0,59,0,1,34,5,0,0,0
5852,6.424,0,64,0,0,0,0,0,59,0,1,34,5,0,0,0
5853,25.067,0,64,0,0,0,0,0,59,0,1,34,5,0,0,0
5854,0.881,0,64,0,0,0,0,0,59,0,1,34,5,0,0,0
5855,0.640,0,64,0,0,0,0,0,59,0,1,34,5,0,0,0
5856,6.910,0,64,0,0,0,0,0,59,0,1,34,5,0,0,0
5857,25.050,0,64,0,0,0,0,0,59,0,1,34,5,0,0,0
5858,0.966,0,64,0,0,0,0,0,59,0,1,34,5,0,0,0
5859,0.728,0,64,0,0,0,0,0,59,0,1,34,5,0,0,0
5860,6.510,0,64,0,0,0,0,0,59,0,1,34,5,0,0,0
5861,24.957,0,64,0,0,0,0,0,59,0,1,34,5,0,0,0
5862,0.861,0,64,0,0,0,0,0,59,0,1,34,5,0,0,0
5863,0.630,0,64,0,0,0,0,0,59,0,1,34,5,0,0,0
5864,6.849,0,64,0,0,0,0,0,59,0,1,34,5,0,0,0
5865,25.017,0,64,0,0,0,0,0,59,0,1,34,5,0,0,0
5866,0.823,0,64,0,0,0,0,0,59,0,1,34,5,0,0,0
5867,0.702,0,64,0,0,0,0,0,59,0,1,34,5,0,0,0
5868,6.760,0,64,0,0,0,0,0,59,0,1,34,5,0,0,0
5869,25.188,0,64,0,0,0,0,0,59,0,1,34,5,0,0,0
5870,0.899,0,64,0,0,0,0,0,59,0,1,34,5,0,0,0
5871,0.676,0,64,0,0,0,0,0,59,0,1,34,5,0,0,0
5872,6.688,0,64,0,0,0,0,0,59,0,1,34,5,0,0,0
5873,25.007,0,64,0,0,0,0,0,59,0,1,34,5,0,0,0
5874,0.839,0,64,0,0,0,0,0,59,0,1,34,5,0,0,0
5875,0.978,0,64,0,0,0,0,0,59,0,1,34,5,0,0,0
5876,6.293,0,64,0,0,0,0,0,59,0,1,34,5,0,0,0
5877,25.407,0,64,0,0,0,0,0,59,0,1,34,5,0,0,0
5878,0.780,0,64,0,0,0,0,0,59,0,1,34,5,0,0,0
5879,0.747,0,64,0,0,0,0,0,59,0,1,34,5,0,0,0
5880,7.350,0,64,0,0,0,0,0,59,0,1,34,5,0,0,0
5881,24.343,0,64,0,0,0,0,0,59,0,1,34,5,0,0,0
5882,0.831,0,64,0,0,0,0,0,59,0,1,34,5,0,0,0
5883,0.687,0,64,0,0,0,0,0,59,0,1,34,5,0,0,0
5884,6.687,0,64,0,0,0,0,0,59,0,1,34,5,0,0,0
5885,24.941,0,64,0,0,0,0,0,59,0,1,34,5,0,0,0
5886,0.879,0,64,0,0,0,0,0,59,0,1,34,5,0,0,0
5887,0.684,0,64,0,0,0,0,0,59,0,1,34,5,0,0,0
5888,6.858,0,64,0,0,0,0,0,59,0,1,34,5,0,0,0
5889,25.081,0,64,0,0,0,0,0,59,0,1,34,5,0,0,0
5890,0.876,0,64,0,0,0,0,0,59,0,1,34,5,0,0,0
5891,0.744,0,64,0,0,0,0,0,59,0,1,34,5,0,0,0
5892,6.392,0,64,0,0,0,0,0,59,0,1,34,5,0,0,0
5893,25.268,0,64,0,0,0,0,0,59,0,1,34,5,0,0,0
5894,0.782,0,64,0,0,0,0,0,59,0,1,34,5,0,0,0
5895,0.800,0,64,0,0,0,0,0,59,0,1,34,5,0,0,0
5896,7.610,0,64,0,0,0,0,0,59,0,1,34,5,0,0,0
5897,24.113,0,64,0,0,0,0,0,59,0,1,34,5,0,0,0
5898,0.833,0,64,0,0,0,0,0,59,0,1,34,5,0,0,0
5899,0.665,0,64,0,0,0,0,0,59,0,1,34,5,0,0,0
5900,6.563,0,64,0,0,0,0,0,59,0,1,34,5,0,0,0
5901,25.243,0,64,0,0,0,0,0,59,0,1,34,5,0,0,0
5902,0.780,0,64,0,0,0,0,0,59,0,1,34,5,0,0,0
5903,0.718,0,64,0,0,0,0,0,59,0,1,34,5,0,0,0
5904,7.638,0,64,0,0,0,0,0,59,0,1,34,5,0,0,0
5905,24.349,0,64,0,0,0,0,0,59,0,1,34,5,0,0,0
5906,0.818,0,64,0,0,0,0,0,59,0,1,34,5,0,0,0
5907,0.660,0,64,0,0,0,0,0,59,0,1,34,5,0,0,0
5908,6.569,0,64,0,0,0,0,0,59,0,1,34,5,0,0,0
5909,25.245,0,64,0,0,0,0,0,59,0,1,34,5,0,0,0
5910,0.872,0,64,0,0,0,0,0,59,0,1,34,5,0,0,0
5911,0.731,0,64,0,0,0,0,0,59,0,1,34,5,0,0,0
5912,6.535,0,64,0,0,0,0,0,59,0,1,34,5,0,0,0
5913,25.068,0,64,0,0,0,0,0,59,0,1,34,5,0,0,0
5914,0.952,0,64,0,0,0,0,0,59,0,1,34,5,0,0,0
5915,0.720,0,64,0,0,0,0,0,59,0,1,34,5,0,0,0
5916,6.733,0,64,0,0,0,0,0,59,0,1,34,5,0,0,0
5917,25.114,0,64,0,0,0,0,0,59,0,1,34,5,0,0,0
5918,0.824,0,64,0,0,0,0,0,59,0,1,34,5,0,0,0
5919,0.672,0,64,0,0,0,0,0,59,0,1,34,5,0,0,0
5920,7.444,0,64,0,0,0,0,0,59,0,1,34,5,0,0,0
5921,24.499,0,64,0,0,0,0,0,59,0,1,34,5,0,0,0
5922,0.794,0,64,0,0,0,0,0,59,0,1,34,5,0,0,0
5923,2.160,0,64,0,0,0,0,0,59,0,1,34,5,0,0,0
5924,4.857,0,64,0,0,0,0,0,59,0,1,34,5,0,0,0
5925,25.342,0,64,0,0,0,0,0,59,0,1,34,5,0,0,0
5926,0.953,0,64,0,0,0,0,0,59,0,1,34,5,0,0,0
5927,0.838,0,64,0,0,0,0,0,59,0,1,34,5,0,0,0
5928,6.634,0,64,0,0,0,0,0,59,0,1,34,5,0,0,0
5929,24.773,0,64,0,0,0,0,0,59,0,1,34,5,0,0,0
5930,0.808,0,64,0,0,0,0,0,59,0,1,34,5,0,0,0
5931,0.632,0,64,0,0,0,0,0,59,0,1,34,5,0,0,0
5932,6.783,0,64,0,0,0,0,0,59,0,1,34,5,0,0,0
5933,25.281,0,64,0,0,0,0,0,59,0,1,34,5,0,0,0
5934,0.794,0,64,0,0,0,0,0,59,0,1,34,5,0,0,0
5935,0.692,0,64,0,0,0,0,0,59,0,1,34,5,0,0,0
5936,6.750,0,64,0,0,0,0,0,59,0,1,34,5,0,0,0
5937,25.103,0,64,0,0,0,0,0,59,0,1,34,5,0,0,0
5938,0.927,0,64,0,0,0,0,0,59,0,1,34,5,0,0,0
5939,0.652,0,64,0,0,0,0,0,59,0,1,34,5,0,0,0
5940,6.552,0,64,0,0,0,0,0,59,0,1,34,5,0,0,0
5941,25.191,0,64,0,0,0,0,0,59,0,1,34,5,0,0,0
5942,0.821,0,64,0,0,0,0,0,59,0,1,34,5,0,0,0
5943,0.652,0,64,0,0,0,0,0,59,0,1,34,5,0,0,0
5944,6.721,0,64,0,0,0,0,0,59,0,1,34,5,0,0,0
5945,25.200,0,64,0,0,0,0,0,59,0,1,34,5,0,0,0
5946,0.809,0,64,0,0,0,0,0,59,0,1,34,5,0,0,0
5947,0.768,0,64,0,0,0,0,0,59,0,1,34,5,0,0,0
5948,6.652,0,64,0,0,0,0,0,59,0,1,34,5,0,0,0
5949,25.128,0,64,0,0,0,0,0,59,0,1,34,5,0,0,0
5950,0.894,0,64,0,0,0,0,0,59,0,1,34,5,0,0,0
5951,1.923,0,64,0,0,0,0,0,59,0,1,34,5,0,0,0
5952,5.147,0,64,0,0,0,0,0,59,0,1,34,5,0,0,0
5953,25.231,0,64,0,0,0,0,0,59,0,1,34,5,0,0,0
5954,0.832,0,64,0,0,0,0,0,59,0,1,34,5,0,0,0
5955,0.653,0,64,0,0,0,0,0,59,0,1,34,5,0,0,0
5956,6.692,0,64,0,0,0,0,0,59,0,1,34,5,0,0,0
5957,25.059,0,64,0,0,0,0,0,59,0,1,34,5,0,0,0
5958,0.841,0,64,0,0,0,0,0,59,0,1,34,5,0,0,0
5959,0.633,0,64,0,0,0,0,0,59,0,1,34,5,0,0,0
5960,6.705,0,64,0,0,0,0,0,59,0,1,34,5,0,0,0
5961,25.223,0,64,0,0,0,0,0,59,0,1,34,5,0,0,0
5962,0.848,0,64,0,0,0,0,0,59,0,1,34,5,0,0,0
5963,0.618,0,64,0,0,0,0,0,59,0,1,34,5,0,0,0
5964,6.803,0,64,0,0,0,0,0,59,0,1,34,5,0,0,0
5965,25.001,0,64,0,0,0,0,0,59,0,1,34,5,0,0,0
5966,0.793,0,64,0,0,0,0,0,59,0,1,34,5,0,0,0
5967,0.679,0,64,0,0,0,0,0,59,0,1,34,5,0,0,0
5968,7.260,0,64,0,0,0,0,0,59,0,1,34,5,0,0,0
5969,24.564,0,64,0,0,0,0,0,59,0,1,34,5,0,0,0
5970,0.787,0,64,0,0,0,0,0,59,0,1,34,5,0,0,0
5971,0.660,0,64,0,0,0,0,0,59,0,1,34,5,0,0,0
5972,6.848,0,64,0,0,0,0,0,59,0,1,34,5,0,0,0
5973,25.171,0,64,0,0,0,0,0,59,0,1,34,5,0,0,0
5974,0.951,0,64,0,0,0,0,0,59,0,1,34,5,0,0,0
5975,0.971,0,64,0,0,0,0,0,59,0,1,34,5,0,0,0
5976,7.409,0,64,0,0,0,0,0,59,0,1,34,5,0,0,0
5977,23.884,0,64,0,0,0,0,0,59,0,1,34,5,0,0,0
5978,0.748,0,64,0,0,0,0,0,59,0,1,34,5,0,0,0
5979,1.201,0,64,0,0,0,0,0,59,0,1,34,5,0,0,0
5980,6.227,0,64,0,0,0,0,0,59,0,1,34,5,0,0,0
5981,25.203,0,64,0,0,0,0,0,59,0,1,34,5,0,0,0
5982,0.791,0,64,0,0,0,0,0,59,0,1,34,5,0,0,0
5983,0.765,0,64,0,0,0,0,0,59,0,1,34,5,0,0,0
5984,7.388,0,64,0,0,0,0,0,59,0,1,34,5,0,0,0
5985,24.508,0,64,0,0,0,0,0,59,0,1,34,5,0,0,0
5986,0.837,0,64,0,0,0,0,0,59,0,1,34,5,0,0,0
5987,0.679,0,64,0,0,0,0,0,59,0,1,34,5,0,0,0
5988,6.705,0,64,0,0,0,0,0,59,0,1,34,5,0,0,0
5989,24.999,0,64,0,0,0,0,0,59,0,1,34,5,0,0,0
5990,0.842,0,64,0,0,0,0,0,59,0,1,34,5,0,0,0
5991,0.733,0,64,0,0,0,0,0,59,0,1,34,5,0,0,0
5992,7.108,0,64,0,0,0,0,0,59,0,1,34,5,0,0,0
5993,24.771,0,64,0,0,0,0,0,59,0,1,34,5,0,0,0
5994,0.846,0,64,0,0,0,0,0,59,0,1,34,5,0,0,0
5995,0.665,0,64,0,0,0,0,0,59,0,1,34,5,0,0,0
5996,6.509,0,64,0,0,0,0,0,59,0,1,34,5,0,0,0
5997,25.174,0,64,0,0,0,0,0,59,0,1,34,5,0,0,0
5998,0.887,0,64,0,0,0,0,0,59,0,1,34,5,0,0,0
5999,0.614,0,64,0,0,0,0,0,59,0,1,34,5,0,0,0
6000,7.335,0,64,0,0,0,0,0,59,0,1,34,5,0,0,0
6001,24.663,0,64,0,0,0,0,0,59,0,1,34,5,0,0,0
6002,0.836,0,64,0,0,0,0,0,59,0,1,34,5,0,0,0
6003,0.667,0,64,0,0,0,0,0,59,0,1,34,5,0,0,0
6004,6.391,0,64,0,0,0,0,0,59,0,1,34,5,0,0,0
6005,25.178,0,64,0,0,0,0,0,59,0,1,34,5,0,0,0
6006,0.822,0,64,0,0,0,0,0,59,0,1,34,5,0,0,0
6007,0.636,0,64,0,0,0,0,0,59,0,1,34,5,0,0,0
6008,7.202,0,64,0,0,0,0,0,59,0,1,34,5,0,0,0
6009,24.655,0,64,0,0,0,0,0,59,0,1,34,5,0,0,0
6010,0.800,0,64,0,0,0,0,0,59,0,1,34,5,0,0,0
6011,0.695,0,64,0,0,0,0,0,59,0,1,34,5,0,0,0
6012,6.848,0,64,0,0,0,0,0,59,0,1,34,5,0,0,0
6013,25.093,0,64,0,0,0,0,0,59,0,1,34,5,0,0,0
6014,0.761,0,64,0,0,0,0,0,59,0,1,34,5,0,0,0
6015,0.653,0,64,0,0,0,0,0,59,0,1,34,5,0,0,0
6016,6.722,0,64,0,0,0,0,0,59,0,1,34,5,0,0,0
6017,25.363,0,64,0,0,0,0,0,59,0,1,34,5,0,0,0
6018,0.809,0,64,0,0,0,0,0,59,0,1,34,5,0,0,0
6019,0.652,0,64,0,0,0,0,0,59,0,1,34,5,0,0,0
6020,7.092,0,64,0,0,0,0,0,59,0,1,34,5,0,0,0
6021,24.603,0,64,0,0,0,0,0,59,0,1,34,5,0,0,0
6022,0.845,0,64,0,0,0,0,0,59,0,1,34,5,0,0,0
6023,0.666,0,64,0,0,0,0,0,59,0,1,34,5,0,0,0
6024,6.748,0,64,0,0,0,0,0,59,0,1,34,5,0,0,0
6025,25.113,0,64,0,0,0,0,0,59,0,1,34,5,0,0,0
6026,0.823,0,64,0,0,0,0,0,59,0,1,34,5,0,0,0
6027,0.677,0,64,0,0,0,0,0,59,0,1,34,5,0,0,0
6028,6.747,0,64,0,0,0,0,0,59,0,1,34,5,0,0,0
6029,25.130,0,64,0,0,0,0,0,59,0,1,34,5,0,0,0
6030,0.984,0,64,0,0,0,0,0,59,0,1,34,5,0,0,0
6031,1.044,0,64,0,0,0,0,0,59,0,1,34,5,0,0,0
6032,6.152,0,64,0,0,0,0,0,59,0,1,34,5,0,0,0
6033,24.990,0,64,0,0,0,0,0,59,0,1,34,5,0,0,0
6034,0.873,0,64,0,0,0,0,0,59,0,1,34,5,0,0,0
6035,0.606,0,64,0,0,0,0,0,59,0,1,34,5,0,0,0
6036,6.668,0,64,0,0,0,0,0,59,0,1,34,5,0,0,0
6037,25.270,0,64,0,0,0,0,0,59,0,1,34,5,0,0,0
6038,0.926,0,64,0,0,0,0,0,59,0,1,34,5,0,0,0
6039,0.634,0,64,0,0,0,0,0,59,0,1,34,5,0,0,0
6040,6.862,0,64,0,0,0,0,0,59,0,1,34,5,0,0,0
6041,24.899,0,64,0,0,0,0,0,59,0,1,34,5,0,0,0
6042,0.754,0,64,0,0,0,0,0,59,0,1,34,5,0,0,0
6043,0.680,0,64,0,0,0,0,0,59,0,1,34,5,0,0,0
6044,6.749,0,64,0,0,0,0,0,59,0,1,34,5,0,0,0
6045,25.069,0,64,0,0,0,0,0,59,0,1,34,5,0,0,0
6046,0.781,0,64,0,0,0,0,0,59,0,1,34,5,0,0,0
6047,0.651,0,64,0,0,0,0,0,59,0,1,34,5,0,0,0
6048,6.997,0,64,0,0,0,0,0,59,0,1,34,5,0,0,0
6049,24.824,0,64,0,0,0,0,0,59,0,1,34,5,0,0,0
6050,0.851,0,64,0,0,0,0,0,59,0,1,34,5,0,0,0
6051,0.721,0,64,0,0,0,0,0,59,0,1,34,5,0,0,0
6052,6.772,0,64,0,0,0,0,0,59,0,1,34,5,0,0,0
6053,25.067,0,64,0,0,0,0,0,59,0,1,34,5,0,0,0
6054,0.780,0,64,0,0,0,0,0,59,0,1,34,5,0,0,0
6055,0.850,0,64,0,0,0,0,0,59,0,1,34,5,0,0,0
6056,7.444,0,64,0,0,0,0,0,59,0,1,34,5,0,0,0
6057,24.394,0,64,0,0,0,0,0,59,0,1,34,5,0,0,0
6058,0.842,0,64,0,0,0,0,0,59,0,1,34,5,0,0,0
6059,0.759,0,64,0,0,0,0,0,59,0,1,34,5,0,0,0
6060,6.504,0,64,0,0,0,0,0,59,0,1,34,5,0,0,0
6061,25.095,0,64,0,0,0,0,0,59,0,1,34,5,0,0,0
6062,0.825,0,64,0,0,0,0,0,59,0,1,34,5,0,0,0
6063,0.739,0,64,0,0,0,0,0,59,0,1,34,5,0,0,0
6064,7.293,0,64,0,0,0,0,0,59,0,1,34,5,0,0,0
6065,24.591,0,64,0,0,0,0,0,59,0,1,34,5,0,0,0
6066,0.889,0,64,0,0,0,0,0,59,0,1,34,5,0,0,0
6067,0.649,0,64,0,0,0,0,0,59,0,1,34,5,0,0,0
6068,6.634,0,64,0,0,0,0,0,59,0,1,34,5,0,0,0
6069,24.993,0,64,0,0,0,0,0,59,0,1,34,5,0,0,0
6070,0.839,0,64,0,0,0,0,0,59,0,1,34,5,0,0,0
6071,0.656,0,64,0,0,0,0,0,59,0,1,34,5,0,0,0
6072,8.161,0,64,0,0,0,0,0,59,0,1,34,5,0,0,0
6073,23.777,0,64,0,0,0,0,0,59,0,1,34,5,0,0,0
6074,0.892,0,64,0,0,0,0,0,59,0,1,34,5,0,0,0
6075,0.706,0,64,0,0,0,0,0,59,0,1,34,5,0,0,0
6076,6.635,0,64,0,0,0,0,0,59,0,1,34,5,0,0,0
6077,25.015,0,64,0,0,0,0,0,59,0,1,34,5,0,0,0
6078,0.814,0,64,0,0,0,0,0,59,0,1,34,5,0,0,0
6079,0.624,0,64,0,0,0,0,0,59,0,1,34,5,0,0,0
6080,7.792,0,64,0,0,0,0,0,59,0,1,34,5,0,0,0
6081,24.277,0,64,0,0,0,0,0,59,0,1,34,5,0,0,0
6082,1.073,0,64,0,0,0,0,0,59,0,1,34,5,0,0,0
6083,0.839,0,64,0,0,0,0,0,59,0,1,34,5,0,0,0
6084,6.175,0,64,0,0,0,0,0,59,0,1,34,5,0,0,0
6085,25.391,0,64,0,0,0,0,0,59,0,1,34,5,0,0,0
6086,0.799,0,64,0,0,0,0,0,59,0,1,34,5,0,0,0
6087,1.298,0,64,0,0,0,0,0,59,0,1,34,5,0,0,0
6088,5.813,0,64,0,0,0,0,0,59,0,1,34,5,0,0,0
6089,25.370,0,64,0,0,0,0,0,59,0,1,34,5,0,0,0
6090,0.805,0,64,0,0,0,0,0,59,0,1,34,5,0,0,0
6091,0.637,0,64,0,0,0,0,0,59,0,1,34,5,0,0,0
6092,6.474,0,64,0,0,0,0,0,59,0,1,34,5,0,0,0
6093,25.256,0,64,0,0,0,0,0,59,0,1,34,5,0,0,0
6094,0.866,0,64,0,0,0,0,0,59,0,1,34,5,0,0,0
6095,0.680,0,64,0,0,0,0,0,59,0,1,34,5,0,0,0
6096,7.841,0,64,0,0,0,0,0,59,0,1,34,5,0,0,0
6097,23.912,0,64,0,0,0,0,0,59,0,1,34,5,0,0,0
6098,0.847,0,64,0,0,0,0,0,59,0,1,34,5,0,0,0
6099,0.683,0,64,0,0,0,0,0,59,0,1,34,5,0,0,0
6100,6.764,0,64,0,0,0,0,0,59,0,1,34,5,0,0,0
6101,25.129,0,64,0,0,0,0,0,59,0,1,34,5,0,0,0
6102,0.758,0,64,0,0,0,0,0,59,0,1,34,5,0,0,0
6103,0.722,0,64,0,0,0,0,0,59,0,1,34,5,0,0,0
6104,7.093,0,64,0,0,0,0,0,59,0,1,34,5,0,0,0
6105,24.564,0,64,0,0,0,0,0,59,0,1,34,5,0,0,0
6106,0.834,0,64,0,0,0,0,0,59,0,1,34,5,0,0,0
6107,0.716,0,64,0,0,0,0,0,59,0,1,34,5,0,0,0
6108,6.743,0,64,0,0,0,0,0,59,0,1,34,5,0,0,0
6109,25.126,0,64,0,0,0,0,0,59,0,1,34,5,0,0,0
6110,1.038,0,64,0,0,0,0,0,59,0,1,34,5,0,0,0
6111,0.696,0,64,0,0,0,0,0,59,0,1,34,5,0,0,0
6112,6.589,0,64,0,0,0,0,0,59,0,1,34,5,0,0,0
6113,25.010,0,64,0,0,0,0,0,59,0,1,34,5,0,0,0
6114,0.938,0,64,0,0,0,0,0,59,0,1,34,5,0,0,0
6115,0.637,0,64,0,0,0,0,0,59,0,1,34,5,0,0,0
6116,6.614,0,64,0,0,0,0,0,59,0,1,34,5,0,0,0
6117,25.158,0,64,0,0,0,0,0,59,0,1,34,5,0,0,0
6118,0.903,0,64,0,0,0,0,0,59,0,1,34,5,0,0,0
6119,0.656,0,64,0,0,0,0,0,59,0,1,34,5,0,0,0
6120,6.734,0,64,0,0,0,0,0,59,0,1,34,5,0,0,0
6121,24.912,0,64,0,0,0,0,0,59,0,1,34,5,0,0,0
6122,0.837,0,64,0,0,0,0,0,59,0,1,34,5,0,0,0
6123,0.675,0,64,0,0,0,0,0,59,0,1,34,5,0,0,0
6124,6.732,0,64,0,0,0,0,0,59,0,1,34,5,0,0,0
6125,25.199,0,64,0,0,0,0,0,59,0,1,34,5,0,0,0
6126,0.849,0,64,0,0,0,0,0,59,0,1,34,5,0,0,0
6127,0.630,0,64,0,0,0,0,0,59,0,1,34,5,0,0,0
6128,6.958,0,64,0,0,0,0,0,59,0,1,34,5,0,0,0
6129,24.848,0,64,0,0,0,0,0,59,0,1,34,5,0,0,0
6130,0.855,0,64,0,0,0,0,0,59,0,1,34,5,0,0,0
6131,0.681,0,64,0,0,0,0,0,59,0,1,34,5,0,0,0
6132,6.888,0,64,0,0,0,0,0,59,0,1,34,5,0,0,0
6133,24.919,0,64,0,0,0,0,0,59,0,1,34,5,0,0,0
6134,0.832,0,64,0,0,0,0,0,59,0,1,34,5,0,0,0
6135,0.883,0,64,0,0,0,0,0,59,0,1,34,5,0,0,0
6136,7.044,0,64,0,0,0,0,0,59,0,1,34,5,0,0,0
6137,24.629,0,64,0,0,0,0,0,59,0,1,34,5,0,0,0
6138,0.831,0,64,0,0,0,0,0,59,0,1,34,5,0,0,0
6139,1.604,0,64,0,0,0,0,0,59,0,1,34,5,0,0,0
6140,5.723,0,64,0,0,0,0,0,59,0,1,34,5,0,0,0
6141,25.108,0,64,0,0,0,0,0,59,0,1,34,5,0,0,0
6142,0.818,0,64,0,0,0,0,0,59,0,1,34,5,0,0,0
6143,0.646,0,64,0,0,0,0,0,59,0,1,34,5,0,0,0
6144,6.722,0,64,0,0,0,0,0,59,0,1,34,5,0,0,0
6145,25.207,0,64,0,0,0,0,0,59,0,1,34,5,0,0,0
6146,0.851,0,64,0,0,0,0,0,59,0,1,34,5,0,0,0
6147,0.707,0,64,0,0,0,0,0,59,0,1,34,5,0,0,0
6148,6.725,0,64,0,0,0,0,0,59,0,1,34,5,0,0,0
6149,25.045,0,64,0,0,0,0,0,59,0,1,34,5,0,0,0
6150,0.941,0,64,0,0,0,0,0,59,0,1,34,5,0,0,0
6151,0.646,0,64,0,0,0,0,0,59,0,1,34,5,0,0,0
6152,6.624,0,64,0,0,0,0,0,59,0,1,34,5,0,0,0
6153,25.075,0,64,0,0,0,0,0,59,0,1,34,5,0,0,0
6154,0.806,0,64,0,0,0,0,0,59,0,1,34,5,0,0,0
6155,0.612,0,64,0,0,0,0,0,59,0,1,34,5,0,0,0
6156,6.826,0,64,0,0,0,0,0,59,0,1,34,5,0,0,0
6157,25.123,0,64,0,0,0,0,0,59,0,1,34,5,0,0,0
6158,0.880,0,64,0,0,0,0,0,59,0,1,34,5,0,0,0
6159,0.649,0,64,0,0,0,0,0,59,0,1,34,5,0,0,0
6160,6.761,0,64,0,0,0,0,0,59,0,1,34,5,0,0,0
6161,24.969,0,64,0,0,0,0,0,59,0,1,34,5,0,0,0
6162,0.843,0,64,0,0,0,0,0,59,0,1,34,5,0,0,0
6163,1.690,0,64,0,0,0,0,0,59,0,1,34,5,0,0,0
6164,5.845,0,64,0,0,0,0,0,59,0,1,34,5,0,0,0
6165,24.962,0,64,0,0,0,0,0,59,0,1,34,5,0,0,0
6166,0.874,0,64,0,0,0,0,0,59,0,1,34,5,0,0,0
6167,0.659,0,64,0,0,0,0,0,59,0,1,34,5,0,0,0
6168,7.825,0,64,0,0,0,0,0,59,0,1,34,5,0,0,0
6169,23.967,0,64,0,0,0,0,0,59,0,1,34,5,0,0,0
6170,0.914,0,64,0,0,0,0,0,59,0,1,34,5,0,0,0
6171,0.604,0,64,0,0,0,0,0,59,0,1,34,5,0,0,0
6172,6.627,0,64,0,0,0,0,0,59,0,1,34,5,0,0,0
6173,25.383,0,64,0,0,0,0,0,59,0,1,34,5,0,0,0
6174,0.879,0,64,0,0,0,0,0,59,0,1,34,5,0,0,0
6175,0.672,0,64,0,0,0,0,0,59,0,1,34,5,0,0,0
6176,6.653,0,64,0,0,0,0,0,59,0,1,34,5,0,0,0
6177,25.060,0,64,0,0,0,0,0,59,0,1,34,5,0,0,0
6178,0.768,0,64,0,0,0,0,0,59,0,1,34,5,0,0,0
6179,0.623,0,64,0,0,0,0,0,59,0,1,34,5,0,0,0
6180,6.638,0,64,0,0,0,0,0,59,0,1,34,5,0,0,0
6181,25.233,0,64,0,0,0,0,0,59,0,1,34,5,0,0,0
6182,0.984,0,64,0,0,0,0,0,59,0,1,34,5,0,0,0
6183,0.778,0,64,0,0,0,0,0,59,0,1,34,5,0,0,0
6184,7.569,0,64,0,0,0,0,0,59,0,1,34,5,0,0,0
6185,24.040,0,64,0,0,0,0,0,59,0,1,34,5,0,0,0
6186,1.072,0,64,0,0,0,0,0,59,0,1,34,5,0,0,0
6187,1.194,0,64,0,0,0,0,0,59,0,1,34,5,0,0,0
6188,5.790,0,64,0,0,0,0,0,59,0,1,34,5,0,0,0
6189,25.592,0,64,0,0,0,0,0,59,0,1,34,5,0,0,0
6190,0.815,0,64,0,0,0,0,0,59,0,1,34,5,0,0,0
6191,0.770,0,64,0,0,0,0,0,59,0,1,34,5,0,0,0
6192,7.334,0,64,0,0,0,0,0,59,0,1,34,5,0,0,0
6193,23.920,0,64,0,0,0,0,0,59,0,1,34,5,0,0,0
6194,1.047,0,64,0,0,0,0,0,59,0,1,34,5,0,0,0
6195,0.612,0,64,0,0,0,0,0,59,0,1,34,5,0,0,0
6196,6.617,0,64,0,0,0,0,0,59,0,1,34,5,0,0,0
6197,25.203,0,64,0,0,0,0,0,59,0,1,34,5,0,0,0
6198,0.829,0,64,0,0,0,0,0,59,0,1,34,5,0,0,0
6199,0.591,0,64,0,0,0,0,0,59,0,1,34,5,0,0,0
6200,7.674,0,64,0,0,0,0,0,59,0,1,34,5,0,0,0
6201,24.326,0,64,0,0,0,0,0,59,0,1,34,5,0,0,0
6202,0.806,0,64,0,0,0,0,0,59,0,1,34,5,0,0,0
6203,0.683,0,64,0,0,0,0,0,59,0,1,34,5,0,0,0
6204,6.598,0,64,0,0,0,0,0,59,0,1,34,5,0,0,0
6205,24.990,0,64,0,0,0,0,0,59,0,1,34,5,0,0,0
6206,0.962,0,64,0,0,0,0,0,59,0,1,34,5,0,0,0
6207,0.808,0,64,0,0,0,0,0,59,0,1,34,5,0,0,0
6208,6.663,0,64,0,0,0,0,0,59,0,1,34,5,0,0,0
6209,25.234,0,64,0,0,0,0,0,59,0,1,34,5,0,0,0
6210,0.890,0,64,0,0,0,0,0,59,0,1,34,5,0,0,0
6211,0.857,0,64,0,0,0,0,0,59,0,1,34,5,0,0,0
6212,6.202,0,64,0,0,0,0,0,59,0,1,34,5,0,0,0
6213,25.264,0,64,0,0,0,0,0,59,0,1,34,5,0,0,0
6214,0.785,0,64,0,0,0,0,0,59,0,1,34,5,0,0,0
6215,1.732,0,64,0,0,0,0,0,59,0,1,34,5,0,0,0
6216,5.763,0,64,0,0,0,0,0,59,0,1,34,5,0,0,0
6217,24.995,0,64,0,0,0,0,0,59,0,1,34,5,0,0,0
6218,0.996,0,64,0,0,0,0,0,59,0,1,34,5,0,0,0
6219,0.654,0,64,0,0,0,0,0,59,0,1,34,5,0,0,0
6220,6.540,0,64,0,0,0,0,0,59,0,1,34,5,0,0,0
6221,24.999,0,64,0,0,0,0,0,59,0,1,34,5,0,0,0
6222,0.790,0,64,0,0,0,0,0,59,0,1,34,5,0,0,0
6223,0.684,0,64,0,0,0,0,0,59,0,1,34,5,0,0,0
6224,6.905,0,64,0,0,0,0,0,59,0,1,34,5,0,0,0
6225,25.043,0,64,0,0,0,0,0,59,0,1,34,5,0,0,0
6226,0.844,0,64,0,0,0,0,0,59,0,1,34,5,0,0,0
6227,0.591,0,64,0,0,0,0,0,59,0,1,34,5,0,0,0
6228,6.862,0,64,0,0,0,0,0,59,0,1,34,5,0,0,0
6229,25.103,0,64,0,0,0,0,0,59,0,1,34,5,0,0,0
6230,0.891,0,64,0,0,0,0,0,59,0,1,34,5,0,0,0
6231,0.586,0,64,0,0,0,0,0,59,0,1,34,5,0,0,0
6232,6.636,0,64,0,0,0,0,0,59,0,1,34,5,0,0,0
6233,25.221,0,64,0,0,0,0,0,59,0,1,34,5,0,0,0
6234,0.868,0,64,0,0,0,0,0,59,0,1,34,5,0,0,0
6235,0.657,0,64,0,0,0,0,0,59,0,1,34,5,0,0,0
6236,6.569,0,64,0,0,0,0,0,59,0,1,34,5,0,0,0
6237,25.023,0,64,0,0,0,0,0,59,0,1,34,5,0,0,0
6238,0.894,0,64,0,0,0,0,0,59,0,1,34,5,0,0,0
6239,0.749,0,64,0,0,0,0,0,59,0,1,34,5,0,0,0
6240,7.704,0,64,0,0,0,0,0,59,0,1,34,5,0,0,0
6241,24.392,0,64,0,0,0,0,0,59,0,1,34,5,0,0,0
6242,0.861,0,64,0,0,0,0,0,59,0,1,34,5,0,0,0
6243,0.674,0,64,0,0,0,0,0,59,0,1,34,5,0,0,0
6244,6.259,0,64,0,0,0,0,0,59,0,1,34,5,0,0,0
6245,25.178,0,64,0,0,0,0,0,59,0,1,34,5,0,0,0
6246,0.847,0,64,0,0,0,0,0,59,0,1,34,5,0,0,0
6247,0.655,0,64,0,0,0,0,0,59,0,1,34,5,0,0,0
6248,7.707,0,64,0,0,0,0,0,59,0,1,34,5,0,0,0
6249,24.328,0,64,0,0,0,0,0,59,0,1,34,5,0,0,0
6250,0.810,0,64,0,0,0,0,0,59,0,1,34,5,0,0,0
6251,0.821,0,64,0,0,0,0,0,59,0,1,34,5,0,0,0
6252,6.344,0,64,0,0,0,0,0,59,0,1,34,5,0,0,0
6253,25.139,0,64,0,0,0,0,0,59,0,1,34,5,0,0,0
6254,0.944,0,64,0,0,0,0,0,59,0,1,34,5,0,0,0
6255,0.861,0,64,0,0,0,0,0,59,0,1,34,5,0,0,0
6256,6.541,0,64,0,0,0,0,0,59,0,1,34,5,0,0,0
6257,25.003,0,64,0,0,0,0,0,59,0,1,34,5,0,0,0
6258,0.814,0,64,0,0,0,0,0,59,0,1,34,5,0,0,0
6259,0.714,0,64,0,0,0,0,0,59,0,1,34,5,0,0,0
6260,6.893,0,64,0,0,0,0,0,59,0,1,34,5,0,0,0
6261,25.081,0,64,0,0,0,0,0,59,0,1,34,5,0,0,0
6262,0.941,0,64,0,0,0,0,0,59,0,1,34,5,0,0,0
6263,0.750,0,64,0,0,0,0,0,59,0,1,34,5,0,0,0
6264,6.480,0,64,0,0,0,0,0,59,0,1,34,5,0,0,0
6265,25.215,0,64,0,0,0,0,0,59,0,1,34,5,0,0,0
6266,0.932,0,64,0,0,0,0,0,59,0,1,34,5,0,0,0
6267,0.848,0,64,0,0,0,0,0,59,0,1,34,5,0,0,0
6268,6.592,0,64,0,0,0,0,0,59,0,1,34,5,0,0,0
6269,25.071,0,64,0,0,0,0,0,59,0,1,34,5,0,0,0
6270,0.905,0,64,0,0,0,0,0,59,0,1,34,5,0,0,0
6271,1.275,0,64,0,0,0,0,0,59,0,1,34,5,0,0,0
6272,6.887,0,64,0,0,0,0,0,59,0,1,34,5,0,0,0
6273,24.080,0,64,0,0,0,0,0,59,0,1,34,5,0,0,0
6274,0.824,0,64,0,0,0,0,0,59,0,1,34,5,0,0,0
6275,0.670,0,64,0,0,0,0,0,59,0,1,34,5,0,0,0
6276,6.786,0,64,0,0,0,0,0,59,0,1,34,5,0,0,0
6277,25.014,0,64,0,0,0,0,0,59,0,1,34,5,0,0,0
6278,1.044,0,64,0,0,0,0,0,59,0,1,34,5,0,0,0
6279,0.694,0,64,0,0,0,0,0,59,0,1,34,5,0,0,0
6280,6.841,0,64,0,0,0,0,0,59,0,1,34,5,0,0,0
6281,24.855,0,64,0,0,0,0,0,59,0,1,34,5,0,0,0
6282,0.811,0,64,0,0,0,0,0,59,0,1,34,5,0,0,0
6283,0.725,0,64,0,0,0,0,0,59,0,1,34,5,0,0,0
6284,6.598,0,64,0,0,0,0,0,59,0,1,34,5,0,0,0
6285,24.993,0,64,0,0,0,0,0,59,0,1,34,5,0,0,0
6286,0.825,0,64,0,0,0,0,0,59,0,1,34,5,0,0,0
6287,0.652,0,64,0,0,0,0,0,59,0,1,34,5,0,0,0
6288,7.375,0,64,0,0,0,0,0,59,0,1,34,5,0,0,0
6289,24.569,0,64,0,0,0,0,0,59,0,1,34,5,0,0,0
6290,0.915,0,64,0,0,0,0,0,59,0,1,34,5,0,0,0
6291,0.632,0,64,0,0,0,0,0,59,0,1,34,5,0,0,0
6292,6.691,0,64,0,0,0,0,0,59,0,1,34,5,0,0,0
6293,25.090,0,64,0,0,0,0,0,59,0,1,34,5,0,0,0
6294,1.090,0,64,0,0,0,0,0,59,0,1,34,5,0,0,0
6295,0.704,0,64,0,0,0,0,0,59,0,1,34,5,0,0,0
6296,6.462,0,64,0,0,0,0,0,59,0,1,34,5,0,0,0
6297,25.129,0,64,0,0,0,0,0,59,0,1,34,5,0,0,0
6298,0.898,0,64,0,0,0,0,0,59,0,1,34,5,0,0,0
6299,0.718,0,64,0,0,0,0,0,59,0,1,34,5,0,0,0
6300,6.568,0,64,0,0,0,0,0,59,0,1,34,5,0,0,0
6301,25.092,0,64,0,0,0,0,0,59,0,1,34,5,0,0,0
6302,0.886,0,64,0,0,0,0,0,59,0,1,34,5,0,0,0
6303,0.706,0,64,0,0,0,0,0,59,0,1,34,5,0,0,0
6304,7.186,0,64,0,0,0,0,0,59,0,1,34,5,0,0,0
6305,24.657,0,64,0,0,0,0,0,59,0,1,34,5,0,0,0
6306,0.931,0,64,0,0,0,0,0,59,0,1,34,5,0,0,0
6307,0.715,0,64,0,0,0,0,0,59,0,1,34,5,0,0,0
6308,6.525,0,64,0,0,0,0,0,59,0,1,34,5,0,0,0
6309,25.124,0,64,0,0,0,0,0,59,0,1,34,5,0,0,0
6310,0.927,0,64,0,0,0,0,0,59,0,1,34,5,0,0,0
6311,0.701,0,64,0,0,0,0,0,59,0,1,34,5,0,0,0
6312,7.920,0,64,0,0,0,0,0,59,0,1,34,5,0,0,0
6313,23.849,0,64,0,0,0,0,0,59,0,1,34,5,0,0,0
6314,0.794,0,64,0,0,0,0,0,59,0,1,34,5,0,0,0
6315,0.695,0,64,0,0,0,0,0,59,0,1,34,5,0,0,0
6316,6.685,0,64,0,0,0,0,0,59,0,1,34,5,0,0,0
6317,25.034,0,64,0,0,0,0,0,59,0,1,34,5,0,0,0
6318,1.107,0,64,0,0,0,0,0,59,0,1,34,5,0,0,0
6319,0.719,0,64,0,0,0,0,0,59,0,1,34,5,0,0,0
6320,6.987,0,64,0,0,0,0,0,59,0,1,34,5,0,0,0
6321,24.609,0,64,0,0,0,0,0,59,0,1,34,5,0,0,0
6322,0.862,0,64,0,0,0,0,0,59,0,1,34,5,0,0,0
6323,0.828,0,64,0,0,0,0,0,59,0,1,34,5,0,0,0
6324,6.649,0,64,0,0,0,0,0,59,0,1,34,5,0,0,0
6325,24.938,0,64,0,0,0,0,0,59,0,1,34,5,0,0,0
6326,0.976,0,64,0,0,0,0,0,59,0,1,34,5,0,0,0
6327,1.699,0,64,0,0,0,0,0,59,0,1,34,5,0,0,0
6328,5.602,0,64,0,0,0,0,0,59,0,1,34,5,0,0,0
6329,25.201,0,64,0,0,0,0,0,59,0,1,34,5,0,0,0
6330,0.982,0,64,0,0,0,0,0,59,0,1,34,5,0,0,0
6331,0.681,0,64,0,0,0,0,0,59,0,1,34,5,0,0,0
6332,6.614,0,64,0,0,0,0,0,59,0,1,34,5,0,0,0
6333,24.885,0,64,0,0,0,0,0,59,0,1,34,5,0,0,0
6334,0.875,0,64,0,0,0,0,0,59,0,1,34,5,0,0,0
6335,0.755,0,64,0,0,0,0,0,59,0,1,34,5,0,0,0
6336,6.635,0,64,0,0,0,0,0,59,0,1,34,5,0,0,0
6337,25.295,0,64,0,0,0,0,0,59,0,1,34,5,0,0,0
6338,0.786,0,64,0,0,0,0,0,59,0,1,34,5,0,0,0
6339,0.702,0,64,0,0,0,0,0,59,0,1,34,5,0,0,0
6340,6.813,0,64,0,0,0,0,0,59,0,1,34,5,0,0,0
6341,24.884,0,64,0,0,0,0,0,59,0,1,34,5,0,0,0
6342,0.929,0,64,0,0,0,0,0,59,0,1,34,5,0,0,0
6343,0.815,0,64,0,0,0,0,0,59,0,1,34,5,0,0,0
6344,6.852,0,64,0,0,0,0,0,59,0,1,34,5,0,0,0
6345,24.621,0,64,0,0,0,0,0,59,0,1,34,5,0,0,0
6346,0.854,0,64,0,0,0,0,0,59,0,1,34,5,0,0,0
6347,0.845,0,64,0,0,0,0,0,59,0,1,34,5,0,0,0
6348,6.599,0,64,0,0,0,0,0,59,0,1,34,5,0,0,0
6349,25.045,0,64,0,0,0,0,0,59,0,1,34,5,0,0,0
6350,0.908,0,64,0,0,0,0,0,59,0,1,34,5,0,0,0
6351,0.757,0,64,0,0,0,0,0,59,0,1,34,5,0,0,0
6352,6.894,0,64,0,0,0,0,0,59,0,1,34,5,0,0,0
6353,24.912,0,64,0,0,0,0,0,59,0,1,34,5,0,0,0
6354,0.927,0,64,0,0,0,0,0,59,0,1,34,5,0,0,0
6355,1.616,0,64,0,0,0,0,0,59,0,1,34,5,0,0,0
6356,5.550,0,64,0,0,0,0,0,59,0,1,34,5,0,0,0
6357,25.366,0,64,0,0,0,0,0,59,0,1,34,5,0,0,0
6358,0.941,0,64,0,0,0,0,0,59,0,1,34,5,0,0,0
6359,0.885,0,64,0,0,0,0,0,59,0,1,34,5,0,0,0
6360,6.321,0,64,0,0,0,0,0,59,0,1,34,5,0,0,0
6361,24.877,0,64,0,0,0,0,0,59,0,1,34,5,0,0,0
6362,1.014,0,64,0,0,0,0,0,59,0,1,34,5,0,0,0
6363,0.778,0,64,0,0,0,0,0,59,0,1,34,5,0,0,0
6364,6.578,0,64,0,0,0,0,0,59,0,1,34,5,0,0,0
6365,25.084,0,64,0,0,0,0,0,59,0,1,34,5,0,0,0
6366,0.854,0,64,0,0,0,0,0,59,0,1,34,5,0,0,0
6367,0.758,0,64,0,0,0,0,0,59,0,1,34,5,0,0,0
6368,6.656,0,64,0,0,0,0,0,59,0,1,34,5,0,0,0
6369,25.115,0,64,0,0,0,0,0,59,0,1,34,5,0,0,0
6370,0.833,0,64,0,0,0,0,0,59,0,1,34,5,0,0,0
6371,0.700,0,64,0,0,0,0,0,59,0,1,34,5,0,0,0
6372,6.566,0,64,0,0,0,0,0,59,0,1,34,5,0,0,0
6373,25.198,0,64,0,0,0,0,0,59,0,1,34,5,0,0,0
6374,0.829,0,64,0,0,0,0,0,59,0,1,34,5,0,0,0
6375,0.686,0,64,0,0,0,0,0,59,0,1,34,5,0,0,0
6376,7.115,0,64,0,0,0,0,0,59,0,1,34,5,0,0,0
6377,24.622,0,64,0,0,0,0,0,59,0,1,34,5,0,0,0
6378,1.003,0,64,0,0,0,0,0,59,0,1,34,5,0,0,0
6379,0.783,0,64,0,0,0,0,0,59,0,1,34,5,0,0,0
6380,6.644,0,64,0,0,0,0,0,59,0,1,34,5,0,0,0
6381,24.978,0,64,0,0,0,0,0,59,0,1,34,5,0,0,0
6382,0.848,0,64,0,0,0,0,0,59,0,1,34,5,0,0,0
6383,1.756,0,64,0,0,0,0,0,59,0,1,34,5,0,0,0
6384,5.574,0,64,0,0,0,0,0,59,0,1,34,5,0,0,0
6385,25.112,0,64,0,0,0,0,0,59,0,1,34,5,0,0,0
6386,0.937,0,64,0,0,0,0,0,59,0,1,34,5,0,0,0
6387,0.725,0,64,0,0,0,0,0,59,0,1,34,5,0,0,0
6388,6.628,0,64,0,0,0,0,0,59,0,1,34,5,0,0,0
6389,25.200,0,64,0,0,0,0,0,59,0,1,34,5,0,0,0
6390,0.823,0,64,0,0,0,0,0,59,0,1,34,5,0,0,0
6391,0.809,0,64,0,0,0,0,0,59,0,1,34,5,0,0,0
6392,7.881,0,64,0,0,0,0,0,59,0,1,34,5,0,0,0
6393,24.039,0,64,0,0,0,0,0,59,0,1,34,5,0,0,0
6394,1.047,0,64,0,0,0,0,0,59,0,1,34,5,0,0,0
6395,0.720,0,64,0,0,0,0,0,59,0,1,34,5,0,0,0
6396,6.230,0,64,0,0,0,0,0,59,0,1,34,5,0,0,0
6397,25.117,0,64,0,0,0,0,0,59,0,1,34,5,0,0,0
6398,0.887,0,64,0,0,0,0,0,59,0,1,34,5,0,0,0
6399,0.696,0,64,0,0,0,0,0,59,0,1,34,5,0,0,0
6400,6.520,0,64,0,0,0,0,0,59,0,1,34,5,0,0,0
6401,25.228,0,64,0,0,0,0,0,59,0,1,34,5,0,0,0
6402,1.035,0,64,0,0,0,0,0,59,0,1,34,5,0,0,0
6403,0.765,0,64,0,0,0,0,0,59,0,1,34,5,0,0,0
6404,6.302,0,64,0,0,0,0,0,59,0,1,34,5,0,0,0
6405,25.086,0,64,0,0,0,0,0,59,0,1,34,5,0,0,0
6406,0.894,0,64,0,0,0,0,0,59,0,1,34,5,0,0,0
6407,1.777,0,64,0,0,0,0,0,59,0,1,34,5,0,0,0
6408,5.514,0,64,0,0,0,0,0,59,0,1,34,5,0,0,0
6409,25.107,0,64,0,0,0,0,0,59,0,1,34,5,0,0,0
6410,0.878,0,64,0,0,0,0,0,59,0,1,34,5,0,0,0
6411,0.672,0,64,0,0,0,0,0,59,0,1,34,5,0,0,0
6412,6.729,0,64,0,0,0,0,0,59,0,1,34,5,0,0,0
6413,25.087,0,64,0,0,0,0,0,59,0,1,34,5,0,0,0
6414,0.887,0,64,0,0,0,0,0,59,0,1,34,5,0,0,0
6415,0.684,0,64,0,0,0,0,0,59,0,1,34,5,0,0,0
6416,7.025,0,64,0,0,0,0,0,59,0,1,34,5,0,0,0
6417,24.643,0,64,0,0,0,0,0,59,0,1,34,5,0,0,0
6418,0.872,0,64,0,0,0,0,0,59,0,1,34,5,0,0,0
6419,0.659,0,64,0,0,0,0,0,59,0,1,34,5,0,0,0
6420,6.766,0,64,0,0,0,0,0,59,0,1,34,5,0,0,0
6421,25.044,0,64,0,0,0,0,0,59,0,1,34,5,0,0,0
6422,1.020,0,64,0,0,0,0,0,59,0,1,34,5,0,0,0
6423,0.806,0,64,0,0,0,0,0,59,0,1,34,5,0,0,0
6424,7.656,0,64,0,0,0,0,0,59,0,1,34,5,0,0,0
6425,23.924,0,64,0,0,0,0,0,59,0,1,34,5,0,0,0
6426,0.996,0,64,0,0,0,0,0,59,0,1,34,5,0,0,0
6427,0.752,0,64,0,0,0,0,0,59,0,1,34,5,0,0,0
6428,6.552,0,64,0,0,0,0,0,59,0,1,34,5,0,0,0
6429,24.987,0,64,0,0,0,0,0,59,0,1,34,5,0,0,0
6430,0.967,0,64,0,0,0,0,0,59,0,1,34,5,0,0,0
6431,0.744,0,64,0,0,0,0,0,59,0,1,34,5,0,0,0
6432,7.148,0,64,0,0,0,0,0,59,0,1,34,5,0,0,0
6433,24.675,0,64,0,0,0,0,0,59,0,1,34,5,0,0,0
6434,0.810,0,64,0,0,0,0,0,59,0,1,34,5,0,0,0
6435,1.333,0,64,0,0,0,0,0,59,0,1,34,5,0,0,0
6436,6.114,0,64,0,0,0,0,0,59,0,1,34,5,0,0,0
6437,24.899,0,64,0,0,0,0,0,59,0,1,34,5,0,0,0
6438,1.146,0,64,0,0,0,0,0,59,0,1,34,5,0,0,0
6439,0.857,0,64,0,0,0,0,0,59,0,1,34,5,0,0,0
6440,6.812,0,64,0,0,0,0,0,59,0,2,34,5,0,0,0
6441,24.520,0,64,0,0,0,0,0,59,0,2,34,5,0,0,0
6442,1.095,0,64,0,0,0,0,0,59,0,2,34,5,0,0,0
6443,0.737,0,64,0,0,0,0,0,59,0,2,34,5,0,0,0
6444,6.464,0,64,0,0,0,0,0,59,0,2,34,5,0,0,0
6445,25.085,0,64,0,0,0,0,0,59,0,2,34,5,0,0,0
6446,0.881,0,64,0,0,0,0,0,59,0,2,34,5,0,0,0
6447,0.694,0,64,0,0,0,0,0,59,0,2,34,5,0,0,0
6448,6.687,0,64,0,0,0,0,0,59,0,2,34,5,0,0,0
6449,24.952,0,64,0,0,0,0,0,59,0,2,34,5,0,0,0
6450,0.877,0,64,0,0,0,0,0,59,0,2,34,5,0,0,0
6451,0.704,0,64,0,0,0,0,0,59,0,2,34,5,0,0,0
6452,6.787,0,64,0,0,0,0,0,59,0,2,34,5,0,0,0
6453,24.983,0,64,0,0,0,0,0,59,0,2,34,5,0,0,0
6454,0.997,0,64,0,0,0,0,0,59,0,2,34,5,0,0,0
6455,0.775,0,64,0,0,0,0,0,59,0,2,34,5,0,0,0
6456,6.563,0,64,0,0,0,0,0,59,0,2,34,5,0,0,0
6457,24.921,0,64,0,0,0,0,0,59,0,2,34,5,0,0,0
6458,0.888,0,64,0,0,0,0,0,59,0,2,34,5,0,0,0
6459,0.667,0,64,0,0,0,0,0,59,0,2,34,5,0,0,0
6460,6.869,0,64,0,0,0,0,0,59,0,2,34,5,0,0,0
6461,25.002,0,64,0,0,0,0,0,59,0,2,34,5,0,0,0
6462,0.931,0,64,0,0,0,0,0,59,0,2,34,5,0,0,0
6463,2.087,0,64,0,0,0,0,0,59,0,2,34,5,0,0,0
6464,5.382,0,64,0,0,0,0,0,59,0,2,34,5,0,0,0
6465,24.949,0,64,0,0,0,0,0,59,0,2,34,5,0,0,0
6466,0.912,0,64,0,0,0,0,0,59,0,2,34,5,0,0,0
6467,1.163,0,64,0,0,0,0,0,59,0,2,34,5,0,0,0
6468,6.120,0,64,0,0,0,0,0,59,0,2,34,5,0,0,0
6469,25.106,0,64,0,0,0,0,0,59,0,2,34,5,0,0,0
6470,0.777,0,64,0,0,0,0,0,59,0,2,34,5,0,0,0
6471,0.808,0,64,0,0,0,0,0,59,0,2,34,5,0,0,0
6472,6.657,0,64,0,0,0,0,0,59,0,2,34,5,0,0,0
6473,25.152,0,64,0,0,0,0,0,59,0,2,34,5,0,0,0
6474,0.892,0,64,0,0,0,0,0,59,0,2,34,5,0,0,0
6475,0.710,0,64,0,0,0,0,0,59,0,2,34,5,0,0,0
6476,6.531,0,64,0,0,0,0,0,59,0,2,34,5,0,0,0
6477,25.285,0,64,0,0,0,0,0,59,0,2,34,5,0,0,0
6478,0.861,0,64,0,0,0,0,0,59,0,2,34,5,0,0,0
6479,0.675,0,64,0,0,0,0,0,59,0,2,34,5,0,0,0
6480,6.737,0,64,0,0,0,0,0,59,0,2,34,5,0,0,0
6481,24.969,0,64,0,0,0,0,0,59,0,2,34,5,0,0,0
6482,0.875,0,64,0,0,0,0,0,59,0,2,34,5,0,0,0
6483,0.679,0,64,0,0,0,0,0,59,0,2,34,5,0,0,0
6484,6.657,0,64,0,0,0,0,0,59,0,2,34,5,0,0,0
6485,25.255,0,64,0,0,0,0,0,59,0,2,34,5,0,0,0
6486,0.897,0,64,0,0,0,0,0,59,0,2,34,5,0,0,0
6487,1.590,0,64,0,0,0,0,0,59,0,2,34,5,0,0,0
6488,6.162,0,64,0,0,0,0,0,59,0,2,34,5,0,0,0
6489,24.487,0,64,0,0,0,0,0,59,0,2,34,5,0,0,0
6490,0.992,0,64,0,0,0,0,0,59,0,2,34,5,0,0,0
6491,0.781,0,64,0,0,0,0,0,59,0,2,34,5,0,0,0
6492,6.540,0,64,0,0,0,0,0,59,0,2,34,5,0,0,0
6493,25.283,0,64,0,0,0,0,0,59,0,2,34,5,0,0,0
6494,0.900,0,64,0,0,0,0,0,59,0,2,34,5,0,0,0
6495,0.686,0,64,0,0,0,0,0,59,0,2,34,5,0,0,0
6496,6.999,0,64,0,0,0,0,0,59,0,2,34,5,0,0,0
6497,24.663,0,64,0,0,0,0,0,59,0,2,34,5,0,0,0
6498,0.791,0,64,0,0,0,0,0,59,0,2,34,5,0,0,0
6499,0.922,0,64,0,0,0,0,0,59,0,2,34,5,0,0,0
6500,6.527,0,64,0,0,0,0,0,59,0,2,34,5,0,0,0
6501,24.969,0,64,0,0,0,0,0,59,0,2,34,5,0,0,0
6502,0.867,0,64,0,0,0,0,0,59,0,2,34,5,0,0,0
6503,0.803,0,64,0,0,0,0,0,59,0,2,34,5,0,0,0
6504,7.185,0,64,0,0,0,0,0,59,0,2,34,5,0,0,0
6505,24.585,0,64,0,0,0,0,0,59,0,2,34,5,0,0,0
6506,0.852,0,64,0,0,0,0,0,59,0,2,34,5,0,0,0
6507,0.820,0,64,0,0,0,0,0,59,0,2,34,5,0,0,0
6508,6.527,0,64,0,0,0,0,0,59,0,2,34,5,0,0,0
6509,25.029,0,64,0,0,0,0,0,59,0,2,34,5,0,0,0
6510,0.925,0,64,0,0,0,0,0,59,0,2,34,5,0,0,0
6511,0.676,0,64,0,0,0,0,0,59,0,2,34,5,0,0,0
6512,7.486,0,64,0,0,0,0,0,59,0,2,34,5,0,0,0
6513,24.222,0,64,0,0,0,0,0,59,0,2,34,5,0,0,0
6514,0.950,0,64,0,0,0,0,0,59,0,2,34,5,0,0,0
6515,2.320,0,64,0,0,0,0,0,59,0,2,34,5,0,0,0
6516,5.008,0,64,0,0,0,0,0,59,0,2,34,5,0,0,0
6517,25.103,0,64,0,0,0,0,0,59,0,2,34,5,0,0,0
6518,1.002,0,64,0,0,0,0,0,59,0,2,34,5,0,0,0
6519,0.748,0,64,0,0,0,0,0,59,0,2,34,5,0,0,0
6520,6.527,0,64,0,0,0,0,0,59,0,2,34,5,0,0,0
6521,25.216,0,64,0,0,0,0,0,59,0,2,34,5,0,0,0
6522,0.919,0,64,0,0,0,0,0,59,0,2,34,5,0,0,0
6523,0.835,0,64,0,0,0,0,0,59,0,2,34,5,0,0,0
6524,6.351,0,64,0,0,0,0,0,59,0,2,34,5,0,0,0
6525,24.994,0,64,0,0,0,0,0,59,0,2,34,5,0,0,0
6526,0.929,0,64,0,0,0,0,0,59,0,2,34,5,0,0,0
6527,0.736,0,64,0,0,0,0,0,59,0,2,34,5,0,0,0
6528,7.247,0,64,0,0,0,0,0,59,0,2,34,5,0,0,0
6529,24.472,0,64,0,0,0,0,0,59,0,2,34,5,0,0,0
6530,0.831,0,64,0,0,0,0,0,59,0,2,34,5,0,0,0
6531,0.748,0,64,0,0,0,0,0,59,0,2,34,5,0,0,0
6532,6.913,0,64,0,0,0,0,0,59,0,2,34,5,0,0,0
6533,24.784,0,64,0,0,0,0,0,59,0,2,34,5,0,0,0
6534,0.959,0,64,0,0,0,0,0,59,0,2,34,5,0,0,0
6535,0.689,0,64,0,0,0,0,0,59,0,2,34,5,0,0,0
6536,6.676,0,64,0,0,0,0,0,59,0,2,34,5,0,0,0
6537,25.060,0,64,0,0,0,0,0,59,0,2,34,5,0,0,0
6538,0.976,0,64,0,0,0,0,0,59,0,2,34,5,0,0,0
6539,1.029,0,64,0,0,0,0,0,59,0,2,34,5,0,0,0
6540,6.290,0,64,0,0,0,0,0,59,0,2,34,5,0,0,0
6541,25.026,0,64,0,0,0,0,0,59,0,2,34,5,0,0,0
6542,0.924,0,64,0,0,0,0,0,59,0,2,34,5,0,0,0
6543,0.979,0,64,0,0,0,0,0,59,0,2,34,5,0,0,0
6544,6.345,0,64,0,0,0,0,0,59,0,2,34,5,0,0,0
6545,24.996,0,64,0,0,0,0,0,59,0,2,34,5,0,0,0
6546,0.749,0,64,0,0,0,0,0,59,0,2,34,5,0,0,0
6547,0.625,0,64,0,0,0,0,0,59,0,2,34,5,0,0,0
6548,6.849,0,64,0,0,0,0,0,59,0,2,34,5,0,0,0
6549,25.141,0,64,0,0,0,0,0,59,0,2,34,5,0,0,0
6550,0.773,0,64,0,0,0,0,0,59,0,2,34,5,0,0,0
6551,0.692,0,64,0,0,0,0,0,59,0,2,34,5,0,0,0
6552,7.034,0,64,0,0,0,0,0,59,0,2,34,5,0,0,0
6553,24.872,0,64,0,0,0,0,0,59,0,2,34,5,0,0,0
6554,0.861,0,64,0,0,0,0,0,59,0,2,34,5,0,0,0
6555,0.672,0,64,0,0,0,0,0,59,0,2,34,5,0,0,0
6556,6.920,0,64,0,0,0,0,0,59,0,2,34,5,0,0,0
6557,24.785,0,64,0,0,0,0,0,59,0,2,34,5,0,0,0
6558,0.994,0,64,0,0,0,0,0,59,0,2,34,5,0,0,0
6559,0.739,0,64,0,0,0,0,0,59,0,2,34,5,0,0,0
6560,6.587,0,64,0,0,0,0,0,59,0,2,34,5,0,0,0
6561,25.187,0,64,0,0,0,0,0,59,0,2,34,5,0,0,0
6562,0.892,0,64,0,0,0,0,0,59,0,2,34,5,0,0,0
6563,0.700,0,64,0,0,0,0,0,59,0,2,34,5,0,0,0
6564,6.506,0,64,0,0,0,0,0,59,0,2,34,5,0,0,0
6565,25.159,0,64,0,0,0,0,0,59,0,2,34,5,0,0,0
6566,1.021,0,64,0,0,0,0,0,59,0,2,34,5,0,0,0
6567,0.746,0,64,0,0,0,0,0,59,0,2,34,5,0,0,0
6568,7.000,0,64,0,0,0,0,0,59,0,2,34,5,0,0,0
6569,24.614,0,64,0,0,0,0,0,59,0,2,34,5,0,0,0
6570,0.985,0,64,0,0,0,0,0,59,0,2,34,5,0,0,0
6571,0.720,0,64,0,0,0,0,0,59,0,2,34,5,0,0,0
6572,6.473,0,64,0,0,0,0,0,59,0,2,34,5,0,0,0
6573,25.019,0,64,0,0,0,0,0,59,0,2,34,5,0,0,0
6574,0.917,0,64,0,0,0,0,0,59,0,2,34,5,0,0,0
6575,0.732,0,64,0,0,0,0,0,59,0,2,34,5,0,0,0
6576,6.639,0,64,0,0,0,0,0,59,0,2,34,5,0,0,0
6577,25.182,0,64,0,0,0,0,0,59,0,2,34,5,0,0,0
6578,0.905,0,64,0,0,0,0,0,59,0,2,34,5,0,0,0
6579,0.682,0,64,0,0,0,0,0,59,0,2,34,5,0,0,0
6580,6.743,0,64,0,0,0,0,0,59,0,2,34,5,0,0,0
6581,25.001,0,64,0,0,0,0,0,59,0,2,34,5,0,0,0
6582,0.909,0,64,0,0,0,0,0,59,0,2,34,5,0,0,0
6583,0.703,0,64,0,0,0,0,0,59,0,2,34,5,0,0,0
6584,7.245,0,64,0,0,0,0,0,59,0,2,34,5,0,0,0
6585,24.431,0,64,0,0,0,0,0,59,0,2,34,5,0,0,0
6586,0.799,0,64,0,0,0,0,0,59,0,2,34,5,0,0,0
6587,0.669,0,64,0,0,0,0,0,59,0,2,34,5,0,0,0
6588,6.840,0,64,0,0,0,0,0,59,0,2,34,5,0,0,0
6589,25.151,0,64,0,0,0,0,0,59,0,2,34,5,0,0,0
6590,0.901,0,64,0,0,0,0,0,59,0,2,34,5,0,0,0
6591,0.657,0,64,0,0,0,0,0,59,0,2,34,5,0,0,0
6592,6.661,0,64,0,0,0,0,0,59,0,2,34,5,0,0,0
6593,25.108,0,64,0,0,0,0,0,59,0,2,34,5,0,0,0
6594,0.912,0,64,0,0,0,0,0,59,0,2,34,5,0,0,0
6595,0.884,0,64,0,0,0,0,0,59,0,2,34,5,0,0,0
6596,6.284,0,64,0,0,0,0,0,59,0,2,34,5,0,0,0
6597,25.249,0,64,0,0,0,0,0,59,0,2,34,5,0,0,0
6598,0.835,0,64,0,0,0,0,0,59,0,2,34,5,0,0,0
6599,2.757,0,64,0,0,0,0,0,59,0,2,34,5,0,0,0
6600,4.483,0,64,0,0,0,0,0,59,0,2,34,5,0,0,0
6601,25.261,0,64,0,0,0,0,0,59,0,2,34,5,0,0,0
6602,0.892,0,64,0,0,0,0,0,59,0,2,34,5,0,0,0
6603,0.664,0,64,0,0,0,0,0,59,0,2,34,5,0,0,0
6604,6.691,0,64,0,0,0,0,0,59,0,2,34,5,0,0,0
6605,24.880,0,64,0,0,0,0,0,59,0,2,34,5,0,0,0
6606,0.996,0,64,0,0,0,0,0,59,0,2,34,5,0,0,0
6607,0.739,0,64,0,0,0,0,0,59,0,2,34,5,0,0,0
6608,6.791,0,64,0,0,0,0,0,59,0,2,34,5,0,0,0
6609,24.855,0,64,0,0,0,0,0,59,0,2,34,5,0,0,0
6610,0.832,0,64,0,0,0,0,0,59,0,2,34,5,0,0,0
6611,0.656,0,64,0,0,0,0,0,59,0,2,34,5,0,0,0
6612,6.732,0,64,0,0,0,0,0,59,0,2,34,5,0,0,0
6613,25.144,0,64,0,0,0,0,0,59,0,2,34,5,0,0,0
6614,0.862,0,64,0,0,0,0,0,59,0,2,34,5,0,0,0
6615,0.826,0,64,0,0,0,0,0,59,0,2,34,5,0,0,0
6616,7.082,0,64,0,0,0,0,0,59,0,2,34,5,0,0,0
6617,24.570,0,64,0,0,0,0,0,59,0,2,34,5,0,0,0
6618,0.920,0,64,0,0,0,0,0,59,0,2,34,5,0,0,0
6619,0.760,0,64,0,0,0,0,0,59,0,2,34,5,0,0,0
6620,6.403,0,64,0,0,0,0,0,59,0,2,34,5,0,0,0
6621,25.236,0,64,0,0,0,0,0,59,0,2,34,5,0,0,0
6622,0.950,0,64,0,0,0,0,0,59,0,2,34,5,0,0,0
6623,0.756,0,64,0,0,0,0,0,59,0,2,34,5,0,0,0
6624,6.720,0,64,0,0,0,0,0,59,0,2,34,5,0,0,0
6625,24.991,0,64,0,0,0,0,0,59,0,2,34,5,0,0,0
6626,1.039,0,64,0,0,0,0,0,59,0,2,34,5,0,0,0
6627,0.931,0,64,0,0,0,0,0,59,0,2,34,5,0,0,0
6628,6.264,0,64,0,0,0,0,0,59,0,2,34,5,0,0,0
6629,25.018,0,64,0,0,0,0,0,59,0,2,34,5,0,0,0
6630,0.948,0,64,0,0,0,0,0,59,0,2,34,5,0,0,0
6631,1.155,0,64,0,0,0,0,0,59,0,2,34,5,0,0,0
6632,6.142,0,64,0,0,0,0,0,59,0,2,34,5,0,0,0
6633,25.116,0,64,0,0,0,0,0,59,0,2,34,5,0,0,0
6634,0.825,0,64,0,0,0,0,0,59,0,2,34,5,0,0,0
6635,0.708,0,64,0,0,0,0,0,59,0,2,34,5,0,0,0
6636,6.694,0,64,0,0,0,0,0,59,0,2,34,5,0,0,0
6637,25.085,0,64,0,0,0,0,0,59,0,2,34,5,0,0,0
6638,0.862,0,64,0,0,0,0,0,59,0,2,34,5,0,0,0
6639,0.814,0,64,0,0,0,0,0,59,0,2,34,5,0,0,0
6640,6.573,0,64,0,0,0,0,0,59,0,2,34,5,0,0,0
6641,25.137,0,64,0,0,0,0,0,59,0,2,34,5,0,0,0
6642,0.994,0,64,0,0,0,0,0,59,0,2,34,5,0,0,0
6643,0.746,0,64,0,0,0,0,0,59,0,2,34,5,0,0,0
6644,6.411,0,64,0,0,0,0,0,59,0,2,34,5,0,0,0
6645,25.263,0,64,0,0,0,0,0,59,0,2,34,5,0,0,0
6646,0.842,0,64,0,0,0,0,0,59,0,2,34,5,0,0,0
6647,0.728,0,64,0,0,0,0,0,59,0,2,34,5,0,0,0
6648,7.016,0,64,0,0,0,0,0,59,0,2,34,5,0,0,0
6649,24.555,0,64,0,0,0,0,0,59,0,2,34,5,0,0,0
6650,0.875,0,64,0,0,0,0,0,59,0,2,34,5,0,0,0
6651,0.637,0,64,0,0,0,0,0,59,0,2,34,5,0,0,0
6652,6.778,0,64,0,0,0,0,0,59,0,2,34,5,0,0,0
6653,25.044,0,64,0,0,0,0,0,59,0,2,34,5,0,0,0
6654,0.917,0,64,0,0,0,0,0,59,0,2,34,5,0,0,0
6655,0.692,0,64,0,0,0,0,0,59,0,2,34,5,0,0,0
6656,6.600,0,64,0,0,0,0,0,59,0,2,34,5,0,0,0
6657,25.043,0,64,0,0,0,0,0,59,0,2,34,5,0,0,0
6658,1.034,0,64,0,0,0,0,0,59,0,2,34,5,0,0,0
6659,1.775,0,64,0,0,0,0,0,59,0,2,34,5,0,0,0
6660,5.479,0,64,0,0,0,0,0,59,0,2,34,5,0,0,0
6661,25.292,0,64,0,0,0,0,0,59,0,2,34,5,0,0,0
6662,0.938,0,64,0,0,0,0,0,59,0,2,34,5,0,0,0
6663,0.637,0,64,0,0,0,0,0,59,0,2,34,5,0,0,0
6664,6.998,0,64,0,0,0,0,0,59,0,2,34,5,0,0,0
6665,24.765,0,64,0,0,0,0,0,59,0,2,34,5,0,0,0
6666,0.813,0,64,0,0,0,0,0,59,0,2,34,5,0,0,0
6667,0.729,0,64,0,0,0,0,0,59,0,2,34,5,0,0,0
6668,6.551,0,64,0,0,0,0,0,59,0,2,34,5,0,0,0
6669,25.111,0,64,0,0,0,0,0,59,0,2,34,5,0,0,0
6670,0.861,0,64,0,0,0,0,0,59,0,2,34,5,0,0,0
6671,0.856,0,64,0,0,0,0,0,59,0,2,34,5,0,0,0
6672,6.491,0,64,0,0,0,0,0,59,0,2,34,5,0,0,0
6673,25.099,0,64,0,0,0,0,0,59,0,2,34,5,0,0,0
6674,0.840,0,64,0,0,0,0,0,59,0,2,34,5,0,0,0
6675,0.763,0,64,0,0,0,0,0,59,0,2,34,5,0,0,0
6676,6.729,0,64,0,0,0,0,0,59,0,2,34,5,0,0,0
6677,24.964,0,64,0,0,0,0,0,59,0,2,34,5,0,0,0
6678,0.968,0,64,0,0,0,0,0,59,0,2,34,5,0,0,0
6679,0.758,0,64,0,0,0,0,0,59,0,2,34,5,0,0,0
6680,6.471,0,64,0,0,0,0,0,59,0,2,34,5,0,0,0
6681,25.265,0,64,0,0,0,0,0,59,0,2,34,5,0,0,0
6682,0.835,0,64,0,0,0,0,0,59,0,2,34,5,0,0,0
6683,0.749,0,64,0,0,0,0,0,59,0,2,34,5,0,0,0
6684,6.631,0,64,0,0,0,0,0,59,0,2,34,5,0,0,0
6685,24.976,0,64,0,0,0,0,0,59,0,2,34,5,0,0,0
6686,0.951,0,64,0,0,0,0,0,59,0,2,34,5,0,0,0
6687,0.761,0,64,0,0,0,0,0,59,0,2,34,5,0,0,0
6688,6.827,0,64,0,0,0,0,0,59,0,2,34,5,0,0,0
6689,24.770,0,64,0,0,0,0,0,59,0,2,34,5,0,0,0
6690,0.963,0,64,0,0,0,0,0,59,0,2,34,5,0,0,0
6691,0.707,0,64,0,0,0,0,0,59,0,2,34,5,0,0,0
6692,6.610,0,64,0,0,0,0,0,59,0,2,34,5,0,0,0
6693,25.214,0,64,0,0,0,0,0,59,0,2,34,5,0,0,0
6694,0.984,0,64,0,0,0,0,0,59,0,2,34,5,0,0,0
6695,0.715,0,64,0,0,0,0,0,59,0,2,34,5,0,0,0
6696,6.748,0,64,0,0,0,0,0,59,0,2,34,5,0,0,0
6697,24.925,0,64,0,0,0,0,0,59,0,2,34,5,0,0,0
6698,0.852,0,64,0,0,0,0,0,59,0,2,34,5,0,0,0
6699,0.708,0,64,0,0,0,0,0,59,0,2,34,5,0,0,0
6700,6.547,0,64,0,0,0,0,0,59,0,2,34,5,0,0,0
6701,25.117,0,64,0,0,0,0,0,59,0,2,34,5,0,0,0
6702,0.968,0,64,0,0,0,0,0,59,0,2,34,5,0,0,0
6703,0.718,0,64,0,0,0,0,0,59,0,2,34,5,0,0,0
6704,6.488,0,64,0,0,0,0,0,59,0,2,34,5,0,0,0
6705,25.253,0,64,0,0,0,0,0,59,0,2,34,5,0,0,0
6706,0.854,0,64,0,0,0,0,0,59,0,2,34,5,0,0,0
6707,0.706,0,64,0,0,0,0,0,59,0,2,34,5,0,0,0
6708,6.651,0,64,0,0,0,0,0,59,0,2,34,5,0,0,0
6709,25.110,0,64,0,0,0,0,0,59,0,2,34,5,0,0,0
6710,0.907,0,64,0,0,0,0,0,59,0,2,34,5,0,0,0
6711,0.740,0,64,0,0,0,0,0,59,0,2,34,5,0,0,0
6712,6.761,0,64,0,0,0,0,0,59,0,2,34,5,0,0,0
6713,24.864,0,64,0,0,0,0,0,59,0,2,34,5,0,0,0
6714,1.151,0,64,0,0,0,0,0,59,0,2,34,5,0,0,0
6715,1.593,0,64,0,0,0,0,0,59,0,2,34,5,0,0,0
6716,5.353,0,64,0,0,0,0,0,59,0,2,34,5,0,0,0
6717,25.328,0,64,0,0,0,0,0,59,0,2,34,5,0,0,0
6718,0.918,0,64,0,0,0,0,0,59,0,2,34,5,0,0,0
6719,0.774,0,64,0,0,0,0,0,59,0,2,34,5,0,0,0
6720,6.404,0,64,0,0,0,0,0,59,0,2,34,5,0,0,0
6721,25.150,0,64,0,0,0,0,0,59,0,2,34,5,0,0,0
6722,0.903,0,64,0,0,0,0,0,59,0,2,34,5,0,0,0
6723,0.730,0,64,0,0,0,0,0,59,0,2,34,5,0,0,0
6724,6.492,0,64,0,0,0,0,0,59,0,2,34,5,0,0,0
6725,25.301,0,64,0,0,0,0,0,59,0,2,34,5,0,0,0
6726,0.906,0,64,0,0,0,0,0,59,0,2,34,5,0,0,0
6727,0.895,0,64,0,0,0,0,0,59,0,2,34,5,0,0,0
6728,6.301,0,64,0,0,0,0,0,59,0,2,34,5,0,0,0
6729,25.118,0,64,0,0,0,0,0,59,0,2,34,5,0,0,0
6730,0.834,0,64,0,0,0,0,0,59,0,2,34,5,0,0,0
6731,0.701,0,64,0,0,0,0,0,59,0,2,34,5,0,0,0
6732,6.628,0,64,0,0,0,0,0,59,0,2,34,5,0,0,0
6733,25.210,0,64,0,0,0,0,0,59,0,2,34,5,0,0,0
6734,0.916,0,64,0,0,0,0,0,59,0,2,34,5,0,0,0
6735,0.732,0,64,0,0,0,0,0,59,0,2,34,5,0,0,0
6736,6.399,0,64,0,0,0,0,0,59,0,2,34,5,0,0,0
6737,25.065,0,64,0,0,0,0,0,59,0,2,34,5,0,0,0
6738,0.973,0,64,0,0,0,0,0,59,0,2,34,5,0,0,0
6739,2.043,0,64,0,0,0,0,0,59,0,2,34,5,0,0,0
6740,5.299,0,64,0,0,0,0,0,59,0,2,34,5,0,0,0
6741,25.072,0,64,0,0,0,0,0,59,0,2,34,5,0,0,0
6742,0.990,0,64,0,0,0,0,0,59,0,2,34,5,0,0,0
6743,0.699,0,64,0,0,0,0,0,59,0,2,34,5,0,0,0
6744,6.547,0,64,0,0,0,0,0,59,0,2,34,5,0,0,0
6745,24.989,0,64,0,0,0,0,0,59,0,2,34,5,0,0,0
6746,0.852,0,64,0,0,0,0,0,59,0,2,34,5,0,0,0
6747,0.693,0,64,0,0,0,0,0,59,0,2,34,5,0,0,0
6748,6.826,0,64,0,0,0,0,0,59,0,2,34,5,0,0,0
6749,25.135,0,64,0,0,0,0,0,59,0,2,34,5,0,0,0
6750,1.019,0,64,0,0,0,0,0,59,0,2,34,5,0,0,0
6751,0.626,0,64,0,0,0,0,0,59,0,2,34,5,0,0,0
6752,7.169,0,64,0,0,0,0,0,59,0,2,34,5,0,0,0
6753,24.547,0,64,0,0,0,0,0,59,0,2,34,5,0,0,0
6754,0.949,0,64,0,0,0,0,0,59,0,2,34,5,0,0,0
6755,0.714,0,64,0,0,0,0,0,59,0,2,34,5,0,0,0
6756,6.603,0,64,0,0,0,0,0,59,0,2,34,5,0,0,0
6757,25.043,0,64,0,0,0,0,0,59,0,2,34,5,0,0,0
6758,0.982,0,64,0,0,0,0,0,59,0,2,34,5,0,0,0
6759,0.716,0,64,0,0,0,0,0,59,0,2,34,5,0,0,0
6760,6.908,0,64,0,0,0,0,0,59,0,2,34,5,0,0,0
6761,24.612,0,64,0,0,0,0,0,59,0,2,34,5,0,0,0
6762,1.248,0,64,0,0,0,0,0,59,0,2,34,5,0,0,0
6763,0.782,0,64,0,0,0,0,0,59,0,2,34,5,0,0,0
6764,6.377,0,64,0,0,0,0,0,59,0,2,34,5,0,0,0
6765,25.056,0,64,0,0,0,0,0,59,0,2,34,5,0,0,0
6766,0.935,0,64,0,0,0,0,0,59,0,2,34,5,0,0,0
6767,1.058,0,64,0,0,0,0,0,59,0,2,34,5,0,0,0
6768,6.720,0,64,0,0,0,0,0,59,0,2,34,5,0,0,0
6769,24.647,0,64,0,0,0,0,0,59,0,2,34,5,0,0,0
6770,0.896,0,64,0,0,0,0,0,59,0,2,34,5,0,0,0
6771,0.676,0,64,0,0,0,0,0,59,0,2,34,5,0,0,0
6772,6.653,0,64,0,0,0,0,0,59,0,2,34,5,0,0,0
6773,25.050,0,64,0,0,0,0,0,59,0,2,34,5,0,0,0
6774,1.009,0,64,0,0,0,0,0,59,0,2,34,5,0,0,0
6775,0.798,0,64,0,0,0,0,0,59,0,2,34,5,0,0,0
6776,7.647,0,64,0,0,0,0,0,59,0,2,34,5,0,0,0
6777,24.002,0,64,0,0,0,0,0,59,0,2,34,5,0,0,0
6778,0.971,0,64,0,0,0,0,0,59,0,2,34,5,0,0,0
6779,0.778,0,64,0,0,0,0,0,59,0,2,34,5,0,0,0
6780,6.655,0,64,0,0,0,0,0,59,0,2,34,5,0,0,0
6781,24.747,0,64,0,0,0,0,0,59,0,2,34,5,0,0,0
6782,0.931,0,64,0,0,0,0,0,59,0,2,34,5,0,0,0
6783,0.756,0,64,0,0,0,0,0,59,0,2,34,5,0,0,0
6784,7.785,0,64,0,0,0,0,0,59,0,2,34,5,0,0,0
6785,23.900,0,64,0,0,0,0,0,59,0,2,34,5,0,0,0
6786,0.932,0,64,0,0,0,0,0,59,0,2,34,5,0,0,0
6787,0.667,0,64,0,0,0,0,0,59,0,2,34,5,0,0,0
6788,6.744,0,64,0,0,0,0,0,59,0,2,34,5,0,0,0
6789,24.976,0,64,0,0,0,0,0,59,0,2,34,5,0,0,0
6790,0.988,0,64,0,0,0,0,0,59,0,2,34,5,0,0,0
6791,0.695,0,64,0,0,0,0,0,59,0,2,34,5,0,0,0
6792,7.137,0,64,0,0,0,0,0,59,0,2,34,5,0,0,0
6793,24.471,0,64,0,0,0,0,0,59,0,2,34,5,0,0,0
6794,0.927,0,64,0,0,0,0,0,59,0,2,34,5,0,0,0
6795,1.156,0,64,0,0,0,0,0,59,0,2,34,5,0,0,0
6796,6.209,0,64,0,0,0,0,0,59,0,2,34,5,0,0,0
6797,25.086,0,64,0,0,0,0,0,59,0,2,34,5,0,0,0
6798,0.826,0,64,0,0,0,0,0,59,0,2,34,5,0,0,0
6799,0.867,0,64,0,0,0,0,0,59,0,2,34,5,0,0,0
6800,6.698,0,64,0,0,0,0,0,59,0,2,34,5,0,0,0
6801,25.049,0,64,0,0,0,0,0,59,0,2,34,5,0,0,0
6802,0.874,0,64,0,0,0,0,0,59,0,2,34,5,0,0,0
6803,0.716,0,64,0,0,0,0,0,59,0,2,34,5,0,0,0
6804,6.624,0,64,0,0,0,0,0,59,0,2,34,5,0,0,0
6805,25.177,0,64,0,0,0,0,0,59,0,2,34,5,0,0,0
6806,0.903,0,64,0,0,0,0,0,59,0,2,34,5,0,0,0
6807,0.871,0,64,0,0,0,0,0,59,0,2,34,5,0,0,0
6808,6.382,0,64,0,0,0,0,0,59,0,2,34,5,0,0,0
6809,25.007,0,64,0,0,0,0,0,59,0,2,34,5,0,0,0
6810,0.856,0,64,0,0,0,0,0,59,0,2,34,5,0,0,0
6811,0.694,0,64,0,0,0,0,0,59,0,2,34,5,0,0,0
6812,6.685,0,64,0,0,0,0,0,59,0,2,34,5,0,0,0
6813,25.058,0,64,0,0,0,0,0,59,0,2,34,5,0,0,0
6814,0.815,0,64,0,0,0,0,0,59,0,2,34,5,0,0,0
6815,0.912,0,64,0,0,0,0,0,59,0,2,34,5,0,0,0
6816,6.497,0,64,0,0,0,0,0,59,0,2,34,5,0,0,0
6817,25.327,0,64,0,0,0,0,0,59,0,2,34,5,0,0,0
6818,0.919,0,64,0,0,0,0,0,59,0,2,34,5,0,0,0
6819,1.024,0,64,0,0,0,0,0,59,0,2,34,5,0,0,0
6820,6.191,0,64,0,0,0,0,0,59,0,2,34,5,0,0,0
6821,25.116,0,64,0,0,0,0,0,59,0,2,34,5,0,0,0
6822,0.935,0,64,0,0,0,0,0,59,0,2,34,5,0,0,0
6823,0.643,0,64,0,0,0,0,0,59,0,2,34,5,0,0,0
6824,7.678,0,64,0,0,0,0,0,59,0,2,34,5,0,0,0
6825,24.121,0,64,0,0,0,0,0,59,0,2,34,5,0,0,0
6826,0.937,0,64,0,0,0,0,0,59,0,2,34,5,0,0,0
6827,0.743,0,64,0,0,0,0,0,59,0,2,34,5,0,0,0
6828,6.441,0,64,0,0,0,0,0,59,0,2,34,5,0,0,0
6829,24.981,0,64,0,0,0,0,0,59,0,2,34,5,0,0,0
6830,0.989,0,64,0,0,0,0,0,59,0,2,34,5,0,0,0
6831,0.696,0,64,0,0,0,0,0,59,0,2,34,5,0,0,0
6832,6.581,0,64,0,0,0,0,0,59,0,2,34,5,0,0,0
6833,25.302,0,64,0,0,0,0,0,59,0,2,34,5,0,0,0
6834,0.824,0,64,0,0,0,0,0,59,0,2,34,5,0,0,0
6835,0.778,0,64,0,0,0,0,0,59,0,2,34,5,0,0,0
6836,6.470,0,64,0,0,0,0,0,59,0,2,34,5,0,0,0
6837,25.143,0,64,0,0,0,0,0,59,0,2,34,5,0,0,0
6838,1.022,0,64,0,0,0,0,0,59,0,2,34,5,0,0,0
6839,0.703,0,64,0,0,0,0,0,59,0,2,34,5,0,0,0
6840,6.480,0,64,0,0,0,0,0,59,0,2,34,5,0,0,0
6841,25.197,0,64,0,0,0,0,0,59,0,2,34,5,0,0,0
6842,1.127,0,64,0,0,0,0,0,59,0,2,34,5,0,0,0
6843,0.699,0,64,0,0,0,0,0,59,0,2,34,5,0,0,0
6844,6.271,0,64,0,0,0,0,0,59,0,2,34,5,0,0,0
6845,25.343,0,64,0,0,0,0,0,59,0,2,34,5,0,0,0
6846,0.834,0,64,0,0,0,0,0,59,0,2,34,5,0,0,0
6847,1.521,0,64,0,0,0,0,0,59,0,2,34,5,0,0,0
6848,5.659,0,64,0,0,0,0,0,59,0,2,34,5,0,0,0
6849,25.209,0,64,0,0,0,0,0,59,0,2,34,5,0,0,0
6850,0.960,0,64,0,0,0,0,0,59,0,2,34,5,0,0,0
6851,0.782,0,64,0,0,0,0,0,59,0,2,34,5,0,0,0
6852,6.347,0,64,0,0,0,0,0,59,0,2,34,5,0,0,0
6853,25.216,0,64,0,0,0,0,0,59,0,2,34,5,0,0,0
6854,0.830,0,64,0,0,0,0,0,59,0,2,34,5,0,0,0
6855,0.676,0,64,0,0,0,0,0,59,0,2,34,5,0,0,0
6856,7.199,0,64,0,0,0,0,0,59,0,2,34,5,0,0,0
6857,24.645,0,64,0,0,0,0,0,59,0,2,34,5,0,0,0
6858,0.900,0,64,0,0,0,0,0,59,0,2,34,5,0,0,0
6859,0.790,0,64,0,0,0,0,0,59,0,2,34,5,0,0,0
6860,6.412,0,64,0,0,0,0,0,59,0,2,34,5,0,0,0
6861,25.134,0,64,0,0,0,0,0,59,0,2,34,5,0,0,0
6862,0.805,0,64,0,0,0,0,0,59,0,2,34,5,0,0,0
6863,0.694,0,64,0,0,0,0,0,59,0,2,34,5,0,0,0
6864,6.971,0,64,0,0,0,0,0,59,0,2,34,5,0,0,0
6865,24.953,0,64,0,0,0,0,0,59,0,2,34,5,0,0,0
6866,0.948,0,64,0,0,0,0,0,59,0,2,34,5,0,0,0
6867,0.642,0,64,0,0,0,0,0,59,0,2,34,5,0,0,0
6868,6.543,0,64,0,0,0,0,0,59,0,2,34,5,0,0,0
6869,25.224,0,64,0,0,0,0,0,59,0,2,34,5,0,0,0
6870,0.927,0,64,0,0,0,0,0,59,0,2,34,5,0,0,0
6871,0.869,0,64,0,0,0,0,0,59,0,2,34,5,0,0,0
6872,6.425,0,64,0,0,0,0,0,59,0,2,34,5,0,0,0
6873,24.914,0,64,0,0,0,0,0,59,0,2,34,5,0,0,0
6874,0.941,0,64,0,0,0,0,0,59,0,2,34,5,0,0,0
6875,1.239,0,64,0,0,0,0,0,59,0,2,34,5,0,0,0
6876,6.121,0,64,0,0,0,0,0,59,0,2,34,5,0,0,0
6877,25.039,0,64,0,0,0,0,0,59,0,2,34,5,0,0,0
6878,0.974,0,64,0,0,0,0,0,59,0,2,34,5,0,0,0
6879,0.703,0,64,0,0,0,0,0,59,0,2,34,5,0,0,0
6880,6.758,0,64,0,0,0,0,0,59,0,2,34,5,0,0,0
6881,24.980,0,64,0,0,0,0,0,59,0,2,34,5,0,0,0
6882,0.913,0,64,0,0,0,0,0,59,0,2,34,5,0,0,0
6883,0.725,0,64,0,0,0,0,0,59,0,2,34,5,0,0,0
6884,6.655,0,64,0,0,0,0,0,59,0,2,34,5,0,0,0
6885,24.953,0,64,0,0,0,0,0,59,0,2,34,5,0,0,0
6886,1.039,0,64,0,0,0,0,0,59,0,2,34,5,0,0,0
6887,0.753,0,64,0,0,0,0,0,59,0,2,34,5,0,0,0
6888,7.409,0,64,0,0,0,0,0,59,0,2,34,5,0,0,0
6889,24.444,0,64,0,0,0,0,0,59,0,2,34,5,0,0,0
6890,0.862,0,64,0,0,0,0,0,59,0,2,34,5,0,0,0
6891,0.732,0,64,0,0,0,0,0,59,0,2,34,5,0,0,0
6892,6.369,0,64,0,0,0,0,0,59,0,2,34,5,0,0,0
6893,25.066,0,64,0,0,0,0,0,59,0,2,34,5,0,0,0
6894,0.869,0,64,0,0,0,0,0,59,0,2,34,5,0,0,0
6895,0.747,0,64,0,0,0,0,0,59,0,2,34,5,0,0,0
6896,7.056,0,64,0,0,0,0,0,59,0,2,34,5,0,0,0
6897,24.614,0,64,0,0,0,0,0,59,0,2,34,5,0,0,0
6898,0.820,0,64,0,0,0,0,0,59,0,2,34,5,0,0,0
6899,0.741,0,64,0,0,0,0,0,59,0,2,34,5,0,0,0
6900,6.963,0,64,0,0,0,0,0,59,0,2,34,5,0,0,0
6901,24.861,0,64,0,0,0,0,0,59,0,2,34,5,0,0,0
6902,0.988,0,64,0,0,0,0,0,59,0,2,34,5,0,0,0
6903,0.682,0,64,0,0,0,0,0,59,0,2,34,5,0,0,0
6904,7.105,0,64,0,0,0,0,0,59,0,2,34,5,0,0,0
6905,24.552,0,64,0,0,0,0,0,59,0,2,34,5,0,0,0
6906,0.942,0,64,0,0,0,0,0,59,0,2,34,5,0,0,0
6907,0.707,0,64,0,0,0,0,0,59,0,2,34,5,0,0,0
6908,6.606,0,64,0,0,0,0,0,59,0,2,34,5,0,0,0
6909,25.144,0,64,0,0,0,0,0,59,0,2,34,5,0,0,0
6910,0.857,0,64,0,0,0,0,0,59,0,2,34,5,0,0,0
6911,0.688,0,64,0,0,0,0,0,59,0,2,34,5,0,0,0
6912,6.612,0,64,0,0,0,0,0,59,0,2,34,5,0,0,0
6913,25.250,0,64,0,0,0,0,0,59,0,2,34,5,0,0,0
6914,0.828,0,64,0,0,0,0,0,59,0,2,34,5,0,0,0
6915,0.640,0,64,0,0,0,0,0,59,0,2,34,5,0,0,0
6916,6.780,0,64,0,0,0,0,0,59,0,2,34,5,0,0,0
6917,25.034,0,64,0,0,0,0,0,59,0,2,34,5,0,0,0
6918,0.815,0,64,0,0,0,0,0,59,0,2,34,5,0,0,0
6919,0.647,0,64,0,0,0,0,0,59,0,2,34,5,0,0,0
6920,7.290,0,64,0,0,0,0,0,59,0,2,34,5,0,0,0
6921,24.400,0,64,0,0,0,0,0,59,0,2,34,5,0,0,0
6922,0.963,0,64,0,0,0,0,0,59,0,2,34,5,0,0,0
6923,0.672,0,64,0,0,0,0,0,59,0,2,34,5,0,0,0
6924,6.817,0,64,0,0,0,0,0,59,0,2,34,5,0,0,0
6925,25.107,0,64,0,0,0,0,0,59,0,2,34,5,0,0,0
6926,0.954,0,64,0,0,0,0,0,59,0,2,34,5,0,0,0
6927,0.677,0,64,0,0,0,0,0,59,0,2,34,5,0,0,0
6928,6.578,0,64,0,0,0,0,0,59,0,2,34,5,0,0,0
6929,25.019,0,64,0,0,0,0,0,59,0,2,34,5,0,0,0
6930,0.923,0,64,0,0,0,0,0,59,0,2,34,5,0,0,0
6931,0.698,0,64,0,0,0,0,0,59,0,2,34,5,0,0,0
6932,6.564,0,64,0,0,0,0,0,59,0,2,34,5,0,0,0
6933,25.095,0,64,0,0,0,0,0,59,0,2,34,5,0,0,0
6934,0.909,0,64,0,0,0,0,0,59,0,2,34,5,0,0,0
6935,0.728,0,64,0,0,0,0,0,59,0,2,34,5,0,0,0
6936,6.594,0,64,0,0,0,0,0,59,0,2,34,5,0,0,0
6937,25.266,0,64,0,0,0,0,0,59,0,2,34,5,0,0,0
6938,0.871,0,64,0,0,0,0,0,59,0,2,34,5,0,0,0
6939,0.668,0,64,0,0,0,0,0,59,0,2,34,5,0,0,0
6940,6.564,0,64,0,0,0,0,0,59,0,2,34,5,0,0,0
6941,25.075,0,64,0,0,0,0,0,59,0,2,34,5,0,0,0
6942,0.814,0,64,0,0,0,0,0,59,0,2,34,5,0,0,0
6943,0.751,0,64,0,0,0,0,0,59,0,2,34,5,0,0,0
6944,7.356,0,64,0,0,0,0,0,59,0,2,34,5,0,0,0
6945,24.346,0,64,0,0,0,0,0,59,0,2,34,5,0,0,0
6946,0.991,0,64,0,0,0,0,0,59,0,2,34,5,0,0,0
6947,0.725,0,64,0,0,0,0,0,59,0,2,34,5,0,0,0
6948,6.680,0,64,0,0,0,0,0,59,0,2,34,5,0,0,0
6949,25.010,0,64,0,0,0,0,0,59,0,2,34,5,0,0,0
6950,1.024,0,64,0,0,0,0,0,59,0,2,34,5,0,0,0
6951,0.777,0,64,0,0,0,0,0,59,0,2,34,5,0,0,0
6952,6.434,0,64,0,0,0,0,0,59,0,2,34,5,0,0,0
6953,25.122,0,64,0,0,0,0,0,59,0,2,34,5,0,0,0
6954,0.878,0,64,0,0,0,0,0,59,0,2,34,5,0,0,0
6955,2.263,0,64,0,0,0,0,0,59,0,2,34,5,0,0,0
6956,5.075,0,64,0,0,0,0,0,59,0,2,34,5,0,0,0
6957,25.177,0,64,0,0,0,0,0,59,0,2,34,5,0,0,0
6958,0.849,0,64,0,0,0,0,0,59,0,2,34,5,0,0,0
6959,1.766,0,64,0,0,0,0,0,59,0,2,34,5,0,0,0
6960,5.529,0,64,0,0,0,0,0,59,0,2,34,5,0,0,0
6961,25.093,0,64,0,0,0,0,0,59,0,2,34,5,0,0,0
6962,0.896,0,64,0,0,0,0,0,59,0,2,34,5,0,0,0
6963,0.678,0,64,0,0,0,0,0,59,0,2,34,5,0,0,0
6964,6.658,0,64,0,0,0,0,0,59,0,2,34,5,0,0,0
6965,25.231,0,64,0,0,0,0,0,59,0,2,34,5,0,0,0
6966,0.896,0,64,0,0,0,0,0,59,0,2,34,5,0,0,0
6967,0.714,0,64,0,0,0,0,0,59,0,2,34,5,0,0,0
6968,6.824,0,64,0,0,0,0,0,59,0,2,34,5,0,0,0
6969,24.877,0,64,0,0,0,0,0,59,0,2,34,5,0,0,0
6970,0.924,0,64,0,0,0,0,0,59,0,2,34,5,0,0,0
6971,0.634,0,64,0,0,0,0,0,59,0,2,34,5,0,0,0
6972,6.856,0,64,0,0,0,0,0,59,0,2,34,5,0,0,0
6973,24.775,0,64,0,0,0,0,0,59,0,2,34,5,0,0,0
6974,0.851,0,64,0,0,0,0,0,59,0,2,34,5,0,0,0
6975,0.662,0,64,0,0,0,0,0,59,0,2,34,5,0,0,0
6976,6.668,0,64,0,0,0,0,0,59,0,2,34,5,0,0,0
6977,25.198,0,64,0,0,0,0,0,59,0,2,34,5,0,0,0
6978,0.894,0,64,0,0,0,0,0,59,0,2,34,5,0,0,0
6979,0.758,0,64,0,0,0,0,0,59,0,2,34,5,0,0,0
6980,6.612,0,64,0,0,0,0,0,59,0,2,34,5,0,0,0
6981,25.184,0,64,0,0,0,0,0,59,0,2,34,5,0,0,0
6982,0.861,0,64,0,0,0,0,0,59,0,2,34,5,0,0,0
6983,0.744,0,64,0,0,0,0,0,59,0,2,34,5,0,0,0
6984,6.984,0,64,0,0,0,0,0,59,0,2,34,5,0,0,0
6985,24.774,0,64,0,0,0,0,0,59,0,2,34,5,0,0,0
6986,0.805,0,64,0,0,0,0,0,59,0,2,34,5,0,0,0
6987,1.629,0,64,0,0,0,0,0,59,0,2,34,5,0,0,0
6988,5.649,0,64,0,0,0,0,0,59,0,2,34,5,0,0,0
6989,24.982,0,64,0,0,0,0,0,59,0,2,34,5,0,0,0
6990,0.937,0,64,0,0,0,0,0,59,0,2,34,5,0,0,0
6991,0.721,0,64,0,0,0,0,0,59,0,2,34,5,0,0,0
6992,6.983,0,64,0,0,0,0,0,59,0,2,34,5,0,0,0
6993,24.784,0,64,0,0,0,0,0,59,0,2,34,5,0,0,0
6994,0.887,0,64,0,0,0,0,0,59,0,2,34,5,0,0,0
6995,0.784,0,64,0,0,0,0,0,59,0,2,34,5,0,0,0
6996,6.639,0,64,0,0,0,0,0,59,0,2,34,5,0,0,0
6997,25.067,0,64,0,0,0,0,0,59,0,2,34,5,0,0,0
6998,0.888,0,64,0,0,0,0,0,59,0,2,34,5,0,0,0
6999,0.704,0,64,0,0,0,0,0,59,0,2,34,5,0,0,0
7000,6.617,0,64,0,0,0,0,0,59,0,2,34,5,0,0,0
7001,25.095,0,64,0,0,0,0,0,59,0,2,34,5,0,0,0
7002,0.878,0,64,0,0,0,0,0,59,0,2,34,5,0,0,0
7003,0.888,0,64,0,0,0,0,0,59,0,2,34,5,0,0,0
7004,6.494,0,64,0,0,0,0,0,59,0,2,34,5,0,0,0
7005,24.982,0,64,0,0,0,0,0,59,0,2,34,5,0,0,0
7006,0.767,0,64,0,0,0,0,0,59,0,2,34,5,0,0,0
7007,0.692,0,64,0,0,0,0,0,59,0,2,34,5,0,0,0
7008,7.263,0,64,0,0,0,0,0,59,0,2,34,5,0,0,0
7009,24.681,0,64,0,0,0,0,0,59,0,2,34,5,0,0,0
7010,0.865,0,64,0,0,0,0,0,59,0,2,34,5,0,0,0
7011,1.980,0,64,0,0,0,0,0,59,0,2,34,5,0,0,0
7012,5.486,0,64,0,0,0,0,0,59,0,2,34,5,0,0,0
7013,24.979,0,64,0,0,0,0,0,59,0,2,34,5,0,0,0
7014,0.952,0,64,0,0,0,0,0,59,0,2,34,5,0,0,0
7015,0.706,0,64,0,0,0,0,0,59,0,2,34,5,0,0,0
7016,6.626,0,64,0,0,0,0,0,59,0,2,34,5,0,0,0
7017,24.980,0,64,0,0,0,0,0,59,0,2,34,5,0,0,0
7018,0.835,0,64,0,0,0,0,0,59,0,2,34,5,0,0,0
7019,0.694,0,64,0,0,0,0,0,59,0,2,34,5,0,0,0
7020,6.821,0,64,0,0,0,0,0,59,0,2,34,5,0,0,0
7021,25.183,0,64,0,0,0,0,0,59,0,2,34,5,0,0,0
7022,0.809,0,64,0,0,0,0,0,59,0,2,34,5,0,0,0
7023,0.686,0,64,0,0,0,0,0,59,0,2,34,5,0,0,0
7024,7.788,0,64,0,0,0,0,0,59,0,2,34,5,0,0,0
7025,23.931,0,64,0,0,0,0,0,59,0,2,34,5,0,0,0
7026,0.927,0,64,0,0,0,0,0,59,0,2,34,5,0,0,0
7027,0.667,0,64,0,0,0,0,0,59,0,2,34,5,0,0,0
7028,6.643,0,64,0,0,0,0,0,59,0,2,34,5,0,0,0
7029,25.040,0,64,0,0,0,0,0,59,0,2,34,5,0,0,0
7030,0.870,0,64,0,0,0,0,0,59,0,2,34,5,0,0,0
7031,0.677,0,64,0,0,0,0,0,59,0,2,34,5,0,0,0
7032,7.274,0,64,0,0,0,0,0,59,0,2,34,5,0,0,0
7033,24.627,0,64,0,0,0,0,0,59,0,2,34,5,0,0,0
7034,1.002,0,64,0,0,0,0,0,59,0,2,34,5,0,0,0
7035,0.681,0,64,0,0,0,0,0,59,0,2,34,5,0,0,0
7036,6.452,0,64,0,0,0,0,0,59,0,2,34,5,0,0,0
7037,25.249,0,64,0,0,0,0,0,59,0,2,34,5,0,0,0
7038,0.887,0,64,0,0,0,0,0,59,0,2,34,5,0,0,0
7039,1.139,0,64,0,0,0,0,0,59,0,2,34,5,0,0,0
7040,6.118,0,64,0,0,0,0,0,59,0,2,34,5,0,0,0
7041,25.235,0,64,0,0,0,0,0,59,0,2,34,5,0,0,0
7042,0.928,0,64,0,0,0,0,0,59,0,2,34,5,0,0,0
7043,0.698,0,64,0,0,0,0,0,59,0,2,34,5,0,0,0
7044,6.427,0,64,0,0,0,0,0,59,0,2,34,5,0,0,0
7045,25.097,0,64,0,0,0,0,0,59,0,2,34,5,0,0,0
7046,1.020,0,64,0,0,0,0,0,59,0,2,34,5,0,0,0
7047,0.720,0,64,0,0,0,0,0,59,0,2,34,5,0,0,0
7048,7.026,0,64,0,0,0,0,0,59,0,2,34,5,0,0,0
7049,24.525,0,64,0,0,0,0,0,59,0,2,34,5,0,0,0
7050,0.882,0,64,0,0,0,0,0,59,0,2,34,5,0,0,0
7051,0.703,0,64,0,0,0,0,0,59,0,2,34,5,0,0,0
7052,6.896,0,64,0,0,0,0,0,59,0,2,34,5,0,0,0
7053,24.797,0,64,0,0,0,0,0,59,0,2,34,5,0,0,0
7054,0.892,0,64,0,0,0,0,0,59,0,2,34,5,0,0,0
7055,0.710,0,64,0,0,0,0,0,59,0,2,34,5,0,0,0
7056,6.755,0,64,0,0,0,0,0,59,0,2,34,5,0,0,0
7057,25.025,0,64,0,0,0,0,0,59,0,2,34,5,0,0,0
7058,0.922,0,64,0,0,0,0,0,59,0,2,34,5,0,0,0
7059,0.698,0,64,0,0,0,0,0,59,0,2,34,5,0,0,0
7060,6.642,0,64,0,0,0,0,0,59,0,2,34,5,0,0,0
7061,25.100,0,64,0,0,0,0,0,59,0,2,34,5,0,0,0
7062,0.786,0,64,0,0,0,0,0,59,0,2,34,5,0,0,0
7063,0.699,0,64,0,0,0,0,0,59,0,2,34,5,0,0,0
7064,7.702,0,64,0,0,0,0,0,59,0,2,34,5,0,0,0
7065,24.271,0,64,0,0,0,0,0,59,0,2,34,5,0,0,0
7066,0.860,0,64,0,0,0,0,0,59,0,2,34,5,0,0,0
7067,1.233,0,64,0,0,0,0,0,59,0,2,34,5,0,0,0
7068,6.000,0,64,0,0,0,0,0,59,0,2,34,5,0,0,0
7069,25.075,0,64,0,0,0,0,0,59,0,2,34,5,0,0,0
7070,0.986,0,64,0,0,0,0,0,59,0,2,34,5,0,0,0
7071,0.683,0,64,0,0,0,0,0,59,0,2,34,5,0,0,0
7072,6.626,0,64,0,0,0,0,0,59,0,2,34,5,0,0,0
7073,25.076,0,64,0,0,0,0,0,59,0,2,34,5,0,0,0
7074,0.865,0,64,0,0,0,0,0,59,0,2,34,5,0,0,0
7075,0.657,0,64,0,0,0,0,0,59,0,2,34,5,0,0,0
7076,6.801,0,64,0,0,0,0,0,59,0,2,34,5,0,0,0
7077,25.138,0,64,0,0,0,0,0,59,0,2,34,5,0,0,0
7078,0.812,0,64,0,0,0,0,0,59,0,2,34,5,0,0,0
7079,0.719,0,64,0,0,0,0,0,59,0,2,34,5,0,0,0
7080,6.750,0,64,0,0,0,0,0,59,0,2,34,5,0,0,0
7081,24.995,0,64,0,0,0,0,0,59,0,2,34,5,0,0,0
7082,0.856,0,64,0,0,0,0,0,59,0,2,34,5,0,0,0
7083,0.672,0,64,0,0,0,0,0,59,0,2,34,5,0,0,0
7084,6.575,0,64,0,0,0,0,0,59,0,2,34,5,0,0,0
7085,25.018,0,64,0,0,0,0,0,59,0,2,34,5,0,0,0
7086,0.864,0,64,0,0,0,0,0,59,0,2,34,5,0,0,0
7087,0.661,0,64,0,0,0,0,0,59,0,2,34,5,0,0,0
7088,7.182,0,64,0,0,0,0,0,59,0,2,34,5,0,0,0
7089,24.765,0,64,0,0,0,0,0,59,0,2,34,5,0,0,0
7090,0.887,0,64,0,0,0,0,0,59,0,2,34,5,0,0,0
7091,1.840,0,64,0,0,0,0,0,59,0,2,34,5,0,0,0
7092,5.512,0,64,0,0,0,0,0,59,0,2,34,5,0,0,0
7093,25.207,0,64,0,0,0,0,0,59,0,2,34,5,0,0,0
7094,0.907,0,64,0,0,0,0,0,59,0,2,34,5,0,0,0
7095,0.658,0,64,0,0,0,0,0,59,0,2,34,5,0,0,0
7096,6.601,0,64,0,0,0,0,0,59,0,2,34,5,0,0,0
7097,25.054,0,64,0,0,0,0,0,59,0,2,34,5,0,0,0
7098,0.849,0,64,0,0,0,0,0,59,0,2,34,5,0,0,0
7099,0.729,0,64,0,0,0,0,0,59,0,2,34,5,0,0,0
7100,6.561,0,64,0,0,0,0,0,59,0,2,34,5,0,0,0
7101,25.206,0,64,0,0,0,0,0,59,0,2,34,5,0,0,0
7102,0.897,0,64,0,0,0,0,0,59,0,2,34,5,0,0,0
7103,0.651,0,64,0,0,0,0,0,59,0,2,34,5,0,0,0
7104,6.714,0,64,0,0,0,0,0,59,0,2,34,5,0,0,0
7105,24.962,0,64,0,0,0,0,0,59,0,2,34,5,0,0,0
7106,1.002,0,64,0,0,0,0,0,59,0,2,34,5,0,0,0
7107,0.701,0,64,0,0,0,0,0,59,0,2,34,5,0,0,0
7108,6.650,0,64,0,0,0,0,0,59,0,2,34,5,0,0,0
7109,25.139,0,64,0,0,0,0,0,59,0,2,34,5,0,0,0
7110,0.874,0,64,0,0,0,0,0,59,0,2,34,5,0,0,0
7111,0.769,0,64,0,0,0,0,0,59,0,2,34,5,0,0,0
7112,7.837,0,64,0,0,0,0,0,59,0,2,34,5,0,0,0
7113,23.674,0,64,0,0,0,0,0,59,0,2,34,5,0,0,0
7114,0.847,0,64,0,0,0,0,0,59,0,2,34,5,0,0,0
7115,0.878,0,64,0,0,0,0,0,59,0,2,34,5,0,0,0
7116,6.684,0,64,0,0,0,0,0,59,0,2,34,5,0,0,0
7117,25.083,0,64,0,0,0,0,0,59,0,2,34,5,0,0,0
7118,0.906,0,64,0,0,0,0,0,59,0,2,34,5,0,0,0
7119,1.260,0,64,0,0,0,0,0,59,0,2,34,5,0,0,0
7120,7.164,0,64,0,0,0,0,0,59,0,2,34,5,0,0,0
7121,23.965,0,64,0,0,0,0,0,59,0,2,34,5,0,0,0
7122,0.856,0,64,0,0,0,0,0,59,0,2,34,5,0,0,0
7123,0.690,0,64,0,0,0,0,0,59,0,2,34,5,0,0,0
7124,6.707,0,64,0,0,0,0,0,59,0,2,34,5,0,0,0
7125,25.213,0,64,0,0,0,0,0,59,0,2,34,5,0,0,0
7126,0.878,0,64,0,0,0,0,0,59,0,2,34,5,0,0,0
7127,0.791,0,64,0,0,0,0,0,59,0,2,34,5,0,0,0
7128,7.370,0,64,0,0,0,0,0,59,0,2,34,5,0,0,0
7129,24.374,0,64,0,0,0,0,0,59,0,2,34,5,0,0,0
7130,0.893,0,64,0,0,0,0,0,59,0,2,34,5,0,0,0
7131,0.763,0,64,0,0,0,0,0,59,0,2,34,5,0,0,0
7132,6.465,0,64,0,0,0,0,0,59,0,2,34,5,0,0,0
7133,25.145,0,64,0,0,0,0,0,59,0,2,34,5,0,0,0
7134,0.940,0,64,0,0,0,0,0,59,0,2,34,5,0,0,0
7135,0.662,0,64,0,0,0,0,0,59,0,2,34,5,0,0,0
7136,7.670,0,64,0,0,0,0,0,59,0,2,34,5,0,0,0
7137,23.877,0,64,0,0,0,0,0,59,0,2,34,5,0,0,0
7138,0.849,0,64,0,0,0,0,0,59,0,2,34,5,0,0,0
7139,0.689,0,64,0,0,0,0,0,59,0,2,34,5,0,0,0
7140,6.693,0,64,0,0,0,0,0,59,0,2,34,5,0,0,0
7141,25.085,0,64,0,0,0,0,0,59,0,2,34,5,0,0,0
7142,0.872,0,64,0,0,0,0,0,59,0,2,34,5,0,0,0
7143,0.739,0,64,0,0,0,0,0,59,0,2,34,5,0,0,0
7144,7.020,0,64,0,0,0,0,0,59,0,2,34,5,0,0,0
7145,24.838,0,64,0,0,0,0,0,59,0,2,34,5,0,0,0
7146,0.922,0,64,0,0,0,0,0,59,0,2,34,5,0,0,0
7147,0.926,0,64,0,0,0,0,0,59,0,2,34,5,0,0,0
7148,6.245,0,64,0,0,0,0,0,59,0,2,34,5,0,0,0
7149,25.066,0,64,0,0,0,0,0,59,0,2,34,5,0,0,0
7150,0.876,0,64,0,0,0,0,0,59,0,2,34,5,0,0,0
7151,0.693,0,64,0,0,0,0,0,59,0,2,34,5,0,0,0
7152,7.903,0,64,0,0,0,0,0,59,0,2,34,5,0,0,0
7153,23.870,0,64,0,0,0,0,0,59,0,2,34,5,0,0,0
7154,0.817,0,64,0,0,0,0,0,59,0,2,34,5,0,0,0
7155,0.628,0,64,0,0,0,0,0,59,0,2,34,5,0,0,0
7156,6.829,0,64,0,0,0,0,0,59,0,2,34,5,0,0,0
7157,25.037,0,64,0,0,0,0,0,59,0,2,34,5,0,0,0
7158,0.863,0,64,0,0,0,0,0,59,0,2,34,5,0,0,0
7159,0.706,0,64,0,0,0,0,0,59,0,2,34,5,0,0,0
7160,6.765,0,64,0,0,0,0,0,59,0,2,34,5,0,0,0
7161,25.256,0,64,0,0,0,0,0,59,0,2,34,5,0,0,0
7162,0.842,0,64,0,0,0,0,0,59,0,2,34,5,0,0,0
7163,0.866,0,64,0,0,0,0,0,59,0,2,34,5,0,0,0
7164,6.335,0,64,0,0,0,0,0,59,0,2,34,5,0,0,0
7165,25.015,0,64,0,0,0,0,0,59,0,2,34,5,0,0,0
7166,0.834,0,64,0,0,0,0,0,59,0,2,34,5,0,0,0
7167,0.674,0,64,0,0,0,0,0,59,0,2,34,5,0,0,0
7168,6.928,0,64,0,0,0,0,0,59,0,2,34,5,0,0,0
7169,25.000,0,64,0,0,0,0,0,59,0,2,34,5,0,0,0
7170,0.748,0,64,0,0,0,0,0,59,0,2,34,5,0,0,0
7171,0.635,0,64,0,0,0,0,0,59,0,2,34,5,0,0,0
7172,6.867,0,64,0,0,0,0,0,59,0,2,34,5,0,0,0
7173,25.160,0,64,0,0,0,0,0,59,0,2,34,5,0,0,0
7174,0.820,0,64,0,0,0,0,0,59,0,2,34,5,0,0,0
7175,1.444,0,64,0,0,0,0,0,59,0,2,34,5,0,0,0
7176,5.906,0,64,0,0,0,0,0,59,0,2,34,5,0,0,0
7177,25.016,0,64,0,0,0,0,0,59,0,2,34,5,0,0,0
7178,0.891,0,64,0,0,0,0,0,59,0,2,34,5,0,0,0
7179,0.697,0,64,0,0,0,0,0,59,0,2,34,5,0,0,0
7180,6.673,0,64,0,0,0,0,0,59,0,2,34,5,0,0,0
7181,25.072,0,64,0,0,0,0,0,59,0,2,34,5,0,0,0
7182,0.880,0,64,0,0,0,0,0,59,0,2,34,5,0,0,0
7183,0.695,0,64,0,0,0,0,0,59,0,2,34,5,0,0,0
7184,7.208,0,64,0,0,0,0,0,59,0,2,34,5,0,0,0
7185,24.540,0,64,0,0,0,0,0,59,0,2,34,5,0,0,0
7186,0.851,0,64,0,0,0,0,0,59,0,2,34,5,0,0,0
7187,0.706,0,64,0,0,0,0,0,59,0,2,34,5,0,0,0
7188,6.735,0,64,0,0,0,0,0,59,0,2,34,5,0,0,0
7189,25.151,0,64,0,0,0,0,0,59,0,2,34,5,0,0,0
7190,0.780,0,64,0,0,0,0,0,59,0,2,34,5,0,0,0
7191,0.637,0,64,0,0,0,0,0,59,0,2,34,5,0,0,0
7192,7.222,0,64,0,0,0,0,0,59,0,2,34,5,0,0,0
7193,24.556,0,64,0,0,0,0,0,59,0,2,34,5,0,0,0
7194,0.767,0,64,0,0,0,0,0,59,0,2,34,5,0,0,0
7195,0.653,0,64,0,0,0,0,0,59,0,2,34,5,0,0,0
7196,6.974,0,64,0,0,0,0,0,59,0,2,34,5,0,0,0
7197,25.048,0,64,0,0,0,0,0,59,0,2,34,5,0,0,0
7198,0.801,0,64,0,0,0,0,0,59,0,2,34,5,0,0,0
7199,2.761,0,64,0,0,0,0,0,59,0,2,34,5,0,0,0
7200,4.635,0,64,0,0,0,0,0,59,0,2,34,5,0,0,0
7201,25.050,0,64,0,0,0,0,0,59,0,2,34,5,0,0,0
7202,0.815,0,64,0,0,0,0,0,59,0,2,34,5,0,0,0
7203,0.727,0,64,0,0,0,0,0,59,0,2,34,5,0,0,0
7204,6.670,0,64,0,0,0,0,0,59,0,2,34,5,0,0,0
7205,25.252,0,64,0,0,0,0,0,59,0,2,34,5,0,0,0
7206,0.859,0,64,0,0,0,0,0,59,0,2,34,5,0,0,0
7207,0.700,0,64,0,0,0,0,0,59,0,2,34,5,0,0,0
7208,6.734,0,64,0,0,0,0,0,59,0,2,34,5,0,0,0
7209,24.921,0,64,0,0,0,0,0,59,0,2,34,5,0,0,0
7210,0.857,0,64,0,0,0,0,0,59,0,2,34,5,0,0,0
7211,0.669,0,64,0,0,0,0,0,59,0,2,34,5,0,0,0
7212,6.676,0,64,0,0,0,0,0,59,0,2,34,5,0,0,0
7213,25.228,0,64,0,0,0,0,0,59,0,2,34,5,0,0,0
7214,0.740,0,64,0,0,0,0,0,59,0,2,34,5,0,0,0
7215,0.631,0,64,0,0,0,0,0,59,0,2,34,5,0,0,0
7216,6.733,0,64,0,0,0,0,0,59,0,2,34,5,0,0,0
7217,25.196,0,64,0,0,0,0,0,59,0,2,34,5,0,0,0
7218,0.886,0,64,0,0,0,0,0,59,0,2,34,5,0,0,0
7219,0.787,0,64,0,0,0,0,0,59,0,2,34,5,0,0,0
7220,6.696,0,64,0,0,0,0,0,59,0,2,34,5,0,0,0
7221,25.013,0,64,0,0,0,0,0,59,0,2,34,5,0,0,0
7222,0.928,0,64,0,0,0,0,0,59,0,2,34,5,0,0,0
7223,1.843,0,64,0,0,0,0,0,59,0,2,34,5,0,0,0
7224,5.417,0,64,0,0,0,0,0,59,0,2,34,5,0,0,0
7225,25.279,0,64,0,0,0,0,0,59,0,2,34,5,0,0,0
7226,0.869,0,64,0,0,0,0,0,59,0,2,34,5,0,0,0
7227,0.673,0,64,0,0,0,0,0,59,0,2,34,5,0,0,0
7228,6.434,0,64,0,0,0,0,0,59,0,2,34,5,0,0,0
7229,25.212,0,64,0,0,0,0,0,59,0,2,34,5,0,0,0
7230,0.898,0,64,0,0,0,0,0,59,0,2,34,5,0,0,0
7231,0.723,0,64,0,0,0,0,0,59,0,2,34,5,0,0,0
7232,6.547,0,64,0,0,0,0,0,59,0,2,34,5,0,0,0
7233,25.004,0,64,0,0,0,0,0,59,0,2,34,5,0,0,0
