frame_idx,dt_ms,view_sse,visible_n,partition_n,load_n,spawn_n,tex_upload_n,evict_n,gpu_tex_cache,mesh_backlog,dl_in_flight,stale_skips,retry_after,frame_mesh,frame_despawn,evict_deferred
1,0.000,0,2,206,134,2,0,0,0,64,218,0,0,12,0,0
2,6.637,0,10,194,134,8,0,0,0,194,218,0,0,12,0,0
3,148.965,0,17,196,108,7,0,0,0,182,232,0,0,12,0,0
4,6.218,0,19,184,108,2,0,0,0,184,232,0,0,12,0,0
5,2.183,0,23,172,108,4,0,0,0,172,232,0,0,12,0,0
6,2.907,0,29,160,108,6,0,0,0,160,232,0,0,12,0,0
7,2.882,0,32,148,108,3,0,0,0,148,232,0,0,12,0,0
8,1.296,0,32,146,110,0,0,0,0,136,234,0,0,12,0,0
9,2.228,0,32,144,110,0,0,0,0,126,234,0,0,12,0,0
10,2.846,0,32,143,110,0,0,0,0,114,234,0,0,12,0,0
11,0.866,0,32,140,110,0,0,0,0,102,234,0,0,12,0,0
12,0.877,0,32,136,110,0,0,0,0,90,234,0,0,12,0,0
13,1.222,0,32,133,110,0,0,0,0,78,234,0,0,12,0,0
14,10.909,0,32,130,112,0,0,0,0,66,236,0,0,12,0,0
15,16.277,0,32,127,112,0,0,0,0,56,236,0,0,12,0,0
16,0.902,0,32,122,112,0,0,0,0,44,236,0,0,12,0,0
17,7.155,0,32,116,112,0,0,0,0,32,236,0,0,12,0,0
18,58.513,0,32,110,110,0,0,0,0,20,242,0,0,12,0,0
19,1.331,0,32,110,110,0,0,0,0,14,242,0,0,12,0,0
20,1.012,0,32,110,110,0,0,0,0,2,242,0,0,12,0,0
21,5.935,0,32,110,110,0,0,0,0,0,244,0,0,2,0,0
22,25.038,0,32,110,110,0,0,0,0,0,244,0,0,2,0,0
23,0.796,0,32,110,110,0,0,0,0,0,244,0,0,0,0,0
24,0.698,0,32,110,110,0,0,0,0,0,244,0,0,0,0,0
25,6.752,0,32,110,110,0,0,0,0,0,244,0,0,0,0,0
26,25.234,0,32,102,102,0,0,0,0,0,244,0,0,0,0,0
27,0.860,0,32,102,102,0,0,0,0,0,244,0,0,0,0,0
28,0.907,0,32,102,102,0,0,0,0,0,244,0,0,0,0,0
29,6.451,0,32,102,102,0,0,0,0,0,244,0,0,0,0,0
30,25.080,0,34,106,106,2,0,0,0,0,248,0,0,0,0,0
31,0.760,0,34,106,106,0,0,0,0,0,248,0,0,3,0,0
32,0.868,0,34,106,106,0,0,0,0,0,248,0,0,1,0,0
33,6.448,0,34,106,106,0,0,0,0,0,248,0,0,0,0,0
34,25.161,0,34,108,108,0,0,0,0,0,250,0,0,0,0,0
35,0.789,0,34,108,108,0,0,0,0,0,250,0,0,2,0,0
36,0.881,0,34,108,108,0,0,0,0,0,250,0,0,0,0,0
37,6.511,0,36,110,110,2,0,0,0,0,252,0,0,0,0,0
38,25.131,0,36,96,96,0,0,0,0,0,252,0,0,2,0,0
39,0.836,0,36,96,96,0,0,0,0,0,252,0,0,0,0,0
40,0.666,0,36,96,96,0,0,0,0,0,252,0,0,0,0,0
41,6.626,0,36,96,96,0,0,0,0,0,252,0,0,0,0,0
42,25.332,0,38,96,96,2,0,0,0,0,252,0,0,0,0,0
43,0.783,0,38,96,96,0,0,0,0,0,252,0,0,0,0,0
44,1.509,0,38,96,96,0,0,0,0,0,252,0,0,0,0,0
45,5.986,0,38,96,96,0,0,0,0,0,252,0,0,0,0,0
46,25.105,0,38,96,96,0,0,0,0,0,252,0,0,0,0,0
47,0.801,0,38,96,96,0,0,0,0,0,252,0,0,0,0,0
48,2.212,0,38,96,96,0,0,0,0,0,252,0,0,0,0,0
49,4.932,0,38,96,96,0,0,0,0,0,252,0,0,0,0,0
50,25.248,0,40,80,80,2,0,0,0,0,252,0,0,0,0,0
51,0.774,0,40,80,80,0,0,0,0,0,252,0,0,0,0,0
52,2.559,0,40,80,80,0,0,0,0,0,252,0,0,0,0,0
53,4.700,0,40,80,80,0,0,0,0,0,252,0,0,0,0,0
54,25.246,0,40,72,72,0,0,0,0,0,252,0,0,0,0,0
55,0.762,0,40,72,72,0,0,0,0,0,252,0,0,0,0,0
56,1.893,0,40,72,72,0,0,0,0,0,252,0,0,0,0,0
57,5.437,0,40,72,72,0,0,0,0,0,252,0,0,0,0,0
58,25.472,0,40,72,72,0,0,0,0,0,252,0,0,0,0,0
59,0.768,0,40,72,72,0,0,0,0,0,252,0,0,0,0,0
60,1.896,0,40,72,72,0,0,0,0,0,252,0,0,0,0,0
61,5.844,0,40,72,72,0,0,0,0,0,252,0,0,0,0,0
62,24.715,0,40,72,72,0,0,0,0,0,252,0,0,0,0,0
63,0.899,0,40,72,72,0,0,0,0,0,252,0,0,0,0,0
64,0.627,0,40,72,72,0,0,0,0,0,252,0,0,0,0,0
65,6.462,0,40,72,72,0,0,0,0,0,252,0,0,0,0,0
66,25.422,0,40,72,72,0,0,0,0,0,252,0,0,0,0,0
67,0.800,0,40,72,72,0,0,0,0,0,252,0,0,0,0,0
68,0.647,0,40,72,72,0,0,0,0,0,252,0,0,0,0,0
69,6.552,0,40,64,64,0,0,0,0,0,252,0,0,0,0,0
70,25.205,0,40,64,64,0,0,0,0,0,252,0,0,0,0,0
71,0.851,0,40,64,64,0,0,0,0,0,252,0,0,0,0,0
72,0.687,0,40,64,64,0,0,0,0,0,252,0,0,0,0,0
73,6.847,0,40,64,64,0,0,0,0,0,252,0,0,0,0,0
74,25.095,0,40,64,64,0,0,0,0,0,252,0,0,0,0,0
75,0.757,0,40,64,64,0,0,0,0,0,252,0,0,0,0,0
76,1.658,0,40,64,64,0,0,0,0,0,252,0,0,0,0,0
77,5.599,0,40,48,48,0,0,0,0,0,252,0,0,0,0,0
78,25.475,0,40,48,48,0,0,0,0,0,252,0,0,0,0,0
79,1.139,0,40,48,48,0,0,0,0,0,252,0,0,0,0,0
80,0.796,0,40,48,48,0,0,0,0,0,252,0,0,0,0,0
81,5.844,0,40,48,48,0,0,0,0,0,252,0,0,0,0,0
82,25.242,0,40,40,40,0,0,0,0,0,252,0,0,0,0,0
83,0.785,0,40,40,40,0,0,0,0,0,252,0,0,0,0,0
84,0.812,0,40,40,40,0,0,0,0,0,252,0,0,0,0,0
85,6.845,0,40,40,40,0,0,0,0,0,252,0,0,0,0,0
86,25.114,0,40,32,32,0,0,0,0,0,252,0,0,0,0,0
87,1.016,0,40,32,32,0,0,0,0,0,252,0,0,0,0,0
88,1.675,0,40,32,32,0,0,0,0,0,252,0,0,0,0,0
89,5.322,0,40,32,32,0,0,0,0,0,252,0,0,0,0,0
90,25.200,0,40,32,32,0,0,0,0,0,252,0,0,0,0,0
91,0.790,0,40,32,32,0,0,0,0,0,252,0,0,0,0,0
92,0.631,0,40,32,32,0,0,0,0,0,252,0,0,0,0,0
93,7.226,0,40,32,32,0,0,0,0,0,252,0,0,0,0,0
94,24.524,0,40,32,32,0,0,0,0,0,252,0,0,0,0,0
95,0.816,0,40,32,32,0,0,0,0,0,252,0,0,0,0,0
96,0.633,0,40,32,32,0,0,0,0,0,252,0,0,0,0,0
97,6.618,0,40,32,32,0,0,0,0,0,252,0,0,0,0,0
98,25.348,0,42,32,32,2,0,0,0,0,252,0,0,0,0,0
99,0.785,0,44,32,32,2,0,0,0,0,252,0,0,0,0,0
100,0.686,0,44,32,32,0,0,0,0,0,252,0,0,0,0,0
101,7.940,0,44,32,32,0,0,0,0,0,252,0,0,0,0,0
102,23.944,0,44,32,32,0,0,0,0,0,252,0,0,0,0,0
103,0.792,0,44,32,32,0,0,0,0,0,252,0,0,0,0,0
104,0.661,0,44,32,32,0,0,0,0,0,252,0,0,0,0,0
105,6.642,0,44,32,32,0,0,0,0,0,252,0,0,0,0,0
106,25.102,0,44,24,24,0,0,0,0,0,252,0,0,0,0,0
107,0.731,0,44,24,24,0,0,0,0,0,252,0,0,0,0,0
108,0.705,0,44,24,24,0,0,0,0,0,252,0,0,0,0,0
109,7.381,0,44,24,24,0,0,0,0,0,252,0,0,0,0,0
110,24.540,0,44,24,24,0,0,0,0,0,252,0,0,0,0,0
111,0.959,0,44,24,24,0,0,0,0,0,252,0,0,0,0,0
112,0.722,0,44,24,24,0,0,0,0,0,252,0,0,0,0,0
113,6.636,0,44,24,24,0,0,0,0,0,252,0,0,0,0,0
114,25.013,0,44,16,16,0,0,0,0,0,252,0,0,0,0,0
115,0.920,0,44,16,16,0,0,0,0,0,252,0,0,0,0,0
116,1.038,0,44,16,16,0,0,0,0,0,252,0,0,0,0,0
117,6.237,0,44,16,16,0,0,0,0,0,252,0,0,0,0,0
118,25.138,0,44,16,16,0,0,0,0,0,252,0,0,0,0,0
119,0.810,0,44,16,16,0,0,0,0,0,252,0,0,0,0,0
120,0.743,0,44,16,16,0,0,0,0,0,252,0,0,0,0,0
121,6.542,0,44,16,16,0,0,0,0,0,252,0,0,0,0,0
122,25.330,0,44,16,16,0,0,0,0,0,252,0,0,0,0,0
123,0.870,0,44,16,16,0,0,0,0,0,252,0,0,0,0,0
124,0.808,0,44,16,16,0,0,0,0,0,252,0,0,0,0,0
125,6.862,0,44,16,16,0,0,0,0,0,252,0,0,0,0,0
126,24.762,0,44,16,16,0,0,0,0,0,252,0,0,0,0,0
127,0.900,0,44,16,16,0,0,0,0,0,252,0,0,0,0,0
128,0.712,0,44,16,16,0,0,0,0,0,252,0,0,0,0,0
129,6.390,0,44,16,16,0,0,0,0,0,252,0,0,0,0,0
130,25.305,0,44,16,16,0,0,0,0,0,252,0,0,0,0,0
131,0.836,0,44,16,16,0,0,0,0,0,252,0,0,0,0,0
132,0.606,0,44,16,16,0,0,0,0,0,252,0,0,0,0,0
133,7.897,0,44,16,16,0,0,0,0,0,252,0,0,0,0,0
134,23.995,0,44,16,16,0,0,0,0,0,252,0,0,0,0,0
135,0.759,0,44,16,16,0,0,0,0,0,252,0,0,0,0,0
136,0.676,0,44,16,16,0,0,0,0,0,252,0,0,0,0,0
137,6.723,0,44,16,16,0,0,0,0,0,252,0,0,0,0,0
138,25.169,0,44,16,16,0,0,0,0,0,252,0,0,0,0,0
139,0.823,0,44,16,16,0,0,0,0,0,252,0,0,0,0,0
140,1.608,0,44,16,16,0,0,0,0,0,252,0,0,0,0,0
141,5.585,0,44,16,16,0,0,0,0,0,252,0,0,0,0,0
142,25.209,0,44,16,16,0,0,0,0,0,252,0,0,0,0,0
143,0.736,0,44,16,16,0,0,0,0,0,252,0,0,0,0,0
144,0.647,0,44,16,16,0,0,0,0,0,252,0,0,0,0,0
145,6.779,0,44,16,16,0,0,0,0,0,252,0,0,0,0,0
146,25.187,0,46,16,16,2,0,0,0,0,252,0,0,0,0,0
147,0.911,0,46,16,16,0,0,0,0,0,252,0,0,0,0,0
148,0.667,0,46,16,16,0,0,0,0,0,252,0,0,0,0,0
149,6.685,0,46,16,16,0,0,0,0,0,252,0,0,0,0,0
150,25.145,0,46,8,8,0,0,0,0,0,252,0,0,0,0,0
151,0.818,0,46,8,8,0,0,0,0,0,252,0,0,0,0,0
152,0.614,0,46,8,8,0,0,0,0,0,252,0,0,0,0,0
153,6.615,0,46,8,8,0,0,0,0,0,252,0,0,0,0,0
154,25.492,0,46,8,8,0,0,0,0,0,252,0,0,0,0,0
155,0.840,0,46,8,8,0,0,0,0,0,252,0,0,0,0,0
156,0.688,0,46,8,8,0,0,0,0,0,252,0,0,0,0,0
157,6.336,0,46,8,8,0,0,0,0,0,252,0,0,0,0,0
158,25.284,0,46,8,8,0,0,0,0,0,252,0,0,0,0,0
159,0.887,0,46,8,8,0,0,0,0,0,252,0,0,0,0,0
160,1.008,0,46,8,8,0,0,0,0,0,252,0,0,0,0,0
161,6.177,0,46,8,8,0,0,0,0,0,252,0,0,0,0,0
162,25.317,0,46,8,8,0,0,0,0,0,252,0,0,0,0,0
163,0.930,0,46,8,8,0,0,0,0,0,252,0,0,0,0,0
164,1.747,0,46,8,8,0,0,0,0,0,252,0,0,0,0,0
165,5.523,0,46,8,8,0,0,0,0,0,252,0,0,0,0,0
166,25.027,0,46,8,8,0,0,0,0,0,252,0,0,0,0,0
167,0.873,0,46,8,8,0,0,0,0,0,252,0,0,0,0,0
168,0.677,0,46,8,8,0,0,0,0,0,252,0,0,0,0,0
169,6.448,0,46,8,8,0,0,0,0,0,252,0,0,0,0,0
170,25.283,0,46,8,8,0,0,0,0,0,252,0,0,0,0,0
171,0.826,0,46,8,8,0,0,0,0,0,252,0,0,0,0,0
172,0.635,0,46,8,8,0,0,0,0,0,252,0,0,0,0,0
173,7.268,0,46,8,8,0,0,0,0,0,252,0,0,0,0,0
174,24.656,0,46,8,8,0,0,0,0,0,252,0,0,0,0,0
175,0.856,0,46,8,8,0,0,0,0,0,252,0,0,0,0,0
176,0.652,0,46,8,8,0,0,0,0,0,252,0,0,0,0,0
177,6.447,0,46,8,8,0,0,0,0,0,252,0,0,0,0,0
178,25.398,0,46,8,8,0,0,0,0,0,252,0,0,0,0,0
179,0.786,0,46,8,8,0,0,0,0,0,252,0,0,0,0,0
180,0.851,0,46,8,8,0,0,0,0,0,252,0,0,0,0,0
181,6.621,0,46,8,8,0,0,0,0,0,252,0,0,0,0,0
182,24.995,0,46,0,0,0,0,0,0,0,252,0,0,0,0,0
183,0.756,0,46,0,0,0,0,0,0,0,252,0,0,0,0,0
184,0.647,0,46,0,0,0,0,0,0,0,252,0,0,0,0,0
185,6.773,0,46,0,0,0,0,0,0,0,252,0,0,0,0,0
186,25.178,0,46,0,0,0,0,0,0,0,252,0,0,0,0,0
187,0.829,0,46,0,0,0,0,0,0,0,252,0,0,0,0,0
188,0.692,0,46,0,0,0,0,0,0,0,252,0,0,0,0,0
189,7.300,0,46,0,0,0,0,0,0,0,252,0,0,0,0,0
190,24.566,0,46,0,0,0,0,0,0,0,252,0,0,0,0,0
191,0.915,0,46,0,0,0,0,0,0,0,252,0,0,0,0,0
192,0.815,0,46,0,0,0,0,0,0,0,252,0,0,0,0,0
193,6.297,0,46,0,0,0,0,0,0,0,252,0,0,0,0,0
194,25.275,0,46,0,0,0,0,0,0,0,252,0,0,0,0,0
195,0.905,0,46,0,0,0,0,0,0,0,252,0,0,0,0,0
196,1.165,0,46,0,0,0,0,0,0,0,252,0,0,0,0,0
197,6.484,0,46,0,0,0,0,0,0,0,252,0,0,0,0,0
198,24.662,0,46,0,0,0,0,0,0,0,252,0,0,0,0,0
199,0.780,0,46,0,0,0,0,0,0,0,252,0,0,0,0,0
200,0.644,0,46,0,0,0,0,0,0,0,252,0,0,0,0,0
201,6.722,0,46,0,0,0,0,0,0,0,252,0,0,0,0,0
202,25.231,0,46,0,0,0,0,0,0,0,252,0,0,0,0,0
203,0.848,0,46,0,0,0,0,0,0,0,252,0,0,0,0,0
204,0.802,0,46,0,0,0,0,0,0,0,252,0,0,0,0,0
205,7.083,0,46,0,0,0,0,0,0,0,252,0,0,0,0,0
206,24.753,0,46,0,0,0,0,0,0,0,252,0,0,0,0,0
207,0.793,0,46,0,0,0,0,0,0,0,252,0,0,0,0,0
208,0.615,0,46,0,0,0,0,0,0,0,252,0,0,0,0,0
209,6.742,0,46,0,0,0,0,0,0,0,252,0,0,0,0,0
210,25.077,0,46,0,0,0,0,0,0,0,252,0,0,0,0,0
211,0.902,0,46,0,0,0,0,0,0,0,252,0,0,0,0,0
212,0.678,0,46,0,0,0,0,0,0,0,252,0,0,0,0,0
213,7.525,0,46,0,0,0,0,0,0,0,252,0,0,0,0,0
214,24.148,0,46,0,0,0,0,0,0,0,252,0,0,0,0,0
215,0.890,0,46,0,0,0,0,0,0,0,252,0,0,0,0,0
216,0.638,0,46,0,0,0,0,0,0,0,252,0,0,0,0,0
217,6.850,0,46,0,0,0,0,0,0,0,252,0,0,0,0,0
218,24.886,0,46,0,0,0,0,0,0,0,252,0,0,0,0,0
219,0.749,0,46,0,0,0,0,0,0,0,252,0,0,0,0,0
220,0.611,0,46,0,0,0,0,0,0,0,252,0,0,0,0,0
221,6.836,0,46,0,0,0,0,0,0,0,252,0,0,0,0,0
222,25.368,0,46,0,0,0,0,0,0,0,252,0,0,0,0,0
223,0.849,0,46,0,0,0,0,0,0,0,252,0,0,0,0,0
224,1.236,0,46,0,0,0,0,0,0,0,252,0,0,0,0,0
225,5.968,0,46,0,0,0,0,0,0,0,252,0,0,0,0,0
226,25.205,0,46,0,0,0,0,0,0,0,252,0,0,0,0,0
227,0.756,0,46,0,0,0,0,0,0,0,252,0,0,0,0,0
228,0.589,0,46,0,0,0,0,0,0,0,252,0,0,0,0,0
229,7.194,0,46,0,0,0,0,0,0,0,252,0,0,0,0,0
230,24.830,0,46,0,0,0,0,0,0,0,252,0,0,0,0,0
231,0.772,0,46,0,0,0,0,0,0,0,252,0,0,0,0,0
232,0.731,0,46,0,0,0,0,0,0,0,252,0,0,0,0,0
233,6.489,0,46,0,0,0,0,0,0,0,252,0,0,0,0,0
234,25.205,0,46,0,0,0,0,0,0,0,252,0,0,0,0,0
235,0.773,0,46,0,0,0,0,0,0,0,252,0,0,0,0,0
236,0.592,0,46,0,0,0,0,0,0,0,252,0,0,0,0,0
237,7.925,0,46,0,0,0,0,0,0,0,252,0,0,0,0,0
238,24.114,0,46,0,0,0,0,0,0,0,252,0,0,0,0,0
239,0.832,0,46,0,0,0,0,0,0,0,252,0,0,0,0,0
240,0.724,0,46,0,0,0,0,0,0,0,252,0,0,0,0,0
241,6.745,0,46,0,0,0,0,0,0,0,252,0,0,0,0,0
242,24.895,0,46,0,0,0,0,0,0,0,252,0,0,0,0,0
243,0.809,0,46,0,0,0,0,0,0,0,252,0,0,0,0,0
244,0.624,0,46,0,0,0,0,0,0,0,252,0,0,0,0,0
245,7.996,0,46,0,0,0,0,0,0,0,252,0,0,0,0,0
246,24.015,0,48,0,0,2,0,0,0,0,252,0,0,0,0,0
247,0.832,0,48,0,0,0,0,0,0,0,252,0,0,0,0,0
248,0.666,0,48,0,0,0,0,0,0,0,252,0,0,0,0,0
249,6.691,0,48,0,0,0,0,0,0,0,252,0,0,0,0,0
250,25.106,0,48,0,0,0,0,0,0,0,252,0,0,0,0,0
251,0.824,0,48,0,0,0,0,0,0,0,252,0,0,0,0,0
252,0.654,0,48,0,0,0,0,0,0,0,252,0,0,0,0,0
253,7.133,0,48,0,0,0,0,0,0,0,252,0,0,0,0,0
254,24.936,0,48,0,0,0,0,0,0,0,252,0,0,0,0,0
255,0.883,0,48,0,0,0,0,0,0,0,252,0,0,0,0,0
256,0.680,0,48,0,0,0,0,0,0,0,252,0,0,0,0,0
257,6.330,0,48,0,0,0,0,0,0,0,252,0,0,0,0,0
258,25.278,0,48,0,0,0,0,0,0,0,252,0,0,0,0,0
259,1.094,0,48,0,0,0,0,0,0,0,252,0,0,0,0,0
260,0.837,0,48,0,0,0,0,0,0,0,252,0,0,0,0,0
261,6.927,0,48,0,0,0,0,0,0,0,252,0,0,0,0,0
262,24.507,0,48,0,0,0,0,0,0,0,252,0,0,0,0,0
263,0.810,0,48,0,0,0,0,0,0,0,252,0,0,0,0,0
264,0.635,0,48,0,0,0,0,0,0,0,252,0,0,0,0,0
265,6.791,0,48,0,0,0,0,0,0,0,252,0,0,0,0,0
266,24.945,0,48,0,0,0,0,0,0,0,252,0,0,0,0,0
267,0.861,0,48,0,0,0,0,0,0,0,252,0,0,0,0,0
268,0.711,0,48,0,0,0,0,0,0,0,252,0,0,0,0,0
269,6.715,0,48,0,0,0,0,0,0,0,252,0,0,0,0,0
270,25.151,0,48,0,0,0,0,0,0,0,252,0,0,0,0,0
271,0.756,0,48,0,0,0,0,0,0,0,252,0,0,0,0,0
272,0.689,0,48,0,0,0,0,0,0,0,252,0,0,0,0,0
273,6.783,0,48,0,0,0,0,0,0,0,252,0,0,0,0,0
274,25.119,0,48,0,0,0,0,0,0,0,252,0,0,0,0,0
275,0.926,0,48,0,0,0,0,0,0,0,252,0,0,0,0,0
276,0.773,0,48,0,0,0,0,0,0,0,252,0,0,0,0,0
277,6.748,0,48,0,0,0,0,0,0,0,252,0,0,0,0,0
278,24.820,0,48,0,0,0,0,0,0,0,252,0,0,0,0,0
279,0.937,0,48,0,0,0,0,0,0,0,252,0,0,0,0,0
280,0.793,0,48,0,0,0,0,0,0,0,252,0,0,0,0,0
281,6.465,0,48,0,0,0,0,0,0,0,252,0,0,0,0,0
282,25.202,0,48,0,0,0,0,0,0,0,252,0,0,0,0,0
283,0.818,0,48,0,0,0,0,0,0,0,252,0,0,0,0,0
284,0.739,0,48,0,0,0,0,0,0,0,252,0,0,0,0,0
285,6.579,0,48,0,0,0,0,0,0,0,252,0,0,0,0,0
286,25.181,0,48,0,0,0,0,0,0,0,252,0,0,0,0,0
287,0.847,0,48,0,0,0,0,0,0,0,252,0,0,0,0,0
288,0.725,0,48,0,0,0,0,0,0,0,252,0,0,0,0,0
289,6.588,0,48,0,0,0,0,0,0,0,252,0,0,0,0,0
290,25.070,0,48,0,0,0,0,0,0,0,252,0,0,0,0,0
291,0.824,0,48,0,0,0,0,0,0,0,252,0,0,0,0,0
292,0.731,0,48,0,0,0,0,0,0,0,252,0,0,0,0,0
293,7.220,0,48,0,0,0,0,0,0,0,252,0,0,0,0,0
294,24.569,0,48,0,0,0,0,0,0,0,252,0,0,0,0,0
295,0.929,0,48,0,0,0,0,0,0,0,252,0,0,0,0,0
296,0.734,0,48,0,0,0,0,0,0,0,252,0,0,0,0,0
297,6.623,0,48,0,0,0,0,0,0,0,252,0,0,0,0,0
298,25.026,0,48,0,0,0,0,0,0,0,252,0,0,0,0,0
299,0.962,0,48,0,0,0,0,0,0,0,252,0,0,0,0,0
300,0.872,0,48,0,0,0,0,0,0,0,252,0,0,0,0,0
301,7.032,0,48,0,0,0,0,0,0,0,252,0,0,0,0,0
302,24.913,0,48,0,0,0,0,0,0,0,252,0,0,0,0,0
303,1.089,0,48,0,0,0,0,0,0,0,252,0,0,0,0,0
304,0.813,0,48,0,0,0,0,0,0,0,252,0,0,0,0,0
305,5.824,0,48,0,0,0,0,0,0,0,252,0,0,0,0,0
306,25.093,0,48,0,0,0,0,0,0,0,252,0,0,0,0,0
307,0.798,0,48,0,0,0,0,0,0,0,252,0,0,0,0,0
308,0.623,0,48,0,0,0,0,0,0,0,252,0,0,0,0,0
309,7.404,0,48,0,0,0,0,0,0,0,252,0,0,0,0,0
310,24.581,0,48,0,0,0,0,0,0,0,252,0,0,0,0,0
311,0.781,0,48,0,0,0,0,0,0,0,252,0,0,0,0,0
312,0.761,0,48,0,0,0,0,0,0,0,252,0,0,0,0,0
313,6.549,0,48,0,0,0,0,0,0,0,252,0,0,0,0,0
314,25.275,0,50,0,0,2,0,0,0,0,252,0,0,0,0,0
315,0.774,0,50,0,0,0,0,0,0,0,252,0,0,0,0,0
316,0.665,0,52,0,0,2,0,0,0,0,252,0,0,0,0,0
317,6.736,0,52,0,0,0,0,0,0,0,252,0,0,0,0,0
318,25.130,0,52,0,0,0,0,0,0,0,252,0,0,0,0,0
319,0.744,0,52,0,0,0,0,0,0,0,252,0,0,0,0,0
320,0.701,0,52,0,0,0,0,0,0,0,252,0,0,0,0,0
321,6.782,0,52,0,0,0,0,0,0,0,252,0,0,0,0,0
322,25.163,0,52,0,0,0,0,0,0,0,252,0,0,0,0,0
323,0.880,0,52,0,0,0,0,0,0,0,252,0,0,0,0,0
324,0.641,0,52,0,0,0,0,0,0,0,252,0,0,0,0,0
325,7.879,0,52,0,0,0,0,0,0,0,252,0,0,0,0,0
326,23.955,0,52,0,0,0,0,0,0,0,252,0,0,0,0,0
327,0.761,0,52,0,0,0,0,0,0,0,252,0,0,0,0,0
328,1.627,0,52,0,0,0,0,0,0,0,252,0,0,0,0,0
329,5.722,0,52,0,0,0,0,0,0,0,252,0,0,0,0,0
330,25.312,0,52,0,0,0,0,0,0,0,252,0,0,0,0,0
331,1.133,0,52,0,0,0,0,0,0,0,252,0,0,0,0,0
332,0.781,0,52,0,0,0,0,0,0,0,252,0,0,0,0,0
333,5.991,0,52,0,0,0,0,0,0,0,252,0,0,0,0,0
334,25.233,0,52,0,0,0,0,0,0,0,252,0,0,0,0,0
335,0.971,0,52,0,0,0,0,0,0,0,252,0,0,0,0,0
336,0.685,0,52,0,0,0,0,0,0,0,252,0,0,0,0,0
337,6.562,0,52,0,0,0,0,0,0,0,252,0,0,0,0,0
338,25.240,0,52,0,0,0,0,0,0,0,252,0,0,0,0,0
339,0.821,0,52,0,0,0,0,0,0,0,252,0,0,0,0,0
340,0.726,0,52,0,0,0,0,0,0,0,252,0,0,0,0,0
341,6.714,0,52,0,0,0,0,0,0,0,252,0,0,0,0,0
342,25.080,0,52,0,0,0,0,0,0,0,252,0,0,0,0,0
343,0.872,0,52,0,0,0,0,0,0,0,252,0,0,0,0,0
344,0.657,0,52,0,0,0,0,0,0,0,252,0,0,0,0,0
345,6.769,0,52,0,0,0,0,0,0,0,252,0,0,0,0,0
346,24.996,0,52,0,0,0,0,0,0,0,252,0,0,0,0,0
347,0.829,0,52,0,0,0,0,0,0,0,252,0,0,0,0,0
348,0.662,0,52,0,0,0,0,0,0,0,252,0,0,0,0,0
349,6.997,0,52,0,0,0,0,0,0,0,252,0,0,0,0,0
350,24.726,0,52,0,0,0,0,0,0,0,252,0,0,0,0,0
351,0.796,0,52,0,0,0,0,0,0,0,252,0,0,0,0,0
352,0.670,0,52,0,0,0,0,0,0,0,252,0,0,0,0,0
353,6.833,0,52,0,0,0,0,0,0,0,252,0,0,0,0,0
354,25.109,0,52,0,0,0,0,0,0,0,252,0,0,0,0,0
355,0.801,0,52,0,0,0,0,0,0,0,252,0,0,0,0,0
356,1.626,0,52,0,0,0,0,0,0,0,252,0,0,0,0,0
357,5.786,0,52,0,0,0,0,0,0,0,252,0,0,0,0,0
358,25.354,0,52,0,0,0,0,0,0,0,252,0,0,0,0,0
359,0.847,0,52,0,0,0,0,0,0,0,252,0,0,0,0,0
360,0.700,0,52,0,0,0,0,0,0,0,252,0,0,0,0,0
361,6.324,0,52,0,0,0,0,0,0,0,252,0,0,0,0,0
362,25.189,0,52,0,0,0,0,0,0,0,252,0,0,0,0,0
363,0.768,0,52,0,0,0,0,0,0,0,252,0,0,0,0,0
364,0.653,0,52,0,0,0,0,0,0,0,252,0,0,0,0,0
365,6.947,0,52,0,0,0,0,0,0,0,252,0,0,0,0,0
366,25.037,0,52,0,0,0,0,0,0,0,252,0,0,0,0,0
367,0.819,0,52,0,0,0,0,0,0,0,252,0,0,0,0,0
368,0.695,0,52,0,0,0,0,0,0,0,252,0,0,0,0,0
369,6.752,0,54,0,0,2,0,0,0,0,252,0,0,0,0,0
370,25.048,0,54,0,0,0,0,0,0,0,252,0,0,0,0,0
371,0.874,0,54,0,0,0,0,0,0,0,252,0,0,0,0,0
372,0.696,0,54,0,0,0,0,0,0,0,252,0,0,0,0,0
373,7.377,0,54,0,0,0,0,0,0,0,252,0,0,0,0,0
374,24.367,0,54,0,0,0,0,0,0,0,252,0,0,0,0,0
375,0.791,0,54,0,0,0,0,0,0,0,252,0,0,0,0,0
376,0.714,0,54,0,0,0,0,0,0,0,252,0,0,0,0,0
377,6.571,0,54,0,0,0,0,0,0,0,252,0,0,0,0,0
378,25.407,0,54,0,0,0,0,0,0,0,252,0,0,0,0,0
379,0.837,0,54,0,0,0,0,0,0,0,252,0,0,0,0,0
380,1.069,0,54,0,0,0,0,0,0,0,252,0,0,0,0,0
381,7.245,0,54,0,0,0,0,0,0,0,252,0,0,0,0,0
382,23.925,0,54,0,0,0,0,0,0,0,252,0,0,0,0,0
383,0.771,0,54,0,0,0,0,0,0,0,252,0,0,0,0,0
384,0.698,0,54,0,0,0,0,0,0,0,252,0,0,0,0,0
385,6.674,0,54,0,0,0,0,0,0,0,252,0,0,0,0,0
386,25.270,0,54,0,0,0,0,0,0,0,252,0,0,0,0,0
387,0.899,0,54,0,0,0,0,0,0,0,252,0,0,0,0,0
388,0.622,0,54,0,0,0,0,0,0,0,252,0,0,0,0,0
389,7.108,0,54,0,0,0,0,0,0,0,252,0,0,0,0,0
390,24.748,0,54,0,0,0,0,0,0,0,252,0,0,0,0,0
391,0.917,0,54,0,0,0,0,0,0,0,252,0,0,0,0,0
392,0.649,0,54,0,0,0,0,0,0,0,252,0,0,0,0,0
393,6.406,0,54,0,0,0,0,0,0,0,252,0,0,0,0,0
394,25.318,0,54,0,0,0,0,0,0,0,252,0,0,0,0,0
395,0.958,0,54,0,0,0,0,0,0,0,252,0,0,0,0,0
396,0.838,0,54,0,0,0,0,0,0,0,252,0,0,0,0,0
397,7.536,0,54,0,0,0,0,0,0,0,252,0,0,0,0,0
398,24.026,0,54,0,0,0,0,0,0,0,252,0,0,0,0,0
399,0.775,0,54,0,0,0,0,0,0,0,252,0,0,0,0,0
400,0.707,0,54,0,0,0,0,0,0,0,252,0,0,0,0,0
401,6.768,0,54,0,0,0,0,0,0,0,252,0,0,0,0,0
402,25.108,0,54,0,0,0,0,0,0,0,252,0,0,0,0,0
403,0.831,0,54,0,0,0,0,0,0,0,252,0,0,0,0,0
404,0.690,0,54,0,0,0,0,0,0,0,252,0,0,0,0,0
405,6.820,0,54,0,0,0,0,0,0,0,252,0,0,0,0,0
406,25.204,0,54,0,0,0,0,0,0,0,252,0,0,0,0,0
407,0.866,0,54,0,0,0,0,0,0,0,252,0,0,0,0,0
408,1.207,0,54,0,0,0,0,0,0,0,252,0,0,0,0,0
409,5.743,0,54,0,0,0,0,0,0,0,252,0,0,0,0,0
410,25.183,0,54,0,0,0,0,0,0,0,252,0,0,0,0,0
411,0.743,0,54,0,0,0,0,0,0,0,252,0,0,0,0,0
412,0.666,0,54,0,0,0,0,0,0,0,252,0,0,0,0,0
413,6.666,0,54,0,0,0,0,0,0,0,252,0,0,0,0,0
414,25.305,0,54,0,0,0,0,0,0,0,252,0,0,0,0,0
415,0.821,0,54,0,0,0,0,0,0,0,252,0,0,0,0,0
416,0.684,0,54,0,0,0,0,0,0,0,252,0,0,0,0,0
417,6.669,0,54,0,0,0,0,0,0,0,252,0,0,0,0,0
418,25.373,0,54,0,0,0,0,0,0,0,252,0,0,0,0,0
419,0.836,0,54,0,0,0,0,0,0,0,252,0,0,0,0,0
420,0.660,0,54,0,0,0,0,0,0,0,252,0,0,0,0,0
421,6.706,0,54,0,0,0,0,0,0,0,252,0,0,0,0,0
422,24.904,0,54,0,0,0,0,0,0,0,252,0,0,0,0,0
423,0.833,0,54,0,0,0,0,0,0,0,252,0,0,0,0,0
424,0.662,0,54,0,0,0,0,0,0,0,252,0,0,0,0,0
425,6.613,0,54,0,0,0,0,0,0,0,252,0,0,0,0,0
426,25.159,0,54,0,0,0,0,0,0,0,252,0,0,0,0,0
427,0.952,0,54,0,0,0,0,0,0,0,252,0,0,0,0,0
428,0.766,0,54,0,0,0,0,0,0,0,252,0,0,0,0,0
429,6.584,0,54,0,0,0,0,0,0,0,252,0,0,0,0,0
430,25.038,0,54,0,0,0,0,0,0,0,252,0,0,0,0,0
431,0.798,0,54,0,0,0,0,0,0,0,252,0,0,0,0,0
432,0.738,0,54,0,0,0,0,0,0,0,252,0,0,0,0,0
433,6.713,0,54,0,0,0,0,0,0,0,252,0,0,0,0,0
434,25.447,0,54,0,0,0,0,0,0,0,252,0,0,0,0,0
435,1.226,0,54,0,0,0,0,0,0,0,252,0,0,0,0,0
436,1.958,0,54,0,0,0,0,0,0,0,252,0,0,0,0,0
437,4.700,0,54,0,0,0,0,0,0,0,252,0,0,0,0,0
438,25.234,0,56,0,0,2,0,0,0,0,252,0,0,0,0,0
439,0.717,0,56,0,0,0,0,0,0,0,252,0,0,0,0,0
440,0.739,0,56,0,0,0,0,0,0,0,252,0,0,0,0,0
441,6.817,0,56,0,0,0,0,0,0,0,252,0,0,0,0,0
442,25.105,0,56,0,0,0,0,0,0,0,252,0,0,0,0,0
443,1.023,0,56,0,0,0,0,0,0,0,252,0,0,0,0,0
444,0.703,0,56,0,0,0,0,0,0,0,252,0,0,0,0,0
445,7.030,0,56,0,0,0,0,0,0,0,252,0,0,0,0,0
446,24.532,0,56,0,0,0,0,0,0,0,252,0,0,0,0,0
447,0.820,0,56,0,0,0,0,0,0,0,252,0,0,0,0,0
448,0.634,0,56,0,0,0,0,0,0,0,252,0,0,0,0,0
449,6.600,0,56,0,0,0,0,0,0,0,252,0,0,0,0,0
450,25.277,0,56,0,0,0,0,0,0,0,252,0,0,0,0,0
451,0.768,0,56,0,0,0,0,0,0,0,252,0,0,0,0,0
452,0.697,0,56,0,0,0,0,0,0,0,252,0,0,0,0,0
453,7.498,0,56,0,0,0,0,0,0,0,252,0,0,0,0,0
454,24.712,0,56,0,0,0,0,0,0,0,252,0,0,0,0,0
455,1.001,0,56,0,0,0,0,0,0,0,252,0,0,0,0,0
456,0.873,0,56,0,0,0,0,0,0,0,252,0,0,0,0,0
457,5.940,0,56,0,0,0,0,0,0,0,252,0,0,0,0,0
458,25.094,0,56,0,0,0,0,0,0,0,252,0,0,0,0,0
459,0.859,0,56,0,0,0,0,0,0,0,252,0,0,0,0,0
460,0.644,0,56,0,0,0,0,0,0,0,252,0,0,0,0,0
461,6.995,0,56,0,0,0,0,0,0,0,252,0,0,0,0,0
462,24.804,0,56,0,0,0,0,0,0,0,252,0,0,0,0,0
463,0.839,0,56,0,0,0,0,0,0,0,252,0,0,0,0,0
464,0.699,0,56,0,0,0,0,0,0,0,252,0,0,0,0,0
465,6.550,0,56,0,0,0,0,0,0,0,252,0,0,0,0,0
466,25.615,0,56,0,0,0,0,0,0,0,252,0,0,0,0,0
467,0.922,0,56,0,0,0,0,0,0,0,252,0,0,0,0,0
468,1.713,0,56,0,0,0,0,0,0,0,252,0,0,0,0,0
469,6.297,0,56,0,0,0,0,0,0,0,252,0,0,0,0,0
470,24.077,0,56,0,0,0,0,0,0,0,252,0,0,0,0,0
471,0.844,0,56,0,0,0,0,0,0,0,252,0,0,0,0,0
472,0.661,0,56,0,0,0,0,0,0,0,252,0,0,0,0,0
473,6.643,0,56,0,0,0,0,0,0,0,252,0,0,0,0,0
474,25.288,0,56,0,0,0,0,0,0,0,252,0,0,0,0,0
475,0.869,0,56,0,0,0,0,0,0,0,252,0,0,0,0,0
476,0.688,0,56,0,0,0,0,0,0,0,252,0,0,0,0,0
477,6.619,0,56,0,0,0,0,0,0,0,252,0,0,0,0,0
478,25.126,0,56,0,0,0,0,0,0,0,252,0,0,0,0,0
479,0.800,0,56,0,0,0,0,0,0,0,252,0,0,0,0,0
480,0.674,0,56,0,0,0,0,0,0,0,252,0,0,0,0,0
481,6.488,0,56,0,0,0,0,0,0,0,252,0,0,0,0,0
482,25.267,0,56,0,0,0,0,0,0,0,252,0,0,0,0,0
483,0.825,0,56,0,0,0,0,0,0,0,252,0,0,0,0,0
484,0.653,0,56,0,0,0,0,0,0,0,252,0,0,0,0,0
485,7.273,0,56,0,0,0,0,0,0,0,252,0,0,0,0,0
486,24.653,0,56,0,0,0,0,0,0,0,252,0,0,0,0,0
487,0.800,0,56,0,0,0,0,0,0,0,252,0,0,0,0,0
488,0.783,0,56,0,0,0,0,0,0,0,252,0,0,0,0,0
489,6.721,0,56,0,0,0,0,0,0,0,252,0,0,0,0,0
490,25.078,0,56,0,0,0,0,0,0,0,252,0,0,0,0,0
491,1.012,0,56,0,0,0,0,0,0,0,252,0,0,0,0,0
492,0.721,0,56,0,0,0,0,0,0,0,252,0,0,0,0,0
493,6.899,0,56,0,0,0,0,0,0,0,252,0,0,0,0,0
494,24.560,0,56,0,0,0,0,0,0,0,252,0,0,0,0,0
495,0.789,0,56,0,0,0,0,0,0,0,252,0,0,0,0,0
496,1.745,0,56,0,0,0,0,0,0,0,252,0,0,0,0,0
497,5.486,0,56,0,0,0,0,0,0,0,252,0,0,0,0,0
498,25.344,0,56,0,0,0,0,0,0,0,252,0,0,0,0,0
499,0.813,0,56,0,0,0,0,0,0,0,252,0,0,0,0,0
500,0.671,0,56,0,0,0,0,0,0,0,252,0,0,0,0,0
501,6.533,0,56,0,0,0,0,0,0,0,252,0,0,0,0,0
502,25.408,0,56,0,0,0,0,0,0,0,252,0,0,0,0,0
503,1.186,0,56,0,0,0,0,0,0,0,252,0,0,0,0,0
504,0.814,0,56,0,0,0,0,0,0,0,252,0,0,0,0,0
505,6.079,0,56,0,0,0,0,0,0,0,252,0,0,0,0,0
506,25.257,0,56,0,0,0,0,0,0,0,252,0,0,0,0,0
507,0.833,0,56,0,0,0,0,0,0,0,252,0,0,0,0,0
508,0.706,0,56,0,0,0,0,0,0,0,252,0,0,0,0,0
509,7.906,0,56,0,0,0,0,0,0,0,252,0,0,0,0,0
510,23.891,0,56,0,0,0,0,0,0,0,252,0,0,0,0,0
511,0.844,0,56,0,0,0,0,0,0,0,252,0,0,0,0,0
512,0.697,0,56,0,0,0,0,0,0,0,252,0,0,0,0,0
513,6.464,0,56,0,0,0,0,0,0,0,252,0,0,0,0,0
514,25.144,0,56,0,0,0,0,0,0,0,252,0,0,0,0,0
515,0.803,0,56,0,0,0,0,0,0,0,252,0,0,0,0,0
516,0.687,0,56,0,0,0,0,0,0,0,252,0,0,0,0,0
517,7.194,0,56,0,0,0,0,0,0,0,252,0,0,0,0,0
518,24.849,0,56,0,0,0,0,0,0,0,252,0,0,0,0,0
519,0.758,0,56,0,0,0,0,0,0,0,252,0,0,0,0,0
520,1.146,0,56,0,0,0,0,0,0,0,252,0,0,0,0,0
521,6.077,0,56,0,0,0,0,0,0,0,252,0,0,0,0,0
522,25.196,0,56,0,0,0,0,0,0,0,252,0,0,0,0,0
523,0.746,0,56,0,0,0,0,0,0,0,252,0,0,0,0,0
524,0.611,0,56,0,0,0,0,0,0,0,252,0,0,0,0,0
525,6.827,0,56,0,0,0,0,0,0,0,252,0,0,0,0,0
526,25.110,0,56,0,0,0,0,0,0,0,252,0,0,0,0,0
527,0.750,0,56,0,0,0,0,0,0,0,252,0,0,0,0,0
528,0.729,0,56,0,0,0,0,0,0,0,252,0,0,0,0,0
529,6.734,0,56,0,0,0,0,0,0,0,252,0,0,0,0,0
530,25.183,0,56,0,0,0,0,0,0,0,252,0,0,0,0,0
531,0.787,0,56,0,0,0,0,0,0,0,252,0,0,0,0,0
532,0.705,0,56,0,0,0,0,0,0,0,252,0,0,0,0,0
533,7.079,0,56,0,0,0,0,0,0,0,252,0,0,0,0,0
534,24.724,0,56,0,0,0,0,0,0,0,252,0,0,0,0,0
535,0.844,0,56,0,0,0,0,0,0,0,252,0,0,0,0,0
536,0.690,0,56,0,0,0,0,0,0,0,252,0,0,0,0,0
537,6.756,0,56,0,0,0,0,0,0,0,252,0,0,0,0,0
538,25.036,0,56,0,0,0,0,0,0,0,252,0,0,0,0,0
539,0.983,0,56,0,0,0,0,0,0,0,252,0,0,0,0,0
540,0.633,0,56,0,0,0,0,0,0,0,252,0,0,0,0,0
541,7.831,0,56,0,0,0,0,0,0,0,252,0,0,0,0,0
542,23.902,0,56,0,0,0,0,0,0,0,252,0,0,0,0,0
543,0.777,0,56,0,0,0,0,0,0,0,252,0,0,0,0,0
544,1.828,0,56,0,0,0,0,0,0,0,252,0,0,0,0,0
545,5.421,0,56,0,0,0,0,0,0,0,252,0,0,0,0,0
546,25.348,0,56,0,0,0,0,0,0,0,252,0,0,0,0,0
547,0.847,0,56,0,0,0,0,0,0,0,252,0,0,0,0,0
548,1.367,0,56,0,0,0,0,0,0,0,252,0,0,0,0,0
549,5.813,0,56,0,0,0,0,0,0,0,252,0,0,0,0,0
550,25.165,0,56,0,0,0,0,0,0,0,252,0,0,0,0,0
551,0.817,0,56,0,0,0,0,0,0,0,252,0,0,0,0,0
552,0.657,0,56,0,0,0,0,0,0,0,252,0,0,0,0,0
553,6.753,0,56,0,0,0,0,0,0,0,252,0,0,0,0,0
554,25.173,0,56,0,0,0,0,0,0,0,252,0,0,0,0,0
555,0.819,0,56,0,0,0,0,0,0,0,252,0,0,0,0,0
556,0.629,0,56,0,0,0,0,0,0,0,252,0,0,0,0,0
557,6.828,0,56,0,0,0,0,0,0,0,252,0,0,0,0,0
558,24.982,0,56,0,0,0,0,0,0,0,252,0,0,0,0,0
559,0.800,0,56,0,0,0,0,0,0,0,252,0,0,0,0,0
560,0.752,0,56,0,0,0,0,0,0,0,252,0,0,0,0,0
561,6.587,0,56,0,0,0,0,0,0,0,252,0,0,0,0,0
562,25.267,0,56,0,0,0,0,0,0,0,252,0,0,0,0,0
563,0.782,0,56,0,0,0,0,0,0,0,252,0,0,0,0,0
564,0.668,0,56,0,0,0,0,0,0,0,252,0,0,0,0,0
565,7.813,0,56,0,0,0,0,0,0,0,252,0,0,0,0,0
566,23.987,0,56,0,0,0,0,0,0,0,252,0,0,0,0,0
567,0.863,0,56,0,0,0,0,0,0,0,252,0,0,0,0,0
568,0.689,0,56,0,0,0,0,0,0,0,252,0,0,0,0,0
569,6.675,0,56,0,0,0,0,0,0,0,252,0,0,0,0,0
570,25.187,0,56,0,0,0,0,0,0,0,252,0,0,0,0,0
571,0.854,0,56,0,0,0,0,0,0,0,252,0,0,0,0,0
572,1.190,0,56,0,0,0,0,0,0,0,252,0,0,0,0,0
573,6.551,0,56,0,0,0,0,0,0,0,252,0,0,0,0,0
574,24.710,0,56,0,0,0,0,0,0,0,252,0,0,0,0,0
575,0.778,0,56,0,0,0,0,0,0,0,252,0,0,0,0,0
576,0.700,0,56,0,0,0,0,0,0,0,252,0,0,0,0,0
577,6.673,0,56,0,0,0,0,0,0,0,252,0,0,0,0,0
578,25.419,0,56,0,0,0,0,0,0,0,252,0,0,0,0,0
579,0.913,0,56,0,0,0,0,0,0,0,252,0,0,0,0,0
580,0.763,0,56,0,0,0,0,0,0,0,252,0,0,0,0,0
581,6.329,0,56,0,0,0,0,0,0,0,252,0,0,0,0,0
582,25.189,0,56,0,0,0,0,0,0,0,252,0,0,0,0,0
583,0.862,0,56,0,0,0,0,0,0,0,252,0,0,0,0,0
584,0.652,0,56,0,0,0,0,0,0,0,252,0,0,0,0,0
585,6.533,0,56,0,0,0,0,0,0,0,252,0,0,0,0,0
586,25.271,0,56,0,0,0,0,0,0,0,252,0,0,0,0,0
587,1.007,0,56,0,0,0,0,0,0,0,252,0,0,0,0,0
588,0.754,0,56,0,0,0,0,0,0,0,252,0,0,0,0,0
589,6.316,0,56,0,0,0,0,0,0,0,252,0,0,0,0,0
590,25.350,0,56,0,0,0,0,0,0,0,252,0,0,0,0,0
591,0.831,0,56,0,0,0,0,0,0,0,252,0,0,0,0,0
592,0.601,0,56,0,0,0,0,0,0,0,252,0,0,0,0,0
593,6.486,0,56,0,0,0,0,0,0,0,252,0,0,0,0,0
594,25.176,0,56,0,0,0,0,0,0,0,252,0,0,0,0,0
595,0.790,0,56,0,0,0,0,0,0,0,252,0,0,0,0,0
596,0.717,0,56,0,0,0,0,0,0,0,252,0,0,0,0,0
597,7.123,0,56,0,0,0,0,0,0,0,252,0,0,0,0,0
598,24.712,0,56,0,0,0,0,0,0,0,252,0,0,0,0,0
599,0.803,0,56,0,0,0,0,0,0,0,252,0,0,0,0,0
600,1.343,0,56,0,0,0,0,0,0,0,252,0,0,0,0,0
601,6.064,0,56,0,0,0,0,0,0,0,252,0,0,0,0,0
602,25.224,0,56,0,0,0,0,0,0,0,252,0,0,0,0,0
603,0.839,0,56,0,0,0,0,0,0,0,252,0,0,0,0,0
604,0.609,0,56,0,0,0,0,0,0,0,252,0,0,0,0,0
605,6.573,0,56,0,0,0,0,0,0,0,252,0,0,0,0,0
606,25.374,0,56,0,0,0,0,0,0,0,252,0,0,0,0,0
607,0.790,0,56,0,0,0,0,0,0,0,252,0,0,0,0,0
608,0.607,0,56,0,0,0,0,0,0,0,252,0,0,0,0,0
609,6.673,0,56,0,0,0,0,0,0,0,252,0,0,0,0,0
610,25.188,0,56,0,0,0,0,0,0,0,252,0,0,0,0,0
611,0.805,0,56,0,0,0,0,0,0,0,252,0,0,0,0,0
612,0.682,0,56,0,0,0,0,0,0,0,252,0,0,0,0,0
613,6.967,0,56,0,0,0,0,0,0,0,252,0,0,0,0,0
614,24.872,0,56,0,0,0,0,0,0,0,252,0,0,0,0,0
615,0.858,0,56,0,0,0,0,0,0,0,252,0,0,0,0,0
616,0.758,0,56,0,0,0,0,0,0,0,252,0,0,0,0,0
617,6.541,0,56,0,0,0,0,0,0,0,252,0,0,0,0,0
618,25.122,0,56,0,0,0,0,0,0,0,252,0,0,0,0,0
619,0.804,0,56,0,0,0,0,0,0,0,252,0,0,0,0,0
620,0.698,0,56,0,0,0,0,0,0,0,252,0,0,0,0,0
621,6.689,0,56,0,0,0,0,0,0,0,252,0,0,0,0,0
622,25.251,0,56,0,0,0,0,0,0,0,252,0,0,0,0,0
623,0.846,0,56,0,0,0,0,0,0,0,252,0,0,0,0,0
624,1.689,0,56,0,0,0,0,0,0,0,252,0,0,0,0,0
625,5.483,0,56,0,0,0,0,0,0,0,252,0,0,0,0,0
626,25.611,0,56,0,0,0,0,0,0,0,252,0,0,0,0,0
627,1.077,0,56,0,0,0,0,0,0,0,252,0,0,0,0,0
628,1.485,0,56,0,0,0,0,0,0,0,252,0,0,0,0,0
629,5.193,0,56,0,0,0,0,0,0,0,252,0,0,0,0,0
630,25.125,0,56,0,0,0,0,0,0,0,252,0,0,0,0,0
631,0.845,0,56,0,0,0,0,0,0,0,252,0,0,0,0,0
632,0.677,0,56,0,0,0,0,0,0,0,252,0,0,0,0,0
633,6.673,0,56,0,0,0,0,0,0,0,252,0,0,0,0,0
634,25.270,0,56,0,0,0,0,0,0,0,252,0,0,0,0,0
635,0.880,0,56,0,0,0,0,0,0,0,252,0,0,0,0,0
636,0.771,0,56,0,0,0,0,0,0,0,252,0,0,0,0,0
637,6.417,0,56,0,0,0,0,0,0,0,252,0,0,0,0,0
638,25.095,0,56,0,0,0,0,0,0,0,252,0,0,0,0,0
639,0.880,0,56,0,0,0,0,0,0,0,252,0,0,0,0,0
640,0.714,0,56,0,0,0,0,0,0,0,252,0,0,0,0,0
641,6.670,0,56,0,0,0,0,0,0,0,252,0,0,0,0,0
642,25.056,0,56,0,0,0,0,0,0,0,252,0,0,0,0,0
643,0.739,0,56,0,0,0,0,0,0,0,252,0,0,0,0,0
644,0.631,0,56,0,0,0,0,0,0,0,252,0,0,0,0,0
645,7.419,0,56,0,0,0,0,0,0,0,252,0,0,0,0,0
646,24.751,0,56,0,0,0,0,0,0,0,252,0,0,0,0,0
647,1.002,0,56,0,0,0,0,0,0,0,252,0,0,0,0,0
648,2.104,0,56,0,0,0,0,0,0,0,252,0,0,0,0,0
649,5.139,0,56,0,0,0,0,0,0,0,252,0,0,0,0,0
650,25.124,0,56,0,0,0,0,0,0,0,252,0,0,0,0,0
651,0.829,0,56,0,0,0,0,0,0,0,252,0,0,0,0,0
652,0.658,0,56,0,0,0,0,0,0,0,252,0,0,0,0,0
653,6.514,0,56,0,0,0,0,0,0,0,252,0,0,0,0,0
654,25.159,0,56,0,0,0,0,0,0,0,252,0,0,0,0,0
655,0.769,0,56,0,0,0,0,0,0,0,252,0,0,0,0,0
656,0.614,0,56,0,0,0,0,0,0,0,252,0,0,0,0,0
657,6.644,0,56,0,0,0,0,0,0,0,252,0,0,0,0,0
658,25.456,0,56,0,0,0,0,0,0,0,252,0,0,0,0,0
659,0.804,0,56,0,0,0,0,0,0,0,252,0,0,0,0,0
660,0.654,0,56,0,0,0,0,0,0,0,252,0,0,0,0,0
661,6.554,0,56,0,0,0,0,0,0,0,252,0,0,0,0,0
662,25.284,0,56,0,0,0,0,0,0,0,252,0,0,0,0,0
663,0.760,0,56,0,0,0,0,0,0,0,252,0,0,0,0,0
664,0.629,0,56,0,0,0,0,0,0,0,252,0,0,0,0,0
665,6.803,0,56,0,0,0,0,0,0,0,252,0,0,0,0,0
666,25.462,0,56,0,0,0,0,0,0,0,252,0,0,0,0,0
667,1.017,0,56,0,0,0,0,0,0,0,252,0,0,0,0,0
668,0.931,0,56,0,0,0,0,0,0,0,252,0,0,0,0,0
669,5.740,0,56,0,0,0,0,0,0,0,252,0,0,0,0,0
670,25.227,0,56,0,0,0,0,0,0,0,252,0,0,0,0,0
671,0.856,0,56,0,0,0,0,0,0,0,252,0,0,0,0,0
672,0.813,0,56,0,0,0,0,0,0,0,252,0,0,0,0,0
673,6.476,0,56,0,0,0,0,0,0,0,252,0,0,0,0,0
674,25.195,0,56,0,0,0,0,0,0,0,252,0,0,0,0,0
675,0.808,0,56,0,0,0,0,0,0,0,252,0,0,0,0,0
676,1.194,0,56,0,0,0,0,0,0,0,252,0,0,0,0,0
677,6.195,0,56,0,0,0,0,0,0,0,252,0,0,0,0,0
678,25.163,0,56,0,0,0,0,0,0,0,252,0,0,0,0,0
679,0.792,0,56,0,0,0,0,0,0,0,252,0,0,0,0,0
680,0.636,0,56,0,0,0,0,0,0,0,252,0,0,0,0,0
681,6.681,0,56,0,0,0,0,0,0,0,252,0,0,0,0,0
682,25.304,0,56,0,0,0,0,0,0,0,252,0,0,0,0,0
683,0.829,0,56,0,0,0,0,0,0,0,252,0,0,0,0,0
684,0.634,0,56,0,0,0,0,0,0,0,252,0,0,0,0,0
685,6.964,0,56,0,0,0,0,0,0,0,252,0,0,0,0,0
686,24.800,0,56,0,0,0,0,0,0,0,252,0,0,0,0,0
687,0.818,0,56,0,0,0,0,0,0,0,252,0,0,0,0,0
688,0.697,0,56,0,0,0,0,0,0,0,252,0,0,0,0,0
689,6.718,0,56,0,0,0,0,0,0,0,252,0,0,0,0,0
690,25.036,0,56,0,0,0,0,0,0,0,252,0,0,0,0,0
691,0.866,0,56,0,0,0,0,0,0,0,252,0,0,0,0,0
692,0.728,0,56,0,0,0,0,0,0,0,252,0,0,0,0,0
693,7.268,0,56,0,0,0,0,0,0,0,252,0,0,0,0,0
694,24.519,0,56,0,0,0,0,0,0,0,252,0,0,0,0,0
695,0.797,0,56,0,0,0,0,0,0,0,252,0,0,0,0,0
696,0.645,0,56,0,0,0,0,0,0,0,252,0,0,0,0,0
697,6.684,0,56,0,0,0,0,0,0,0,252,0,0,0,0,0
698,25.139,0,56,0,0,0,0,0,0,0,252,0,0,0,0,0
699,0.754,0,56,0,0,0,0,0,0,0,252,0,0,0,0,0
700,0.679,0,56,0,0,0,0,0,0,0,252,0,0,0,0,0
701,7.463,0,56,0,0,0,0,0,0,0,252,0,0,0,0,0
702,24.560,0,56,0,0,0,0,0,0,0,252,0,0,0,0,0
703,0.790,0,56,0,0,0,0,0,0,0,252,0,0,0,0,0
704,1.187,0,56,0,0,0,0,0,0,0,252,0,0,0,0,0
705,6.066,0,56,0,0,0,0,0,0,0,252,0,0,0,0,0
706,25.305,0,56,0,0,0,0,0,0,0,252,0,0,0,0,0
707,0.768,0,56,0,0,0,0,0,0,0,252,0,0,0,0,0
708,0.657,0,56,0,0,0,0,0,0,0,252,0,0,0,0,0
709,6.936,0,56,0,0,0,0,0,0,0,252,0,0,0,0,0
710,24.875,0,56,0,0,0,0,0,0,0,252,0,0,0,0,0
711,0.805,0,56,0,0,0,0,0,0,0,252,0,0,0,0,0
712,0.747,0,56,0,0,0,0,0,0,0,252,0,0,0,0,0
713,6.487,0,56,0,0,0,0,0,0,0,252,0,0,0,0,0
714,25.473,0,56,0,0,0,0,0,0,0,252,0,0,0,0,0
715,0.970,0,56,0,0,0,0,0,0,0,252,0,0,0,0,0
716,0.666,0,56,0,0,0,0,0,0,0,252,0,0,0,0,0
717,6.239,0,56,0,0,0,0,0,0,0,252,0,0,0,0,0
718,25.307,0,56,0,0,0,0,0,0,0,252,0,0,0,0,0
719,0.857,0,56,0,0,0,0,0,0,0,252,0,0,0,0,0
720,0.759,0,56,0,0,0,0,0,0,0,252,0,0,0,0,0
721,7.024,0,56,0,0,0,0,0,0,0,252,0,0,0,0,0
722,24.659,0,56,0,0,0,0,0,0,0,252,0,0,0,0,0
723,0.773,0,56,0,0,0,0,0,0,0,252,0,0,0,0,0
724,0.603,0,56,0,0,0,0,0,0,0,252,0,0,0,0,0
725,7.446,0,56,0,0,0,0,0,0,0,252,0,0,0,0,0
726,24.563,0,56,0,0,0,0,0,0,0,252,0,0,0,0,0
727,0.794,0,56,0,0,0,0,0,0,0,252,0,0,0,0,0
728,0.603,0,56,0,0,0,0,0,0,0,252,0,0,0,0,0
729,6.780,0,56,0,0,0,0,0,0,0,252,0,0,0,0,0
730,25.192,0,56,0,0,0,0,0,0,0,252,0,0,0,0,0
731,0.861,0,56,0,0,0,0,0,0,0,252,0,0,0,0,0
732,1.701,0,56,0,0,0,0,0,0,0,252,0,0,0,0,0
733,6.070,0,56,0,0,0,0,0,0,0,252,0,0,0,0,0
734,24.820,0,56,0,0,0,0,0,0,0,252,0,0,0,0,0
735,0.785,0,56,0,0,0,0,0,0,0,252,0,0,0,0,0
736,0.667,0,56,0,0,0,0,0,0,0,252,0,0,0,0,0
737,6.403,0,56,0,0,0,0,0,0,0,252,0,0,0,0,0
738,25.256,0,56,0,0,0,0,0,0,0,252,0,0,0,0,0
739,1.018,0,56,0,0,0,0,0,0,0,252,0,0,0,0,0
740,0.613,0,56,0,0,0,0,0,0,0,252,0,0,0,0,0
741,6.440,0,56,0,0,0,0,0,0,0,252,0,0,0,0,0
742,25.245,0,56,0,0,0,0,0,0,0,252,0,0,0,0,0
743,0.797,0,56,0,0,0,0,0,0,0,252,0,0,0,0,0
744,0.602,0,56,0,0,0,0,0,0,0,252,0,0,0,0,0
745,6.736,0,56,0,0,0,0,0,0,0,252,0,0,0,0,0
746,25.290,0,56,0,0,0,0,0,0,0,252,0,0,0,0,0
747,0.800,0,56,0,0,0,0,0,0,0,252,0,0,0,0,0
748,0.631,0,56,0,0,0,0,0,0,0,252,0,0,0,0,0
749,6.683,0,56,0,0,0,0,0,0,0,252,0,0,0,0,0
750,25.187,0,56,0,0,0,0,0,0,0,252,0,0,0,0,0
751,0.773,0,56,0,0,0,0,0,0,0,252,0,0,0,0,0
752,0.618,0,56,0,0,0,0,0,0,0,252,0,0,0,0,0
753,6.669,0,56,0,0,0,0,0,0,0,252,0,0,0,0,0
754,25.177,0,56,0,0,0,0,0,0,0,252,0,0,0,0,0
755,0.770,0,56,0,0,0,0,0,0,0,252,0,0,0,0,0
756,0.653,0,56,0,0,0,0,0,0,0,252,0,0,0,0,0
757,7.319,0,56,0,0,0,0,0,0,0,252,0,0,0,0,0
758,24.743,0,56,0,0,0,0,0,0,0,252,0,0,0,0,0
759,0.955,0,56,0,0,0,0,0,0,0,252,0,0,0,0,0
760,1.712,0,56,0,0,0,0,0,0,0,252,0,0,0,0,0
761,5.187,0,56,0,0,0,0,0,0,0,252,0,0,0,0,0
762,25.619,0,56,0,0,0,0,0,0,0,252,0,0,0,0,0
763,0.796,0,56,0,0,0,0,0,0,0,252,0,0,0,0,0
764,0.695,0,56,0,0,0,0,0,0,0,252,0,0,0,0,0
765,6.314,0,56,0,0,0,0,0,0,0,252,0,0,0,0,0
766,25.304,0,56,0,0,0,0,0,0,0,252,0,0,0,0,0
767,0.798,0,56,0,0,0,0,0,0,0,252,0,0,0,0,0
768,0.699,0,56,0,0,0,0,0,0,0,252,0,0,0,0,0
769,6.495,0,56,0,0,0,0,0,0,0,252,0,0,0,0,0
770,25.450,0,56,0,0,0,0,0,0,0,252,0,0,0,0,0
771,0.919,0,56,0,0,0,0,0,0,0,252,0,0,0,0,0
772,0.674,0,56,0,0,0,0,0,0,0,252,0,0,0,0,0
773,6.889,0,56,0,0,0,0,0,0,0,252,0,0,0,0,0
774,24.718,0,56,0,0,0,0,0,0,0,252,0,0,0,0,0
775,0.921,0,56,0,0,0,0,0,0,0,252,0,0,0,0,0
776,0.604,0,56,0,0,0,0,0,0,0,252,0,0,0,0,0
777,6.841,0,56,0,0,0,0,0,0,0,252,0,0,0,0,0
778,25.202,0,56,0,0,0,0,0,0,0,252,0,0,0,0,0
779,0.912,0,56,0,0,0,0,0,0,0,252,0,0,0,0,0
780,0.684,0,56,0,0,0,0,0,0,0,252,0,0,0,0,0
781,6.664,0,56,0,0,0,0,0,0,0,252,0,0,0,0,0
782,24.822,0,56,0,0,0,0,0,0,0,252,0,0,0,0,0
783,0.853,0,56,0,0,0,0,0,0,0,252,0,0,0,0,0
784,0.626,0,56,0,0,0,0,0,0,0,252,0,0,0,0,0
785,6.625,0,56,0,0,0,0,0,0,0,252,0,0,0,0,0
786,25.258,0,56,0,0,0,0,0,0,0,252,0,0,0,0,0
787,0.926,0,56,0,0,0,0,0,0,0,252,0,0,0,0,0
788,2.658,0,56,0,0,0,0,0,0,0,252,0,0,0,0,0
789,4.341,0,56,0,0,0,0,0,0,0,252,0,0,0,0,0
790,25.393,0,56,0,0,0,0,0,0,0,252,0,0,0,0,0
791,0.869,0,56,0,0,0,0,0,0,0,252,0,0,0,0,0
792,0.712,0,56,0,0,0,0,0,0,0,252,0,0,0,0,0
793,6.523,0,56,0,0,0,0,0,0,0,252,0,0,0,0,0
794,25.298,0,56,0,0,0,0,0,0,0,252,0,0,0,0,0
795,0.872,0,56,0,0,0,0,0,0,0,252,0,0,0,0,0
796,0.688,0,56,0,0,0,0,0,0,0,252,0,0,0,0,0
797,6.484,0,56,0,0,0,0,0,0,0,252,0,0,0,0,0
798,25.245,0,56,0,0,0,0,0,0,0,252,0,0,0,0,0
799,0.768,0,56,0,0,0,0,0,0,0,252,0,0,0,0,0
800,0.654,0,56,0,0,0,0,0,0,0,252,0,0,0,0,0
801,6.604,0,56,0,0,0,0,0,0,0,252,0,0,0,0,0
802,25.267,0,56,0,0,0,0,0,0,0,252,0,0,0,0,0
803,0.884,0,56,0,0,0,0,0,0,0,252,0,0,0,0,0
804,0.674,0,56,0,0,0,0,0,0,0,252,0,0,0,0,0
805,7.849,0,56,0,0,0,0,0,0,0,252,0,0,0,0,0
806,23.953,0,56,0,0,0,0,0,0,0,252,0,0,0,0,0
807,0.784,0,56,0,0,0,0,0,0,0,252,0,0,0,0,0
808,0.625,0,56,0,0,0,0,0,0,0,252,0,0,0,0,0
809,6.586,0,56,0,0,0,0,0,0,0,252,0,0,0,0,0
810,25.330,0,56,0,0,0,0,0,0,0,252,0,0,0,0,0
811,0.765,0,56,0,0,0,0,0,0,0,252,0,0,0,0,0
812,0.644,0,56,0,0,0,0,0,0,0,252,0,0,0,0,0
813,7.618,0,56,0,0,0,0,0,0,0,252,0,0,0,0,0
814,24.309,0,56,0,0,0,0,0,0,0,252,0,0,0,0,0
815,0.813,0,56,0,0,0,0,0,0,0,252,0,0,0,0,0
816,0.669,0,56,0,0,0,0,0,0,0,252,0,0,0,0,0
817,6.670,0,56,0,0,0,0,0,0,0,252,0,0,0,0,0
818,25.271,0,56,0,0,0,0,0,0,0,252,0,0,0,0,0
819,1.079,0,56,0,0,0,0,0,0,0,252,0,0,0,0,0
820,0.744,0,56,0,0,0,0,0,0,0,252,0,0,0,0,0
821,6.704,0,56,0,0,0,0,0,0,0,252,0,0,0,0,0
822,24.706,0,56,0,0,0,0,0,0,0,252,0,0,0,0,0
823,0.910,0,56,0,0,0,0,0,0,0,252,0,0,0,0,0
824,1.454,0,56,0,0,0,0,0,0,0,252,0,0,0,0,0
825,5.641,0,56,0,0,0,0,0,0,0,252,0,0,0,0,0
826,25.334,0,56,0,0,0,0,0,0,0,252,0,0,0,0,0
827,0.727,0,56,0,0,0,0,0,0,0,252,0,0,0,0,0
828,0.665,0,56,0,0,0,0,0,0,0,252,0,0,0,0,0
829,7.346,0,56,0,0,0,0,0,0,0,252,0,0,0,0,0
830,24.568,0,56,0,0,0,0,0,0,0,252,0,0,0,0,0
831,0.754,0,56,0,0,0,0,0,0,0,252,0,0,0,0,0
832,0.754,0,56,0,0,0,0,0,0,0,252,0,0,0,0,0
833,6.540,0,56,0,0,0,0,0,0,0,252,0,0,0,0,0
834,25.602,0,56,0,0,0,0,0,0,0,252,0,0,0,0,0
835,1.087,0,56,0,0,0,0,0,0,0,252,0,0,0,0,0
836,0.912,0,56,0,0,0,0,0,0,0,252,0,0,0,0,0
837,7.106,0,56,0,0,0,0,0,0,0,252,0,0,0,0,0
838,23.869,0,56,0,0,0,0,0,0,0,252,0,0,0,0,0
839,0.790,0,56,0,0,0,0,0,0,0,252,0,0,0,0,0
840,0.690,0,56,0,0,0,0,0,0,0,252,0,0,0,0,0
841,6.849,0,56,0,0,0,0,0,0,0,252,0,0,0,0,0
842,25.162,0,56,0,0,0,0,0,0,0,252,0,0,0,0,0
843,0.766,0,56,0,0,0,0,0,0,0,252,0,0,0,0,0
844,0.666,0,56,0,0,0,0,0,0,0,252,0,0,0,0,0
845,6.610,0,56,0,0,0,0,0,0,0,252,0,0,0,0,0
846,25.218,0,56,0,0,0,0,0,0,0,252,0,0,0,0,0
847,0.878,0,56,0,0,0,0,0,0,0,252,0,0,0,0,0
848,0.766,0,56,0,0,0,0,0,0,0,252,0,0,0,0,0
849,6.432,0,56,0,0,0,0,0,0,0,252,0,0,0,0,0
850,25.472,0,56,0,0,0,0,0,0,0,252,0,0,0,0,0
851,0.733,0,56,0,0,0,0,0,0,0,252,0,0,0,0,0
852,1.246,0,56,0,0,0,0,0,0,0,252,0,0,0,0,0
853,7.022,0,56,0,0,0,0,0,0,0,252,0,0,0,0,0
854,24.084,0,56,0,0,0,0,0,0,0,252,0,0,0,0,0
855,0.803,0,56,0,0,0,0,0,0,0,252,0,0,0,0,0
856,0.666,0,56,0,0,0,0,0,0,0,252,0,0,0,0,0
857,6.665,0,56,0,0,0,0,0,0,0,252,0,0,0,0,0
858,25.159,0,56,0,0,0,0,0,0,0,252,0,0,0,0,0
859,0.783,0,56,0,0,0,0,0,0,0,252,0,0,0,0,0
860,0.663,0,56,0,0,0,0,0,0,0,252,0,0,0,0,0
861,7.137,0,56,0,0,0,0,0,0,0,252,0,0,0,0,0
862,24.912,0,56,0,0,0,0,0,0,0,252,0,0,0,0,0
863,0.846,0,56,0,0,0,0,0,0,0,252,0,0,0,0,0
864,0.621,0,56,0,0,0,0,0,0,0,252,0,0,0,0,0
865,6.666,0,56,0,0,0,0,0,0,0,252,0,0,0,0,0
866,25.168,0,56,0,0,0,0,0,0,0,252,0,0,0,0,0
867,0.838,0,56,0,0,0,0,0,0,0,252,0,0,0,0,0
868,0.674,0,56,0,0,0,0,0,0,0,252,0,0,0,0,0
869,7.819,0,56,0,0,0,0,0,0,0,252,0,0,0,0,0
870,23.989,0,56,0,0,0,0,0,0,0,252,0,0,0,0,0
871,0.939,0,56,0,0,0,0,0,0,0,252,0,0,0,0,0
872,0.627,0,56,0,0,0,0,0,0,0,252,0,0,0,0,0
873,6.631,0,56,0,0,0,0,0,0,0,252,0,0,0,0,0
874,25.052,0,56,0,0,0,0,0,0,0,252,0,0,0,0,0
875,0.836,0,56,0,0,0,0,0,0,0,252,0,0,0,0,0
876,0.610,0,56,0,0,0,0,0,0,0,252,0,0,0,0,0
877,6.666,0,56,0,0,0,0,0,0,0,252,0,0,0,0,0
878,25.236,0,56,0,0,0,0,0,0,0,252,0,0,0,0,0
879,0.744,0,56,0,0,0,0,0,0,0,252,0,0,0,0,0
880,0.654,0,56,0,0,0,0,0,0,0,252,0,0,0,0,0
881,6.756,0,56,0,0,0,0,0,0,0,252,0,0,0,0,0
882,25.108,0,56,0,0,0,0,0,0,0,252,0,0,0,0,0
883,0.980,0,56,0,0,0,0,0,0,0,252,0,0,0,0,0
884,0.674,0,56,0,0,0,0,0,0,0,252,0,0,0,0,0
885,6.470,0,56,0,0,0,0,0,0,0,252,0,0,0,0,0
886,25.283,0,56,0,0,0,0,0,0,0,252,0,0,0,0,0
887,0.737,0,56,0,0,0,0,0,0,0,252,0,0,0,0,0
888,0.682,0,56,0,0,0,0,0,0,0,252,0,0,0,0,0
889,6.582,0,56,0,0,0,0,0,0,0,252,0,0,0,0,0
890,25.375,0,56,0,0,0,0,0,0,0,252,0,0,0,0,0
891,0.983,0,56,0,0,0,0,0,0,0,252,0,0,0,0,0
892,0.791,0,56,0,0,0,0,0,0,0,252,0,0,0,0,0
893,6.425,0,56,0,0,0,0,0,0,0,252,0,0,0,0,0
894,25.027,0,56,0,0,0,0,0,0,0,252,0,0,0,0,0
895,0.834,0,56,0,0,0,0,0,0,0,252,0,0,0,0,0
896,0.700,0,56,0,0,0,0,0,0,0,252,0,0,0,0,0
897,6.455,0,56,0,0,0,0,0,0,0,252,0,0,0,0,0
898,25.406,0,56,0,0,0,0,0,0,0,252,0,0,0,0,0
899,0.760,0,56,0,0,0,0,0,0,0,252,0,0,0,0,0
900,0.733,0,56,0,0,0,0,0,0,0,252,0,0,0,0,0
901,7.257,0,56,0,0,0,0,0,0,0,252,0,0,0,0,0
902,24.450,0,56,0,0,0,0,0,0,0,252,0,0,0,0,0
903,0.821,0,56,0,0,0,0,0,0,0,252,0,0,0,0,0
904,1.653,0,56,0,0,0,0,0,0,0,252,0,0,0,0,0
905,5.651,0,56,0,0,0,0,0,0,0,252,0,0,0,0,0
906,25.309,0,56,0,0,0,0,0,0,0,252,0,0,0,0,0
907,0.798,0,56,0,0,0,0,0,0,0,252,0,0,0,0,0
908,0.633,0,56,0,0,0,0,0,0,0,252,0,0,0,0,0
909,6.548,0,56,0,0,0,0,0,0,0,252,0,0,0,0,0
910,25.354,0,56,0,0,0,0,0,0,0,252,0,0,0,0,0
911,0.805,0,56,0,0,0,0,0,0,0,252,0,0,0,0,0
912,0.717,0,56,0,0,0,0,0,0,0,252,0,0,0,0,0
913,6.490,0,56,0,0,0,0,0,0,0,252,0,0,0,0,0
914,25.308,0,56,0,0,0,0,0,0,0,252,0,0,0,0,0
915,0.804,0,56,0,0,0,0,0,0,0,252,0,0,0,0,0
916,0.688,0,56,0,0,0,0,0,0,0,252,0,0,0,0,0
917,7.043,0,56,0,0,0,0,0,0,0,252,0,0,0,0,0
918,24.714,0,56,0,0,0,0,0,0,0,252,0,0,0,0,0
919,0.859,0,56,0,0,0,0,0,0,0,252,0,0,0,0,0
920,0.622,0,56,0,0,0,0,0,0,0,252,0,0,0,0,0
921,6.867,0,56,0,0,0,0,0,0,0,252,0,0,0,0,0
922,24.979,0,56,0,0,0,0,0,0,0,252,0,0,0,0,0
923,0.857,0,56,0,0,0,0,0,0,0,252,0,0,0,0,0
924,0.602,0,56,0,0,0,0,0,0,0,252,0,0,0,0,0
925,6.821,0,56,0,0,0,0,0,0,0,252,0,0,0,0,0
926,25.035,0,56,0,0,0,0,0,0,0,252,0,0,0,0,0
927,0.835,0,56,0,0,0,0,0,0,0,252,0,0,0,0,0
928,0.715,0,56,0,0,0,0,0,0,0,252,0,0,0,0,0
929,6.636,0,56,0,0,0,0,0,0,0,252,0,0,0,0,0
930,25.164,0,56,0,0,0,0,0,0,0,252,0,0,0,0,0
931,0.762,0,56,0,0,0,0,0,0,0,252,0,0,0,0,0
932,0.856,0,56,0,0,0,0,0,0,0,252,0,0,0,0,0
933,6.599,0,56,0,0,0,0,0,0,0,252,0,0,0,0,0
934,25.262,0,56,0,0,0,0,0,0,0,252,0,0,0,0,0
935,0.804,0,56,0,0,0,0,0,0,0,252,0,0,0,0,0
936,1.120,0,56,0,0,0,0,0,0,0,252,0,0,0,0,0
937,6.131,0,56,0,0,0,0,0,0,0,252,0,0,0,0,0
938,25.131,0,56,0,0,0,0,0,0,0,252,0,0,0,0,0
939,0.839,0,56,0,0,0,0,0,0,0,252,0,0,0,0,0
940,0.726,0,56,0,0,0,0,0,0,0,252,0,0,0,0,0
941,6.854,0,56,0,0,0,0,0,0,0,252,0,0,0,0,0
942,25.057,0,56,0,0,0,0,0,0,0,252,0,0,0,0,0
943,0.825,0,56,0,0,0,0,0,0,0,252,0,0,0,0,0
944,0.706,0,56,0,0,0,0,0,0,0,252,0,0,0,0,0
945,6.466,0,56,0,0,0,0,0,0,0,252,0,0,0,0,0
946,25.187,0,56,0,0,0,0,0,0,0,252,0,0,0,0,0
947,0.855,0,56,0,0,0,0,0,0,0,252,0,0,0,0,0
948,0.713,0,56,0,0,0,0,0,0,0,252,0,0,0,0,0
949,7.143,0,56,0,0,0,0,0,0,0,252,0,0,0,0,0
950,24.854,0,56,0,0,0,0,0,0,0,252,0,0,0,0,0
951,0.794,0,56,0,0,0,0,0,0,0,252,0,0,0,0,0
952,0.695,0,56,0,0,0,0,0,0,0,252,0,0,0,0,0
953,6.615,0,56,0,0,0,0,0,0,0,252,0,0,0,0,0
954,25.043,0,56,0,0,0,0,0,0,0,252,0,0,0,0,0
955,0.839,0,56,0,0,0,0,0,0,0,252,0,0,0,0,0
956,0.778,0,56,0,0,0,0,0,0,0,252,0,0,0,0,0
957,6.773,0,56,0,0,0,0,0,0,0,252,0,0,0,0,0
958,25.014,0,56,0,0,0,0,0,0,0,252,0,0,0,0,0
959,0.834,0,56,0,0,0,0,0,0,0,252,0,0,0,0,0
960,0.714,0,56,0,0,0,0,0,0,0,252,0,0,0,0,0
961,6.525,0,56,0,0,0,0,0,0,0,252,0,0,0,0,0
962,25.218,0,56,0,0,0,0,0,0,0,252,0,0,0,0,0
963,0.883,0,56,0,0,0,0,0,0,0,252,0,0,0,0,0
964,1.706,0,56,0,0,0,0,0,0,0,252,0,0,0,0,0
965,5.609,0,56,0,0,0,0,0,0,0,252,0,0,0,0,0
966,25.287,0,56,0,0,0,0,0,0,0,252,0,0,0,0,0
967,0.856,0,56,0,0,0,0,0,0,0,252,0,0,0,0,0
968,0.596,0,56,0,0,0,0,0,0,0,252,0,0,0,0,0
969,6.287,0,56,0,0,0,0,0,0,0,252,0,0,0,0,0
970,25.479,0,56,0,0,0,0,0,0,0,252,0,0,0,0,0
971,0.743,0,56,0,0,0,0,0,0,0,252,0,0,0,0,0
972,0.716,0,56,0,0,0,0,0,0,0,252,0,0,0,0,0
973,7.123,0,56,0,0,0,0,0,0,0,252,0,0,0,0,0
974,24.832,0,56,0,0,0,0,0,0,0,252,0,0,0,0,0
975,0.905,0,56,0,0,0,0,0,0,0,252,0,0,0,0,0
976,0.714,0,56,0,0,0,0,0,0,0,252,0,0,0,0,0
977,6.279,0,56,0,0,0,0,0,0,0,252,0,0,0,0,0
978,25.382,0,56,0,0,0,0,0,0,0,252,0,0,0,0,0
979,0.851,0,56,0,0,0,0,0,0,0,252,0,0,0,0,0
980,0.619,0,56,0,0,0,0,0,0,0,252,0,0,0,0,0
981,6.487,0,56,0,0,0,0,0,0,0,252,0,0,0,0,0
982,25.243,0,58,0,0,2,0,0,0,0,252,0,0,0,0,0
983,0.816,0,58,0,0,0,0,0,0,0,252,0,0,0,0,0
984,0.728,0,58,0,0,0,0,0,0,0,252,0,0,0,0,0
985,6.639,0,58,0,0,0,0,0,0,0,252,0,0,0,0,0
986,25.303,0,58,0,0,0,0,0,0,0,252,0,0,0,0,0
987,0.989,0,58,0,0,0,0,0,0,0,252,0,0,0,0,0
988,1.447,0,58,0,0,0,0,0,0,0,252,0,0,0,0,0
989,5.980,0,58,0,0,0,0,0,0,0,252,0,0,0,0,0
990,24.885,0,58,0,0,0,0,0,0,0,252,0,0,0,0,0
991,0.790,0,58,0,0,0,0,0,0,0,252,0,0,0,0,0
992,0.716,0,58,0,0,0,0,0,0,0,252,0,0,0,0,0
993,6.441,0,58,0,0,0,0,0,0,0,252,0,0,0,0,0
994,25.358,0,58,0,0,0,0,0,0,0,252,0,0,0,0,0
995,0.874,0,58,0,0,0,0,0,0,0,252,0,0,0,0,0
996,0.699,0,58,0,0,0,0,0,0,0,252,0,0,0,0,0
997,6.502,0,58,0,0,0,0,0,0,0,252,0,0,0,0,0
998,25.255,0,58,0,0,0,0,0,0,0,252,0,0,0,0,0
999,0.786,0,58,0,0,0,0,0,0,0,252,0,0,0,0,0
1000,0.640,0,58,0,0,0,0,0,0,0,252,0,0,0,0,0
1001,6.665,0,58,0,0,0,0,0,0,0,252,0,0,0,0,0
1002,25.215,0,58,0,0,0,0,0,0,0,252,0,0,0,0,0
1003,0.816,0,58,0,0,0,0,0,0,0,252,0,0,0,0,0
1004,0.731,0,58,0,0,0,0,0,0,0,252,0,0,0,0,0
1005,6.981,0,58,0,0,0,0,0,0,0,252,0,0,0,0,0
1006,24.686,0,58,0,0,0,0,0,0,0,252,0,0,0,0,0
1007,0.848,0,58,0,0,0,0,0,0,0,252,0,0,0,0,0
1008,0.642,0,58,0,0,0,0,0,0,0,252,0,0,0,0,0
1009,6.779,0,58,0,0,0,0,0,0,0,252,0,0,0,0,0
1010,25.024,0,58,0,0,0,0,0,0,0,252,0,0,0,0,0
1011,0.771,0,58,0,0,0,0,0,0,0,252,0,0,0,0,0
1012,1.037,0,58,0,0,0,0,0,0,0,252,0,0,0,0,0
1013,6.458,0,58,0,0,0,0,0,0,0,252,0,0,0,0,0
1014,25.404,0,58,0,0,0,0,0,0,0,252,0,0,0,0,0
1015,0.879,0,58,0,0,0,0,0,0,0,252,0,0,0,0,0
1016,0.935,0,58,0,0,0,0,0,0,0,252,0,0,0,0,0
1017,5.923,0,58,0,0,0,0,0,0,0,252,0,0,0,0,0
1018,25.441,0,58,0,0,0,0,0,0,0,252,0,0,0,0,0
1019,0.922,0,58,0,0,0,0,0,0,0,252,0,0,0,0,0
1020,0.714,0,58,0,0,0,0,0,0,0,252,0,0,0,0,0
1021,7.038,0,58,0,0,0,0,0,0,0,252,0,0,0,0,0
1022,25.428,0,58,0,0,0,0,0,0,0,252,0,0,0,0,0
1023,1.125,0,58,0,0,0,0,0,0,0,252,0,0,0,0,0
1024,1.038,0,58,0,0,0,0,0,0,0,252,0,0,0,0,0
1025,5.895,0,58,0,0,0,0,0,0,0,252,0,0,0,0,0
1026,24.851,0,58,0,0,0,0,0,0,0,252,0,0,0,0,0
1027,0.803,0,58,0,0,0,0,0,0,0,252,0,0,0,0,0
1028,0.651,0,58,0,0,0,0,0,0,0,252,0,0,0,0,0
1029,6.758,0,58,0,0,0,0,0,0,0,252,0,0,0,0,0
1030,25.113,0,58,0,0,0,0,0,0,0,252,0,0,0,0,0
1031,0.867,0,58,0,0,0,0,0,0,0,252,0,0,0,0,0
1032,0.676,0,58,0,0,0,0,0,0,0,252,0,0,0,0,0
1033,6.489,0,58,0,0,0,0,0,0,0,252,0,0,0,0,0
1034,25.201,0,58,0,0,0,0,0,0,0,252,0,0,0,0,0
1035,0.818,0,58,0,0,0,0,0,0,0,252,0,0,0,0,0
1036,0.715,0,58,0,0,0,0,0,0,0,252,0,0,0,0,0
1037,6.808,0,58,0,0,0,0,0,0,0,252,0,0,0,0,0
1038,24.802,0,58,0,0,0,0,0,0,0,252,0,0,0,0,0
1039,0.875,0,58,0,0,0,0,0,0,0,252,0,0,0,0,0
1040,1.647,0,58,0,0,0,0,0,0,0,252,0,0,0,0,0
1041,5.963,0,58,0,0,0,0,0,0,0,252,0,0,0,0,0
1042,25.181,0,58,0,0,0,0,0,0,0,252,0,0,0,0,0
1043,0.876,0,58,0,0,0,0,0,0,0,252,0,0,0,0,0
1044,0.715,0,58,0,0,0,0,0,0,0,252,0,0,0,0,0
1045,6.375,0,58,0,0,0,0,0,0,0,252,0,0,0,0,0
1046,25.028,0,58,0,0,0,0,0,0,0,252,0,0,0,0,0
1047,0.884,0,58,0,0,0,0,0,0,0,252,0,0,0,0,0
1048,0.684,0,58,0,0,0,0,0,0,0,252,0,0,0,0,0
1049,6.707,0,58,0,0,0,0,0,0,0,252,0,0,0,0,0
1050,25.126,0,58,0,0,0,0,0,0,0,252,0,0,0,0,0
1051,0.891,0,58,0,0,0,0,0,0,0,252,0,0,0,0,0
1052,0.747,0,58,0,0,0,0,0,0,0,252,0,0,0,0,0
1053,6.867,0,58,0,0,0,0,0,0,0,252,0,0,0,0,0
1054,24.899,0,58,0,0,0,0,0,0,0,252,0,0,0,0,0
1055,0.928,0,58,0,0,0,0,0,0,0,252,0,0,0,0,0
1056,0.962,0,58,0,0,0,0,0,0,0,252,0,0,0,0,0
1057,6.064,0,58,0,0,0,0,0,0,0,252,0,0,0,0,0
1058,25.175,0,58,0,0,0,0,0,0,0,252,0,0,0,0,0
1059,0.791,0,58,0,0,0,0,0,0,0,252,0,0,0,0,0
1060,0.700,0,58,0,0,0,0,0,0,0,252,0,0,0,0,0
1061,6.644,0,58,0,0,0,0,0,0,0,252,0,0,0,0,0
1062,25.205,0,58,0,0,0,0,0,0,0,252,0,0,0,0,0
1063,0.805,0,58,0,0,0,0,0,0,0,252,0,0,0,0,0
1064,0.647,0,58,0,0,0,0,0,0,0,252,0,0,0,0,0
1065,6.600,0,58,0,0,0,0,0,0,0,252,0,0,0,0,0
1066,25.240,0,58,0,0,0,0,0,0,0,252,0,0,0,0,0
1067,0.980,0,58,0,0,0,0,0,0,0,252,0,0,0,0,0
1068,0.798,0,58,0,0,0,0,0,0,0,252,0,0,0,0,0
1069,6.791,0,58,0,0,0,0,0,0,0,252,0,0,0,0,0
1070,24.786,0,58,0,0,0,0,0,0,0,252,0,0,0,0,0
1071,0.874,0,58,0,0,0,0,0,0,0,252,0,0,0,0,0
1072,0.667,0,58,0,0,0,0,0,0,0,252,0,0,0,0,0
1073,6.537,0,58,0,0,0,0,0,0,0,252,0,0,0,0,0
1074,25.267,0,58,0,0,0,0,0,0,0,252,0,0,0,0,0
1075,0.790,0,58,0,0,0,0,0,0,0,252,0,0,0,0,0
1076,0.634,0,58,0,0,0,0,0,0,0,252,0,0,0,0,0
1077,7.121,0,58,0,0,0,0,0,0,0,252,0,0,0,0,0
1078,24.746,0,58,0,0,0,0,0,0,0,252,0,0,0,0,0
1079,0.900,0,58,0,0,0,0,0,0,0,252,0,0,0,0,0
1080,0.683,0,58,0,0,0,0,0,0,0,252,0,0,0,0,0
1081,6.331,0,58,0,0,0,0,0,0,0,252,0,0,0,0,0
1082,25.394,0,58,0,0,0,0,0,0,0,252,0,0,0,0,0
1083,0.827,0,58,0,0,0,0,0,0,0,252,0,0,0,0,0
1084,0.707,0,58,0,0,0,0,0,0,0,252,0,0,0,0,0
1085,6.563,0,58,0,0,0,0,0,0,0,252,0,0,0,0,0
1086,25.277,0,58,0,0,0,0,0,0,0,252,0,0,0,0,0
1087,0.821,0,58,0,0,0,0,0,0,0,252,0,0,0,0,0
1088,0.796,0,58,0,0,0,0,0,0,0,252,0,0,0,0,0
1089,6.468,0,58,0,0,0,0,0,0,0,252,0,0,0,0,0
1090,25.050,0,58,0,0,0,0,0,0,0,252,0,0,0,0,0
1091,0.798,0,58,0,0,0,0,0,0,0,252,0,0,0,0,0
1092,0.617,0,58,0,0,0,0,0,0,0,252,0,0,0,0,0
1093,7.516,0,58,0,0,0,0,0,0,0,252,0,0,0,0,0
1094,24.498,0,58,0,0,0,0,0,0,0,252,0,0,0,0,0
1095,0.917,0,58,0,0,0,0,0,0,0,252,0,0,0,0,0
1096,0.752,0,58,0,0,0,0,0,0,0,252,0,0,0,0,0
1097,6.483,0,58,0,0,0,0,0,0,0,252,0,0,0,0,0
1098,25.237,0,58,0,0,0,0,0,0,0,252,0,0,0,0,0
1099,0.876,0,58,0,0,0,0,0,0,0,252,0,0,0,0,0
1100,1.520,0,58,0,0,0,0,0,0,0,252,0,0,0,0,0
1101,6.059,0,58,0,0,0,0,0,0,0,252,0,0,0,0,0
1102,24.781,0,58,0,0,0,0,0,0,0,252,0,0,0,0,0
1103,0.792,0,58,0,0,0,0,0,0,0,252,0,0,0,0,0
1104,0.643,0,58,0,0,0,0,0,0,0,252,0,0,0,0,0
1105,6.576,0,58,0,0,0,0,0,0,0,252,0,0,0,0,0
1106,25.563,0,58,0,0,0,0,0,0,0,252,0,0,0,0,0
1107,0.939,0,58,0,0,0,0,0,0,0,252,0,0,0,0,0
1108,0.899,0,58,0,0,0,0,0,0,0,252,0,0,0,0,0
1109,6.650,0,58,0,0,0,0,0,0,0,252,0,0,0,0,0
1110,24.674,0,58,0,0,0,0,0,0,0,252,0,0,0,0,0
1111,0.896,0,58,0,0,0,0,0,0,0,252,0,0,0,0,0
1112,0.796,0,58,0,0,0,0,0,0,0,252,0,0,0,0,0
1113,6.416,0,58,0,0,0,0,0,0,0,252,0,0,0,0,0
1114,25.178,0,58,0,0,0,0,0,0,0,252,0,0,0,0,0
1115,0.848,0,58,0,0,0,0,0,0,0,252,0,0,0,0,0
1116,0.631,0,58,0,0,0,0,0,0,0,252,0,0,0,0,0
1117,6.712,0,58,0,0,0,0,0,0,0,252,0,0,0,0,0
1118,25.130,0,58,0,0,0,0,0,0,0,252,0,0,0,0,0
1119,0.793,0,58,0,0,0,0,0,0,0,252,0,0,0,0,0
1120,0.640,0,58,0,0,0,0,0,0,0,252,0,0,0,0,0
1121,6.875,0,58,0,0,0,0,0,0,0,252,0,0,0,0,0
1122,25.006,0,58,0,0,0,0,0,0,0,252,0,0,0,0,0
1123,0.882,0,58,0,0,0,0,0,0,0,252,0,0,0,0,0
1124,0.642,0,58,0,0,0,0,0,0,0,252,0,0,0,0,0
1125,6.718,0,58,0,0,0,0,0,0,0,252,0,0,0,0,0
1126,25.107,0,58,0,0,0,0,0,0,0,252,0,0,0,0,0
1127,0.932,0,58,0,0,0,0,0,0,0,252,0,0,0,0,0
1128,0.668,0,58,0,0,0,0,0,0,0,252,0,0,0,0,0
1129,6.352,0,58,0,0,0,0,0,0,0,252,0,0,0,0,0
1130,25.315,0,58,0,0,0,0,0,0,0,252,0,0,0,0,0
1131,0.919,0,58,0,0,0,0,0,0,0,252,0,0,0,0,0
1132,0.653,0,58,0,0,0,0,0,0,0,252,0,0,0,0,0
1133,6.682,0,58,0,0,0,0,0,0,0,252,0,0,0,0,0
1134,25.141,0,58,0,0,0,0,0,0,0,252,0,0,0,0,0
1135,0.818,0,58,0,0,0,0,0,0,0,252,0,0,0,0,0
1136,0.694,0,58,0,0,0,0,0,0,0,252,0,0,0,0,0
1137,6.589,0,58,0,0,0,0,0,0,0,252,0,0,0,0,0
1138,25.273,0,58,0,0,0,0,0,0,0,252,0,0,0,0,0
1139,0.823,0,58,0,0,0,0,0,0,0,252,0,0,0,0,0
1140,1.141,0,58,0,0,0,0,0,0,0,252,0,0,0,0,0
1141,6.307,0,58,0,0,0,0,0,0,0,252,0,0,0,0,0
1142,25.028,0,58,0,0,0,0,0,0,0,252,0,0,0,0,0
1143,0.802,0,58,0,0,0,0,0,0,0,252,0,0,0,0,0
1144,0.676,0,58,0,0,0,0,0,0,0,252,0,0,0,0,0
1145,6.620,0,58,0,0,0,0,0,0,0,252,0,0,0,0,0
1146,25.122,0,58,0,0,0,0,0,0,0,252,0,0,0,0,0
1147,0.784,0,58,0,0,0,0,0,0,0,252,0,0,0,0,0
1148,0.751,0,58,0,0,0,0,0,0,0,252,0,0,0,0,0
1149,7.026,0,58,0,0,0,0,0,0,0,252,0,0,0,0,0
1150,24.835,0,58,0,0,0,0,0,0,0,252,0,0,0,0,0
1151,0.979,0,58,0,0,0,0,0,0,0,252,0,0,0,0,0
1152,0.680,0,58,0,0,0,0,0,0,0,252,0,0,0,0,0
1153,6.533,0,58,0,0,0,0,0,0,0,252,0,0,0,0,0
1154,25.246,0,58,0,0,0,0,0,0,0,252,0,0,0,0,0
1155,0.949,0,58,0,0,0,0,0,0,0,252,0,0,0,0,0
1156,1.009,0,58,0,0,0,0,0,0,0,252,0,0,0,0,0
1157,6.121,0,58,0,0,0,0,0,0,0,252,0,0,0,0,0
1158,25.152,0,58,0,0,0,0,0,0,0,252,0,0,0,0,0
1159,0.749,0,58,0,0,0,0,0,0,0,252,0,0,0,0,0
1160,0.758,0,58,0,0,0,0,0,0,0,252,0,0,0,0,0
1161,6.598,0,58,0,0,0,0,0,0,0,252,0,0,0,0,0
1162,25.151,0,58,0,0,0,0,0,0,0,252,0,0,0,0,0
1163,0.844,0,58,0,0,0,0,0,0,0,252,0,0,0,0,0
1164,0.642,0,58,0,0,0,0,0,0,0,252,0,0,0,0,0
1165,6.674,0,58,0,0,0,0,0,0,0,252,0,0,0,0,0
1166,25.206,0,58,0,0,0,0,0,0,0,252,0,0,0,0,0
1167,0.787,0,58,0,0,0,0,0,0,0,252,0,0,0,0,0
1168,0.684,0,58,0,0,0,0,0,0,0,252,0,0,0,0,0
1169,6.649,0,58,0,0,0,0,0,0,0,252,0,0,0,0,0
1170,25.252,0,58,0,0,0,0,0,0,0,252,0,0,0,0,0
1171,0.815,0,58,0,0,0,0,0,0,0,252,0,0,0,0,0
1172,0.666,0,58,0,0,0,0,0,0,0,252,0,0,0,0,0
1173,6.741,0,58,0,0,0,0,0,0,0,252,0,0,0,0,0
1174,25.048,0,58,0,0,0,0,0,0,0,252,0,0,0,0,0
1175,0.825,0,58,0,0,0,0,0,0,0,252,0,0,0,0,0
1176,0.658,0,58,0,0,0,0,0,0,0,252,0,0,0,0,0
1177,6.829,0,58,0,0,0,0,0,0,0,252,0,0,0,0,0
1178,25.067,0,58,0,0,0,0,0,0,0,252,0,0,0,0,0
1179,0.783,0,58,0,0,0,0,0,0,0,252,0,0,0,0,0
1180,2.006,0,58,0,0,0,0,0,0,0,252,0,0,0,0,0
1181,5.945,0,58,0,0,0,0,0,0,0,252,0,0,0,0,0
1182,24.634,0,58,0,0,0,0,0,0,0,252,0,0,0,0,0
1183,0.850,0,58,0,0,0,0,0,0,0,252,0,0,0,0,0
1184,0.646,0,58,0,0,0,0,0,0,0,252,0,0,0,0,0
1185,6.519,0,58,0,0,0,0,0,0,0,252,0,0,0,0,0
1186,25.303,0,58,0,0,0,0,0,0,0,252,0,0,0,0,0
1187,0.829,0,58,0,0,0,0,0,0,0,252,0,0,0,0,0
1188,0.633,0,58,0,0,0,0,0,0,0,252,0,0,0,0,0
1189,7.062,0,58,0,0,0,0,0,0,0,252,0,0,0,0,0
1190,24.812,0,58,0,0,0,0,0,0,0,252,0,0,0,0,0
1191,0.852,0,58,0,0,0,0,0,0,0,252,0,0,0,0,0
1192,0.711,0,58,0,0,0,0,0,0,0,252,0,0,0,0,0
1193,6.570,0,58,0,0,0,0,0,0,0,252,0,0,0,0,0
1194,25.233,0,58,0,0,0,0,0,0,0,252,0,0,0,0,0
1195,0.771,0,58,0,0,0,0,0,0,0,252,0,0,0,0,0
1196,0.691,0,58,0,0,0,0,0,0,0,252,0,0,0,0,0
1197,7.126,0,58,0,0,0,0,0,0,0,252,0,0,0,0,0
1198,24.730,0,58,0,0,0,0,0,0,0,252,0,0,0,0,0
1199,0.820,0,58,0,0,0,0,0,0,0,252,0,0,0,0,0
1200,0.690,0,58,0,0,0,0,0,0,0,252,0,0,0,0,0
1201,6.609,0,58,0,0,0,0,0,0,0,252,0,0,0,0,0
1202,25.067,0,58,0,0,0,0,0,0,0,252,0,0,0,0,0
1203,0.780,0,58,0,0,0,0,0,0,0,252,0,0,0,0,0
1204,0.667,0,58,0,0,0,0,0,0,0,252,0,0,0,0,0
1205,6.944,0,58,0,0,0,0,0,0,0,252,0,0,0,0,0
1206,25.215,0,58,0,0,0,0,0,0,0,252,0,0,0,0,0
1207,0.777,0,58,0,0,0,0,0,0,0,252,0,0,0,0,0
1208,1.682,0,58,0,0,0,0,0,0,0,252,0,0,0,0,0
1209,5.479,0,58,0,0,0,0,0,0,0,252,0,0,0,0,0
1210,25.171,0,58,0,0,0,0,0,0,0,252,0,0,0,0,0
1211,0.800,0,58,0,0,0,0,0,0,0,252,0,0,0,0,0
1212,0.666,0,58,0,0,0,0,0,0,0,252,0,0,0,0,0
1213,7.303,0,58,0,0,0,0,0,0,0,252,0,0,0,0,0
1214,24.641,0,58,0,0,0,0,0,0,0,252,0,0,0,0,0
1215,0.824,0,58,0,0,0,0,0,0,0,252,0,0,0,0,0
1216,0.661,0,58,0,0,0,0,0,0,0,252,0,0,0,0,0
1217,6.561,0,58,0,0,0,0,0,0,0,252,0,0,0,0,0
1218,25.255,0,58,0,0,0,0,0,0,0,252,0,0,0,0,0
1219,0.846,0,58,0,0,0,0,0,0,0,252,0,0,0,0,0
1220,0.643,0,58,0,0,0,0,0,0,0,252,0,0,0,0,0
1221,7.123,0,58,0,0,0,0,0,0,0,252,0,0,0,0,0
1222,24.710,0,58,0,0,0,0,0,0,0,252,0,0,0,0,0
1223,0.853,0,58,0,0,0,0,0,0,0,252,0,0,0,0,0
1224,0.725,0,58,0,0,0,0,0,0,0,252,0,0,0,0,0
1225,6.566,0,58,0,0,0,0,0,0,0,252,0,0,0,0,0
1226,25.108,0,58,0,0,0,0,0,0,0,252,0,0,0,0,0
1227,0.802,0,58,0,0,0,0,0,0,0,252,0,0,0,0,0
1228,0.689,0,58,0,0,0,0,0,0,0,252,0,0,0,0,0
1229,7.104,0,58,0,0,0,0,0,0,0,252,0,0,0,0,0
1230,24.976,0,58,0,0,0,0,0,0,0,252,0,0,0,0,0
1231,0.956,0,58,0,0,0,0,0,0,0,252,0,0,0,0,0
1232,0.684,0,58,0,0,0,0,0,0,0,252,0,0,0,0,0
1233,6.478,0,58,0,0,0,0,0,0,0,252,0,0,0,0,0
1234,25.082,0,58,0,0,0,0,0,0,0,252,0,0,0,0,0
1235,0.799,0,58,0,0,0,0,0,0,0,252,0,0,0,0,0
1236,0.672,0,58,0,0,0,0,0,0,0,252,0,0,0,0,0
1237,6.708,0,58,0,0,0,0,0,0,0,252,0,0,0,0,0
1238,25.184,0,58,0,0,0,0,0,0,0,252,0,0,0,0,0
1239,0.803,0,58,0,0,0,0,0,0,0,252,0,0,0,0,0
1240,0.636,0,58,0,0,0,0,0,0,0,252,0,0,0,0,0
1241,6.757,0,58,0,0,0,0,0,0,0,252,0,0,0,0,0
1242,25.134,0,58,0,0,0,0,0,0,0,252,0,0,0,0,0
1243,0.818,0,58,0,0,0,0,0,0,0,252,0,0,0,0,0
1244,0.704,0,58,0,0,0,0,0,0,0,252,0,0,0,0,0
1245,6.746,0,58,0,0,0,0,0,0,0,252,0,0,0,0,0
1246,25.029,0,58,0,0,0,0,0,0,0,252,0,0,0,0,0
1247,0.746,0,58,0,0,0,0,0,0,0,252,0,0,0,0,0
1248,0.636,0,58,0,0,0,0,0,0,0,252,0,0,0,0,0
1249,6.682,0,58,0,0,0,0,0,0,0,252,0,0,0,0,0
1250,25.226,0,58,0,0,0,0,0,0,0,252,0,0,0,0,0
1251,0.812,0,58,0,0,0,0,0,0,0,252,0,0,0,0,0
1252,0.702,0,58,0,0,0,0,0,0,0,252,0,0,0,0,0
1253,7.762,0,58,0,0,0,0,0,0,0,252,0,0,0,0,0
1254,24.183,0,58,0,0,0,0,0,0,0,252,0,0,0,0,0
1255,0.796,0,58,0,0,0,0,0,0,0,252,0,0,0,0,0
1256,0.697,0,58,0,0,0,0,0,0,0,252,0,0,0,0,0
1257,6.447,0,58,0,0,0,0,0,0,0,252,0,0,0,0,0
1258,25.375,0,58,0,0,0,0,0,0,0,252,0,0,0,0,0
1259,0.830,0,58,0,0,0,0,0,0,0,252,0,0,0,0,0
1260,0.774,0,58,0,0,0,0,0,0,0,252,0,0,0,0,0
1261,7.623,0,58,0,0,0,0,0,0,0,252,0,0,0,0,0
1262,24.031,0,58,0,0,0,0,0,0,0,252,0,0,0,0,0
1263,0.840,0,58,0,0,0,0,0,0,0,252,0,0,0,0,0
1264,0.645,0,58,0,0,0,0,0,0,0,252,0,0,0,0,0
1265,6.585,0,58,0,0,0,0,0,0,0,252,0,0,0,0,0
1266,25.383,0,58,0,0,0,0,0,0,0,252,0,0,0,0,0
1267,0.797,0,58,0,0,0,0,0,0,0,252,0,0,0,0,0
1268,0.660,0,58,0,0,0,0,0,0,0,252,0,0,0,0,0
1269,6.520,0,58,0,0,0,0,0,0,0,252,0,0,0,0,0
1270,25.120,0,58,0,0,0,0,0,0,0,252,0,0,0,0,0
1271,0.751,0,58,0,0,0,0,0,0,0,252,0,0,0,0,0
1272,0.630,0,58,0,0,0,0,0,0,0,252,0,0,0,0,0
1273,6.888,0,58,0,0,0,0,0,0,0,252,0,0,0,0,0
1274,25.129,0,58,0,0,0,0,0,0,0,252,0,0,0,0,0
1275,0.783,0,58,0,0,0,0,0,0,0,252,0,0,0,0,0
1276,0.674,0,58,0,0,0,0,0,0,0,252,0,0,0,0,0
1277,7.157,0,58,0,0,0,0,0,0,0,252,0,0,0,0,0
1278,24.705,0,58,0,0,0,0,0,0,0,252,0,0,0,0,0
1279,0.788,0,58,0,0,0,0,0,0,0,252,0,0,0,0,0
1280,1.733,0,58,0,0,0,0,0,0,0,252,0,0,0,0,0
1281,5.746,0,58,0,0,0,0,0,0,0,252,0,0,0,0,0
1282,25.131,0,58,0,0,0,0,0,0,0,252,0,0,0,0,0
1283,0.794,0,58,0,0,0,0,0,0,0,252,0,0,0,0,0
1284,0.685,0,58,0,0,0,0,0,0,0,252,0,0,0,0,0
1285,7.099,0,58,0,0,0,0,0,0,0,252,0,0,0,0,0
1286,24.983,0,58,0,0,0,0,0,0,0,252,0,0,0,0,0
1287,0.916,0,58,0,0,0,0,0,0,0,252,0,0,0,0,0
1288,0.790,0,58,0,0,0,0,0,0,0,252,0,0,0,0,0
1289,6.250,0,58,0,0,0,0,0,0,0,252,0,0,0,0,0
1290,25.088,0,58,0,0,0,0,0,0,0,252,0,0,0,0,0
1291,0.838,0,58,0,0,0,0,0,0,0,252,0,0,0,0,0
1292,0.745,0,58,0,0,0,0,0,0,0,252,0,0,0,0,0
1293,7.820,0,58,0,0,0,0,0,0,0,252,0,0,0,0,0
1294,24.066,0,58,0,0,0,0,0,0,0,252,0,0,0,0,0
1295,0.879,0,58,0,0,0,0,0,0,0,252,0,0,0,0,0
1296,0.722,0,58,0,0,0,0,0,0,0,252,0,0,0,0,0
1297,6.374,0,58,0,0,0,0,0,0,0,252,0,0,0,0,0
1298,25.237,0,58,0,0,0,0,0,0,0,252,0,0,0,0,0
1299,0.815,0,58,0,0,0,0,0,0,0,252,0,0,0,0,0
1300,0.674,0,58,0,0,0,0,0,0,0,252,0,0,0,0,0
1301,6.751,0,58,0,0,0,0,0,0,0,252,0,0,0,0,0
1302,25.028,0,58,0,0,0,0,0,0,0,252,0,0,0,0,0
1303,0.790,0,58,0,0,0,0,0,0,0,252,0,0,0,0,0
1304,0.684,0,58,0,0,0,0,0,0,0,252,0,0,0,0,0
1305,6.691,0,58,0,0,0,0,0,0,0,252,0,0,0,0,0
1306,25.245,0,58,0,0,0,0,0,0,0,252,0,0,0,0,0
1307,0.790,0,58,0,0,0,0,0,0,0,252,0,0,0,0,0
1308,1.684,0,58,0,0,0,0,0,0,0,252,0,0,0,0,0
1309,5.780,0,58,0,0,0,0,0,0,0,252,0,0,0,0,0
1310,24.998,0,58,0,0,0,0,0,0,0,252,0,0,0,0,0
1311,0.798,0,58,0,0,0,0,0,0,0,252,0,0,0,0,0
1312,0.677,0,58,0,0,0,0,0,0,0,252,0,0,0,0,0
1313,6.805,0,58,0,0,0,0,0,0,0,252,0,0,0,0,0
1314,25.090,0,58,0,0,0,0,0,0,0,252,0,0,0,0,0
1315,0.831,0,58,0,0,0,0,0,0,0,252,0,0,0,0,0
1316,0.653,0,58,0,0,0,0,0,0,0,252,0,0,0,0,0
1317,6.640,0,58,0,0,0,0,0,0,0,252,0,0,0,0,0
1318,25.333,0,58,0,0,0,0,0,0,0,252,0,0,0,0,0
1319,0.799,0,58,0,0,0,0,0,0,0,252,0,0,0,0,0
1320,0.707,0,58,0,0,0,0,0,0,0,252,0,0,0,0,0
1321,6.605,0,58,0,0,0,0,0,0,0,252,0,0,0,0,0
1322,25.022,0,58,0,0,0,0,0,0,0,252,0,0,0,0,0
1323,0.871,0,58,0,0,0,0,0,0,0,252,0,0,0,0,0
1324,0.767,0,58,0,0,0,0,0,0,0,252,0,0,0,0,0
1325,6.991,0,58,0,0,0,0,0,0,0,252,0,0,0,0,0
1326,24.865,0,58,0,0,0,0,0,0,0,252,0,0,0,0,0
1327,0.817,0,58,0,0,0,0,0,0,0,252,0,0,0,0,0
1328,0.653,0,58,0,0,0,0,0,0,0,252,0,0,0,0,0
1329,6.522,0,58,0,0,0,0,0,0,0,252,0,0,0,0,0
1330,25.272,0,58,0,0,0,0,0,0,0,252,0,0,0,0,0
1331,0.845,0,58,0,0,0,0,0,0,0,252,0,0,0,0,0
1332,0.791,0,58,0,0,0,0,0,0,0,252,0,0,0,0,0
1333,6.632,0,58,0,0,0,0,0,0,0,252,0,0,0,0,0
1334,25.215,0,58,0,0,0,0,0,0,0,252,0,0,0,0,0
1335,0.923,0,58,0,0,0,0,0,0,0,252,0,0,0,0,0
1336,0.755,0,58,0,0,0,0,0,0,0,252,0,0,0,0,0
1337,6.285,0,58,0,0,0,0,0,0,0,252,0,0,0,0,0
1338,25.160,0,58,0,0,0,0,0,0,0,252,0,0,0,0,0
1339,0.758,0,58,0,0,0,0,0,0,0,252,0,0,0,0,0
1340,0.756,0,58,0,0,0,0,0,0,0,252,0,0,0,0,0
1341,7.715,0,58,0,0,0,0,0,0,0,252,0,0,0,0,0
1342,24.125,0,58,0,0,0,0,0,0,0,252,0,0,0,0,0
1343,0.822,0,58,0,0,0,0,0,0,0,252,0,0,0,0,0
1344,0.777,0,58,0,0,0,0,0,0,0,252,0,0,0,0,0
1345,6.469,0,58,0,0,0,0,0,0,0,252,0,0,0,0,0
1346,25.568,0,58,0,0,0,0,0,0,0,252,0,0,0,0,0
1347,1.004,0,58,0,0,0,0,0,0,0,252,0,0,0,0,0
1348,0.787,0,58,0,0,0,0,0,0,0,252,0,0,0,0,0
1349,6.050,0,58,0,0,0,0,0,0,0,252,0,0,0,0,0
1350,25.290,0,58,0,0,0,0,0,0,0,252,0,0,0,0,0
1351,0.801,0,58,0,0,0,0,0,0,0,252,0,0,0,0,0
1352,0.602,0,58,0,0,0,0,0,0,0,252,0,0,0,0,0
1353,6.604,0,58,0,0,0,0,0,0,0,252,0,0,0,0,0
1354,25.302,0,58,0,0,0,0,0,0,0,252,0,0,0,0,0
1355,0.914,0,58,0,0,0,0,0,0,0,252,0,0,0,0,0
1356,0.776,0,58,0,0,0,0,0,0,0,252,0,0,0,0,0
1357,6.857,0,58,0,0,0,0,0,0,0,252,0,0,0,0,0
1358,24.811,0,58,0,0,0,0,0,0,0,252,0,0,0,0,0
1359,0.891,0,58,0,0,0,0,0,0,0,252,0,0,0,0,0
1360,1.333,0,58,0,0,0,0,0,0,0,252,0,0,0,0,0
1361,5.751,0,58,0,0,0,0,0,0,0,252,0,0,0,0,0
1362,25.344,0,58,0,0,0,0,0,0,0,252,0,0,0,0,0
1363,0.752,0,58,0,0,0,0,0,0,0,252,0,0,0,0,0
1364,0.776,0,58,0,0,0,0,0,0,0,252,0,0,0,0,0
1365,6.576,0,58,0,0,0,0,0,0,0,252,0,0,0,0,0
1366,25.101,0,58,0,0,0,0,0,0,0,252,0,0,0,0,0
1367,0.827,0,58,0,0,0,0,0,0,0,252,0,0,0,0,0
1368,0.719,0,58,0,0,0,0,0,0,0,252,0,0,0,0,0
1369,6.557,0,58,0,0,0,0,0,0,0,252,0,0,0,0,0
1370,25.331,0,58,0,0,0,0,0,0,0,252,0,0,0,0,0
1371,0.766,0,58,0,0,0,0,0,0,0,252,0,0,0,0,0
1372,0.756,0,58,0,0,0,0,0,0,0,252,0,0,0,0,0
1373,6.599,0,58,0,0,0,0,0,0,0,252,0,0,0,0,0
1374,25.139,0,58,0,0,0,0,0,0,0,252,0,0,0,0,0
1375,0.860,0,58,0,0,0,0,0,0,0,252,0,0,0,0,0
1376,0.670,0,58,0,0,0,0,0,0,0,252,0,0,0,0,0
1377,6.518,0,58,0,0,0,0,0,0,0,252,0,0,0,0,0
1378,25.215,0,58,0,0,0,0,0,0,0,252,0,0,0,0,0
1379,0.779,0,58,0,0,0,0,0,0,0,252,0,0,0,0,0
1380,0.647,0,58,0,0,0,0,0,0,0,252,0,0,0,0,0
1381,7.375,0,58,0,0,0,0,0,0,0,252,0,0,0,0,0
1382,24.625,0,58,0,0,0,0,0,0,0,252,0,0,0,0,0
1383,0.810,0,58,0,0,0,0,0,0,0,252,0,0,0,0,0
1384,0.636,0,58,0,0,0,0,0,0,0,252,0,0,0,0,0
1385,6.662,0,58,0,0,0,0,0,0,0,252,0,0,0,0,0
1386,25.095,0,58,0,0,0,0,0,0,0,252,0,0,0,0,0
1387,0.840,0,58,0,0,0,0,0,0,0,252,0,0,0,0,0
1388,0.733,0,58,0,0,0,0,0,0,0,252,0,0,0,0,0
1389,6.634,0,58,0,0,0,0,0,0,0,252,0,0,0,0,0
1390,25.226,0,58,0,0,0,0,0,0,0,252,0,0,0,0,0
1391,0.705,0,58,0,0,0,0,0,0,0,252,0,0,0,0,0
1392,0.714,0,58,0,0,0,0,0,0,0,252,0,0,0,0,0
1393,6.719,0,58,0,0,0,0,0,0,0,252,0,0,0,0,0
1394,25.337,0,58,0,0,0,0,0,0,0,252,0,0,0,0,0
1395,0.788,0,58,0,0,0,0,0,0,0,252,0,0,0,0,0
1396,0.656,0,58,0,0,0,0,0,0,0,252,0,0,0,0,0
1397,7.059,0,58,0,0,0,0,0,0,0,252,0,0,0,0,0
1398,25.799,0,58,0,0,0,0,0,0,0,252,0,0,0,0,0
1399,1.938,0,58,0,0,0,0,0,0,0,252,0,0,0,0,0
1400,1.040,0,58,0,0,0,0,0,0,0,252,0,0,0,0,0
1401,4.109,0,58,0,0,0,0,0,0,0,252,0,0,0,0,0
1402,25.299,0,58,0,0,0,0,0,0,0,252,0,0,0,0,0
1403,0.862,0,58,0,0,0,0,0,0,0,252,0,0,0,0,0
1404,0.696,0,58,0,0,0,0,0,0,0,252,0,0,0,0,0
1405,7.298,0,58,0,0,0,0,0,0,0,252,0,0,0,0,0
1406,24.239,0,58,0,0,0,0,0,0,0,252,0,0,0,0,0
1407,0.852,0,58,0,0,0,0,0,0,0,252,0,0,0,0,0
1408,0.724,0,58,0,0,0,0,0,0,0,252,0,0,0,0,0
1409,6.640,0,58,0,0,0,0,0,0,0,252,0,0,0,0,0
1410,25.243,0,58,0,0,0,0,0,0,0,252,0,0,0,0,0
1411,0.878,0,58,0,0,0,0,0,0,0,252,0,0,0,0,0
1412,3.014,0,58,0,0,0,0,0,0,0,252,0,0,0,0,0
1413,4.481,0,58,0,0,0,0,0,0,0,252,0,0,0,0,0
1414,25.021,0,58,0,0,0,0,0,0,0,252,0,0,0,0,0
1415,0.843,0,58,0,0,0,0,0,0,0,252,0,0,0,0,0
1416,0.714,0,58,0,0,0,0,0,0,0,252,0,0,0,0,0
1417,6.364,0,58,0,0,0,0,0,0,0,252,0,0,0,0,0
1418,25.345,0,58,0,0,0,0,0,0,0,252,0,0,0,0,0
1419,0.867,0,58,0,0,0,0,0,0,0,252,0,0,0,0,0
1420,0.700,0,58,0,0,0,0,0,0,0,252,0,0,0,0,0
1421,6.987,0,58,0,0,0,0,0,0,0,252,0,0,0,0,0
1422,24.683,0,58,0,0,0,0,0,0,0,252,0,0,0,0,0
1423,0.814,0,58,0,0,0,0,0,0,0,252,0,0,0,0,0
1424,0.611,0,58,0,0,0,0,0,0,0,252,0,0,0,0,0
1425,6.674,0,58,0,0,0,0,0,0,0,252,0,0,0,0,0
1426,25.274,0,58,0,0,0,0,0,0,0,252,0,0,0,0,0
1427,0.845,0,58,0,0,0,0,0,0,0,252,0,0,0,0,0
1428,0.710,0,58,0,0,0,0,0,0,0,252,0,0,0,0,0
1429,6.554,0,58,0,0,0,0,0,0,0,252,0,0,0,0,0
1430,25.270,0,58,0,0,0,0,0,0,0,252,0,0,0,0,0
1431,0.841,0,58,0,0,0,0,0,0,0,252,0,0,0,0,0
1432,0.928,0,58,0,0,0,0,0,0,0,252,0,0,0,0,0
1433,6.409,0,58,0,0,0,0,0,0,0,252,0,0,0,0,0
1434,25.108,0,58,0,0,0,0,0,0,0,252,0,0,0,0,0
1435,0.757,0,58,0,0,0,0,0,0,0,252,0,0,0,0,0
1436,0.688,0,58,0,0,0,0,0,0,0,252,0,0,0,0,0
1437,6.783,0,58,0,0,0,0,0,0,0,252,0,0,0,0,0
1438,25.285,0,58,0,0,0,0,0,0,0,252,0,0,0,0,0
1439,0.798,0,58,0,0,0,0,0,0,0,252,0,0,0,0,0
1440,1.276,0,58,0,0,0,0,0,0,0,252,0,0,0,0,0
1441,5.735,0,58,0,0,0,0,0,0,0,252,0,0,0,0,0
1442,25.358,0,58,0,0,0,0,0,0,0,252,0,0,0,0,0
1443,0.797,0,58,0,0,0,0,0,0,0,252,0,0,0,0,0
1444,0.632,0,58,0,0,0,0,0,0,0,252,0,0,0,0,0
1445,7.131,0,58,0,0,0,0,0,0,0,252,0,0,0,0,0
1446,24.803,0,58,0,0,0,0,0,0,0,252,0,0,0,0,0
1447,0.911,0,58,0,0,0,0,0,0,0,252,0,0,0,0,0
1448,0.688,0,58,0,0,0,0,0,0,0,252,0,0,0,0,0
1449,6.446,0,58,0,0,0,0,0,0,0,252,0,0,0,0,0
1450,25.252,0,58,0,0,0,0,0,0,0,252,0,0,0,0,0
1451,0.799,0,58,0,0,0,0,0,0,0,252,0,0,0,0,0
1452,0.695,0,58,0,0,0,0,0,0,0,252,0,0,0,0,0
1453,7.404,0,58,0,0,0,0,0,0,0,252,0,0,0,0,0
1454,24.391,0,58,0,0,0,0,0,0,0,252,0,0,0,0,0
1455,0.783,0,58,0,0,0,0,0,0,0,252,0,0,0,0,0
1456,0.663,0,58,0,0,0,0,0,0,0,252,0,0,0,0,0
1457,6.720,0,58,0,0,0,0,0,0,0,252,0,0,0,0,0
1458,25.243,0,58,0,0,0,0,0,0,0,252,0,0,0,0,0
1459,0.896,0,58,0,0,0,0,0,0,0,252,0,0,0,0,0
1460,0.642,0,58,0,0,0,0,0,0,0,252,0,0,0,0,0
1461,7.062,0,58,0,0,0,0,0,0,0,252,0,0,0,0,0
1462,24.583,0,58,0,0,0,0,0,0,0,252,0,0,0,0,0
1463,0.965,0,58,0,0,0,0,0,0,0,252,0,0,0,0,0
1464,0.674,0,58,0,0,0,0,0,0,0,252,0,0,0,0,0
1465,6.504,0,58,0,0,0,0,0,0,0,252,0,0,0,0,0
1466,25.435,0,58,0,0,0,0,0,0,0,252,0,0,0,0,0
1467,0.836,0,58,0,0,0,0,0,0,0,252,0,0,0,0,0
1468,0.944,0,58,0,0,0,0,0,0,0,252,0,0,0,0,0
1469,6.121,0,58,0,0,0,0,0,0,0,252,0,0,0,0,0
1470,25.305,0,58,0,0,0,0,0,0,0,252,0,0,0,0,0
1471,0.841,0,58,0,0,0,0,0,0,0,252,0,0,0,0,0
1472,0.645,0,58,0,0,0,0,0,0,0,252,0,0,0,0,0
1473,6.624,0,58,0,0,0,0,0,0,0,252,0,0,0,0,0
1474,25.199,0,58,0,0,0,0,0,0,0,252,0,0,0,0,0
1475,0.906,0,58,0,0,0,0,0,0,0,252,0,0,0,0,0
1476,0.617,0,58,0,0,0,0,0,0,0,252,0,0,0,0,0
1477,7.172,0,58,0,0,0,0,0,0,0,252,0,0,0,0,0
1478,24.551,0,58,0,0,0,0,0,0,0,252,0,0,0,0,0
1479,0.807,0,58,0,0,0,0,0,0,0,252,0,0,0,0,0
1480,0.664,0,58,0,0,0,0,0,0,0,252,0,0,0,0,0
1481,6.703,0,58,0,0,0,0,0,0,0,252,0,0,0,0,0
1482,25.154,0,58,0,0,0,0,0,0,0,252,0,0,0,0,0
1483,0.867,0,58,0,0,0,0,0,0,0,252,0,0,0,0,0
1484,0.605,0,58,0,0,0,0,0,0,0,252,0,0,0,0,0
1485,6.885,0,58,0,0,0,0,0,0,0,252,0,0,0,0,0
1486,25.071,0,58,0,0,0,0,0,0,0,252,0,0,0,0,0
1487,0.865,0,58,0,0,0,0,0,0,0,252,0,0,0,0,0
1488,0.902,0,58,0,0,0,0,0,0,0,252,0,0,0,0,0
1489,6.346,0,58,0,0,0,0,0,0,0,252,0,0,0,0,0
1490,25.668,0,58,0,0,0,0,0,0,0,252,0,0,0,0,0
1491,1.007,0,58,0,0,0,0,0,0,0,252,0,0,0,0,0
1492,0.924,0,58,0,0,0,0,0,0,0,252,0,0,0,0,0
1493,6.468,0,58,0,0,0,0,0,0,0,252,0,0,0,0,0
1494,24.439,0,58,0,0,0,0,0,0,0,252,0,0,0,0,0
1495,0.787,0,58,0,0,0,0,0,0,0,252,0,0,0,0,0
1496,0.712,0,58,0,0,0,0,0,0,0,252,0,0,0,0,0
1497,6.630,0,58,0,0,0,0,0,0,0,252,0,0,0,0,0
1498,25.343,0,58,0,0,0,0,0,0,0,252,0,0,0,0,0
1499,0.812,0,58,0,0,0,0,0,0,0,252,0,0,0,0,0
1500,0.795,0,58,0,0,0,0,0,0,0,252,0,0,0,0,0
1501,6.985,0,58,0,0,0,0,0,0,0,252,0,0,0,0,0
1502,24.611,0,58,0,0,0,0,0,0,0,252,0,0,0,0,0
1503,0.894,0,58,0,0,0,0,0,0,0,252,0,0,0,0,0
1504,0.772,0,58,0,0,0,0,0,0,0,252,0,0,0,0,0
1505,6.451,0,58,0,0,0,0,0,0,0,252,0,0,0,0,0
1506,25.192,0,58,0,0,0,0,0,0,0,252,0,0,0,0,0
1507,0.768,0,58,0,0,0,0,0,0,0,252,0,0,0,0,0
1508,0.682,0,58,0,0,0,0,0,0,0,252,0,0,0,0,0
1509,7.336,0,58,0,0,0,0,0,0,0,252,0,0,0,0,0
1510,24.571,0,58,0,0,0,0,0,0,0,252,0,0,0,0,0
1511,0.847,0,58,0,0,0,0,0,0,0,252,0,0,0,0,0
1512,0.670,0,58,0,0,0,0,0,0,0,252,0,0,0,0,0
1513,6.702,0,58,0,0,0,0,0,0,0,252,0,0,0,0,0
1514,25.044,0,58,0,0,0,0,0,0,0,252,0,0,0,0,0
1515,0.954,0,58,0,0,0,0,0,0,0,252,0,0,0,0,0
1516,0.732,0,58,0,0,0,0,0,0,0,252,0,0,0,0,0
1517,6.437,0,58,0,0,0,0,0,0,0,252,0,0,0,0,0
1518,25.378,0,58,0,0,0,0,0,0,0,252,0,0,0,0,0
1519,0.815,0,58,0,0,0,0,0,0,0,252,0,0,0,0,0
1520,1.006,0,58,0,0,0,0,0,0,0,252,0,0,0,0,0
1521,6.287,0,58,0,0,0,0,0,0,0,252,0,0,0,0,0
1522,25.206,0,58,0,0,0,0,0,0,0,252,0,0,0,0,0
1523,0.809,0,58,0,0,0,0,0,0,0,252,0,0,0,0,0
1524,0.659,0,58,0,0,0,0,0,0,0,252,0,0,0,0,0
1525,7.079,0,58,0,0,0,0,0,0,0,252,0,0,0,0,0
1526,24.665,0,58,0,0,0,0,0,0,0,252,0,0,0,0,0
1527,0.870,0,58,0,0,0,0,0,0,0,252,0,0,0,0,0
1528,0.659,0,58,0,0,0,0,0,0,0,252,0,0,0,0,0
1529,6.688,0,58,0,0,0,0,0,0,0,252,0,0,0,0,0
1530,25.265,0,58,0,0,0,0,0,0,0,252,0,0,0,0,0
1531,0.934,0,58,0,0,0,0,0,0,0,252,0,0,0,0,0
1532,0.772,0,58,0,0,0,0,0,0,0,252,0,0,0,0,0
1533,6.243,0,58,0,0,0,0,0,0,0,252,0,0,0,0,0
1534,25.402,0,58,0,0,0,0,0,0,0,252,0,0,0,0,0
1535,0.787,0,58,0,0,0,0,0,0,0,252,0,0,0,0,0
1536,0.646,0,58,0,0,0,0,0,0,0,252,0,0,0,0,0
1537,6.691,0,58,0,0,0,0,0,0,0,252,0,0,0,0,0
1538,25.097,0,58,0,0,0,0,0,0,0,252,0,0,0,0,0
1539,0.842,0,58,0,0,0,0,0,0,0,252,0,0,0,0,0
1540,0.687,0,58,0,0,0,0,0,0,0,252,0,0,0,0,0
1541,6.498,0,58,0,0,0,0,0,0,0,252,0,0,0,0,0
1542,25.240,0,58,0,0,0,0,0,0,0,252,0,0,0,0,0
1543,0.958,0,58,0,0,0,0,0,0,0,252,0,0,0,0,0
1544,0.677,0,58,0,0,0,0,0,0,0,252,0,0,0,0,0
1545,6.415,0,58,0,0,0,0,0,0,0,252,0,0,0,0,0
1546,25.361,0,58,0,0,0,0,0,0,0,252,0,0,0,0,0
1547,0.966,0,58,0,0,0,0,0,0,0,252,0,0,0,0,0
1548,0.986,0,58,0,0,0,0,0,0,0,252,0,0,0,0,0
1549,6.545,0,58,0,0,0,0,0,0,0,252,0,0,0,0,0
1550,24.949,0,58,0,0,0,0,0,0,0,252,0,0,0,0,0
1551,0.811,0,58,0,0,0,0,0,0,0,252,0,0,0,0,0
1552,0.669,0,58,0,0,0,0,0,0,0,252,0,0,0,0,0
1553,6.433,0,58,0,0,0,0,0,0,0,252,0,0,0,0,0
1554,25.305,0,58,0,0,0,0,0,0,0,252,0,0,0,0,0
1555,0.788,0,58,0,0,0,0,0,0,0,252,0,0,0,0,0
1556,0.673,0,58,0,0,0,0,0,0,0,252,0,0,0,0,0
1557,6.487,0,58,0,0,0,0,0,0,0,252,0,0,0,0,0
1558,25.367,0,58,0,0,0,0,0,0,0,252,0,0,0,0,0
1559,0.745,0,58,0,0,0,0,0,0,0,252,0,0,0,0,0
1560,0.677,0,58,0,0,0,0,0,0,0,252,0,0,0,0,0
1561,6.777,0,58,0,0,0,0,0,0,0,252,0,0,0,0,0
1562,25.111,0,58,0,0,0,0,0,0,0,252,0,0,0,0,0
1563,0.814,0,58,0,0,0,0,0,0,0,252,0,0,0,0,0
1564,0.710,0,58,0,0,0,0,0,0,0,252,0,0,0,0,0
1565,6.678,0,58,0,0,0,0,0,0,0,252,0,0,0,0,0
1566,25.190,0,58,0,0,0,0,0,0,0,252,0,0,0,0,0
1567,0.776,0,58,0,0,0,0,0,0,0,252,0,0,0,0,0
1568,0.673,0,58,0,0,0,0,0,0,0,252,0,0,0,0,0
1569,6.706,0,58,0,0,0,0,0,0,0,252,0,0,0,0,0
1570,25.172,0,58,0,0,0,0,0,0,0,252,0,0,0,0,0
1571,0.957,0,58,0,0,0,0,0,0,0,252,0,0,0,0,0
1572,2.131,0,58,0,0,0,0,0,0,0,252,0,0,0,0,0
1573,5.423,0,58,0,0,0,0,0,0,0,252,0,0,0,0,0
1574,24.942,0,58,0,0,0,0,0,0,0,252,0,0,0,0,0
1575,0.907,0,58,0,0,0,0,0,0,0,252,0,0,0,0,0
1576,1.078,0,58,0,0,0,0,0,0,0,252,0,0,0,0,0
1577,5.973,0,58,0,0,0,0,0,0,0,252,0,0,0,0,0
1578,25.137,0,58,0,0,0,0,0,0,0,252,0,0,0,0,0
1579,0.830,0,58,0,0,0,0,0,0,0,252,0,0,0,0,0
1580,0.682,0,58,0,0,0,0,0,0,0,252,0,0,0,0,0
1581,6.781,0,58,0,0,0,0,0,0,0,252,0,0,0,0,0
1582,25.216,0,58,0,0,0,0,0,0,0,252,0,0,0,0,0
1583,0.785,0,58,0,0,0,0,0,0,0,252,0,0,0,0,0
1584,0.635,0,58,0,0,0,0,0,0,0,252,0,0,0,0,0
1585,6.483,0,58,0,0,0,0,0,0,0,252,0,0,0,0,0
1586,25.244,0,58,0,0,0,0,0,0,0,252,0,0,0,0,0
1587,0.814,0,58,0,0,0,0,0,0,0,252,0,0,0,0,0
1588,0.709,0,58,0,0,0,0,0,0,0,252,0,0,0,0,0
1589,7.268,0,58,0,0,0,0,0,0,0,252,0,0,0,0,0
1590,24.606,0,58,0,0,0,0,0,0,0,252,0,0,0,0,0
1591,0.937,0,58,0,0,0,0,0,0,0,252,0,0,0,0,0
1592,0.778,0,58,0,0,0,0,0,0,0,252,0,0,0,0,0
1593,6.363,0,58,0,0,0,0,0,0,0,252,0,0,0,0,0
1594,25.190,0,58,0,0,0,0,0,0,0,252,0,0,0,0,0
1595,0.816,0,58,0,0,0,0,0,0,0,252,0,0,0,0,0
1596,0.764,0,58,0,0,0,0,0,0,0,252,0,0,0,0,0
1597,7.072,0,58,0,0,0,0,0,0,0,252,0,0,0,0,0
1598,24.694,0,58,0,0,0,0,0,0,0,252,0,0,0,0,0
1599,0.809,0,58,0,0,0,0,0,0,0,252,0,0,0,0,0
1600,0.806,0,58,0,0,0,0,0,0,0,252,0,0,0,0,0
1601,6.610,0,58,0,0,0,0,0,0,0,252,0,0,0,0,0
1602,25.502,0,58,0,0,0,0,0,0,0,252,0,0,0,0,0
1603,0.904,0,58,0,0,0,0,0,0,0,252,0,0,0,0,0
1604,0.718,0,58,0,0,0,0,0,0,0,252,0,0,0,0,0
1605,6.976,0,58,0,0,0,0,0,0,0,252,0,0,0,0,0
1606,24.293,0,58,0,0,0,0,0,0,0,252,0,0,0,0,0
1607,0.840,0,58,0,0,0,0,0,0,0,252,0,0,0,0,0
1608,0.652,0,58,0,0,0,0,0,0,0,252,0,0,0,0,0
1609,6.762,0,58,0,0,0,0,0,0,0,252,0,0,0,0,0
1610,25.524,0,58,0,0,0,0,0,0,0,252,0,0,0,0,0
1611,1.079,0,58,0,0,0,0,0,0,0,252,0,0,0,0,0
1612,0.871,0,58,0,0,0,0,0,0,0,252,0,0,0,0,0
1613,6.363,0,58,0,0,0,0,0,0,0,252,0,0,0,0,0
1614,24.607,0,58,0,0,0,0,0,0,0,252,0,0,0,0,0
1615,0.883,0,58,0,0,0,0,0,0,0,252,0,0,0,0,0
1616,0.694,0,58,0,0,0,0,0,0,0,252,0,0,0,0,0
1617,6.764,0,58,0,0,0,0,0,0,0,252,0,0,0,0,0
1618,25.054,0,58,0,0,0,0,0,0,0,252,0,0,0,0,0
1619,0.844,0,58,0,0,0,0,0,0,0,252,0,0,0,0,0
1620,0.704,0,58,0,0,0,0,0,0,0,252,0,0,0,0,0
1621,6.728,0,58,0,0,0,0,0,0,0,252,0,0,0,0,0
1622,24.973,0,58,0,0,0,0,0,0,0,252,0,0,0,0,0
1623,0.789,0,58,0,0,0,0,0,0,0,252,0,0,0,0,0
1624,0.638,0,58,0,0,0,0,0,0,0,252,0,0,0,0,0
1625,6.663,0,58,0,0,0,0,0,0,0,252,0,0,0,0,0
1626,25.295,0,58,0,0,0,0,0,0,0,252,0,0,0,0,0
1627,1.010,0,58,0,0,0,0,0,0,0,252,0,0,0,0,0
1628,0.783,0,58,0,0,0,0,0,0,0,252,0,0,0,0,0
1629,6.513,0,58,0,0,0,0,0,0,0,252,0,0,0,0,0
1630,25.094,0,58,0,0,0,0,0,0,0,252,0,0,0,0,0
1631,0.892,0,58,0,0,0,0,0,0,0,252,0,0,0,0,0
1632,0.838,0,58,0,0,0,0,0,0,0,252,0,0,0,0,0
1633,6.231,0,58,0,0,0,0,0,0,0,252,0,0,0,0,0
1634,25.263,0,58,0,0,0,0,0,0,0,252,0,0,0,0,0
1635,0.898,0,58,0,0,0,0,0,0,0,252,0,0,0,0,0
1636,0.802,0,58,0,0,0,0,0,0,0,252,0,0,0,0,0
1637,6.543,0,58,0,0,0,0,0,0,0,252,0,0,0,0,0
1638,25.186,0,58,0,0,0,0,0,0,0,252,0,0,0,0,0
1639,0.825,0,58,0,0,0,0,0,0,0,252,0,0,0,0,0
1640,0.919,0,58,0,0,0,0,0,0,0,252,0,0,0,0,0
1641,6.252,0,58,0,0,0,0,0,0,0,252,0,0,0,0,0
1642,25.187,0,58,0,0,0,0,0,0,0,252,0,0,0,0,0
1643,0.882,0,58,0,0,0,0,0,0,0,252,0,0,0,0,0
1644,0.739,0,58,0,0,0,0,0,0,0,252,0,0,0,0,0
1645,6.744,0,58,0,0,0,0,0,0,0,252,0,0,0,0,0
1646,25.057,0,58,0,0,0,0,0,0,0,252,0,0,0,0,0
1647,0.774,0,58,0,0,0,0,0,0,0,252,0,0,0,0,0
1648,0.652,0,58,0,0,0,0,0,0,0,252,0,0,0,0,0
1649,6.729,0,58,0,0,0,0,0,0,0,252,0,0,0,0,0
1650,25.189,0,58,0,0,0,0,0,0,0,252,0,0,0,0,0
1651,0.873,0,58,0,0,0,0,0,0,0,252,0,0,0,0,0
1652,0.737,0,58,0,0,0,0,0,0,0,252,0,0,0,0,0
1653,6.498,0,58,0,0,0,0,0,0,0,252,0,0,0,0,0
1654,25.168,0,58,0,0,0,0,0,0,0,252,0,0,0,0,0
1655,0.898,0,58,0,0,0,0,0,0,0,252,0,0,0,0,0
1656,2.099,0,58,0,0,0,0,0,0,0,252,0,0,0,0,0
1657,5.227,0,58,0,0,0,0,0,0,0,252,0,0,0,0,0
1658,25.698,0,58,0,0,0,0,0,0,0,252,0,0,0,0,0
1659,1.148,0,58,0,0,0,0,0,0,0,252,0,0,0,0,0
1660,1.658,0,58,0,0,0,0,0,0,0,252,0,0,0,0,0
1661,5.258,0,58,0,0,0,0,0,0,0,252,0,0,0,0,0
1662,24.763,0,58,0,0,0,0,0,0,0,252,0,0,0,0,0
1663,0.800,0,58,0,0,0,0,0,0,0,252,0,0,0,0,0
1664,0.642,0,58,0,0,0,0,0,0,0,252,0,0,0,0,0
1665,6.548,0,58,0,0,0,0,0,0,0,252,0,0,0,0,0
1666,25.402,0,58,0,0,0,0,0,0,0,252,0,0,0,0,0
1667,0.757,0,58,0,0,0,0,0,0,0,252,0,0,0,0,0
1668,0.563,0,58,0,0,0,0,0,0,0,252,0,0,0,0,0
1669,6.629,0,58,0,0,0,0,0,0,0,252,0,0,0,0,0
1670,25.165,0,58,0,0,0,0,0,0,0,252,0,0,0,0,0
1671,0.787,0,58,0,0,0,0,0,0,0,252,0,0,0,0,0
1672,0.747,0,58,0,0,0,0,0,0,0,252,0,0,0,0,0
1673,6.778,0,58,0,0,0,0,0,0,0,252,0,0,0,0,0
1674,25.139,0,58,0,0,0,0,0,0,0,252,0,0,0,0,0
1675,0.853,0,58,0,0,0,0,0,0,0,252,0,0,0,0,0
1676,0.701,0,58,0,0,0,0,0,0,0,252,0,0,0,0,0
1677,6.640,0,58,0,0,0,0,0,0,0,252,0,0,0,0,0
1678,25.109,0,58,0,0,0,0,0,0,0,252,0,0,0,0,0
1679,1.285,0,58,0,0,0,0,0,0,0,252,0,0,0,0,0
1680,0.862,0,58,0,0,0,0,0,0,0,252,0,0,0,0,0
1681,5.916,0,58,0,0,0,0,0,0,0,252,0,0,0,0,0
1682,25.447,0,58,0,0,0,0,0,0,0,252,0,0,0,0,0
1683,0.981,0,58,0,0,0,0,0,0,0,252,0,0,0,0,0
1684,0.704,0,58,0,0,0,0,0,0,0,252,0,0,0,0,0
1685,6.724,0,58,0,0,0,0,0,0,0,252,0,0,0,0,0
1686,25.011,0,58,0,0,0,0,0,0,0,252,0,0,0,0,0
1687,0.969,0,58,0,0,0,0,0,0,0,252,0,0,0,0,0
1688,0.827,0,58,0,0,0,0,0,0,0,252,0,0,0,0,0
1689,6.007,0,58,0,0,0,0,0,0,0,252,0,0,0,0,0
1690,25.221,0,58,0,0,0,0,0,0,0,252,0,0,0,0,0
1691,0.809,0,58,0,0,0,0,0,0,0,252,0,0,0,0,0
1692,0.697,0,58,0,0,0,0,0,0,0,252,0,0,0,0,0
1693,6.638,0,58,0,0,0,0,0,0,0,252,0,0,0,0,0
1694,25.151,0,58,0,0,0,0,0,0,0,252,0,0,0,0,0
1695,0.772,0,58,0,0,0,0,0,0,0,252,0,0,0,0,0
1696,0.675,0,58,0,0,0,0,0,0,0,252,0,0,0,0,0
1697,6.800,0,58,0,0,0,0,0,0,0,252,0,0,0,0,0
1698,25.077,0,58,0,0,0,0,0,0,0,252,0,0,0,0,0
1699,0.968,0,58,0,0,0,0,0,0,0,252,0,0,0,0,0
1700,0.789,0,58,0,0,0,0,0,0,0,252,0,0,0,0,0
1701,6.449,0,58,0,0,0,0,0,0,0,252,0,0,0,0,0
1702,25.121,0,58,0,0,0,0,0,0,0,252,0,0,0,0,0
1703,0.843,0,58,0,0,0,0,0,0,0,252,0,0,0,0,0
1704,0.706,0,58,0,0,0,0,0,0,0,252,0,0,0,0,0
1705,6.655,0,58,0,0,0,0,0,0,0,252,0,0,0,0,0
1706,25.097,0,58,0,0,0,0,0,0,0,252,0,0,0,0,0
1707,0.873,0,58,0,0,0,0,0,0,0,252,0,0,0,0,0
1708,0.754,0,58,0,0,0,0,0,0,0,252,0,0,0,0,0
1709,6.794,0,58,0,0,0,0,0,0,0,252,0,0,0,0,0
1710,24.864,0,58,0,0,0,0,0,0,0,252,0,0,0,0,0
1711,0.936,0,58,0,0,0,0,0,0,0,252,0,0,0,0,0
1712,1.715,0,58,0,0,0,0,0,0,0,252,0,0,0,0,0
1713,5.510,0,58,0,0,0,0,0,0,0,252,0,0,0,0,0
1714,25.202,0,58,0,0,0,0,0,0,0,252,0,0,0,0,0
1715,0.901,0,58,0,0,0,0,0,0,0,252,0,0,0,0,0
1716,0.634,0,58,0,0,0,0,0,0,0,252,0,0,0,0,0
1717,7.091,0,58,0,0,0,0,0,0,0,252,0,0,0,0,0
1718,24.818,0,58,0,0,0,0,0,0,0,252,0,0,0,0,0
1719,0.782,0,58,0,0,0,0,0,0,0,252,0,0,0,0,0
1720,0.727,0,58,0,0,0,0,0,0,0,252,0,0,0,0,0
1721,6.547,0,58,0,0,0,0,0,0,0,252,0,0,0,0,0
1722,25.306,0,58,0,0,0,0,0,0,0,252,0,0,0,0,0
1723,0.838,0,58,0,0,0,0,0,0,0,252,0,0,0,0,0
1724,0.679,0,58,0,0,0,0,0,0,0,252,0,0,0,0,0
1725,7.776,0,58,0,0,0,0,0,0,0,252,0,0,0,0,0
1726,24.067,0,58,0,0,0,0,0,0,0,252,0,0,0,0,0
1727,0.824,0,58,0,0,0,0,0,0,0,252,0,0,0,0,0
1728,0.628,0,58,0,0,0,0,0,0,0,252,0,0,0,0,0
1729,6.784,0,58,0,0,0,0,0,0,0,252,0,0,0,0,0
1730,25.220,0,58,0,0,0,0,0,0,0,252,0,0,0,0,0
1731,1.009,0,58,0,0,0,0,0,0,0,252,0,0,0,0,0
1732,0.888,0,58,0,0,0,0,0,0,0,252,0,0,0,0,0
1733,6.249,0,58,0,0,0,0,0,0,0,252,0,0,0,0,0
1734,24.897,0,58,0,0,0,0,0,0,0,252,0,0,0,0,0
1735,0.818,0,58,0,0,0,0,0,0,0,252,0,0,0,0,0
1736,0.723,0,58,0,0,0,0,0,0,0,252,0,0,0,0,0
1737,6.687,0,58,0,0,0,0,0,0,0,252,0,0,0,0,0
1738,25.245,0,58,0,0,0,0,0,0,0,252,0,0,0,0,0
1739,0.924,0,58,0,0,0,0,0,0,0,252,0,0,0,0,0
1740,0.714,0,58,0,0,0,0,0,0,0,252,0,0,0,0,0
1741,6.577,0,58,0,0,0,0,0,0,0,252,0,0,0,0,0
1742,25.032,0,58,0,0,0,0,0,0,0,252,0,0,0,0,0
1743,0.817,0,58,0,0,0,0,0,0,0,252,0,0,0,0,0
1744,0.667,0,58,0,0,0,0,0,0,0,252,0,0,0,0,0
1745,6.806,0,58,0,0,0,0,0,0,0,252,0,0,0,0,0
1746,25.069,0,58,0,0,0,0,0,0,0,252,0,0,0,0,0
1747,0.772,0,58,0,0,0,0,0,0,0,252,0,0,0,0,0
1748,0.671,0,58,0,0,0,0,0,0,0,252,0,0,0,0,0
1749,7.272,0,58,0,0,0,0,0,0,0,252,0,0,0,0,0
1750,24.596,0,58,0,0,0,0,0,0,0,252,0,0,0,0,0
1751,0.798,0,58,0,0,0,0,0,0,0,252,0,0,0,0,0
1752,0.711,0,58,0,0,0,0,0,0,0,252,0,0,0,0,0
1753,6.895,0,58,0,0,0,0,0,0,0,252,0,0,0,0,0
1754,24.910,0,58,0,0,0,0,0,0,0,252,0,0,0,0,0
1755,0.773,0,58,0,0,0,0,0,0,0,252,0,0,0,0,0
1756,0.623,0,58,0,0,0,0,0,0,0,252,0,0,0,0,0
1757,6.832,0,58,0,0,0,0,0,0,0,252,0,0,0,0,0
1758,25.022,0,58,0,0,0,0,0,0,0,252,0,0,0,0,0
1759,0.763,0,58,0,0,0,0,0,0,0,252,0,0,0,0,0
1760,0.669,0,58,0,0,0,0,0,0,0,252,0,0,0,0,0
1761,6.778,0,58,0,0,0,0,0,0,0,252,0,0,0,0,0
1762,25.248,0,58,0,0,0,0,0,0,0,252,0,0,0,0,0
1763,0.836,0,58,0,0,0,0,0,0,0,252,0,0,0,0,0
1764,1.714,0,58,0,0,0,0,0,0,0,252,0,0,0,0,0
1765,5.935,0,58,0,0,0,0,0,0,0,252,0,0,0,0,0
1766,24.906,0,58,0,0,0,0,0,0,0,252,0,0,0,0,0
1767,0.874,0,58,0,0,0,0,0,0,0,252,0,0,0,0,0
1768,0.799,0,58,0,0,0,0,0,0,0,252,0,0,0,0,0
1769,6.390,0,58,0,0,0,0,0,0,0,252,0,0,0,0,0
1770,25.063,0,58,0,0,0,0,0,0,0,252,0,0,0,0,0
1771,0.734,0,58,0,0,0,0,0,0,0,252,0,0,0,0,0
1772,0.730,0,58,0,0,0,0,0,0,0,252,0,0,0,0,0
1773,7.267,0,58,0,0,0,0,0,0,0,252,0,0,0,0,0
1774,24.792,0,58,0,0,0,0,0,0,0,252,0,0,0,0,0
1775,0.881,0,58,0,0,0,0,0,0,0,252,0,0,0,0,0
1776,0.733,0,58,0,0,0,0,0,0,0,252,0,0,0,0,0
1777,6.469,0,58,0,0,0,0,0,0,0,252,0,0,0,0,0
1778,25.340,0,58,0,0,0,0,0,0,0,252,0,0,0,0,0
1779,0.790,0,58,0,0,0,0,0,0,0,252,0,0,0,0,0
1780,0.803,0,58,0,0,0,0,0,0,0,252,0,0,0,0,0
1781,6.907,0,58,0,0,0,0,0,0,0,252,0,0,0,0,0
1782,24.553,0,58,0,0,0,0,0,0,0,252,0,0,0,0,0
1783,0.918,0,58,0,0,0,0,0,0,0,252,0,0,0,0,0
1784,0.728,0,58,0,0,0,0,0,0,0,252,0,0,0,0,0
1785,6.623,0,58,0,0,0,0,0,0,0,252,0,0,0,0,0
1786,25.145,0,58,0,0,0,0,0,0,0,252,0,0,0,0,0
1787,0.813,0,58,0,0,0,0,0,0,0,252,0,0,0,0,0
1788,0.763,0,58,0,0,0,0,0,0,0,252,0,0,0,0,0
1789,7.153,0,58,0,0,0,0,0,0,0,252,0,0,0,0,0
1790,24.695,0,58,0,0,0,0,0,0,0,252,0,0,0,0,0
1791,0.772,0,58,0,0,0,0,0,0,0,252,0,0,0,0,0
1792,1.243,0,58,0,0,0,0,0,0,0,252,0,0,0,0,0
1793,5.997,0,58,0,0,0,0,0,0,0,252,0,0,0,0,0
1794,25.347,0,58,0,0,0,0,0,0,0,252,0,0,0,0,0
1795,0.988,0,58,0,0,0,0,0,0,0,252,0,0,0,0,0
1796,0.766,0,58,0,0,0,0,0,0,0,252,0,0,0,0,0
1797,6.360,0,58,0,0,0,0,0,0,0,252,0,0,0,0,0
1798,25.081,0,58,0,0,0,0,0,0,0,252,0,0,0,0,0
1799,0.784,0,58,0,0,0,0,0,0,0,252,0,0,0,0,0
1800,0.647,0,58,0,0,0,0,0,0,0,252,0,0,0,0,0
1801,6.697,0,58,0,0,0,0,0,0,0,252,0,0,0,0,0
1802,25.454,0,58,0,0,0,0,0,0,0,252,0,0,0,0,0
1803,0.842,0,58,0,0,0,0,0,0,0,252,0,0,0,0,0
1804,0.766,0,58,0,0,0,0,0,0,0,252,0,0,0,0,0
1805,6.452,0,58,0,0,0,0,0,0,0,252,0,0,0,0,0
1806,25.134,0,58,0,0,0,0,0,0,0,252,0,0,0,0,0
1807,0.892,0,58,0,0,0,0,0,0,0,252,0,0,0,0,0
1808,0.709,0,58,0,0,0,0,0,0,0,252,0,0,0,0,0
1809,6.849,0,58,0,0,0,0,0,0,0,252,0,0,0,0,0
1810,24.894,0,58,0,0,0,0,0,0,0,252,0,0,0,0,0
1811,0.833,0,58,0,0,0,0,0,0,0,252,0,0,0,0,0
1812,0.683,0,58,0,0,0,0,0,0,0,252,0,0,0,0,0
1813,7.928,0,58,0,0,0,0,0,0,0,252,0,0,0,0,0
1814,23.937,0,58,0,0,0,0,0,0,0,252,0,0,0,0,0
1815,0.805,0,58,0,0,0,0,0,0,0,252,0,0,0,0,0
1816,0.815,0,58,0,0,0,0,0,0,0,252,0,0,0,0,0
1817,6.505,0,58,0,0,0,0,0,0,0,252,0,0,0,0,0
1818,25.133,0,58,0,0,0,0,0,0,0,252,0,0,0,0,0
1819,0.965,0,58,0,0,0,0,0,0,0,252,0,0,0,0,0
1820,1.216,0,58,0,0,0,0,0,0,0,252,0,0,0,0,0
1821,5.982,0,58,0,0,0,0,0,0,0,252,0,0,0,0,0
1822,25.079,0,58,0,0,0,0,0,0,0,252,0,0,0,0,0
1823,0.884,0,58,0,0,0,0,0,0,0,252,0,0,0,0,0
1824,0.744,0,58,0,0,0,0,0,0,0,252,0,0,0,0,0
1825,6.557,0,58,0,0,0,0,0,0,0,252,0,0,0,0,0
1826,25.077,0,58,0,0,0,0,0,0,0,252,0,0,0,0,0
1827,0.766,0,58,0,0,0,0,0,0,0,252,0,0,0,0,0
1828,0.669,0,58,0,0,0,0,0,0,0,252,0,0,0,0,0
1829,7.118,0,58,0,0,0,0,0,0,0,252,0,0,0,0,0
1830,24.914,0,58,0,0,0,0,0,0,0,252,0,0,0,0,0
1831,0.923,0,58,0,0,0,0,0,0,0,252,0,0,0,0,0
1832,0.799,0,58,0,0,0,0,0,0,0,252,0,0,0,0,0
1833,6.356,0,58,0,0,0,0,0,0,0,252,0,0,0,0,0
1834,25.121,0,58,0,0,0,0,0,0,0,252,0,0,0,0,0
1835,0.842,0,58,0,0,0,0,0,0,0,252,0,0,0,0,0
1836,0.696,0,58,0,0,0,0,0,0,0,252,0,0,0,0,0
1837,6.751,0,58,0,0,0,0,0,0,0,252,0,0,0,0,0
1838,25.048,0,58,0,0,0,0,0,0,0,252,0,0,0,0,0
1839,0.768,0,58,0,0,0,0,0,0,0,252,0,0,0,0,0
1840,0.671,0,58,0,0,0,0,0,0,0,252,0,0,0,0,0
1841,6.660,0,58,0,0,0,0,0,0,0,252,0,0,0,0,0
1842,25.404,0,58,0,0,0,0,0,0,0,252,0,0,0,0,0
1843,1.049,0,58,0,0,0,0,0,0,0,252,0,0,0,0,0
1844,1.353,0,58,0,0,0,0,0,0,0,252,0,0,0,0,0
1845,5.962,0,58,0,0,0,0,0,0,0,252,0,0,0,0,0
1846,24.885,0,58,0,0,0,0,0,0,0,252,0,0,0,0,0
1847,1.001,0,58,0,0,0,0,0,0,0,252,0,0,0,0,0
1848,0.807,0,58,0,0,0,0,0,0,0,252,0,0,0,0,0
1849,6.246,0,58,0,0,0,0,0,0,0,252,0,0,0,0,0
1850,25.130,0,58,0,0,0,0,0,0,0,252,0,0,0,0,0
1851,0.814,0,58,0,0,0,0,0,0,0,252,0,0,0,0,0
1852,0.706,0,58,0,0,0,0,0,0,0,252,0,0,0,0,0
1853,7.213,0,58,0,0,0,0,0,0,0,252,0,0,0,0,0
1854,24.691,0,58,0,0,0,0,0,0,0,252,0,0,0,0,0
1855,0.765,0,58,0,0,0,0,0,0,0,252,0,0,0,0,0
1856,0.670,0,58,0,0,0,0,0,0,0,252,0,0,0,0,0
1857,6.689,0,58,0,0,0,0,0,0,0,252,0,0,0,0,0
1858,25.378,0,58,0,0,0,0,0,0,0,252,0,0,0,0,0
1859,0.879,0,58,0,0,0,0,0,0,0,252,0,0,0,0,0
1860,0.770,0,58,0,0,0,0,0,0,0,252,0,0,0,0,0
1861,6.854,0,58,0,0,0,0,0,0,0,252,0,0,0,0,0
1862,24.762,0,58,0,0,0,0,0,0,0,252,0,0,0,0,0
1863,0.759,0,58,0,0,0,0,0,0,0,252,0,0,0,0,0
1864,0.634,0,58,0,0,0,0,0,0,0,252,0,0,0,0,0
1865,6.604,0,58,0,0,0,0,0,0,0,252,0,0,0,0,0
1866,25.142,0,58,0,0,0,0,0,0,0,252,0,0,0,0,0
1867,0.796,0,58,0,0,0,0,0,0,0,252,0,0,0,0,0
1868,0.661,0,58,0,0,0,0,0,0,0,252,0,0,0,0,0
1869,7.275,0,58,0,0,0,0,0,0,0,252,0,0,0,0,0
1870,24.726,0,58,0,0,0,0,0,0,0,252,0,0,0,0,0
1871,0.775,0,58,0,0,0,0,0,0,0,252,0,0,0,0,0
1872,0.661,0,58,0,0,0,0,0,0,0,252,0,0,0,0,0
1873,6.644,0,58,0,0,0,0,0,0,0,252,0,0,0,0,0
1874,25.301,0,58,0,0,0,0,0,0,0,252,0,0,0,0,0
1875,0.948,0,58,0,0,0,0,0,0,0,252,0,0,0,0,0
1876,1.661,0,58,0,0,0,0,0,0,0,252,0,0,0,0,0
1877,5.502,0,58,0,0,0,0,0,0,0,252,0,0,0,0,0
1878,25.095,0,58,0,0,0,0,0,0,0,252,0,0,0,0,0
1879,0.804,0,58,0,0,0,0,0,0,0,252,0,0,0,0,0
1880,0.667,0,58,0,0,0,0,0,0,0,252,0,0,0,0,0
1881,6.716,0,58,0,0,0,0,0,0,0,252,0,0,0,0,0
1882,25.163,0,58,0,0,0,0,0,0,0,252,0,0,0,0,0
1883,0.878,0,58,0,0,0,0,0,0,0,252,0,0,0,0,0
1884,0.687,0,58,0,0,0,0,0,0,0,252,0,0,0,0,0
1885,7.113,0,58,0,0,0,0,0,0,0,252,0,0,0,0,0
1886,24.619,0,58,0,0,0,0,0,0,0,252,0,0,0,0,0
1887,0.801,0,58,0,0,0,0,0,0,0,252,0,0,0,0,0
1888,0.654,0,58,0,0,0,0,0,0,0,252,0,0,0,0,0
1889,6.711,0,58,0,0,0,0,0,0,0,252,0,0,0,0,0
1890,25.283,0,58,0,0,0,0,0,0,0,252,0,0,0,0,0
1891,0.758,0,58,0,0,0,0,0,0,0,252,0,0,0,0,0
1892,0.805,0,58,0,0,0,0,0,0,0,252,0,0,0,0,0
1893,6.551,0,58,0,0,0,0,0,0,0,252,0,0,0,0,0
1894,25.083,0,58,0,0,0,0,0,0,0,252,0,0,0,0,0
1895,0.796,0,58,0,0,0,0,0,0,0,252,0,0,0,0,0
1896,0.638,0,58,0,0,0,0,0,0,0,252,0,0,0,0,0
1897,6.741,0,58,0,0,0,0,0,0,0,252,0,0,0,0,0
1898,25.185,0,58,0,0,0,0,0,0,0,252,0,0,0,0,0
1899,0.847,0,58,0,0,0,0,0,0,0,252,0,0,0,0,0
1900,0.830,0,58,0,0,0,0,0,0,0,252,0,0,0,0,0
1901,7.500,0,58,0,0,0,0,0,0,0,252,0,0,0,0,0
1902,24.392,0,58,0,0,0,0,0,0,0,252,0,0,0,0,0
1903,0.916,0,58,0,0,0,0,0,0,0,252,0,0,0,0,0
1904,1.538,0,58,0,0,0,0,0,0,0,252,0,0,0,0,0
1905,5.568,0,58,0,0,0,0,0,0,0,252,0,0,0,0,0
1906,25.128,0,58,0,0,0,0,0,0,0,252,0,0,0,0,0
1907,0.799,0,58,0,0,0,0,0,0,0,252,0,0,0,0,0
1908,0.807,0,58,0,0,0,0,0,0,0,252,0,0,0,0,0
1909,7.591,0,58,0,0,0,0,0,0,0,252,0,0,0,0,0
1910,24.151,0,58,0,0,0,0,0,0,0,252,0,0,0,0,0
1911,0.899,0,58,0,0,0,0,0,0,0,252,0,0,0,0,0
1912,0.604,0,58,0,0,0,0,0,0,0,252,0,0,0,0,0
1913,6.679,0,58,0,0,0,0,0,0,0,252,0,0,0,0,0
1914,25.103,0,58,0,0,0,0,0,0,0,252,0,0,0,0,0
1915,0.798,0,58,0,0,0,0,0,0,0,252,0,0,0,0,0
1916,0.681,0,58,0,0,0,0,0,0,0,252,0,0,0,0,0
1917,6.825,0,58,0,0,0,0,0,0,0,252,0,0,0,0,0
1918,25.203,0,58,0,0,0,0,0,0,0,252,0,0,0,0,0
1919,0.890,0,58,0,0,0,0,0,0,0,252,0,0,0,0,0
1920,0.770,0,58,0,0,0,0,0,0,0,252,0,0,0,0,0
1921,6.281,0,58,0,0,0,0,0,0,0,252,0,0,0,0,0
1922,25.430,0,58,0,0,0,0,0,0,0,252,0,0,0,0,0
1923,0.889,0,58,0,0,0,0,0,0,0,252,0,0,0,0,0
1924,0.838,0,58,0,0,0,0,0,0,0,252,0,0,0,0,0
1925,7.400,0,58,0,0,0,0,0,0,0,252,0,0,0,0,0
1926,24.154,0,58,0,0,0,0,0,0,0,252,0,0,0,0,0
1927,0.907,0,58,0,0,0,0,0,0,0,252,0,0,0,0,0
1928,1.965,0,58,0,0,0,0,0,0,0,252,0,0,0,0,0
1929,5.367,0,58,0,0,0,0,0,0,0,252,0,0,0,0,0
1930,25.052,0,58,0,0,0,0,0,0,0,252,0,0,0,0,0
1931,0.862,0,58,0,0,0,0,0,0,0,252,0,0,0,0,0
1932,0.676,0,58,0,0,0,0,0,0,0,252,0,0,0,0,0
1933,7.632,0,58,0,0,0,0,0,0,0,252,0,0,0,0,0
1934,24.181,0,58,0,0,0,0,0,0,0,252,0,0,0,0,0
1935,0.814,0,58,0,0,0,0,0,0,0,252,0,0,0,0,0
1936,0.659,0,58,0,0,0,0,0,0,0,252,0,0,0,0,0
1937,6.487,0,58,0,0,0,0,0,0,0,252,0,0,0,0,0
1938,25.399,0,58,0,0,0,0,0,0,0,252,0,0,0,0,0
1939,0.812,0,58,0,0,0,0,0,0,0,252,0,0,0,0,0
1940,0.741,0,58,0,0,0,0,0,0,0,252,0,0,0,0,0
1941,6.437,0,58,0,0,0,0,0,0,0,252,0,0,0,0,0
1942,25.154,0,58,0,0,0,0,0,0,0,252,0,0,0,0,0
1943,0.859,0,58,0,0,0,0,0,0,0,252,0,0,0,0,0
1944,0.726,0,58,0,0,0,0,0,0,0,252,0,0,0,0,0
1945,6.487,0,58,0,0,0,0,0,0,0,252,0,0,0,0,0
1946,25.249,0,58,0,0,0,0,0,0,0,252,0,0,0,0,0
1947,0.849,0,58,0,0,0,0,0,0,0,252,0,0,0,0,0
1948,0.674,0,58,0,0,0,0,0,0,0,252,0,0,0,0,0
1949,6.569,0,58,0,0,0,0,0,0,0,252,0,0,0,0,0
1950,25.177,0,58,0,0,0,0,0,0,0,252,0,0,0,0,0
1951,0.772,0,58,0,0,0,0,0,0,0,252,0,0,0,0,0
1952,0.638,0,58,0,0,0,0,0,0,0,252,0,0,0,0,0
1953,6.723,0,58,0,0,0,0,0,0,0,252,0,0,0,0,0
1954,25.439,0,58,0,0,0,0,0,0,0,252,0,0,0,0,0
1955,0.867,0,58,0,0,0,0,0,0,0,252,0,0,0,0,0
1956,1.016,0,58,0,0,0,0,0,0,0,252,0,0,0,0,0
1957,6.159,0,58,0,0,0,0,0,0,0,252,0,0,0,0,0
1958,25.143,0,58,0,0,0,0,0,0,0,252,0,0,0,0,0
1959,0.763,0,58,0,0,0,0,0,0,0,252,0,0,0,0,0
1960,0.878,0,58,0,0,0,0,0,0,0,252,0,0,0,0,0
1961,6.425,0,58,0,0,0,0,0,0,0,252,0,0,0,0,0
1962,25.303,0,58,0,0,0,0,0,0,0,252,0,0,0,0,0
1963,0.959,0,58,0,0,0,0,0,0,0,252,0,0,0,0,0
1964,0.676,0,58,0,0,0,0,0,0,0,252,0,0,0,0,0
1965,7.018,0,58,0,0,0,0,0,0,0,252,0,0,0,0,0
1966,24.755,0,58,0,0,0,0,0,0,0,252,0,0,0,0,0
1967,0.878,0,58,0,0,0,0,0,0,0,252,0,0,0,0,0
1968,0.678,0,58,0,0,0,0,0,0,0,252,0,0,0,0,0
1969,6.456,0,58,0,0,0,0,0,0,0,252,0,0,0,0,0
1970,25.303,0,58,0,0,0,0,0,0,0,236,0,16,0,0,0
1971,1.143,0,58,0,0,0,0,0,0,0,236,0,16,0,0,0
1972,1.063,0,58,0,0,0,0,0,0,0,236,0,16,0,0,0
1973,6.073,0,58,0,0,0,0,0,0,0,236,0,16,0,0,0
1974,24.865,0,58,0,0,0,0,0,0,0,236,0,16,0,0,0
1975,0.845,0,58,0,0,0,0,0,0,0,236,0,16,0,0,0
1976,0.705,0,58,0,0,0,0,0,0,0,236,0,16,0,0,0
1977,6.655,0,58,0,0,0,0,0,0,0,236,0,16,0,0,0
1978,25.395,0,58,0,0,0,0,0,0,0,236,0,16,0,0,0
1979,0.773,0,58,0,0,0,0,0,0,0,236,0,16,0,0,0
1980,0.934,0,58,0,0,0,0,0,0,0,236,0,16,0,0,0
1981,6.879,0,58,0,0,0,0,0,0,0,236,0,16,0,0,0
1982,24.545,0,58,0,0,0,0,0,0,0,236,0,16,0,0,0
1983,0.799,0,58,0,0,0,0,0,0,0,236,0,16,0,0,0
1984,0.610,0,58,0,0,0,0,0,0,0,236,0,16,0,0,0
1985,6.678,0,58,0,0,0,0,0,0,0,236,0,16,0,0,0
1986,25.186,0,58,0,0,0,0,0,0,0,236,0,16,0,0,0
1987,0.788,0,58,0,0,0,0,0,0,0,236,0,16,0,0,0
1988,0.632,0,58,0,0,0,0,0,0,0,236,0,16,0,0,0
1989,6.708,0,58,0,0,0,0,0,0,0,236,0,16,0,0,0
1990,25.385,0,58,0,0,0,0,0,0,0,236,0,16,0,0,0
1991,0.850,0,58,0,0,0,0,0,0,0,236,0,16,0,0,0
1992,0.766,0,58,0,0,0,0,0,0,0,236,0,16,0,0,0
1993,6.438,0,58,0,0,0,0,0,0,0,236,0,16,0,0,0
1994,25.240,0,58,0,0,0,0,0,0,0,236,0,16,0,0,0
1995,0.765,0,58,0,0,0,0,0,0,0,236,0,16,0,0,0
1996,0.610,0,58,0,0,0,0,0,0,0,236,0,16,0,0,0
1997,7.856,0,58,0,0,0,0,0,0,0,236,0,16,0,0,0
1998,23.915,0,58,0,0,0,0,0,0,0,236,0,16,0,0,0
1999,0.865,0,58,0,0,0,0,0,0,0,236,0,16,0,0,0
2000,0.625,0,58,0,0,0,0,0,0,0,236,0,16,0,0,0
2001,6.851,0,58,0,0,0,0,0,0,0,236,0,16,0,0,0
2002,25.329,0,58,0,0,0,0,0,0,0,236,0,16,0,0,0
2003,0.856,0,58,0,0,0,0,0,0,0,236,0,16,0,0,0
2004,1.387,0,58,0,0,0,0,0,0,0,236,0,16,0,0,0
2005,5.673,0,58,0,0,0,0,0,0,0,236,0,16,0,0,0
2006,25.114,0,58,0,0,0,0,0,0,0,236,0,16,0,0,0
2007,0.896,0,58,0,0,0,0,0,0,0,236,0,16,0,0,0
2008,0.735,0,58,0,0,0,0,0,0,0,236,0,16,0,0,0
2009,6.524,0,58,0,0,0,0,0,0,0,236,0,16,0,0,0
2010,25.193,0,58,0,0,0,0,0,0,0,236,0,16,0,0,0
2011,0.764,0,58,0,0,0,0,0,0,0,236,0,16,0,0,0
2012,0.679,0,58,0,0,0,0,0,0,0,236,0,16,0,0,0
2013,7.295,0,58,0,0,0,0,0,0,0,236,0,16,0,0,0
2014,24.572,0,58,0,0,0,0,0,0,0,236,0,16,0,0,0
2015,0.779,0,58,0,0,0,0,0,0,0,236,0,16,0,0,0
2016,0.682,0,58,0,0,0,0,0,0,0,236,0,16,0,0,0
2017,6.743,0,58,0,0,0,0,0,0,0,236,0,16,0,0,0
2018,25.133,0,58,0,0,0,0,0,0,0,236,0,16,0,0,0
2019,0.804,0,58,0,0,0,0,0,0,0,236,0,16,0,0,0
2020,0.644,0,58,0,0,0,0,0,0,0,236,0,16,0,0,0
2021,6.774,0,58,0,0,0,0,0,0,0,236,0,16,0,0,0
2022,25.205,0,58,0,0,0,0,0,0,0,236,0,16,0,0,0
2023,0.841,0,58,0,0,0,0,0,0,0,236,0,16,0,0,0
2024,0.649,0,58,0,0,0,0,0,0,0,236,0,16,0,0,0
2025,6.668,0,58,0,0,0,0,0,0,0,236,0,16,0,0,0
2026,25.183,0,58,0,0,0,0,0,0,0,236,0,16,0,0,0
2027,0.806,0,58,0,0,0,0,0,0,0,236,0,16,0,0,0
2028,0.711,0,58,0,0,0,0,0,0,0,236,0,16,0,0,0
2029,6.695,0,58,0,0,0,0,0,0,0,236,0,16,0,0,0
2030,24.990,0,58,0,0,0,0,0,0,0,236,0,16,0,0,0
2031,0.814,0,58,0,0,0,0,0,0,0,236,0,16,0,0,0
2032,1.783,0,58,0,0,0,0,0,0,0,236,0,16,0,0,0
2033,5.752,0,58,0,0,0,0,0,0,0,236,0,16,0,0,0
2034,24.997,0,58,0,0,0,0,0,0,0,236,0,16,0,0,0
2035,0.767,0,58,0,0,0,0,0,0,0,236,0,16,0,0,0
2036,0.598,0,58,0,0,0,0,0,0,0,236,0,16,0,0,0
2037,6.970,0,58,0,0,0,0,0,0,0,236,0,16,0,0,0
2038,25.030,0,58,0,0,0,0,0,0,0,236,0,16,0,0,0
2039,0.911,0,58,0,0,0,0,0,0,0,236,0,16,0,0,0
2040,0.783,0,58,0,0,0,0,0,0,0,236,0,16,0,0,0
2041,6.517,0,58,0,0,0,0,0,0,0,236,0,16,0,0,0
2042,25.111,0,58,0,0,0,0,0,0,0,236,0,16,0,0,0
2043,0.813,0,58,0,0,0,0,0,0,0,236,0,16,0,0,0
2044,0.662,0,58,0,0,0,0,0,0,0,236,0,16,0,0,0
2045,7.096,0,58,0,0,0,0,0,0,0,236,0,16,0,0,0
2046,24.785,0,58,0,0,0,0,0,0,0,236,0,16,0,0,0
2047,0.921,0,58,0,0,0,0,0,0,0,236,0,16,0,0,0
2048,0.683,0,58,0,0,0,0,0,0,0,236,0,16,0,0,0
2049,6.612,0,58,0,0,0,0,0,0,0,236,0,16,0,0,0
2050,25.075,0,58,0,0,0,0,0,0,0,236,0,16,0,0,0
2051,0.872,0,58,0,0,0,0,0,0,0,236,0,16,0,0,0
2052,0.714,0,58,0,0,0,0,0,0,0,236,0,16,0,0,0
2053,7.129,0,58,0,0,0,0,0,0,0,236,0,16,0,0,0
2054,24.651,0,58,0,0,0,0,0,0,0,236,0,16,0,0,0
2055,0.868,0,58,0,0,0,0,0,0,0,236,0,16,0,0,0
2056,0.620,0,58,0,0,0,0,0,0,0,236,0,16,0,0,0
2057,6.842,0,58,0,0,0,0,0,0,0,236,0,16,0,0,0
2058,24.972,0,58,0,0,0,0,0,0,0,236,0,16,0,0,0
2059,0.864,0,58,0,0,0,0,0,0,0,236,0,16,0,0,0
2060,0.709,0,58,0,0,0,0,0,0,0,236,0,16,0,0,0
2061,7.732,0,58,0,0,0,0,0,0,0,236,0,16,0,0,0
2062,24.153,0,58,0,0,0,0,0,0,0,236,0,16,0,0,0
2063,0.815,0,58,0,0,0,0,0,0,0,236,0,16,0,0,0
2064,0.876,0,58,0,0,0,0,0,0,0,236,0,16,0,0,0
2065,6.295,0,58,0,0,0,0,0,0,0,236,0,16,0,0,0
2066,25.166,0,58,0,0,0,0,0,0,0,236,0,16,0,0,0
2067,0.785,0,58,0,0,0,0,0,0,0,236,0,16,0,0,0
2068,0.708,0,58,0,0,0,0,0,0,0,236,0,16,0,0,0
2069,7.198,0,58,0,0,0,0,0,0,0,236,0,16,0,0,0
2070,24.737,0,58,0,0,0,0,0,0,0,236,0,16,0,0,0
2071,0.741,0,58,0,0,0,0,0,0,0,236,0,16,0,0,0
2072,0.653,0,58,0,0,0,0,0,0,0,236,0,16,0,0,0
2073,6.736,0,58,0,0,0,0,0,0,0,236,0,16,0,0,0
2074,25.250,0,58,0,0,0,0,0,0,0,236,0,16,0,0,0
2075,0.838,0,58,0,0,0,0,0,0,0,236,0,16,0,0,0
2076,0.713,0,58,0,0,0,0,0,0,0,236,0,16,0,0,0
2077,7.069,0,58,0,0,0,0,0,0,0,236,0,16,0,0,0
2078,24.649,0,58,0,0,0,0,0,0,0,236,0,16,0,0,0
2079,0.892,0,58,0,0,0,0,0,0,0,236,0,16,0,0,0
2080,0.674,0,58,0,0,0,0,0,0,0,236,0,16,0,0,0
2081,6.666,0,58,0,0,0,0,0,0,0,236,0,16,0,0,0
2082,25.014,0,58,0,0,0,0,0,0,0,236,0,16,0,0,0
2083,0.756,0,58,0,0,0,0,0,0,0,236,0,16,0,0,0
2084,0.695,0,58,0,0,0,0,0,0,0,236,0,16,0,0,0
2085,7.958,0,58,0,0,0,0,0,0,0,236,0,16,0,0,0
2086,24.316,0,58,0,0,0,0,0,0,0,236,0,16,0,0,0
2087,0.907,0,58,0,0,0,0,0,0,0,236,0,16,0,0,0
2088,0.686,0,58,0,0,0,0,0,0,0,236,0,16,0,0,0
2089,6.315,0,58,0,0,0,0,0,0,0,236,0,16,0,0,0
2090,25.126,0,58,0,0,0,0,0,0,0,236,0,16,0,0,0
2091,0.902,0,58,0,0,0,0,0,0,0,236,0,16,0,0,0
2092,0.643,0,58,0,0,0,0,0,0,0,236,0,16,0,0,0
2093,7.160,0,58,0,0,0,0,0,0,0,236,0,16,0,0,0
2094,24.585,0,58,0,0,0,0,0,0,0,236,0,16,0,0,0
2095,0.811,0,58,0,0,0,0,0,0,0,236,0,16,0,0,0
2096,0.614,0,58,0,0,0,0,0,0,0,236,0,16,0,0,0
2097,6.841,0,58,0,0,0,0,0,0,0,236,0,16,0,0,0
2098,25.087,0,58,0,0,0,0,0,0,0,236,0,16,0,0,0
2099,0.830,0,58,0,0,0,0,0,0,0,236,0,16,0,0,0
2100,0.696,0,58,0,0,0,0,0,0,0,236,0,16,0,0,0
2101,6.989,0,58,0,0,0,0,0,0,0,236,0,16,0,0,0
2102,24.778,0,58,0,0,0,0,0,0,0,236,0,16,0,0,0
2103,0.801,0,58,0,0,0,0,0,0,0,236,0,16,0,0,0
2104,0.680,0,58,0,0,0,0,0,0,0,236,0,16,0,0,0
2105,6.685,0,58,0,0,0,0,0,0,0,236,0,16,0,0,0
2106,25.213,0,58,0,0,0,0,0,0,0,236,0,16,0,0,0
2107,0.732,0,58,0,0,0,0,0,0,0,236,0,16,0,0,0
2108,0.614,0,58,0,0,0,0,0,0,0,236,0,16,0,0,0
2109,7.319,0,58,0,0,0,0,0,0,0,236,0,16,0,0,0
2110,24.661,0,58,0,0,0,0,0,0,0,236,0,16,0,0,0
2111,0.781,0,58,0,0,0,0,0,0,0,236,0,16,0,0,0
2112,0.640,0,58,0,0,0,0,0,0,0,236,0,16,0,0,0
2113,6.709,0,58,0,0,0,0,0,0,0,236,0,16,0,0,0
2114,25.715,0,58,0,0,0,0,0,0,0,236,0,16,0,0,0
2115,1.061,0,58,0,0,0,0,0,0,0,236,0,16,0,0,0
2116,1.267,0,58,0,0,0,0,0,0,0,236,0,16,0,0,0
2117,5.405,0,58,0,0,0,0,0,0,0,236,0,16,0,0,0
2118,25.163,0,58,0,0,0,0,0,0,0,236,0,16,0,0,0
2119,0.767,0,58,0,0,0,0,0,0,0,236,0,16,0,0,0
2120,0.706,0,58,0,0,0,0,0,0,0,236,0,16,0,0,0
2121,6.578,0,58,0,0,0,0,0,0,0,236,0,16,0,0,0
2122,25.107,0,58,0,0,0,0,0,0,0,236,0,16,0,0,0
2123,0.737,0,58,0,0,0,0,0,0,0,236,0,16,0,0,0
2124,0.768,0,58,0,0,0,0,0,0,0,236,0,16,0,0,0
2125,6.965,0,58,0,0,0,0,0,0,0,236,0,16,0,0,0
2126,25.074,0,58,0,0,0,0,0,0,0,236,0,16,0,0,0
2127,0.846,0,58,0,0,0,0,0,0,0,236,0,16,0,0,0
2128,0.823,0,58,0,0,0,0,0,0,0,236,0,16,0,0,0
2129,6.613,0,58,0,0,0,0,0,0,0,236,0,16,0,0,0
2130,24.979,0,58,0,0,0,0,0,0,0,236,0,16,0,0,0
2131,0.879,0,58,0,0,0,0,0,0,0,236,0,16,0,0,0
2132,0.632,0,58,0,0,0,0,0,0,0,236,0,16,0,0,0
2133,7.000,0,58,0,0,0,0,0,0,0,236,0,16,0,0,0
2134,24.720,0,58,0,0,0,0,0,0,0,236,0,16,0,0,0
2135,0.850,0,58,0,0,0,0,0,0,0,236,0,16,0,0,0
2136,0.685,0,58,0,0,0,0,0,0,0,236,0,16,0,0,0
2137,6.885,0,58,0,0,0,0,0,0,0,236,0,16,0,0,0
2138,25.038,0,58,0,0,0,0,0,0,0,236,0,16,0,0,0
2139,0.831,0,58,0,0,0,0,0,0,0,236,0,16,0,0,0
2140,0.799,0,58,0,0,0,0,0,0,0,236,0,16,0,0,0
2141,6.587,0,58,0,0,0,0,0,0,0,236,0,16,0,0,0
2142,25.146,0,58,0,0,0,0,0,0,0,236,0,16,0,0,0
2143,0.786,0,58,0,0,0,0,0,0,0,236,0,16,0,0,0
2144,1.404,0,58,0,0,0,0,0,0,0,236,0,16,0,0,0
2145,5.896,0,58,0,0,0,0,0,0,0,236,0,16,0,0,0
2146,25.128,0,58,0,0,0,0,0,0,0,236,0,16,0,0,0
2147,0.784,0,58,0,0,0,0,0,0,0,236,0,16,0,0,0
2148,0.666,0,58,0,0,0,0,0,0,0,236,0,16,0,0,0
2149,6.821,0,58,0,0,0,0,0,0,0,236,0,16,0,0,0
2150,25.078,0,58,0,0,0,0,0,0,0,236,0,16,0,0,0
2151,0.927,0,58,0,0,0,0,0,0,0,236,0,16,0,0,0
2152,0.640,0,58,0,0,0,0,0,0,0,236,0,16,0,0,0
2153,6.631,0,58,0,0,0,0,0,0,0,236,0,16,0,0,0
2154,25.137,0,58,0,0,0,0,0,0,0,236,0,16,0,0,0
2155,0.740,0,58,0,0,0,0,0,0,0,236,0,16,0,0,0
2156,0.671,0,58,0,0,0,0,0,0,0,236,0,16,0,0,0
2157,7.724,0,58,0,0,0,0,0,0,0,236,0,16,0,0,0
2158,24.324,0,58,0,0,0,0,0,0,0,236,0,16,0,0,0
2159,0.765,0,58,0,0,0,0,0,0,0,236,0,16,0,0,0
2160,0.674,0,58,0,0,0,0,0,0,0,236,0,16,0,0,0
2161,6.579,0,58,0,0,0,0,0,0,0,236,0,16,0,0,0
2162,25.332,0,58,0,0,0,0,0,0,0,236,0,16,0,0,0
2163,0.862,0,58,0,0,0,0,0,0,0,236,0,16,0,0,0
2164,0.736,0,58,0,0,0,0,0,0,0,236,0,16,0,0,0
2165,6.518,0,58,0,0,0,0,0,0,0,236,0,16,0,0,0
2166,25.023,0,58,0,0,0,0,0,0,0,236,0,16,0,0,0
2167,0.891,0,58,0,0,0,0,0,0,0,236,0,16,0,0,0
2168,0.708,0,58,0,0,0,0,0,0,0,236,0,16,0,0,0
2169,6.864,0,58,0,0,0,0,0,0,0,236,0,16,0,0,0
2170,25.446,0,58,0,0,0,0,0,0,0,236,0,16,0,0,0
2171,1.074,0,58,0,0,0,0,0,0,0,236,0,16,0,0,0
2172,2.051,0,58,0,0,0,0,0,0,0,236,0,16,0,0,0
2173,4.606,0,58,0,0,0,0,0,0,0,236,0,16,0,0,0
2174,25.058,0,58,0,0,0,0,0,0,0,236,0,16,0,0,0
2175,0.881,0,58,0,0,0,0,0,0,0,236,0,16,0,0,0
2176,0.856,0,58,0,0,0,0,0,0,0,236,0,16,0,0,0
2177,6.404,0,58,0,0,0,0,0,0,0,236,0,16,0,0,0
2178,25.231,0,58,0,0,0,0,0,0,0,236,0,16,0,0,0
2179,0.809,0,58,0,0,0,0,0,0,0,236,0,16,0,0,0
2180,0.689,0,58,0,0,0,0,0,0,0,236,0,16,0,0,0
2181,6.731,0,58,0,0,0,0,0,0,0,236,0,16,0,0,0
2182,25.070,0,58,0,0,0,0,0,0,0,236,0,16,0,0,0
2183,0.835,0,58,0,0,0,0,0,0,0,236,0,16,0,0,0
2184,0.675,0,58,0,0,0,0,0,0,0,236,0,16,0,0,0
2185,6.783,0,58,0,0,0,0,0,0,0,236,0,16,0,0,0
2186,25.191,0,58,0,0,0,0,0,0,0,236,0,16,0,0,0
2187,0.796,0,58,0,0,0,0,0,0,0,236,0,16,0,0,0
2188,0.734,0,58,0,0,0,0,0,0,0,236,0,16,0,0,0
2189,6.901,0,58,0,0,0,0,0,0,0,236,0,16,0,0,0
2190,24.931,0,58,0,0,0,0,0,0,0,236,0,16,0,0,0
2191,0.879,0,58,0,0,0,0,0,0,0,236,0,16,0,0,0
2192,0.683,0,58,0,0,0,0,0,0,0,236,0,16,0,0,0
2193,6.465,0,58,0,0,0,0,0,0,0,236,0,16,0,0,0
2194,25.159,0,58,0,0,0,0,0,0,0,236,0,16,0,0,0
2195,0.876,0,58,0,0,0,0,0,0,0,236,0,16,0,0,0
2196,0.744,0,58,0,0,0,0,0,0,0,236,0,16,0,0,0
2197,6.571,0,58,0,0,0,0,0,0,0,236,0,16,0,0,0
2198,25.213,0,58,0,0,0,0,0,0,0,236,0,16,0,0,0
2199,0.967,0,58,0,0,0,0,0,0,0,236,0,16,0,0,0
2200,0.721,0,58,0,0,0,0,0,0,0,236,0,16,0,0,0
2201,6.396,0,58,0,0,0,0,0,0,0,236,0,16,0,0,0
2202,25.151,0,58,0,0,0,0,0,0,0,236,0,16,0,0,0
2203,0.913,0,58,0,0,0,0,0,0,0,236,0,16,0,0,0
2204,0.828,0,58,0,0,0,0,0,0,0,236,0,16,0,0,0
2205,7.020,0,58,0,0,0,0,0,0,0,236,0,16,0,0,0
2206,24.783,0,58,0,0,0,0,0,0,0,236,0,16,0,0,0
2207,0.805,0,58,0,0,0,0,0,0,0,236,0,16,0,0,0
2208,0.835,0,58,0,0,0,0,0,0,0,236,0,16,0,0,0
2209,6.488,0,58,0,0,0,0,0,0,0,236,0,16,0,0,0
2210,25.104,0,58,0,0,0,0,0,0,0,236,0,16,0,0,0
2211,0.828,0,58,0,0,0,0,0,0,0,236,0,16,0,0,0
2212,0.758,0,58,0,0,0,0,0,0,0,236,0,16,0,0,0
2213,6.523,0,58,0,0,0,0,0,0,0,236,0,16,0,0,0
2214,25.191,0,58,0,0,0,0,0,0,0,236,0,16,0,0,0
2215,0.846,0,58,0,0,0,0,0,0,0,236,0,16,0,0,0
2216,0.772,0,58,0,0,0,0,0,0,0,236,0,16,0,0,0
2217,6.489,0,58,0,0,0,0,0,0,0,236,0,16,0,0,0
2218,25.069,0,58,0,0,0,0,0,0,0,236,0,16,0,0,0
2219,0.933,0,58,0,0,0,0,0,0,0,236,0,16,0,0,0
2220,0.725,0,58,0,0,0,0,0,0,0,236,0,16,0,0,0
2221,6.793,0,58,0,0,0,0,0,0,0,236,0,16,0,0,0
2222,25.000,0,58,0,0,0,0,0,0,0,236,0,16,0,0,0
2223,0.843,0,58,0,0,0,0,0,0,0,236,0,16,0,0,0
2224,1.577,0,58,0,0,0,0,0,0,0,236,0,16,0,0,0
2225,5.732,0,58,0,0,0,0,0,0,0,236,0,16,0,0,0
2226,25.333,0,58,0,0,0,0,0,0,0,236,0,16,0,0,0
2227,0.927,0,58,0,0,0,0,0,0,0,236,0,16,0,0,0
2228,0.644,0,58,0,0,0,0,0,0,0,236,0,16,0,0,0
2229,6.633,0,58,0,0,0,0,0,0,0,236,0,16,0,0,0
2230,24.823,0,58,0,0,0,0,0,0,0,236,0,16,0,0,0
2231,0.939,0,58,0,0,0,0,0,0,0,236,0,16,0,0,0
2232,0.758,0,58,0,0,0,0,0,0,0,236,0,16,0,0,0
2233,6.665,0,58,0,0,0,0,0,0,0,236,0,16,0,0,0
2234,25.046,0,58,0,0,0,0,0,0,0,236,0,16,0,0,0
2235,0.778,0,58,0,0,0,0,0,0,0,236,0,16,0,0,0
2236,0.739,0,58,0,0,0,0,0,0,0,236,0,16,0,0,0
2237,6.923,0,58,0,0,0,0,0,0,0,236,0,16,0,0,0
2238,25.054,0,58,0,0,0,0,0,0,0,236,0,16,0,0,0
2239,0.910,0,58,0,0,0,0,0,0,0,236,0,16,0,0,0
2240,0.795,0,58,0,0,0,0,0,0,0,236,0,16,0,0,0
2241,6.541,0,58,0,0,0,0,0,0,0,236,0,16,0,0,0
2242,24.929,0,58,0,0,0,0,0,0,0,236,0,16,0,0,0
2243,0.813,0,58,0,0,0,0,0,0,0,236,0,16,0,0,0
2244,0.656,0,58,0,0,0,0,0,0,0,236,0,16,0,0,0
2245,6.958,0,58,0,0,0,0,0,0,0,236,0,16,0,0,0
2246,24.886,0,58,0,0,0,0,0,0,0,236,0,16,0,0,0
2247,0.895,0,58,0,0,0,0,0,0,0,236,0,16,0,0,0
2248,0.799,0,58,0,0,0,0,0,0,0,236,0,16,0,0,0
2249,6.681,0,58,0,0,0,0,0,0,0,236,0,16,0,0,0
2250,25.097,0,58,0,0,0,0,0,0,0,236,0,16,0,0,0
2251,0.967,0,58,0,0,0,0,0,0,0,236,0,16,0,0,0
2252,1.989,0,58,0,0,0,0,0,0,0,236,0,16,0,0,0
2253,5.640,0,58,0,0,0,0,0,0,0,236,0,16,0,0,0
2254,24.669,0,58,0,0,0,0,0,0,0,236,0,16,0,0,0
2255,0.898,0,58,0,0,0,0,0,0,0,236,0,16,0,0,0
2256,0.746,0,58,0,0,0,0,0,0,0,236,0,16,0,0,0
2257,6.688,0,58,0,0,0,0,0,0,0,236,0,16,0,0,0
2258,25.000,0,58,0,0,0,0,0,0,0,236,0,16,0,0,0
2259,0.814,0,58,0,0,0,0,0,0,0,236,0,16,0,0,0
2260,0.738,0,58,0,0,0,0,0,0,0,236,0,16,0,0,0
2261,7.118,0,58,0,0,0,0,0,0,0,236,0,16,0,0,0
2262,24.693,0,58,0,0,0,0,0,0,0,236,0,16,0,0,0
2263,0.870,0,58,0,0,0,0,0,0,0,236,0,16,0,0,0
2264,0.629,0,58,0,0,0,0,0,0,0,236,0,16,0,0,0
2265,6.703,0,58,0,0,0,0,0,0,0,236,0,16,0,0,0
2266,25.000,0,58,0,0,0,0,0,0,0,236,0,16,0,0,0
2267,0.799,0,58,0,0,0,0,0,0,0,236,0,16,0,0,0
2268,0.710,0,58,0,0,0,0,0,0,0,236,0,16,0,0,0
2269,6.899,0,58,0,0,0,0,0,0,0,236,0,16,0,0,0
2270,24.979,0,58,0,0,0,0,0,0,0,236,0,16,0,0,0
2271,0.827,0,58,0,0,0,0,0,0,0,236,0,16,0,0,0
2272,0.744,0,58,0,0,0,0,0,0,0,236,0,16,0,0,0
2273,6.679,0,58,0,0,0,0,0,0,0,236,0,16,0,0,0
2274,25.188,0,58,0,0,0,0,0,0,0,236,0,16,0,0,0
2275,0.889,0,58,0,0,0,0,0,0,0,236,0,16,0,0,0
2276,0.735,0,58,0,0,0,0,0,0,0,236,0,16,0,0,0
2277,6.530,0,58,0,0,0,0,0,0,0,236,0,16,0,0,0
2278,25.187,0,58,0,0,0,0,0,0,0,236,0,16,0,0,0
2279,0.832,0,58,0,0,0,0,0,0,0,236,0,16,0,0,0
2280,0.747,0,58,0,0,0,0,0,0,0,236,0,16,0,0,0
2281,6.522,0,58,0,0,0,0,0,0,0,236,0,16,0,0,0
2282,25.096,0,58,0,0,0,0,0,0,0,236,0,16,0,0,0
2283,0.891,0,58,0,0,0,0,0,0,0,236,0,16,0,0,0
2284,0.668,0,58,0,0,0,0,0,0,0,236,0,16,0,0,0
2285,6.749,0,58,0,0,0,0,0,0,0,236,0,16,0,0,0
2286,24.969,0,58,0,0,0,0,0,0,0,236,0,16,0,0,0
2287,0.797,0,58,0,0,0,0,0,0,0,236,0,16,0,0,0
2288,0.670,0,58,0,0,0,0,0,0,0,236,0,16,0,0,0
2289,6.952,0,58,0,0,0,0,0,0,0,236,0,16,0,0,0
2290,25.031,0,58,0,0,0,0,0,0,0,236,0,16,0,0,0
2291,0.946,0,58,0,0,0,0,0,0,0,236,0,16,0,0,0
2292,0.734,0,58,0,0,0,0,0,0,0,236,0,16,0,0,0
2293,6.655,0,58,0,0,0,0,0,0,0,236,0,16,0,0,0
2294,25.067,0,58,0,0,0,0,0,0,0,236,0,16,0,0,0
2295,0.903,0,58,0,0,0,0,0,0,0,236,0,16,0,0,0
2296,0.700,0,58,0,0,0,0,0,0,0,236,0,16,0,0,0
2297,6.707,0,58,0,0,0,0,0,0,0,236,0,16,0,0,0
2298,24.915,0,58,0,0,0,0,0,0,0,236,0,16,0,0,0
2299,0.833,0,58,0,0,0,0,0,0,0,236,0,16,0,0,0
2300,0.877,0,58,0,0,0,0,0,0,0,236,0,16,0,0,0
2301,6.560,0,58,0,0,0,0,0,0,0,236,0,16,0,0,0
2302,25.126,0,58,0,0,0,0,0,0,0,236,0,16,0,0,0
2303,0.844,0,58,0,0,0,0,0,0,0,236,0,16,0,0,0
2304,0.843,0,58,0,0,0,0,0,0,0,236,0,16,0,0,0
2305,6.447,0,58,0,0,0,0,0,0,0,236,0,16,0,0,0
2306,25.328,0,58,0,0,0,0,0,0,0,236,0,16,0,0,0
2307,0.827,0,58,0,0,0,0,0,0,0,236,0,16,0,0,0
2308,1.417,0,58,0,0,0,0,0,0,0,236,0,16,0,0,0
2309,5.889,0,58,0,0,0,0,0,0,0,236,0,16,0,0,0
2310,25.105,0,58,0,0,0,0,0,0,0,236,0,16,0,0,0
2311,0.869,0,58,0,0,0,0,0,0,0,236,0,16,0,0,0
2312,0.711,0,58,0,0,0,0,0,0,0,236,0,16,0,0,0
2313,6.567,0,58,0,0,0,0,0,0,0,236,0,16,0,0,0
2314,25.070,0,58,0,0,0,0,0,0,0,236,0,16,0,0,0
2315,0.848,0,58,0,0,0,0,0,0,0,236,0,16,0,0,0
2316,0.723,0,58,0,0,0,0,0,0,0,236,0,16,0,0,0
2317,7.024,0,58,0,0,0,0,0,0,0,236,0,16,0,0,0
2318,24.805,0,58,0,0,0,0,0,0,0,236,0,16,0,0,0
2319,0.873,0,58,0,0,0,0,0,0,0,236,0,16,0,0,0
2320,0.691,0,58,0,0,0,0,0,0,0,236,0,16,0,0,0
2321,6.684,0,58,0,0,0,0,0,0,0,236,0,16,0,0,0
2322,25.136,0,58,0,0,0,0,0,0,0,236,0,16,0,0,0
2323,0.897,0,58,0,0,0,0,0,0,0,236,0,16,0,0,0
2324,0.759,0,58,0,0,0,0,0,0,0,236,0,16,0,0,0
2325,6.497,0,58,0,0,0,0,0,0,0,236,0,16,0,0,0
2326,25.159,0,58,0,0,0,0,0,0,0,236,0,16,0,0,0
2327,0.794,0,58,0,0,0,0,0,0,0,236,0,16,0,0,0
2328,0.733,0,58,0,0,0,0,0,0,0,236,0,16,0,0,0
2329,6.577,0,58,0,0,0,0,0,0,0,236,0,16,0,0,0
2330,25.063,0,58,0,0,0,0,0,0,0,236,0,16,0,0,0
2331,0.754,0,58,0,0,0,0,0,0,0,236,0,16,0,0,0
2332,0.898,0,58,0,0,0,0,0,0,0,236,0,16,0,0,0
2333,7.050,0,58,0,0,0,0,0,0,0,236,0,16,0,0,0
2334,24.751,0,58,0,0,0,0,0,0,0,236,0,16,0,0,0
2335,0.834,0,58,0,0,0,0,0,0,0,236,0,16,0,0,0
2336,1.054,0,58,0,0,0,0,0,0,0,236,0,16,0,0,0
2337,6.241,0,58,0,0,0,0,0,0,0,236,0,16,0,0,0
2338,25.261,0,58,0,0,0,0,0,0,0,236,0,16,0,0,0
2339,0.873,0,58,0,0,0,0,0,0,0,236,0,16,0,0,0
2340,0.754,0,58,0,0,0,0,0,0,0,236,0,16,0,0,0
2341,6.457,0,58,0,0,0,0,0,0,0,236,0,16,0,0,0
2342,25.244,0,58,0,0,0,0,0,0,0,236,0,16,0,0,0
2343,0.803,0,58,0,0,0,0,0,0,0,236,0,16,0,0,0
2344,0.692,0,58,0,0,0,0,0,0,0,236,0,16,0,0,0
2345,6.589,0,58,0,0,0,0,0,0,0,236,0,16,0,0,0
2346,25.388,0,58,0,0,0,0,0,0,0,236,0,16,0,0,0
2347,0.839,0,58,0,0,0,0,0,0,0,236,0,16,0,0,0
2348,0.656,0,58,0,0,0,0,0,0,0,236,0,16,0,0,0
2349,7.009,0,58,0,0,0,0,0,0,0,236,0,16,0,0,0
2350,24.573,0,58,0,0,0,0,0,0,0,236,0,16,0,0,0
2351,0.838,0,58,0,0,0,0,0,0,0,236,0,16,0,0,0
2352,0.665,0,58,0,0,0,0,0,0,0,236,0,16,0,0,0
2353,6.765,0,58,0,0,0,0,0,0,0,236,0,16,0,0,0
2354,25.127,0,58,0,0,0,0,0,0,0,236,0,16,0,0,0
2355,0.970,0,58,0,0,0,0,0,0,0,236,0,16,0,0,0
2356,0.858,0,58,0,0,0,0,0,0,0,236,0,16,0,0,0
2357,6.844,0,58,0,0,0,0,0,0,0,236,0,16,0,0,0
2358,24.706,0,58,0,0,0,0,0,0,0,236,0,16,0,0,0
2359,1.171,0,58,0,0,0,0,0,0,0,236,0,16,0,0,0
2360,0.835,0,58,0,0,0,0,0,0,0,236,0,16,0,0,0
2361,6.159,0,58,0,0,0,0,0,0,0,236,0,16,0,0,0
2362,25.660,0,58,0,0,0,0,0,0,0,236,0,16,0,0,0
2363,0.861,0,58,0,0,0,0,0,0,0,236,0,16,0,0,0
2364,0.687,0,58,0,0,0,0,0,0,0,236,0,16,0,0,0
2365,6.292,0,58,0,0,0,0,0,0,0,236,0,16,0,0,0
2366,24.937,0,58,0,0,0,0,0,0,0,236,0,16,0,0,0
2367,0.846,0,58,0,0,0,0,0,0,0,236,0,16,0,0,0
2368,0.669,0,58,0,0,0,0,0,0,0,236,0,16,0,0,0
2369,6.741,0,58,0,0,0,0,0,0,0,236,0,16,0,0,0
2370,25.152,0,58,0,0,0,0,0,0,0,236,0,16,0,0,0
2371,0.836,0,58,0,0,0,0,0,0,0,236,0,16,0,0,0
2372,0.647,0,58,0,0,0,0,0,0,0,236,0,16,0,0,0
2373,6.569,0,58,0,0,0,0,0,0,0,236,0,16,0,0,0
2374,25.169,0,58,0,0,0,0,0,0,0,236,0,16,0,0,0
2375,0.747,0,58,0,0,0,0,0,0,0,236,0,16,0,0,0
2376,0.675,0,58,0,0,0,0,0,0,0,236,0,16,0,0,0
2377,6.807,0,58,0,0,0,0,0,0,0,236,0,16,0,0,0
2378,25.176,0,58,0,0,0,0,0,0,0,236,0,16,0,0,0
2379,0.850,0,58,0,0,0,0,0,0,0,236,0,16,0,0,0
2380,0.772,0,58,0,0,0,0,0,0,0,236,0,16,0,0,0
2381,6.776,0,58,0,0,0,0,0,0,0,236,0,16,0,0,0
2382,24.830,0,58,0,0,0,0,0,0,0,236,0,16,0,0,0
2383,0.826,0,58,0,0,0,0,0,0,0,236,0,16,0,0,0
2384,0.702,0,58,0,0,0,0,0,0,0,236,0,16,0,0,0
2385,7.166,0,58,0,0,0,0,0,0,0,236,0,16,0,0,0
2386,24.756,0,58,0,0,0,0,0,0,0,236,0,16,0,0,0
2387,0.843,0,58,0,0,0,0,0,0,0,236,0,16,0,0,0
2388,0.676,0,58,0,0,0,0,0,0,0,236,0,16,0,0,0
2389,6.665,0,58,0,0,0,0,0,0,0,236,0,16,0,0,0
2390,25.063,0,58,0,0,0,0,0,0,0,236,0,16,0,0,0
2391,0.854,0,58,0,0,0,0,0,0,0,236,0,16,0,0,0
2392,1.374,0,58,0,0,0,0,0,0,0,236,0,16,0,0,0
2393,6.111,0,58,0,0,0,0,0,0,0,236,0,16,0,0,0
2394,25.035,0,58,0,0,0,0,0,0,0,236,0,16,0,0,0
2395,0.781,0,58,0,0,0,0,0,0,0,236,0,16,0,0,0
2396,0.702,0,58,0,0,0,0,0,0,0,236,0,16,0,0,0
2397,6.712,0,58,0,0,0,0,0,0,0,236,0,16,0,0,0
2398,25.225,0,58,0,0,0,0,0,0,0,236,0,16,0,0,0
2399,0.778,0,58,0,0,0,0,0,0,0,236,0,16,0,0,0
2400,0.648,0,58,0,0,0,0,0,0,0,236,0,16,0,0,0
2401,6.696,0,58,0,0,0,0,0,0,0,236,0,16,0,0,0
2402,25.156,0,58,0,0,0,0,0,0,0,236,0,16,0,0,0
2403,0.846,0,58,0,0,0,0,0,0,0,236,0,16,0,0,0
2404,0.763,0,58,0,0,0,0,0,0,0,236,0,16,0,0,0
2405,6.532,0,58,0,0,0,0,0,0,0,236,0,16,0,0,0
2406,25.107,0,58,0,0,0,0,0,0,0,236,0,16,0,0,0
2407,0.814,0,58,0,0,0,0,0,0,0,236,0,16,0,0,0
2408,0.705,0,58,0,0,0,0,0,0,0,236,0,16,0,0,0
2409,6.843,0,58,0,0,0,0,0,0,0,236,0,16,0,0,0
2410,24.962,0,58,0,0,0,0,0,0,0,236,0,16,0,0,0
2411,0.916,0,58,0,0,0,0,0,0,0,236,0,16,0,0,0
2412,0.739,0,58,0,0,0,0,0,0,0,236,0,16,0,0,0
2413,6.789,0,58,0,0,0,0,0,0,0,236,0,16,0,0,0
2414,25.000,0,58,0,0,0,0,0,0,0,236,0,16,0,0,0
2415,0.937,0,58,0,0,0,0,0,0,0,236,0,16,0,0,0
2416,1.747,0,58,0,0,0,0,0,0,0,236,0,16,0,0,0
2417,5.473,0,58,0,0,0,0,0,0,0,236,0,16,0,0,0
2418,25.235,0,58,0,0,0,0,0,0,0,236,0,16,0,0,0
2419,0.822,0,58,0,0,0,0,0,0,0,236,0,16,0,0,0
2420,0.719,0,58,0,0,0,0,0,0,0,236,0,16,0,0,0
2421,7.876,0,58,0,0,0,0,0,0,0,236,0,16,0,0,0
2422,23.729,0,58,0,0,0,0,0,0,0,236,0,16,0,0,0
2423,0.799,0,58,0,0,0,0,0,0,0,236,0,16,0,0,0
2424,0.688,0,58,0,0,0,0,0,0,0,236,0,16,0,0,0
2425,6.803,0,58,0,0,0,0,0,0,0,236,0,16,0,0,0
2426,25.121,0,58,0,0,0,0,0,0,0,236,0,16,0,0,0
2427,0.926,0,58,0,0,0,0,0,0,0,236,0,16,0,0,0
2428,0.732,0,58,0,0,0,0,0,0,0,236,0,16,0,0,0
2429,6.619,0,58,0,0,0,0,0,0,0,236,0,16,0,0,0
2430,25.036,0,58,0,0,0,0,0,0,0,236,0,16,0,0,0
2431,0.860,0,58,0,0,0,0,0,0,0,236,0,16,0,0,0
2432,0.870,0,58,0,0,0,0,0,0,0,236,0,16,0,0,0
2433,6.433,0,58,0,0,0,0,0,0,0,236,0,16,0,0,0
2434,25.228,0,58,0,0,0,0,0,0,0,236,0,16,0,0,0
2435,0.866,0,58,0,0,0,0,0,0,0,236,0,16,0,0,0
2436,0.727,0,58,0,0,0,0,0,0,0,236,0,16,0,0,0
2437,7.031,0,58,0,0,0,0,0,0,0,236,0,16,0,0,0
2438,24.551,0,58,0,0,0,0,0,0,0,236,0,16,0,0,0
2439,1.060,0,58,0,0,0,0,0,0,0,236,0,16,0,0,0
2440,0.789,0,58,0,0,0,0,0,0,0,236,0,16,0,0,0
2441,6.391,0,58,0,0,0,0,0,0,0,236,0,16,0,0,0
2442,25.326,0,58,0,0,0,0,0,0,0,236,0,16,0,0,0
2443,0.962,0,58,0,0,0,0,0,0,0,236,0,16,0,0,0
2444,0.756,0,58,0,0,0,0,0,0,0,236,0,16,0,0,0
2445,6.377,0,58,0,0,0,0,0,0,0,236,0,16,0,0,0
2446,25.127,0,58,0,0,0,0,0,0,0,236,0,16,0,0,0
2447,0.764,0,58,0,0,0,0,0,0,0,236,0,16,0,0,0
2448,0.745,0,58,0,0,0,0,0,0,0,236,0,16,0,0,0
2449,6.634,0,58,0,0,0,0,0,0,0,236,0,16,0,0,0
2450,25.038,0,58,0,0,0,0,0,0,0,236,0,16,0,0,0
2451,0.825,0,58,0,0,0,0,0,0,0,236,0,16,0,0,0
2452,0.711,0,58,0,0,0,0,0,0,0,236,0,16,0,0,0
2453,6.775,0,58,0,0,0,0,0,0,0,236,0,16,0,0,0
2454,25.201,0,58,0,0,0,0,0,0,0,236,0,16,0,0,0
2455,0.829,0,58,0,0,0,0,0,0,0,236,0,16,0,0,0
2456,0.698,0,58,0,0,0,0,0,0,0,236,0,16,0,0,0
2457,6.701,0,58,0,0,0,0,0,0,0,236,0,16,0,0,0
2458,24.998,0,58,0,0,0,0,0,0,0,236,0,16,0,0,0
2459,0.857,0,58,0,0,0,0,0,0,0,236,0,16,0,0,0
2460,0.797,0,58,0,0,0,0,0,0,0,236,0,16,0,0,0
2461,6.591,0,58,0,0,0,0,0,0,0,236,0,16,0,0,0
2462,25.132,0,58,0,0,0,0,0,0,0,236,0,16,0,0,0
2463,0.829,0,58,0,0,0,0,0,0,0,236,0,16,0,0,0
2464,0.678,0,58,0,0,0,0,0,0,0,236,0,16,0,0,0
2465,6.748,0,58,0,0,0,0,0,0,0,236,0,16,0,0,0
2466,25.061,0,58,0,0,0,0,0,0,0,236,0,16,0,0,0
2467,0.901,0,58,0,0,0,0,0,0,0,236,0,16,0,0,0
2468,0.821,0,58,0,0,0,0,0,0,0,236,0,16,0,0,0
2469,6.537,0,58,0,0,0,0,0,0,0,236,0,16,0,0,0
2470,25.032,0,58,0,0,0,0,0,0,0,236,0,16,0,0,0
2471,0.820,0,58,0,0,0,0,0,0,0,236,0,16,0,0,0
2472,0.695,0,58,0,0,0,0,0,0,0,236,0,16,0,0,0
2473,6.833,0,58,0,0,0,0,0,0,0,236,0,16,0,0,0
2474,25.020,0,58,0,0,0,0,0,0,0,236,0,16,0,0,0
2475,0.869,0,58,0,0,0,0,0,0,0,236,0,16,0,0,0
2476,0.720,0,58,0,0,0,0,0,0,0,236,0,16,0,0,0
2477,6.706,0,58,0,0,0,0,0,0,0,236,0,16,0,0,0
2478,25.091,0,58,0,0,0,0,0,0,0,236,0,16,0,0,0
2479,0.840,0,58,0,0,0,0,0,0,0,236,0,16,0,0,0
2480,0.707,0,58,0,0,0,0,0,0,0,236,0,16,0,0,0
2481,6.719,0,58,0,0,0,0,0,0,0,236,0,16,0,0,0
2482,24.950,0,58,0,0,0,0,0,0,0,236,0,16,0,0,0
2483,0.827,0,58,0,0,0,0,0,0,0,236,0,16,0,0,0
2484,0.712,0,58,0,0,0,0,0,0,0,236,0,16,0,0,0
2485,7.186,0,58,0,0,0,0,0,0,0,236,0,16,0,0,0
2486,24.627,0,58,0,0,0,0,0,0,0,236,0,16,0,0,0
2487,0.843,0,58,0,0,0,0,0,0,0,236,0,16,0,0,0
2488,0.739,0,58,0,0,0,0,0,0,0,236,0,16,0,0,0
2489,6.909,0,58,0,0,0,0,0,0,0,236,0,16,0,0,0
2490,24.933,0,58,0,0,0,0,0,0,0,236,0,16,0,0,0
2491,0.833,0,58,0,0,0,0,0,0,0,236,0,16,0,0,0
2492,0.664,0,58,0,0,0,0,0,0,0,236,0,16,0,0,0
2493,6.633,0,58,0,0,0,0,0,0,0,236,0,16,0,0,0
2494,25.186,0,58,0,0,0,0,0,0,0,236,0,16,0,0,0
2495,0.875,0,58,0,0,0,0,0,0,0,236,0,16,0,0,0
2496,0.715,0,58,0,0,0,0,0,0,0,236,0,16,0,0,0
2497,6.612,0,58,0,0,0,0,0,0,0,236,0,16,0,0,0
2498,25.461,0,58,0,0,0,0,0,0,0,236,0,16,0,0,0
2499,0.849,0,58,0,0,0,0,0,0,0,236,0,16,0,0,0
2500,0.703,0,58,0,0,0,0,0,0,0,236,0,16,0,0,0
2501,6.867,0,58,0,0,0,0,0,0,0,236,0,16,0,0,0
2502,24.600,0,58,0,0,0,0,0,0,0,236,0,16,0,0,0
2503,0.901,0,58,0,0,0,0,0,0,0,236,0,16,0,0,0
2504,0.656,0,58,0,0,0,0,0,0,0,236,0,16,0,0,0
2505,6.571,0,58,0,0,0,0,0,0,0,236,0,16,0,0,0
2506,25.263,0,58,0,0,0,0,0,0,0,236,0,16,0,0,0
2507,0.814,0,58,0,0,0,0,0,0,0,236,0,16,0,0,0
2508,0.674,0,58,0,0,0,0,0,0,0,236,0,16,0,0,0
2509,6.578,0,58,0,0,0,0,0,0,0,236,0,16,0,0,0
2510,25.168,0,58,0,0,0,0,0,0,0,236,0,16,0,0,0
2511,0.825,0,58,0,0,0,0,0,0,0,236,0,16,0,0,0
2512,1.586,0,58,0,0,0,0,0,0,0,236,0,16,0,0,0
2513,5.815,0,58,0,0,0,0,0,0,0,236,0,16,0,0,0
2514,25.128,0,58,0,0,0,0,0,0,0,236,0,16,0,0,0
2515,0.844,0,58,0,0,0,0,0,0,0,236,0,16,0,0,0
2516,0.706,0,58,0,0,0,0,0,0,0,236,0,16,0,0,0
2517,7.484,0,58,0,0,0,0,0,0,0,236,0,16,0,0,0
2518,24.218,0,58,0,0,0,0,0,0,0,236,0,16,0,0,0
2519,0.883,0,58,0,0,0,0,0,0,0,236,0,16,0,0,0
2520,0.708,0,58,0,0,0,0,0,0,0,236,0,16,0,0,0
2521,6.698,0,58,0,0,0,0,0,0,0,236,0,16,0,0,0
2522,25.167,0,58,0,0,0,0,0,0,0,236,0,16,0,0,0
2523,0.871,0,58,0,0,0,0,0,0,0,236,0,16,0,0,0
2524,0.675,0,58,0,0,0,0,0,0,0,236,0,16,0,0,0
2525,6.712,0,58,0,0,0,0,0,0,0,236,0,16,0,0,0
2526,25.049,0,58,0,0,0,0,0,0,0,236,0,16,0,0,0
2527,0.904,0,58,0,0,0,0,0,0,0,236,0,16,0,0,0
2528,0.667,0,58,0,0,0,0,0,0,0,236,0,16,0,0,0
2529,6.829,0,58,0,0,0,0,0,0,0,236,0,16,0,0,0
2530,24.828,0,58,0,0,0,0,0,0,0,236,0,16,0,0,0
2531,0.837,0,58,0,0,0,0,0,0,0,236,0,16,0,0,0
2532,0.738,0,58,0,0,0,0,0,0,0,236,0,16,0,0,0
2533,7.163,0,58,0,0,0,0,0,0,0,236,0,16,0,0,0
2534,24.651,0,58,0,0,0,0,0,0,0,236,0,16,0,0,0
2535,0.898,0,58,0,0,0,0,0,0,0,236,0,16,0,0,0
2536,0.724,0,58,0,0,0,0,0,0,0,236,0,16,0,0,0
2537,6.636,0,58,0,0,0,0,0,0,0,236,0,16,0,0,0
2538,25.123,0,58,0,0,0,0,0,0,0,236,0,16,0,0,0
2539,0.890,0,58,0,0,0,0,0,0,0,236,0,16,0,0,0
2540,0.749,0,58,0,0,0,0,0,0,0,236,0,16,0,0,0
2541,7.012,0,58,0,0,0,0,0,0,0,236,0,16,0,0,0
2542,24.511,0,58,0,0,0,0,0,0,0,236,0,16,0,0,0
2543,0.856,0,58,0,0,0,0,0,0,0,236,0,16,0,0,0
2544,0.676,0,58,0,0,0,0,0,0,0,236,0,16,0,0,0
2545,6.761,0,58,0,0,0,0,0,0,0,236,0,16,0,0,0
2546,25.151,0,58,0,0,0,0,0,0,0,236,0,16,0,0,0
2547,0.842,0,58,0,0,0,0,0,0,0,236,0,16,0,0,0
2548,0.793,0,58,0,0,0,0,0,0,0,236,0,16,0,0,0
2549,7.644,0,58,0,0,0,0,0,0,0,236,0,16,0,0,0
2550,24.234,0,58,0,0,0,0,0,0,0,236,0,16,0,0,0
2551,0.805,0,58,0,0,0,0,0,0,0,236,0,16,0,0,0
2552,0.733,0,58,0,0,0,0,0,0,0,236,0,16,0,0,0
2553,6.384,0,58,0,0,0,0,0,0,0,236,0,16,0,0,0
2554,25.106,0,58,0,0,0,0,0,0,0,236,0,16,0,0,0
2555,0.896,0,58,0,0,0,0,0,0,0,236,0,16,0,0,0
2556,0.734,0,58,0,0,0,0,0,0,0,236,0,16,0,0,0
2557,6.726,0,58,0,0,0,0,0,0,0,236,0,16,0,0,0
2558,25.076,0,58,0,0,0,0,0,0,0,236,0,16,0,0,0
2559,0.959,0,58,0,0,0,0,0,0,0,236,0,16,0,0,0
2560,0.755,0,58,0,0,0,0,0,0,0,236,0,16,0,0,0
2561,6.570,0,58,0,0,0,0,0,0,0,236,0,16,0,0,0
2562,25.093,0,58,0,0,0,0,0,0,0,236,0,16,0,0,0
2563,0.973,0,58,0,0,0,0,0,0,0,236,0,16,0,0,0
2564,0.746,0,58,0,0,0,0,0,0,0,236,0,16,0,0,0
2565,7.281,0,58,0,0,0,0,0,0,0,236,0,16,0,0,0
2566,24.368,0,58,0,0,0,0,0,0,0,236,0,16,0,0,0
2567,0.842,0,58,0,0,0,0,0,0,0,236,0,16,0,0,0
2568,1.359,0,58,0,0,0,0,0,0,0,236,0,16,0,0,0
2569,5.928,0,58,0,0,0,0,0,0,0,236,0,16,0,0,0
2570,25.146,0,58,0,0,0,0,0,0,0,236,0,16,0,0,0
2571,0.936,0,58,0,0,0,0,0,0,0,236,0,16,0,0,0
2572,0.837,0,58,0,0,0,0,0,0,0,236,0,16,0,0,0
2573,6.375,0,58,0,0,0,0,0,0,0,236,0,16,0,0,0
2574,25.206,0,58,0,0,0,0,0,0,0,236,0,16,0,0,0
2575,0.841,0,58,0,0,0,0,0,0,0,236,0,16,0,0,0
2576,0.695,0,58,0,0,0,0,0,0,0,236,0,16,0,0,0
2577,6.550,0,58,0,0,0,0,0,0,0,236,0,16,0,0,0
2578,25.187,0,58,0,0,0,0,0,0,0,236,0,16,0,0,0
2579,0.878,0,58,0,0,0,0,0,0,0,236,0,16,0,0,0
2580,0.736,0,58,0,0,0,0,0,0,0,236,0,16,0,0,0
2581,6.740,0,58,0,0,0,0,0,0,0,236,0,16,0,0,0
2582,24.836,0,58,0,0,0,0,0,0,0,236,0,16,0,0,0
2583,0.858,0,58,0,0,0,0,0,0,0,236,0,16,0,0,0
2584,0.692,0,58,0,0,0,0,0,0,0,236,0,16,0,0,0
2585,6.800,0,58,0,0,0,0,0,0,0,236,0,16,0,0,0
2586,25.038,0,58,0,0,0,0,0,0,0,236,0,16,0,0,0
2587,0.859,0,58,0,0,0,0,0,0,0,236,0,16,0,0,0
2588,0.625,0,58,0,0,0,0,0,0,0,236,0,16,0,0,0
2589,7.125,0,58,0,0,0,0,0,0,0,236,0,16,0,0,0
2590,24.899,0,58,0,0,0,0,0,0,0,236,0,16,0,0,0
2591,0.827,0,58,0,0,0,0,0,0,0,236,0,16,0,0,0
2592,0.740,0,58,0,0,0,0,0,0,0,236,0,16,0,0,0
2593,6.710,0,58,0,0,0,0,0,0,0,236,0,16,0,0,0
2594,24.950,0,58,0,0,0,0,0,0,0,236,0,16,0,0,0
2595,0.989,0,58,0,0,0,0,0,0,0,236,0,16,0,0,0
2596,1.972,0,58,0,0,0,0,0,0,0,236,0,16,0,0,0
2597,5.202,0,58,0,0,0,0,0,0,0,236,0,16,0,0,0
2598,25.273,0,58,0,0,0,0,0,0,0,236,0,16,0,0,0
2599,0.855,0,58,0,0,0,0,0,0,0,236,0,16,0,0,0
2600,0.843,0,58,0,0,0,0,0,0,0,236,0,16,0,0,0
2601,6.363,0,58,0,0,0,0,0,0,0,236,0,16,0,0,0
2602,25.357,0,58,0,0,0,0,0,0,0,236,0,16,0,0,0
2603,0.871,0,58,0,0,0,0,0,0,0,236,0,16,0,0,0
2604,0.656,0,58,0,0,0,0,0,0,0,236,0,16,0,0,0
2605,7.027,0,58,0,0,0,0,0,0,0,236,0,16,0,0,0
2606,24.620,0,58,0,0,0,0,0,0,0,236,0,16,0,0,0
2607,0.877,0,58,0,0,0,0,0,0,0,236,0,16,0,0,0
2608,0.754,0,58,0,0,0,0,0,0,0,236,0,16,0,0,0
2609,6.594,0,58,0,0,0,0,0,0,0,236,0,16,0,0,0
2610,25.004,0,58,0,0,0,0,0,0,0,236,0,16,0,0,0
2611,0.844,0,58,0,0,0,0,0,0,0,236,0,16,0,0,0
2612,0.715,0,58,0,0,0,0,0,0,0,236,0,16,0,0,0
2613,6.768,0,58,0,0,0,0,0,0,0,236,0,16,0,0,0
2614,24.992,0,58,0,0,0,0,0,0,0,236,0,16,0,0,0
2615,0.892,0,58,0,0,0,0,0,0,0,236,0,16,0,0,0
2616,0.749,0,58,0,0,0,0,0,0,0,236,0,16,0,0,0
2617,6.750,0,58,0,0,0,0,0,0,0,236,0,16,0,0,0
2618,25.132,0,58,0,0,0,0,0,0,0,236,0,16,0,0,0
2619,0.959,0,58,0,0,0,0,0,0,0,236,0,16,0,0,0
2620,0.709,0,58,0,0,0,0,0,0,0,236,0,16,0,0,0
2621,6.573,0,58,0,0,0,0,0,0,0,236,0,16,0,0,0
2622,25.050,0,58,0,0,0,0,0,0,0,236,0,16,0,0,0
2623,0.894,0,58,0,0,0,0,0,0,0,236,0,16,0,0,0
2624,1.020,0,58,0,0,0,0,0,0,0,236,0,16,0,0,0
2625,6.330,0,58,0,0,0,0,0,0,0,236,0,16,0,0,0
2626,25.102,0,58,0,0,0,0,0,0,0,236,0,16,0,0,0
2627,0.829,0,58,0,0,0,0,0,0,0,236,0,16,0,0,0
2628,0.659,0,58,0,0,0,0,0,0,0,236,0,16,0,0,0
2629,6.624,0,58,0,0,0,0,0,0,0,236,0,16,0,0,0
2630,25.327,0,58,0,0,0,0,0,0,0,236,0,16,0,0,0
2631,0.869,0,58,0,0,0,0,0,0,0,236,0,16,0,0,0
2632,0.916,0,58,0,0,0,0,0,0,0,236,0,16,0,0,0
2633,6.625,0,58,0,0,0,0,0,0,0,236,0,16,0,0,0
2634,24.735,0,58,0,0,0,0,0,0,0,236,0,16,0,0,0
2635,0.803,0,58,0,0,0,0,0,0,0,236,0,16,0,0,0
2636,0.820,0,58,0,0,0,0,0,0,0,236,0,16,0,0,0
2637,7.117,0,58,0,0,0,0,0,0,0,236,0,16,0,0,0
2638,24.649,0,58,0,0,0,0,0,0,0,236,0,16,0,0,0
2639,0.793,0,58,0,0,0,0,0,0,0,236,0,16,0,0,0
2640,0.815,0,58,0,0,0,0,0,0,0,236,0,16,0,0,0
2641,6.566,0,58,0,0,0,0,0,0,0,236,0,16,0,0,0
2642,25.163,0,58,0,0,0,0,0,0,0,236,0,16,0,0,0
2643,0.875,0,58,0,0,0,0,0,0,0,236,0,16,0,0,0
2644,0.844,0,58,0,0,0,0,0,0,0,236,0,16,0,0,0
2645,6.885,0,58,0,0,0,0,0,0,0,236,0,16,0,0,0
2646,24.645,0,58,0,0,0,0,0,0,0,236,0,16,0,0,0
2647,0.860,0,58,0,0,0,0,0,0,0,236,0,16,0,0,0
2648,1.198,0,58,0,0,0,0,0,0,0,236,0,16,0,0,0
2649,6.325,0,58,0,0,0,0,0,0,0,236,0,16,0,0,0
2650,24.957,0,58,0,0,0,0,0,0,0,236,0,16,0,0,0
2651,0.912,0,58,0,0,0,0,0,0,0,236,0,16,0,0,0
2652,0.924,0,58,0,0,0,0,0,0,0,236,0,16,0,0,0
2653,6.931,0,58,0,0,0,0,0,0,0,236,0,16,0,0,0
2654,24.588,0,58,0,0,0,0,0,0,0,236,0,16,0,0,0
2655,0.853,0,58,0,0,0,0,0,0,0,236,0,16,0,0,0
2656,0.691,0,58,0,0,0,0,0,0,0,236,0,16,0,0,0
2657,6.555,0,58,0,0,0,0,0,0,0,236,0,16,0,0,0
2658,25.267,0,58,0,0,0,0,0,0,0,236,0,16,0,0,0
2659,0.854,0,58,0,0,0,0,0,0,0,236,0,16,0,0,0
2660,0.679,0,58,0,0,0,0,0,0,0,236,0,16,0,0,0
2661,6.822,0,58,0,0,0,0,0,0,0,236,0,16,0,0,0
2662,24.937,0,58,0,0,0,0,0,0,0,236,0,16,0,0,0
2663,0.873,0,58,0,0,0,0,0,0,0,236,0,16,0,0,0
2664,0.714,0,58,0,0,0,0,0,0,0,236,0,16,0,0,0
2665,6.665,0,58,0,0,0,0,0,0,0,236,0,16,0,0,0
2666,25.141,0,58,0,0,0,0,0,0,0,236,0,16,0,0,0
2667,0.939,0,58,0,0,0,0,0,0,0,236,0,16,0,0,0
2668,0.810,0,58,0,0,0,0,0,0,0,236,0,16,0,0,0
2669,7.008,0,58,0,0,0,0,0,0,0,236,0,16,0,0,0
2670,24.505,0,58,0,0,0,0,0,0,0,236,0,16,0,0,0
2671,0.837,0,58,0,0,0,0,0,0,0,236,0,16,0,0,0
2672,0.689,0,58,0,0,0,0,0,0,0,236,0,16,0,0,0
2673,6.611,0,58,0,0,0,0,0,0,0,236,0,16,0,0,0
2674,25.118,0,58,0,0,0,0,0,0,0,236,0,16,0,0,0
2675,0.873,0,58,0,0,0,0,0,0,0,236,0,16,0,0,0
2676,0.685,0,58,0,0,0,0,0,0,0,236,0,16,0,0,0
2677,6.973,0,58,0,0,0,0,0,0,0,236,0,16,0,0,0
2678,24.959,0,58,0,0,0,0,0,0,0,236,0,16,0,0,0
2679,0.855,0,58,0,0,0,0,0,0,0,236,0,16,0,0,0
2680,0.715,0,58,0,0,0,0,0,0,0,236,0,16,0,0,0
2681,6.496,0,58,0,0,0,0,0,0,0,236,0,16,0,0,0
2682,25.243,0,58,0,0,0,0,0,0,0,236,0,16,0,0,0
2683,0.949,0,58,0,0,0,0,0,0,0,236,0,16,0,0,0
2684,0.760,0,58,0,0,0,0,0,0,0,236,0,16,0,0,0
2685,6.727,0,58,0,0,0,0,0,0,0,236,0,16,0,0,0
2686,24.841,0,58,0,0,0,0,0,0,0,236,0,16,0,0,0
2687,0.847,0,58,0,0,0,0,0,0,0,236,0,16,0,0,0
2688,0.735,0,58,0,0,0,0,0,0,0,236,0,16,0,0,0
2689,6.552,0,58,0,0,0,0,0,0,0,236,0,16,0,0,0
2690,25.131,0,58,0,0,0,0,0,0,0,236,0,16,0,0,0
2691,0.903,0,58,0,0,0,0,0,0,0,236,0,16,0,0,0
2692,0.724,0,58,0,0,0,0,0,0,0,236,0,16,0,0,0
2693,6.644,0,58,0,0,0,0,0,0,0,236,0,16,0,0,0
2694,25.235,0,58,0,0,0,0,0,0,0,236,0,16,0,0,0
2695,0.911,0,58,0,0,0,0,0,0,0,236,0,16,0,0,0
2696,1.002,0,58,0,0,0,0,0,0,0,236,0,16,0,0,0
2697,6.083,0,58,0,0,0,0,0,0,0,236,0,16,0,0,0
2698,25.254,0,58,0,0,0,0,0,0,0,236,0,16,0,0,0
2699,0.850,0,58,0,0,0,0,0,0,0,236,0,16,0,0,0
2700,0.688,0,58,0,0,0,0,0,0,0,236,0,16,0,0,0
2701,6.574,0,58,0,0,0,0,0,0,0,236,0,16,0,0,0
2702,25.151,0,58,0,0,0,0,0,0,0,236,0,16,0,0,0
2703,0.839,0,58,0,0,0,0,0,0,0,236,0,16,0,0,0
2704,0.675,0,58,0,0,0,0,0,0,0,236,0,16,0,0,0
2705,6.689,0,58,0,0,0,0,0,0,0,236,0,16,0,0,0
2706,25.060,0,58,0,0,0,0,0,0,0,236,0,16,0,0,0
2707,0.849,0,58,0,0,0,0,0,0,0,236,0,16,0,0,0
2708,0.694,0,58,0,0,0,0,0,0,0,236,0,16,0,0,0
2709,6.908,0,58,0,0,0,0,0,0,0,236,0,16,0,0,0
2710,25.018,0,58,0,0,0,0,0,0,0,236,0,16,0,0,0
2711,0.882,0,58,0,0,0,0,0,0,0,236,0,16,0,0,0
2712,0.651,0,58,0,0,0,0,0,0,0,236,0,16,0,0,0
2713,6.678,0,58,0,0,0,0,0,0,0,236,0,16,0,0,0
2714,25.095,0,58,0,0,0,0,0,0,0,236,0,16,0,0,0
2715,0.857,0,58,0,0,0,0,0,0,0,236,0,16,0,0,0
2716,0.605,0,58,0,0,0,0,0,0,0,236,0,16,0,0,0
2717,7.026,0,58,0,0,0,0,0,0,0,236,0,16,0,0,0
2718,24.828,0,58,0,0,0,0,0,0,0,236,0,16,0,0,0
2719,0.862,0,58,0,0,0,0,0,0,0,236,0,16,0,0,0
2720,0.643,0,58,0,0,0,0,0,0,0,236,0,16,0,0,0
2721,6.667,0,58,0,0,0,0,0,0,0,236,0,16,0,0,0
2722,25.253,0,58,0,0,0,0,0,0,0,236,0,16,0,0,0
2723,0.825,0,58,0,0,0,0,0,0,0,236,0,16,0,0,0
2724,1.219,0,58,0,0,0,0,0,0,0,236,0,16,0,0,0
2725,6.160,0,58,0,0,0,0,0,0,0,236,0,16,0,0,0
2726,24.983,0,58,0,0,0,0,0,0,0,236,0,16,0,0,0
2727,0.940,0,58,0,0,0,0,0,0,0,236,0,16,0,0,0
2728,0.670,0,58,0,0,0,0,0,0,0,236,0,16,0,0,0
2729,6.670,0,58,0,0,0,0,0,0,0,236,0,16,0,0,0
2730,25.225,0,58,0,0,0,0,0,0,0,236,0,16,0,0,0
2731,0.835,0,58,0,0,0,0,0,0,0,236,0,16,0,0,0
2732,0.621,0,58,0,0,0,0,0,0,0,236,0,16,0,0,0
2733,6.611,0,58,0,0,0,0,0,0,0,236,0,16,0,0,0
2734,25.350,0,58,0,0,0,0,0,0,0,236,0,16,0,0,0
2735,0.849,0,58,0,0,0,0,0,0,0,236,0,16,0,0,0
2736,0.656,0,58,0,0,0,0,0,0,0,236,0,16,0,0,0
2737,6.594,0,58,0,0,0,0,0,0,0,236,0,16,0,0,0
2738,25.048,0,58,0,0,0,0,0,0,0,236,0,16,0,0,0
2739,0.874,0,58,0,0,0,0,0,0,0,236,0,16,0,0,0
2740,0.666,0,58,0,0,0,0,0,0,0,236,0,16,0,0,0
2741,6.624,0,58,0,0,0,0,0,0,0,236,0,16,0,0,0
2742,25.201,0,58,0,0,0,0,0,0,0,236,0,16,0,0,0
2743,0.907,0,58,0,0,0,0,0,0,0,236,0,16,0,0,0
2744,0.771,0,58,0,0,0,0,0,0,0,236,0,16,0,0,0
2745,6.589,0,58,0,0,0,0,0,0,0,236,0,16,0,0,0
2746,25.027,0,58,0,0,0,0,0,0,0,236,0,16,0,0,0
2747,1.113,0,58,0,0,0,0,0,0,0,236,0,16,0,0,0
2748,1.480,0,58,0,0,0,0,0,0,0,236,0,16,0,0,0
2749,5.584,0,58,0,0,0,0,0,0,0,236,0,16,0,0,0
2750,25.092,0,58,0,0,0,0,0,0,0,236,0,16,0,0,0
2751,0.873,0,58,0,0,0,0,0,0,0,236,0,16,0,0,0
2752,0.654,0,58,0,0,0,0,0,0,0,236,0,16,0,0,0
2753,6.733,0,58,0,0,0,0,0,0,0,236,0,16,0,0,0
2754,25.141,0,58,0,0,0,0,0,0,0,236,0,16,0,0,0
2755,0.860,0,58,0,0,0,0,0,0,0,236,0,16,0,0,0
2756,0.725,0,58,0,0,0,0,0,0,0,236,0,16,0,0,0
2757,6.592,0,58,0,0,0,0,0,0,0,236,0,16,0,0,0
2758,25.310,0,58,0,0,0,0,0,0,0,236,0,16,0,0,0
2759,0.895,0,58,0,0,0,0,0,0,0,236,0,16,0,0,0
2760,0.709,0,58,0,0,0,0,0,0,0,236,0,16,0,0,0
2761,6.547,0,58,0,0,0,0,0,0,0,236,0,16,0,0,0
2762,25.016,0,58,0,0,0,0,0,0,0,236,0,16,0,0,0
2763,0.912,0,58,0,0,0,0,0,0,0,236,0,16,0,0,0
2764,0.716,0,58,0,0,0,0,0,0,0,236,0,16,0,0,0
2765,7.064,0,58,0,0,0,0,0,0,0,236,0,16,0,0,0
2766,24.638,0,58,0,0,0,0,0,0,0,236,0,16,0,0,0
2767,0.853,0,58,0,0,0,0,0,0,0,236,0,16,0,0,0
2768,0.685,0,58,0,0,0,0,0,0,0,236,0,16,0,0,0
2769,6.734,0,58,0,0,0,0,0,0,0,236,0,16,0,0,0
2770,25.067,0,58,0,0,0,0,0,0,0,236,0,16,0,0,0
2771,0.925,0,58,0,0,0,0,0,0,0,236,0,16,0,0,0
2772,0.771,0,58,0,0,0,0,0,0,0,236,0,16,0,0,0
2773,6.940,0,58,0,0,0,0,0,0,0,236,0,16,0,0,0
2774,24.764,0,58,0,0,0,0,0,0,0,236,0,16,0,0,0
2775,0.799,0,58,0,0,0,0,0,0,0,236,0,16,0,0,0
2776,1.219,0,58,0,0,0,0,0,0,0,236,0,16,0,0,0
2777,6.127,0,58,0,0,0,0,0,0,0,236,0,16,0,0,0
2778,25.082,0,58,0,0,0,0,0,0,0,236,0,16,0,0,0
2779,0.876,0,58,0,0,0,0,0,0,0,236,0,16,0,0,0
2780,0.684,0,58,0,0,0,0,0,0,0,236,0,16,0,0,0
2781,7.260,0,58,0,0,0,0,0,0,0,236,0,16,0,0,0
2782,24.414,0,58,0,0,0,0,0,0,0,236,0,16,0,0,0
2783,0.838,0,58,0,0,0,0,0,0,0,236,0,16,0,0,0
2784,0.703,0,58,0,0,0,0,0,0,0,236,0,16,0,0,0
2785,6.685,0,58,0,0,0,0,0,0,0,236,0,16,0,0,0
2786,25.185,0,58,0,0,0,0,0,0,0,236,0,16,0,0,0
2787,0.826,0,58,0,0,0,0,0,0,0,236,0,16,0,0,0
2788,0.696,0,58,0,0,0,0,0,0,0,236,0,16,0,0,0
2789,6.721,0,58,0,0,0,0,0,0,0,236,0,16,0,0,0
2790,25.091,0,58,0,0,0,0,0,0,0,236,0,16,0,0,0
2791,0.897,0,58,0,0,0,0,0,0,0,236,0,16,0,0,0
2792,0.700,0,58,0,0,0,0,0,0,0,236,0,16,0,0,0
2793,6.721,0,58,0,0,0,0,0,0,0,236,0,16,0,0,0
2794,24.901,0,58,0,0,0,0,0,0,0,236,0,16,0,0,0
2795,0.903,0,58,0,0,0,0,0,0,0,236,0,16,0,0,0
2796,0.680,0,58,0,0,0,0,0,0,0,236,0,16,0,0,0
2797,6.703,0,58,0,0,0,0,0,0,0,236,0,16,0,0,0
2798,25.227,0,58,0,0,0,0,0,0,0,236,0,16,0,0,0
2799,0.898,0,58,0,0,0,0,0,0,0,236,0,16,0,0,0
2800,0.977,0,58,0,0,0,0,0,0,0,236,0,16,0,0,0
2801,6.365,0,58,0,0,0,0,0,0,0,236,0,16,0,0,0
2802,25.129,0,58,0,0,0,0,0,0,0,236,0,16,0,0,0
2803,0.880,0,58,0,0,0,0,0,0,0,236,0,16,0,0,0
2804,0.653,0,58,0,0,0,0,0,0,0,236,0,16,0,0,0
2805,6.642,0,58,0,0,0,0,0,0,0,236,0,16,0,0,0
2806,25.016,0,58,0,0,0,0,0,0,0,236,0,16,0,0,0
2807,0.852,0,58,0,0,0,0,0,0,0,236,0,16,0,0,0
2808,0.663,0,58,0,0,0,0,0,0,0,236,0,16,0,0,0
2809,6.638,0,58,0,0,0,0,0,0,0,236,0,16,0,0,0
2810,25.200,0,58,0,0,0,0,0,0,0,236,0,16,0,0,0
2811,0.884,0,58,0,0,0,0,0,0,0,236,0,16,0,0,0
2812,0.806,0,58,0,0,0,0,0,0,0,236,0,16,0,0,0
2813,6.501,0,58,0,0,0,0,0,0,0,236,0,16,0,0,0
2814,25.106,0,58,0,0,0,0,0,0,0,236,0,16,0,0,0
2815,0.876,0,58,0,0,0,0,0,0,0,236,0,16,0,0,0
2816,0.752,0,58,0,0,0,0,0,0,0,236,0,16,0,0,0
2817,6.625,0,58,0,0,0,0,0,0,0,236,0,16,0,0,0
2818,25.069,0,58,0,0,0,0,0,0,0,236,0,16,0,0,0
2819,0.934,0,58,0,0,0,0,0,0,0,236,0,16,0,0,0
2820,0.791,0,58,0,0,0,0,0,0,0,236,0,16,0,0,0
2821,6.931,0,58,0,0,0,0,0,0,0,236,0,16,0,0,0
2822,24.750,0,58,0,0,0,0,0,0,0,236,0,16,0,0,0
2823,0.795,0,58,0,0,0,0,0,0,0,236,0,16,0,0,0
2824,0.681,0,58,0,0,0,0,0,0,0,236,0,16,0,0,0
2825,6.704,0,58,0,0,0,0,0,0,0,236,0,16,0,0,0
2826,25.132,0,58,0,0,0,0,0,0,0,236,0,16,0,0,0
2827,0.872,0,58,0,0,0,0,0,0,0,236,0,16,0,0,0
2828,1.369,0,58,0,0,0,0,0,0,0,236,0,16,0,0,0
2829,6.334,0,58,0,0,0,0,0,0,0,236,0,16,0,0,0
2830,24.628,0,58,0,0,0,0,0,0,0,236,0,16,0,0,0
2831,0.817,0,58,0,0,0,0,0,0,0,236,0,16,0,0,0
2832,0.674,0,58,0,0,0,0,0,0,0,236,0,16,0,0,0
2833,6.758,0,58,0,0,0,0,0,0,0,236,0,16,0,0,0
2834,25.329,0,58,0,0,0,0,0,0,0,236,0,16,0,0,0
2835,0.866,0,58,0,0,0,0,0,0,0,236,0,16,0,0,0
2836,0.703,0,58,0,0,0,0,0,0,0,236,0,16,0,0,0
2837,6.528,0,58,0,0,0,0,0,0,0,236,0,16,0,0,0
2838,25.296,0,58,0,0,0,0,0,0,0,236,0,16,0,0,0
2839,0.904,0,58,0,0,0,0,0,0,0,236,0,16,0,0,0
2840,0.680,0,58,0,0,0,0,0,0,0,236,0,16,0,0,0
2841,6.376,0,58,0,0,0,0,0,0,0,236,0,16,0,0,0
2842,25.120,0,58,0,0,0,0,0,0,0,236,0,16,0,0,0
2843,0.875,0,58,0,0,0,0,0,0,0,236,0,16,0,0,0
2844,0.665,0,58,0,0,0,0,0,0,0,236,0,16,0,0,0
2845,6.850,0,58,0,0,0,0,0,0,0,236,0,16,0,0,0
2846,24.877,0,58,0,0,0,0,0,0,0,236,0,16,0,0,0
2847,0.821,0,58,0,0,0,0,0,0,0,236,0,16,0,0,0
2848,0.758,0,58,0,0,0,0,0,0,0,236,0,16,0,0,0
2849,6.851,0,58,0,0,0,0,0,0,0,236,0,16,0,0,0
2850,25.283,0,58,0,0,0,0,0,0,0,236,0,16,0,0,0
2851,0.868,0,58,0,0,0,0,0,0,0,236,0,16,0,0,0
2852,1.530,0,58,0,0,0,0,0,0,0,236,0,16,0,0,0
2853,6.073,0,58,0,0,0,0,0,0,0,236,0,16,0,0,0
2854,24.615,0,58,0,0,0,0,0,0,0,236,0,16,0,0,0
2855,0.888,0,58,0,0,0,0,0,0,0,236,0,16,0,0,0
2856,1.110,0,58,0,0,0,0,0,0,0,236,0,16,0,0,0
2857,6.144,0,58,0,0,0,0,0,0,0,236,0,16,0,0,0
2858,25.155,0,58,0,0,0,0,0,0,0,236,0,16,0,0,0
2859,0.823,0,58,0,0,0,0,0,0,0,236,0,16,0,0,0
2860,0.685,0,58,0,0,0,0,0,0,0,236,0,16,0,0,0
2861,7.237,0,58,0,0,0,0,0,0,0,236,0,16,0,0,0
2862,24.639,0,58,0,0,0,0,0,0,0,236,0,16,0,0,0
2863,0.876,0,58,0,0,0,0,0,0,0,236,0,16,0,0,0
2864,0.698,0,58,0,0,0,0,0,0,0,236,0,16,0,0,0
2865,6.543,0,58,0,0,0,0,0,0,0,236,0,16,0,0,0
2866,25.349,0,58,0,0,0,0,0,0,0,236,0,16,0,0,0
2867,0.875,0,58,0,0,0,0,0,0,0,236,0,16,0,0,0
2868,0.675,0,58,0,0,0,0,0,0,0,236,0,16,0,0,0
2869,6.643,0,58,0,0,0,0,0,0,0,236,0,16,0,0,0
2870,24.995,0,58,0,0,0,0,0,0,0,236,0,16,0,0,0
2871,0.826,0,58,0,0,0,0,0,0,0,236,0,16,0,0,0
2872,0.685,0,58,0,0,0,0,0,0,0,236,0,16,0,0,0
2873,6.715,0,58,0,0,0,0,0,0,0,236,0,16,0,0,0
2874,25.036,0,58,0,0,0,0,0,0,0,236,0,16,0,0,0
2875,0.866,0,58,0,0,0,0,0,0,0,236,0,16,0,0,0
2876,0.722,0,58,0,0,0,0,0,0,0,236,0,16,0,0,0
2877,7.022,0,58,0,0,0,0,0,0,0,236,0,16,0,0,0
2878,24.822,0,58,0,0,0,0,0,0,0,236,0,16,0,0,0
2879,0.900,0,58,0,0,0,0,0,0,0,236,0,16,0,0,0
2880,1.073,0,58,0,0,0,0,0,0,0,236,0,16,0,0,0
2881,6.119,0,58,0,0,0,0,0,0,0,236,0,16,0,0,0
2882,25.203,0,58,0,0,0,0,0,0,0,236,0,16,0,0,0
2883,0.858,0,58,0,0,0,0,0,0,0,236,0,16,0,0,0
2884,0.657,0,58,0,0,0,0,0,0,0,236,0,16,0,0,0
2885,6.745,0,58,0,0,0,0,0,0,0,236,0,16,0,0,0
2886,25.118,0,58,0,0,0,0,0,0,0,236,0,16,0,0,0
2887,0.875,0,58,0,0,0,0,0,0,0,236,0,16,0,0,0
2888,0.721,0,58,0,0,0,0,0,0,0,236,0,16,0,0,0
2889,6.655,0,58,0,0,0,0,0,0,0,236,0,16,0,0,0
2890,25.049,0,58,0,0,0,0,0,0,0,236,0,16,0,0,0
2891,0.899,0,58,0,0,0,0,0,0,0,236,0,16,0,0,0
2892,0.702,0,58,0,0,0,0,0,0,0,236,0,16,0,0,0
2893,7.447,0,58,0,0,0,0,0,0,0,236,0,16,0,0,0
2894,24.316,0,58,0,0,0,0,0,0,0,236,0,16,0,0,0
2895,0.814,0,58,0,0,0,0,0,0,0,236,0,16,0,0,0
2896,0.697,0,58,0,0,0,0,0,0,0,236,0,16,0,0,0
2897,6.644,0,58,0,0,0,0,0,0,0,236,0,16,0,0,0
2898,25.180,0,58,0,0,0,0,0,0,0,236,0,16,0,0,0
2899,0.911,0,58,0,0,0,0,0,0,0,236,0,16,0,0,0
2900,0.673,0,58,0,0,0,0,0,0,0,236,0,16,0,0,0
2901,6.560,0,58,0,0,0,0,0,0,0,236,0,16,0,0,0
2902,25.187,0,58,0,0,0,0,0,0,0,236,0,16,0,0,0
2903,0.863,0,58,0,0,0,0,0,0,0,236,0,16,0,0,0
2904,1.517,0,58,0,0,0,0,0,0,0,236,0,16,0,0,0
2905,5.774,0,58,0,0,0,0,0,0,0,236,0,16,0,0,0
2906,25.091,0,58,0,0,0,0,0,0,0,236,0,16,0,0,0
2907,0.889,0,58,0,0,0,0,0,0,0,236,0,16,0,0,0
2908,0.867,0,58,0,0,0,0,0,0,0,236,0,16,0,0,0
2909,6.682,0,58,0,0,0,0,0,0,0,236,0,16,0,0,0
2910,25.080,0,58,0,0,0,0,0,0,0,236,0,16,0,0,0
2911,0.891,0,58,0,0,0,0,0,0,0,236,0,16,0,0,0
2912,0.741,0,58,0,0,0,0,0,0,0,236,0,16,0,0,0
2913,6.385,0,58,0,0,0,0,0,0,0,236,0,16,0,0,0
2914,25.130,0,58,0,0,0,0,0,0,0,236,0,16,0,0,0
2915,0.885,0,58,0,0,0,0,0,0,0,236,0,16,0,0,0
2916,0.751,0,58,0,0,0,0,0,0,0,236,0,16,0,0,0
2917,6.545,0,58,0,0,0,0,0,0,0,236,0,16,0,0,0
2918,25.075,0,58,0,0,0,0,0,0,0,236,0,16,0,0,0
2919,0.861,0,58,0,0,0,0,0,0,0,236,0,16,0,0,0
2920,0.790,0,58,0,0,0,0,0,0,0,236,0,16,0,0,0
2921,6.653,0,58,0,0,0,0,0,0,0,236,0,16,0,0,0
2922,25.021,0,58,0,0,0,0,0,0,0,236,0,16,0,0,0
2923,0.879,0,58,0,0,0,0,0,0,0,236,0,16,0,0,0
2924,0.643,0,58,0,0,0,0,0,0,0,236,0,16,0,0,0
2925,7.290,0,58,0,0,0,0,0,0,0,236,0,16,0,0,0
2926,24.633,0,58,0,0,0,0,0,0,0,236,0,16,0,0,0
2927,0.898,0,58,0,0,0,0,0,0,0,236,0,16,0,0,0
2928,1.237,0,58,0,0,0,0,0,0,0,236,0,16,0,0,0
2929,5.993,0,58,0,0,0,0,0,0,0,236,0,16,0,0,0
2930,25.131,0,58,0,0,0,0,0,0,0,236,0,16,0,0,0
2931,0.829,0,58,0,0,0,0,0,0,0,236,0,16,0,0,0
2932,0.686,0,58,0,0,0,0,0,0,0,236,0,16,0,0,0
2933,6.755,0,58,0,0,0,0,0,0,0,236,0,16,0,0,0
2934,25.061,0,58,0,0,0,0,0,0,0,236,0,16,0,0,0
2935,0.846,0,58,0,0,0,0,0,0,0,236,0,16,0,0,0
2936,0.663,0,58,0,0,0,0,0,0,0,236,0,16,0,0,0
2937,6.707,0,58,0,0,0,0,0,0,0,236,0,16,0,0,0
2938,25.140,0,58,0,0,0,0,0,0,0,236,0,16,0,0,0
2939,0.893,0,58,0,0,0,0,0,0,0,236,0,16,0,0,0
2940,0.718,0,58,0,0,0,0,0,0,0,236,0,16,0,0,0
2941,7.140,0,58,0,0,0,0,0,0,0,236,0,16,0,0,0
2942,24.575,0,58,0,0,0,0,0,0,0,236,0,16,0,0,0
2943,0.838,0,58,0,0,0,0,0,0,0,236,0,16,0,0,0
2944,0.705,0,58,0,0,0,0,0,0,0,236,0,16,0,0,0
2945,6.653,0,58,0,0,0,0,0,0,0,236,0,16,0,0,0
2946,25.169,0,58,0,0,0,0,0,0,0,236,0,16,0,0,0
2947,0.811,0,58,0,0,0,0,0,0,0,236,0,16,0,0,0
2948,0.667,0,58,0,0,0,0,0,0,0,236,0,16,0,0,0
2949,6.830,0,58,0,0,0,0,0,0,0,236,0,16,0,0,0
2950,24.970,0,58,0,0,0,0,0,0,0,236,0,16,0,0,0
2951,0.872,0,58,0,0,0,0,0,0,0,236,0,16,0,0,0
2952,1.286,0,58,0,0,0,0,0,0,0,236,0,16,0,0,0
2953,6.158,0,58,0,0,0,0,0,0,0,236,0,16,0,0,0
2954,25.005,0,58,0,0,0,0,0,0,0,236,0,16,0,0,0
2955,0.878,0,58,0,0,0,0,0,0,0,236,0,16,0,0,0
2956,0.649,0,58,0,0,0,0,0,0,0,236,0,16,0,0,0
2957,7.178,0,58,0,0,0,0,0,0,0,236,0,16,0,0,0
2958,24.674,0,58,0,0,0,0,0,0,0,236,0,16,0,0,0
2959,0.944,0,58,0,0,0,0,0,0,0,236,0,16,0,0,0
2960,0.713,0,58,0,0,0,0,0,0,0,236,0,16,0,0,0
2961,6.472,0,58,0,0,0,0,0,0,0,236,0,16,0,0,0
2962,25.215,0,58,0,0,0,0,0,0,0,236,0,16,0,0,0
2963,0.950,0,58,0,0,0,0,0,0,0,236,0,16,0,0,0
2964,0.692,0,58,0,0,0,0,0,0,0,236,0,16,0,0,0
2965,6.629,0,58,0,0,0,0,0,0,0,236,0,16,0,0,0
2966,24.997,0,58,0,0,0,0,0,0,0,236,0,16,0,0,0
2967,0.833,0,58,0,0,0,0,0,0,0,236,0,16,0,0,0
2968,0.615,0,58,0,0,0,0,0,0,0,236,0,16,0,0,0
2969,6.882,0,58,0,0,0,0,0,0,0,236,0,16,0,0,0
2970,25.107,0,58,0,0,0,0,0,0,0,236,0,16,0,0,0
2971,0.959,0,58,0,0,0,0,0,0,0,236,0,16,0,0,0
2972,0.632,0,58,0,0,0,0,0,0,0,236,0,16,0,0,0
2973,6.649,0,58,0,0,0,0,0,0,0,236,0,16,0,0,0
2974,25.031,0,58,0,0,0,0,0,0,0,236,0,16,0,0,0
2975,0.961,0,58,0,0,0,0,0,0,0,236,0,16,0,0,0
2976,1.985,0,58,0,0,0,0,0,0,0,236,0,16,0,0,0
2977,5.269,0,58,0,0,0,0,0,0,0,236,0,16,0,0,0
2978,25.179,0,58,0,0,0,0,0,0,0,236,0,16,0,0,0
2979,0.886,0,58,0,0,0,0,0,0,0,236,0,16,0,0,0
2980,1.141,0,58,0,0,0,0,0,0,0,236,0,16,0,0,0
2981,6.127,0,58,0,0,0,0,0,0,0,236,0,16,0,0,0
2982,25.097,0,58,0,0,0,0,0,0,0,236,0,16,0,0,0
2983,0.796,0,58,0,0,0,0,0,0,0,236,0,16,0,0,0
2984,0.795,0,58,0,0,0,0,0,0,0,236,0,16,0,0,0
2985,6.580,0,58,0,0,0,0,0,0,0,236,0,16,0,0,0
2986,25.288,0,58,0,0,0,0,0,0,0,236,0,16,0,0,0
2987,0.914,0,58,0,0,0,0,0,0,0,236,0,16,0,0,0
2988,0.686,0,58,0,0,0,0,0,0,0,236,0,16,0,0,0
2989,6.445,0,58,0,0,0,0,0,0,0,236,0,16,0,0,0
2990,25.306,0,58,0,0,0,0,0,0,0,236,0,16,0,0,0
2991,0.863,0,58,0,0,0,0,0,0,0,236,0,16,0,0,0
2992,0.751,0,58,0,0,0,0,0,0,0,236,0,16,0,0,0
2993,6.411,0,58,0,0,0,0,0,0,0,236,0,16,0,0,0
2994,25.183,0,58,0,0,0,0,0,0,0,236,0,16,0,0,0
2995,0.835,0,58,0,0,0,0,0,0,0,236,0,16,0,0,0
2996,0.693,0,58,0,0,0,0,0,0,0,236,0,16,0,0,0
2997,7.216,0,58,0,0,0,0,0,0,0,236,0,16,0,0,0
2998,24.552,0,58,0,0,0,0,0,0,0,236,0,16,0,0,0
2999,0.902,0,58,0,0,0,0,0,0,0,236,0,16,0,0,0
3000,0.732,0,58,0,0,0,0,0,0,0,236,0,16,0,0,0
3001,6.570,0,58,0,0,0,0,0,0,0,236,0,16,0,0,0
3002,25.151,0,58,0,0,0,0,0,0,0,236,0,16,0,0,0
3003,0.807,0,58,0,0,0,0,0,0,0,236,0,16,0,0,0
3004,1.642,0,58,0,0,0,0,0,0,0,236,0,16,0,0,0
3005,5.860,0,58,0,0,0,0,0,0,0,236,0,16,0,0,0
3006,25.007,0,58,0,0,0,0,0,0,0,236,0,16,0,0,0
3007,0.889,0,58,0,0,0,0,0,0,0,236,0,16,0,0,0
3008,0.662,0,58,0,0,0,0,0,0,0,236,0,16,0,0,0
3009,6.703,0,58,0,0,0,0,0,0,0,236,0,16,0,0,0
3010,25.109,0,58,0,0,0,0,0,0,0,236,0,16,0,0,0
3011,0.771,0,58,0,0,0,0,0,0,0,236,0,16,0,0,0
3012,0.708,0,58,0,0,0,0,0,0,0,236,0,16,0,0,0
3013,7.106,0,58,0,0,0,0,0,0,0,236,0,16,0,0,0
3014,24.767,0,58,0,0,0,0,0,0,0,236,0,16,0,0,0
3015,0.814,0,58,0,0,0,0,0,0,0,236,0,16,0,0,0
3016,0.718,0,58,0,0,0,0,0,0,0,236,0,16,0,0,0
3017,6.751,0,58,0,0,0,0,0,0,0,236,0,16,0,0,0
3018,24.974,0,58,0,0,0,0,0,0,0,236,0,16,0,0,0
3019,0.991,0,58,0,0,0,0,0,0,0,236,0,16,0,0,0
3020,0.696,0,58,0,0,0,0,0,0,0,236,0,16,0,0,0
3021,7.124,0,58,0,0,0,0,0,0,0,236,0,16,0,0,0
3022,24.589,0,58,0,0,0,0,0,0,0,236,0,16,0,0,0
3023,0.856,0,58,0,0,0,0,0,0,0,236,0,16,0,0,0
3024,0.703,0,58,0,0,0,0,0,0,0,236,0,16,0,0,0
3025,6.535,0,58,0,0,0,0,0,0,0,236,0,16,0,0,0
3026,25.061,0,58,0,0,0,0,0,0,0,236,0,16,0,0,0
3027,0.870,0,58,0,0,0,0,0,0,0,236,0,16,0,0,0
3028,0.705,0,58,0,0,0,0,0,0,0,236,0,16,0,0,0
3029,6.729,0,58,0,0,0,0,0,0,0,236,0,16,0,0,0
3030,25.275,0,58,0,0,0,0,0,0,0,236,0,16,0,0,0
3031,0.866,0,58,0,0,0,0,0,0,0,236,0,16,0,0,0
3032,0.987,0,58,0,0,0,0,0,0,0,236,0,16,0,0,0
3033,6.171,0,58,0,0,0,0,0,0,0,236,0,16,0,0,0
3034,25.109,0,58,0,0,0,0,0,0,0,236,0,16,0,0,0
3035,0.848,0,58,0,0,0,0,0,0,0,236,0,16,0,0,0
3036,0.691,0,58,0,0,0,0,0,0,0,236,0,16,0,0,0
3037,6.855,0,58,0,0,0,0,0,0,0,236,0,16,0,0,0
3038,24.972,0,58,0,0,0,0,0,0,0,236,0,16,0,0,0
3039,0.832,0,58,0,0,0,0,0,0,0,236,0,16,0,0,0
3040,0.693,0,58,0,0,0,0,0,0,0,236,0,16,0,0,0
3041,6.752,0,58,0,0,0,0,0,0,0,236,0,16,0,0,0
3042,25.113,0,58,0,0,0,0,0,0,0,236,0,16,0,0,0
3043,0.850,0,58,0,0,0,0,0,0,0,236,0,16,0,0,0
3044,0.738,0,58,0,0,0,0,0,0,0,236,0,16,0,0,0
3045,7.612,0,58,0,0,0,0,0,0,0,236,0,16,0,0,0
3046,24.312,0,58,0,0,0,0,0,0,0,236,0,16,0,0,0
3047,0.946,0,58,0,0,0,0,0,0,0,236,0,16,0,0,0
3048,0.717,0,58,0,0,0,0,0,0,0,236,0,16,0,0,0
3049,6.378,0,58,0,0,0,0,0,0,0,236,0,16,0,0,0
3050,25.099,0,58,0,0,0,0,0,0,0,236,0,16,0,0,0
3051,0.869,0,58,0,0,0,0,0,0,0,236,0,16,0,0,0
3052,0.688,0,58,0,0,0,0,0,0,0,236,0,16,0,0,0
3053,6.735,0,58,0,0,0,0,0,0,0,236,0,16,0,0,0
3054,25.004,0,58,0,0,0,0,0,0,0,236,0,16,0,0,0
3055,0.847,0,58,0,0,0,0,0,0,0,236,0,16,0,0,0
3056,0.790,0,58,0,0,0,0,0,0,0,236,0,16,0,0,0
3057,6.612,0,58,0,0,0,0,0,0,0,236,0,16,0,0,0
3058,25.071,0,58,0,0,0,0,0,0,0,236,0,16,0,0,0
3059,0.936,0,58,0,0,0,0,0,0,0,236,0,16,0,0,0
3060,0.828,0,58,0,0,0,0,0,0,0,236,0,16,0,0,0
3061,6.462,0,58,0,0,0,0,0,0,0,236,0,16,0,0,0
3062,25.140,0,58,0,0,0,0,0,0,0,236,0,16,0,0,0
3063,0.932,0,58,0,0,0,0,0,0,0,236,0,16,0,0,0
3064,0.639,0,58,0,0,0,0,0,0,0,236,0,16,0,0,0
3065,6.558,0,58,0,0,0,0,0,0,0,236,0,16,0,0,0
3066,25.233,0,58,0,0,0,0,0,0,0,236,0,16,0,0,0
3067,0.853,0,58,0,0,0,0,0,0,0,236,0,16,0,0,0
3068,0.715,0,58,0,0,0,0,0,0,0,236,0,16,0,0,0
3069,6.666,0,58,0,0,0,0,0,0,0,236,0,16,0,0,0
3070,25.110,0,58,0,0,0,0,0,0,0,236,0,16,0,0,0
3071,0.854,0,58,0,0,0,0,0,0,0,236,0,16,0,0,0
3072,0.666,0,58,0,0,0,0,0,0,0,236,0,16,0,0,0
3073,6.815,0,58,0,0,0,0,0,0,0,236,0,16,0,0,0
3074,24.984,0,58,0,0,0,0,0,0,0,236,0,16,0,0,0
3075,0.858,0,58,0,0,0,0,0,0,0,236,0,16,0,0,0
3076,0.733,0,58,0,0,0,0,0,0,0,236,0,16,0,0,0
3077,6.768,0,58,0,0,0,0,0,0,0,236,0,16,0,0,0
3078,25.166,0,58,0,0,0,0,0,0,0,236,0,16,0,0,0
3079,0.880,0,58,0,0,0,0,0,0,0,236,0,16,0,0,0
3080,0.688,0,58,0,0,0,0,0,0,0,236,0,16,0,0,0
3081,6.373,0,58,0,0,0,0,0,0,0,236,0,16,0,0,0
3082,25.161,0,58,0,0,0,0,0,0,0,236,0,16,0,0,0
3083,0.908,0,58,0,0,0,0,0,0,0,236,0,16,0,0,0
3084,0.687,0,58,0,0,0,0,0,0,0,236,0,16,0,0,0
3085,7.077,0,58,0,0,0,0,0,0,0,236,0,16,0,0,0
3086,24.857,0,58,0,0,0,0,0,0,0,236,0,16,0,0,0
3087,0.884,0,58,0,0,0,0,0,0,0,236,0,16,0,0,0
3088,1.259,0,58,0,0,0,0,0,0,0,236,0,16,0,0,0
3089,5.933,0,58,0,0,0,0,0,0,0,236,0,16,0,0,0
3090,25.100,0,58,0,0,0,0,0,0,0,236,0,16,0,0,0
3091,0.850,0,58,0,0,0,0,0,0,0,236,0,16,0,0,0
3092,0.674,0,58,0,0,0,0,0,0,0,236,0,16,0,0,0
3093,7.039,0,58,0,0,0,0,0,0,0,236,0,16,0,0,0
3094,24.950,0,58,0,0,0,0,0,0,0,236,0,16,0,0,0
3095,0.893,0,58,0,0,0,0,0,0,0,236,0,16,0,0,0
3096,0.655,0,58,0,0,0,0,0,0,0,236,0,16,0,0,0
3097,6.493,0,58,0,0,0,0,0,0,0,236,0,16,0,0,0
3098,25.199,0,58,0,0,0,0,0,0,0,236,0,16,0,0,0
3099,0.877,0,58,0,0,0,0,0,0,0,236,0,16,0,0,0
3100,0.732,0,58,0,0,0,0,0,0,0,236,0,16,0,0,0
3101,6.380,0,58,0,0,0,0,0,0,0,236,0,16,0,0,0
3102,25.303,0,58,0,0,0,0,0,0,0,236,0,16,0,0,0
3103,0.922,0,58,0,0,0,0,0,0,0,236,0,16,0,0,0
3104,0.758,0,58,0,0,0,0,0,0,0,236,0,16,0,0,0
3105,6.676,0,58,0,0,0,0,0,0,0,236,0,16,0,0,0
3106,24.872,0,58,0,0,0,0,0,0,0,236,0,16,0,0,0
3107,0.892,0,58,0,0,0,0,0,0,0,236,0,16,0,0,0
3108,0.972,0,58,0,0,0,0,0,0,0,236,0,16,0,0,0
3109,6.407,0,58,0,0,0,0,0,0,0,236,0,16,0,0,0
3110,25.042,0,58,0,0,0,0,0,0,0,236,0,16,0,0,0
3111,0.787,0,58,0,0,0,0,0,0,0,236,0,16,0,0,0
3112,0.753,0,58,0,0,0,0,0,0,0,236,0,16,0,0,0
3113,6.662,0,58,0,0,0,0,0,0,0,236,0,16,0,0,0
3114,25.147,0,58,0,0,0,0,0,0,0,236,0,16,0,0,0
3115,0.874,0,58,0,0,0,0,0,0,0,236,0,16,0,0,0
3116,0.812,0,58,0,0,0,0,0,0,0,236,0,16,0,0,0
3117,6.547,0,58,0,0,0,0,0,0,0,236,0,16,0,0,0
3118,25.319,0,58,0,0,0,0,0,0,0,236,0,16,0,0,0
3119,0.821,0,58,0,0,0,0,0,0,0,236,0,16,0,0,0
3120,1.220,0,58,0,0,0,0,0,0,0,236,0,16,0,0,0
3121,5.758,0,58,0,0,0,0,0,0,0,236,0,16,0,0,0
3122,25.498,0,58,0,0,0,0,0,0,0,236,0,16,0,0,0
3123,0.809,0,58,0,0,0,0,0,0,0,236,0,16,0,0,0
3124,0.665,0,58,0,0,0,0,0,0,0,236,0,16,0,0,0
3125,7.035,0,58,0,0,0,0,0,0,0,236,0,16,0,0,0
3126,24.745,0,58,0,0,0,0,0,0,0,236,0,16,0,0,0
3127,0.864,0,58,0,0,0,0,0,0,0,236,0,16,0,0,0
3128,0.709,0,58,0,0,0,0,0,0,0,236,0,16,0,0,0
3129,6.562,0,58,0,0,0,0,0,0,0,236,0,16,0,0,0
3130,25.135,0,58,0,0,0,0,0,0,0,236,0,16,0,0,0
3131,0.914,0,58,0,0,0,0,0,0,0,236,0,16,0,0,0
3132,0.664,0,58,0,0,0,0,0,0,0,236,0,16,0,0,0
3133,6.718,0,58,0,0,0,0,0,0,0,236,0,16,0,0,0
3134,25.001,0,58,0,0,0,0,0,0,0,236,0,16,0,0,0
3135,0.955,0,58,0,0,0,0,0,0,0,236,0,16,0,0,0
3136,0.743,0,58,0,0,0,0,0,0,0,236,0,16,0,0,0
3137,6.614,0,58,0,0,0,0,0,0,0,236,0,16,0,0,0
3138,25.133,0,58,0,0,0,0,0,0,0,236,0,16,0,0,0
3139,1.153,0,58,0,0,0,0,0,0,0,236,0,16,0,0,0
3140,0.837,0,58,0,0,0,0,0,0,0,236,0,16,0,0,0
3141,6.383,0,58,0,0,0,0,0,0,0,236,0,16,0,0,0
3142,25.096,0,58,0,0,0,0,0,0,0,236,0,16,0,0,0
3143,0.896,0,58,0,0,0,0,0,0,0,236,0,16,0,0,0
3144,1.013,0,58,0,0,0,0,0,0,0,236,0,16,0,0,0
3145,6.177,0,58,0,0,0,0,0,0,0,236,0,16,0,0,0
3146,25.015,0,58,0,0,0,0,0,0,0,236,0,16,0,0,0
3147,0.836,0,58,0,0,0,0,0,0,0,236,0,16,0,0,0
3148,1.636,0,58,0,0,0,0,0,0,0,236,0,16,0,0,0
3149,6.264,0,58,0,0,0,0,0,0,0,236,0,16,0,0,0
3150,24.601,0,58,0,0,0,0,0,0,0,236,0,16,0,0,0
3151,0.845,0,58,0,0,0,0,0,0,0,236,0,16,0,0,0
3152,0.725,0,58,0,0,0,0,0,0,0,236,0,16,0,0,0
3153,6.569,0,58,0,0,0,0,0,0,0,236,0,16,0,0,0
3154,25.110,0,58,0,0,0,0,0,0,0,236,0,16,0,0,0
3155,0.995,0,58,0,0,0,0,0,0,0,236,0,16,0,0,0
3156,0.718,0,58,0,0,0,0,0,0,0,236,0,16,0,0,0
3157,6.601,0,58,0,0,0,0,0,0,0,236,0,16,0,0,0
3158,25.016,0,58,0,0,0,0,0,0,0,236,0,16,0,0,0
3159,0.891,0,58,0,0,0,0,0,0,0,236,0,16,0,0,0
3160,0.752,0,58,0,0,0,0,0,0,0,236,0,16,0,0,0
3161,6.616,0,58,0,0,0,0,0,0,0,236,0,16,0,0,0
3162,25.108,0,58,0,0,0,0,0,0,0,236,0,16,0,0,0
3163,0.889,0,58,0,0,0,0,0,0,0,236,0,16,0,0,0
3164,0.645,0,58,0,0,0,0,0,0,0,236,0,16,0,0,0
3165,6.805,0,58,0,0,0,0,0,0,0,236,0,16,0,0,0
3166,25.173,0,58,0,0,0,0,0,0,0,236,0,16,0,0,0
3167,0.905,0,58,0,0,0,0,0,0,0,236,0,16,0,0,0
3168,1.924,0,58,0,0,0,0,0,0,0,236,0,16,0,0,0
3169,5.164,0,58,0,0,0,0,0,0,0,236,0,16,0,0,0
3170,25.356,0,58,0,0,0,0,0,0,0,236,0,16,0,0,0
3171,0.798,0,58,0,0,0,0,0,0,0,236,0,16,0,0,0
3172,1.178,0,58,0,0,0,0,0,0,0,236,0,16,0,0,0
3173,6.160,0,58,0,0,0,0,0,0,0,236,0,16,0,0,0
3174,25.009,0,58,0,0,0,0,0,0,0,236,0,16,0,0,0
3175,0.860,0,58,0,0,0,0,0,0,0,236,0,16,0,0,0
3176,0.748,0,58,0,0,0,0,0,0,0,236,0,16,0,0,0
3177,6.499,0,58,0,0,0,0,0,0,0,236,0,16,0,0,0
3178,25.200,0,58,0,0,0,0,0,0,0,236,0,16,0,0,0
3179,0.924,0,58,0,0,0,0,0,0,0,236,0,16,0,0,0
3180,0.699,0,58,0,0,0,0,0,0,0,236,0,16,0,0,0
3181,7.691,0,58,0,0,0,0,0,0,0,236,0,16,0,0,0
3182,24.023,0,58,0,0,0,0,0,0,0,236,0,16,0,0,0
3183,0.835,0,58,0,0,0,0,0,0,0,236,0,16,0,0,0
3184,0.666,0,58,0,0,0,0,0,0,0,236,0,16,0,0,0
3185,6.759,0,58,0,0,0,0,0,0,0,236,0,16,0,0,0
3186,25.118,0,58,0,0,0,0,0,0,0,236,0,16,0,0,0
3187,0.798,0,58,0,0,0,0,0,0,0,236,0,16,0,0,0
3188,0.770,0,58,0,0,0,0,0,0,0,236,0,16,0,0,0
3189,6.672,0,58,0,0,0,0,0,0,0,236,0,16,0,0,0
3190,25.032,0,58,0,0,0,0,0,0,0,236,0,16,0,0,0
3191,0.870,0,58,0,0,0,0,0,0,0,236,0,16,0,0,0
3192,0.790,0,58,0,0,0,0,0,0,0,236,0,16,0,0,0
3193,6.748,0,58,0,0,0,0,0,0,0,236,0,16,0,0,0
3194,25.068,0,58,0,0,0,0,0,0,0,236,0,16,0,0,0
3195,0.808,0,58,0,0,0,0,0,0,0,236,0,16,0,0,0
3196,0.679,0,58,0,0,0,0,0,0,0,236,0,16,0,0,0
3197,6.557,0,58,0,0,0,0,0,0,0,236,0,16,0,0,0
3198,25.151,0,58,0,0,0,0,0,0,0,236,0,16,0,0,0
3199,0.913,0,58,0,0,0,0,0,0,0,236,0,16,0,0,0
3200,0.799,0,58,0,0,0,0,0,0,0,236,0,16,0,0,0
3201,6.617,0,58,0,0,0,0,0,0,0,236,0,16,0,0,0
3202,24.987,0,58,0,0,0,0,0,0,0,236,0,16,0,0,0
3203,0.888,0,58,0,0,0,0,0,0,0,236,0,16,0,0,0
3204,0.640,0,58,0,0,0,0,0,0,0,236,0,16,0,0,0
3205,7.352,0,58,0,0,0,0,0,0,0,236,0,16,0,0,0
3206,24.364,0,58,0,0,0,0,0,0,0,236,0,16,0,0,0
3207,0.796,0,58,0,0,0,0,0,0,0,236,0,16,0,0,0
3208,0.711,0,58,0,0,0,0,0,0,0,236,0,16,0,0,0
3209,6.912,0,58,0,0,0,0,0,0,0,236,0,16,0,0,0
3210,25.007,0,58,0,0,0,0,0,0,0,236,0,16,0,0,0
3211,0.865,0,58,0,0,0,0,0,0,0,236,0,16,0,0,0
3212,0.720,0,58,0,0,0,0,0,0,0,236,0,16,0,0,0
3213,6.736,0,58,0,0,0,0,0,0,0,236,0,16,0,0,0
3214,24.994,0,58,0,0,0,0,0,0,0,236,0,16,0,0,0
3215,0.906,0,58,0,0,0,0,0,0,0,236,0,16,0,0,0
3216,0.697,0,58,0,0,0,0,0,0,0,236,0,16,0,0,0
3217,6.742,0,58,0,0,0,0,0,0,0,236,0,16,0,0,0
3218,24.988,0,58,0,0,0,0,0,0,0,236,0,16,0,0,0
3219,0.947,0,58,0,0,0,0,0,0,0,236,0,16,0,0,0
3220,0.755,0,58,0,0,0,0,0,0,0,236,0,16,0,0,0
3221,6.502,0,58,0,0,0,0,0,0,0,236,0,16,0,0,0
3222,25.237,0,58,0,0,0,0,0,0,0,236,0,16,0,0,0
3223,0.832,0,58,0,0,0,0,0,0,0,236,0,16,0,0,0
3224,1.233,0,58,0,0,0,0,0,0,0,236,0,16,0,0,0
3225,6.076,0,58,0,0,0,0,0,0,0,236,0,16,0,0,0
3226,25.131,0,58,0,0,0,0,0,0,0,236,0,16,0,0,0
3227,0.825,0,58,0,0,0,0,0,0,0,236,0,16,0,0,0
3228,0.662,0,58,0,0,0,0,0,0,0,236,0,16,0,0,0
3229,6.649,0,58,0,0,0,0,0,0,0,236,0,16,0,0,0
3230,25.199,0,58,0,0,0,0,0,0,0,236,0,16,0,0,0
3231,1.013,0,58,0,0,0,0,0,0,0,236,0,16,0,0,0
3232,1.262,0,58,0,0,0,0,0,0,0,236,0,16,0,0,0
3233,6.001,0,58,0,0,0,0,0,0,0,236,0,16,0,0,0
3234,25.286,0,58,0,0,0,0,0,0,0,236,0,16,0,0,0
3235,0.922,0,58,0,0,0,0,0,0,0,236,0,16,0,0,0
3236,0.819,0,58,0,0,0,0,0,0,0,236,0,16,0,0,0
3237,6.229,0,58,0,0,0,0,0,0,0,236,0,16,0,0,0
3238,25.095,0,58,0,0,0,0,0,0,0,236,0,16,0,0,0
3239,0.931,0,58,0,0,0,0,0,0,0,236,0,16,0,0,0
3240,0.651,0,58,0,0,0,0,0,0,0,236,0,16,0,0,0
3241,6.685,0,58,0,0,0,0,0,0,0,236,0,16,0,0,0
3242,25.152,0,58,0,0,0,0,0,0,0,236,0,16,0,0,0
3243,1.049,0,58,0,0,0,0,0,0,0,236,0,16,0,0,0
3244,1.013,0,58,0,0,0,0,0,0,0,236,0,16,0,0,0
3245,6.601,0,58,0,0,0,0,0,0,0,236,0,16,0,0,0
3246,24.533,0,58,0,0,0,0,0,0,0,236,0,16,0,0,0
3247,0.842,0,58,0,0,0,0,0,0,0,236,0,16,0,0,0
3248,1.161,0,58,0,0,0,0,0,0,0,236,0,16,0,0,0
3249,6.253,0,58,0,0,0,0,0,0,0,236,0,16,0,0,0
3250,25.159,0,58,0,0,0,0,0,0,0,236,0,16,0,0,0
3251,0.925,0,58,0,0,0,0,0,0,0,236,0,16,0,0,0
3252,0.686,0,58,0,0,0,0,0,0,0,236,0,16,0,0,0
3253,6.669,0,58,0,0,0,0,0,0,0,236,0,16,0,0,0
3254,25.005,0,58,0,0,0,0,0,0,0,236,0,16,0,0,0
3255,0.903,0,58,0,0,0,0,0,0,0,236,0,16,0,0,0
3256,0.705,0,58,0,0,0,0,0,0,0,236,0,16,0,0,0
3257,6.661,0,58,0,0,0,0,0,0,0,236,0,16,0,0,0
3258,25.106,0,58,0,0,0,0,0,0,0,236,0,16,0,0,0
3259,1.040,0,58,0,0,0,0,0,0,0,236,0,16,0,0,0
3260,0.809,0,58,0,0,0,0,0,0,0,236,0,16,0,0,0
3261,6.387,0,58,0,0,0,0,0,0,0,236,0,16,0,0,0
3262,25.097,0,58,0,0,0,0,0,0,0,236,0,16,0,0,0
3263,0.899,0,58,0,0,0,0,0,0,0,236,0,16,0,0,0
3264,0.679,0,58,0,0,0,0,0,0,0,236,0,16,0,0,0
3265,6.701,0,58,0,0,0,0,0,0,0,236,0,16,0,0,0
3266,25.205,0,58,0,0,0,0,0,0,0,236,0,16,0,0,0
3267,0.870,0,58,0,0,0,0,0,0,0,236,0,16,0,0,0
3268,0.782,0,58,0,0,0,0,0,0,0,236,0,16,0,0,0
3269,6.438,0,58,0,0,0,0,0,0,0,236,0,16,0,0,0
3270,25.220,0,58,0,0,0,0,0,0,0,236,0,16,0,0,0
3271,0.865,0,58,0,0,0,0,0,0,0,236,0,16,0,0,0
3272,1.056,0,58,0,0,0,0,0,0,0,236,0,16,0,0,0
3273,6.136,0,58,0,0,0,0,0,0,0,236,0,16,0,0,0
3274,25.041,0,58,0,0,0,0,0,0,0,236,0,16,0,0,0
3275,0.836,0,58,0,0,0,0,0,0,0,236,0,16,0,0,0
3276,0.756,0,58,0,0,0,0,0,0,0,236,0,16,0,0,0
3277,6.614,0,58,0,0,0,0,0,0,0,236,0,16,0,0,0
3278,25.410,0,58,0,0,0,0,0,0,0,236,0,16,0,0,0
3279,0.817,0,58,0,0,0,0,0,0,0,236,0,16,0,0,0
3280,0.737,0,58,0,0,0,0,0,0,0,236,0,16,0,0,0
3281,6.385,0,58,0,0,0,0,0,0,0,236,0,16,0,0,0
3282,25.158,0,58,0,0,0,0,0,0,0,236,0,16,0,0,0
3283,0.800,0,58,0,0,0,0,0,0,0,236,0,16,0,0,0
3284,0.727,0,58,0,0,0,0,0,0,0,236,0,16,0,0,0
3285,6.846,0,58,0,0,0,0,0,0,0,236,0,16,0,0,0
3286,25.095,0,58,0,0,0,0,0,0,0,236,0,16,0,0,0
3287,0.776,0,58,0,0,0,0,0,0,0,236,0,16,0,0,0
3288,0.712,0,58,0,0,0,0,0,0,0,236,0,16,0,0,0
3289,6.543,0,58,0,0,0,0,0,0,0,236,0,16,0,0,0
3290,25.122,0,58,0,0,0,0,0,0,0,236,0,16,0,0,0
3291,0.864,0,58,0,0,0,0,0,0,0,236,0,16,0,0,0
3292,0.713,0,58,0,0,0,0,0,0,0,236,0,16,0,0,0
3293,7.021,0,58,0,0,0,0,0,0,0,236,0,16,0,0,0
3294,24.775,0,58,0,0,0,0,0,0,0,236,0,16,0,0,0
3295,1.127,0,58,0,0,0,0,0,0,0,236,0,16,0,0,0
3296,1.878,0,58,0,0,0,0,0,0,0,236,0,16,0,0,0
3297,5.087,0,58,0,0,0,0,0,0,0,236,0,16,0,0,0
3298,25.400,0,58,0,0,0,0,0,0,0,236,0,16,0,0,0
3299,0.853,0,58,0,0,0,0,0,0,0,236,0,16,0,0,0
3300,1.193,0,58,0,0,0,0,0,0,0,236,0,16,0,0,0
3301,6.331,0,58,0,0,0,0,0,0,0,236,0,16,0,0,0
3302,24.816,0,58,0,0,0,0,0,0,0,236,0,16,0,0,0
3303,0.899,0,58,0,0,0,0,0,0,0,236,0,16,0,0,0
3304,0.704,0,58,0,0,0,0,0,0,0,236,0,16,0,0,0
3305,6.455,0,58,0,0,0,0,0,0,0,236,0,16,0,0,0
3306,25.095,0,58,0,0,0,0,0,0,0,236,0,16,0,0,0
3307,0.885,0,58,0,0,0,0,0,0,0,236,0,16,0,0,0
3308,0.690,0,58,0,0,0,0,0,0,0,236,0,16,0,0,0
3309,7.059,0,58,0,0,0,0,0,0,0,236,0,16,0,0,0
3310,24.833,0,58,0,0,0,0,0,0,0,236,0,16,0,0,0
3311,0.879,0,58,0,0,0,0,0,0,0,236,0,16,0,0,0
3312,0.668,0,58,0,0,0,0,0,0,0,236,0,16,0,0,0
3313,6.757,0,58,0,0,0,0,0,0,0,236,0,16,0,0,0
3314,25.078,0,58,0,0,0,0,0,0,0,236,0,16,0,0,0
3315,0.863,0,58,0,0,0,0,0,0,0,236,0,16,0,0,0
3316,0.691,0,58,0,0,0,0,0,0,0,236,0,16,0,0,0
3317,7.138,0,58,0,0,0,0,0,0,0,236,0,16,0,0,0
3318,24.591,0,58,0,0,0,0,0,0,0,236,0,16,0,0,0
3319,0.897,0,58,0,0,0,0,0,0,0,236,0,16,0,0,0
3320,0.776,0,58,0,0,0,0,0,0,0,236,0,16,0,0,0
3321,6.510,0,58,0,0,0,0,0,0,0,236,0,16,0,0,0
3322,25.152,0,58,0,0,0,0,0,0,0,236,0,16,0,0,0
3323,0.814,0,58,0,0,0,0,0,0,0,236,0,16,0,0,0
3324,0.672,0,58,0,0,0,0,0,0,0,236,0,16,0,0,0
3325,7.737,0,58,0,0,0,0,0,0,0,236,0,16,0,0,0
3326,24.090,0,58,0,0,0,0,0,0,0,236,0,16,0,0,0
3327,0.883,0,58,0,0,0,0,0,0,0,236,0,16,0,0,0
3328,1.460,0,58,0,0,0,0,0,0,0,236,0,16,0,0,0
3329,5.927,0,58,0,0,0,0,0,0,0,236,0,16,0,0,0
3330,25.139,0,58,0,0,0,0,0,0,0,236,0,16,0,0,0
3331,0.955,0,58,0,0,0,0,0,0,0,236,0,16,0,0,0
3332,0.740,0,58,0,0,0,0,0,0,0,236,0,16,0,0,0
3333,6.461,0,58,0,0,0,0,0,0,0,236,0,16,0,0,0
3334,25.201,0,58,0,0,0,0,0,0,0,236,0,16,0,0,0
3335,0.845,0,58,0,0,0,0,0,0,0,236,0,16,0,0,0
3336,0.665,0,58,0,0,0,0,0,0,0,236,0,16,0,0,0
3337,6.610,0,58,0,0,0,0,0,0,0,236,0,16,0,0,0
3338,25.189,0,58,0,0,0,0,0,0,0,236,0,16,0,0,0
3339,0.857,0,58,0,0,0,0,0,0,0,236,0,16,0,0,0
3340,0.688,0,58,0,0,0,0,0,0,0,236,0,16,0,0,0
3341,6.950,0,58,0,0,0,0,0,0,0,236,0,16,0,0,0
3342,24.761,0,58,0,0,0,0,0,0,0,236,0,16,0,0,0
3343,0.918,0,58,0,0,0,0,0,0,0,236,0,16,0,0,0
3344,0.642,0,58,0,0,0,0,0,0,0,236,0,16,0,0,0
3345,6.821,0,58,0,0,0,0,0,0,0,236,0,16,0,0,0
3346,24.985,0,58,0,0,0,0,0,0,0,236,0,16,0,0,0
3347,0.764,0,58,0,0,0,0,0,0,0,236,0,16,0,0,0
3348,0.711,0,58,0,0,0,0,0,0,0,236,0,16,0,0,0
3349,6.971,0,58,0,0,0,0,0,0,0,236,0,16,0,0,0
3350,24.869,0,58,0,0,0,0,0,0,0,236,0,16,0,0,0
3351,1.174,0,58,0,0,0,0,0,0,0,236,0,16,0,0,0
3352,0.833,0,58,0,0,0,0,0,0,0,236,0,16,0,0,0
3353,6.579,0,58,0,0,0,0,0,0,0,236,0,16,0,0,0
3354,24.676,0,58,0,0,0,0,0,0,0,236,0,16,0,0,0
3355,1.035,0,58,0,0,0,0,0,0,0,236,0,16,0,0,0
3356,0.702,0,58,0,0,0,0,0,0,0,236,0,16,0,0,0
3357,7.577,0,58,0,0,0,0,0,0,0,236,0,16,0,0,0
3358,24.010,0,58,0,0,0,0,0,0,0,236,0,16,0,0,0
3359,0.981,0,58,0,0,0,0,0,0,0,236,0,16,0,0,0
3360,0.745,0,58,0,0,0,0,0,0,0,236,0,16,0,0,0
3361,6.478,0,58,0,0,0,0,0,0,0,236,0,16,0,0,0
3362,25.243,0,58,0,0,0,0,0,0,0,236,0,16,0,0,0
3363,0.896,0,58,0,0,0,0,0,0,0,236,0,16,0,0,0
3364,0.677,0,58,0,0,0,0,0,0,0,236,0,16,0,0,0
3365,6.809,0,58,0,0,0,0,0,0,0,236,0,16,0,0,0
3366,24.757,0,58,0,0,0,0,0,0,0,236,0,16,0,0,0
3367,0.860,0,58,0,0,0,0,0,0,0,236,0,16,0,0,0
3368,0.646,0,58,0,0,0,0,0,0,0,236,0,16,0,0,0
3369,7.074,0,58,0,0,0,0,0,0,0,236,0,16,0,0,0
3370,24.923,0,58,0,0,0,0,0,0,0,236,0,16,0,0,0
3371,0.859,0,58,0,0,0,0,0,0,0,236,0,16,0,0,0
3372,0.698,0,58,0,0,0,0,0,0,0,236,0,16,0,0,0
3373,6.902,0,58,0,0,0,0,0,0,0,236,0,16,0,0,0
3374,24.870,0,58,0,0,0,0,0,0,0,236,0,16,0,0,0
3375,0.832,0,58,0,0,0,0,0,0,0,236,0,16,0,0,0
3376,0.723,0,58,0,0,0,0,0,0,0,236,0,16,0,0,0
3377,6.600,0,58,0,0,0,0,0,0,0,236,0,16,0,0,0
3378,25.284,0,58,0,0,0,0,0,0,0,236,0,16,0,0,0
3379,0.869,0,58,0,0,0,0,0,0,0,236,0,16,0,0,0
3380,0.661,0,58,0,0,0,0,0,0,0,236,0,16,0,0,0
3381,6.579,0,58,0,0,0,0,0,0,0,236,0,16,0,0,0
3382,25.046,0,58,0,0,0,0,0,0,0,236,0,16,0,0,0
3383,0.867,0,58,0,0,0,0,0,0,0,236,0,16,0,0,0
3384,0.693,0,58,0,0,0,0,0,0,0,236,0,16,0,0,0
3385,6.657,0,58,0,0,0,0,0,0,0,236,0,16,0,0,0
3386,25.191,0,58,0,0,0,0,0,0,0,236,0,16,0,0,0
3387,0.874,0,58,0,0,0,0,0,0,0,236,0,16,0,0,0
3388,0.709,0,58,0,0,0,0,0,0,0,236,0,16,0,0,0
3389,6.649,0,58,0,0,0,0,0,0,0,236,0,16,0,0,0
3390,25.124,0,58,0,0,0,0,0,0,0,236,0,16,0,0,0
3391,0.864,0,58,0,0,0,0,0,0,0,236,0,16,0,0,0
3392,0.656,0,58,0,0,0,0,0,0,0,236,0,16,0,0,0
3393,6.829,0,58,0,0,0,0,0,0,0,236,0,16,0,0,0
3394,24.949,0,58,0,0,0,0,0,0,0,236,0,16,0,0,0
3395,0.854,0,58,0,0,0,0,0,0,0,236,0,16,0,0,0
3396,0.639,0,58,0,0,0,0,0,0,0,236,0,16,0,0,0
3397,7.183,0,58,0,0,0,0,0,0,0,236,0,16,0,0,0
3398,24.590,0,58,0,0,0,0,0,0,0,236,0,16,0,0,0
3399,0.827,0,58,0,0,0,0,0,0,0,236,0,16,0,0,0
3400,0.681,0,58,0,0,0,0,0,0,0,236,0,16,0,0,0
3401,6.849,0,58,0,0,0,0,0,0,0,236,0,16,0,0,0
3402,24.970,0,58,0,0,0,0,0,0,0,236,0,16,0,0,0
3403,0.837,0,58,0,0,0,0,0,0,0,236,0,16,0,0,0
3404,0.731,0,58,0,0,0,0,0,0,0,236,0,16,0,0,0
3405,7.129,0,58,0,0,0,0,0,0,0,236,0,16,0,0,0
3406,24.730,0,58,0,0,0,0,0,0,0,236,0,16,0,0,0
3407,0.932,0,58,0,0,0,0,0,0,0,236,0,16,0,0,0
3408,0.734,0,58,0,0,0,0,0,0,0,236,0,16,0,0,0
3409,6.413,0,58,0,0,0,0,0,0,0,236,0,16,0,0,0
3410,25.151,0,58,0,0,0,0,0,0,0,236,0,16,0,0,0
3411,0.909,0,58,0,0,0,0,0,0,0,236,0,16,0,0,0
3412,0.650,0,58,0,0,0,0,0,0,0,236,0,16,0,0,0
3413,6.654,0,58,0,0,0,0,0,0,0,236,0,16,0,0,0
3414,25.169,0,58,0,0,0,0,0,0,0,236,0,16,0,0,0
3415,0.822,0,58,0,0,0,0,0,0,0,236,0,16,0,0,0
3416,0.690,0,58,0,0,0,0,0,0,0,236,0,16,0,0,0
3417,6.651,0,58,0,0,0,0,0,0,0,236,0,16,0,0,0
3418,25.138,0,58,0,0,0,0,0,0,0,236,0,16,0,0,0
3419,0.938,0,58,0,0,0,0,0,0,0,236,0,16,0,0,0
3420,0.888,0,58,0,0,0,0,0,0,0,236,0,16,0,0,0
3421,6.535,0,58,0,0,0,0,0,0,0,236,0,16,0,0,0
3422,24.955,0,58,0,0,0,0,0,0,0,236,0,16,0,0,0
3423,0.873,0,58,0,0,0,0,0,0,0,236,0,16,0,0,0
3424,0.707,0,58,0,0,0,0,0,0,0,236,0,16,0,0,0
3425,6.649,0,58,0,0,0,0,0,0,0,236,0,16,0,0,0
3426,25.094,0,58,0,0,0,0,0,0,0,236,0,16,0,0,0
3427,0.867,0,58,0,0,0,0,0,0,0,236,0,16,0,0,0
3428,0.723,0,58,0,0,0,0,0,0,0,236,0,16,0,0,0
3429,6.972,0,58,0,0,0,0,0,0,0,236,0,16,0,0,0
3430,24.793,0,58,0,0,0,0,0,0,0,236,0,16,0,0,0
3431,1.005,0,58,0,0,0,0,0,0,0,236,0,16,0,0,0
3432,0.745,0,58,0,0,0,0,0,0,0,236,0,16,0,0,0
3433,6.574,0,58,0,0,0,0,0,0,0,236,0,16,0,0,0
3434,25.036,0,58,0,0,0,0,0,0,0,236,0,16,0,0,0
3435,0.748,0,58,0,0,0,0,0,0,0,236,0,16,0,0,0
3436,0.636,0,58,0,0,0,0,0,0,0,236,0,16,0,0,0
3437,7.268,0,58,0,0,0,0,0,0,0,236,0,16,0,0,0
3438,24.649,0,58,0,0,0,0,0,0,0,236,0,16,0,0,0
3439,0.985,0,58,0,0,0,0,0,0,0,236,0,16,0,0,0
3440,0.657,0,58,0,0,0,0,0,0,0,236,0,16,0,0,0
3441,6.531,0,58,0,0,0,0,0,0,0,236,0,16,0,0,0
3442,25.127,0,58,0,0,0,0,0,0,0,236,0,16,0,0,0
3443,0.844,0,58,0,0,0,0,0,0,0,236,0,16,0,0,0
3444,0.738,0,58,0,0,0,0,0,0,0,236,0,16,0,0,0
3445,7.147,0,58,0,0,0,0,0,0,0,236,0,16,0,0,0
3446,24.551,0,58,0,0,0,0,0,0,0,236,0,16,0,0,0
3447,0.904,0,58,0,0,0,0,0,0,0,236,0,16,0,0,0
3448,0.705,0,58,0,0,0,0,0,0,0,236,0,16,0,0,0
3449,6.695,0,58,0,0,0,0,0,0,0,236,0,16,0,0,0
3450,25.284,0,58,0,0,0,0,0,0,0,236,0,16,0,0,0
3451,0.970,0,58,0,0,0,0,0,0,0,236,0,16,0,0,0
3452,0.727,0,58,0,0,0,0,0,0,0,236,0,16,0,0,0
3453,6.576,0,58,0,0,0,0,0,0,0,236,0,16,0,0,0
3454,24.986,0,58,0,0,0,0,0,0,0,236,0,16,0,0,0
3455,0.817,0,58,0,0,0,0,0,0,0,236,0,16,0,0,0
3456,1.783,0,58,0,0,0,0,0,0,0,236,0,16,0,0,0
3457,5.394,0,58,0,0,0,0,0,0,0,236,0,16,0,0,0
3458,25.367,0,58,0,0,0,0,0,0,0,236,0,16,0,0,0
3459,0.817,0,58,0,0,0,0,0,0,0,236,0,16,0,0,0
3460,0.688,0,58,0,0,0,0,0,0,0,236,0,16,0,0,0
3461,6.675,0,58,0,0,0,0,0,0,0,236,0,16,0,0,0
3462,25.074,0,58,0,0,0,0,0,0,0,236,0,16,0,0,0
3463,0.790,0,58,0,0,0,0,0,0,0,236,0,16,0,0,0
3464,0.727,0,58,0,0,0,0,0,0,0,236,0,16,0,0,0
3465,6.543,0,58,0,0,0,0,0,0,0,236,0,16,0,0,0
3466,25.296,0,58,0,0,0,0,0,0,0,236,0,16,0,0,0
3467,0.784,0,58,0,0,0,0,0,0,0,236,0,16,0,0,0
3468,0.638,0,58,0,0,0,0,0,0,0,236,0,16,0,0,0
3469,7.173,0,58,0,0,0,0,0,0,0,236,0,16,0,0,0
3470,24.708,0,58,0,0,0,0,0,0,0,236,0,16,0,0,0
3471,0.843,0,58,0,0,0,0,0,0,0,236,0,16,0,0,0
3472,0.656,0,58,0,0,0,0,0,0,0,236,0,16,0,0,0
3473,6.722,0,58,0,0,0,0,0,0,0,236,0,16,0,0,0
3474,24.950,0,58,0,0,0,0,0,0,0,236,0,16,0,0,0
3475,0.828,0,58,0,0,0,0,0,0,0,236,0,16,0,0,0
3476,0.715,0,58,0,0,0,0,0,0,0,236,0,16,0,0,0
3477,6.807,0,58,0,0,0,0,0,0,0,236,0,16,0,0,0
3478,25.120,0,58,0,0,0,0,0,0,0,236,0,16,0,0,0
3479,0.812,0,58,0,0,0,0,0,0,0,236,0,16,0,0,0
3480,0.688,0,58,0,0,0,0,0,0,0,236,0,16,0,0,0
3481,6.734,0,58,0,0,0,0,0,0,0,236,0,16,0,0,0
3482,25.130,0,58,0,0,0,0,0,0,0,236,0,16,0,0,0
3483,0.817,0,58,0,0,0,0,0,0,0,236,0,16,0,0,0
3484,1.649,0,58,0,0,0,0,0,0,0,236,0,16,0,0,0
3485,5.954,0,58,0,0,0,0,0,0,0,236,0,16,0,0,0
3486,24.944,0,58,0,0,0,0,0,0,0,236,0,16,0,0,0
3487,0.899,0,58,0,0,0,0,0,0,0,236,0,16,0,0,0
3488,0.689,0,58,0,0,0,0,0,0,0,236,0,16,0,0,0
3489,6.585,0,58,0,0,0,0,0,0,0,236,0,16,0,0,0
3490,25.165,0,58,0,0,0,0,0,0,0,236,0,16,0,0,0
3491,0.815,0,58,0,0,0,0,0,0,0,236,0,16,0,0,0
3492,0.721,0,58,0,0,0,0,0,0,0,236,0,16,0,0,0
3493,6.736,0,58,0,0,0,0,0,0,0,236,0,16,0,0,0
3494,24.960,0,58,0,0,0,0,0,0,0,236,0,16,0,0,0
3495,0.890,0,58,0,0,0,0,0,0,0,236,0,16,0,0,0
3496,0.669,0,58,0,0,0,0,0,0,0,236,0,16,0,0,0
3497,6.736,0,58,0,0,0,0,0,0,0,236,0,16,0,0,0
3498,25.008,0,58,0,0,0,0,0,0,0,236,0,16,0,0,0
3499,0.963,0,58,0,0,0,0,0,0,0,236,0,16,0,0,0
3500,0.638,0,58,0,0,0,0,0,0,0,236,0,16,0,0,0
3501,6.961,0,58,0,0,0,0,0,0,0,236,0,16,0,0,0
3502,24.772,0,58,0,0,0,0,0,0,0,236,0,16,0,0,0
3503,0.806,0,58,0,0,0,0,0,0,0,236,0,16,0,0,0
3504,0.712,0,58,0,0,0,0,0,0,0,236,0,16,0,0,0
3505,6.668,0,58,0,0,0,0,0,0,0,236,0,16,0,0,0
3506,25.140,0,58,0,0,0,0,0,0,0,236,0,16,0,0,0
3507,1.039,0,58,0,0,0,0,0,0,0,236,0,16,0,0,0
3508,0.814,0,58,0,0,0,0,0,0,0,236,0,16,0,0,0
3509,6.412,0,58,0,0,0,0,0,0,0,236,0,16,0,0,0
3510,25.042,0,58,0,0,0,0,0,0,0,236,0,16,0,0,0
3511,0.862,0,58,0,0,0,0,0,0,0,236,0,16,0,0,0
3512,1.298,0,58,0,0,0,0,0,0,0,236,0,16,0,0,0
3513,6.027,0,58,0,0,0,0,0,0,0,236,0,16,0,0,0
3514,25.322,0,58,0,0,0,0,0,0,0,236,0,16,0,0,0
3515,0.892,0,58,0,0,0,0,0,0,0,236,0,16,0,0,0
3516,0.634,0,58,0,0,0,0,0,0,0,236,0,16,0,0,0
3517,7.012,0,58,0,0,0,0,0,0,0,236,0,16,0,0,0
3518,24.608,0,58,0,0,0,0,0,0,0,236,0,16,0,0,0
3519,0.828,0,58,0,0,0,0,0,0,0,236,0,16,0,0,0
3520,0.675,0,58,0,0,0,0,0,0,0,236,0,16,0,0,0
3521,6.688,0,58,0,0,0,0,0,0,0,236,0,16,0,0,0
3522,25.205,0,58,0,0,0,0,0,0,0,236,0,16,0,0,0
3523,0.873,0,58,0,0,0,0,0,0,0,236,0,16,0,0,0
3524,0.711,0,58,0,0,0,0,0,0,0,236,0,16,0,0,0
3525,6.730,0,58,0,0,0,0,0,0,0,236,0,16,0,0,0
3526,25.116,0,58,0,0,0,0,0,0,0,236,0,16,0,0,0
3527,0.794,0,58,0,0,0,0,0,0,0,236,0,16,0,0,0
3528,0.686,0,58,0,0,0,0,0,0,0,236,0,16,0,0,0
3529,6.659,0,58,0,0,0,0,0,0,0,236,0,16,0,0,0
3530,25.069,0,58,0,0,0,0,0,0,0,236,0,16,0,0,0
3531,0.857,0,58,0,0,0,0,0,0,0,236,0,16,0,0,0
3532,0.712,0,58,0,0,0,0,0,0,0,236,0,16,0,0,0
3533,6.668,0,58,0,0,0,0,0,0,0,236,0,16,0,0,0
3534,25.057,0,58,0,0,0,0,0,0,0,236,0,16,0,0,0
3535,0.834,0,58,0,0,0,0,0,0,0,236,0,16,0,0,0
3536,0.967,0,58,0,0,0,0,0,0,0,236,0,16,0,0,0
3537,6.399,0,58,0,0,0,0,0,0,0,236,0,16,0,0,0
3538,25.208,0,58,0,0,0,0,0,0,0,236,0,16,0,0,0
3539,1.006,0,58,0,0,0,0,0,0,0,236,0,16,0,0,0
3540,0.722,0,58,0,0,0,0,0,0,0,236,0,16,0,0,0
3541,6.581,0,58,0,0,0,0,0,0,0,236,0,16,0,0,0
3542,24.967,0,58,0,0,0,0,0,0,0,236,0,16,0,0,0
3543,0.824,0,58,0,0,0,0,0,0,0,236,0,16,0,0,0
3544,0.710,0,58,0,0,0,0,0,0,0,236,0,16,0,0,0
3545,6.669,0,58,0,0,0,0,0,0,0,236,0,16,0,0,0
3546,25.145,0,58,0,0,0,0,0,0,0,236,0,16,0,0,0
3547,0.866,0,58,0,0,0,0,0,0,0,236,0,16,0,0,0
3548,0.680,0,58,0,0,0,0,0,0,0,236,0,16,0,0,0
3549,6.586,0,58,0,0,0,0,0,0,0,236,0,16,0,0,0
3550,25.167,0,58,0,0,0,0,0,0,0,236,0,16,0,0,0
3551,0.880,0,58,0,0,0,0,0,0,0,236,0,16,0,0,0
3552,0.664,0,58,0,0,0,0,0,0,0,236,0,16,0,0,0
3553,6.783,0,58,0,0,0,0,0,0,0,236,0,16,0,0,0
3554,25.102,0,58,0,0,0,0,0,0,0,236,0,16,0,0,0
3555,0.932,0,58,0,0,0,0,0,0,0,236,0,16,0,0,0
3556,0.749,0,58,0,0,0,0,0,0,0,236,0,16,0,0,0
3557,6.486,0,58,0,0,0,0,0,0,0,236,0,16,0,0,0
3558,25.099,0,58,0,0,0,0,0,0,0,236,0,16,0,0,0
3559,0.856,0,58,0,0,0,0,0,0,0,236,0,16,0,0,0
3560,0.696,0,58,0,0,0,0,0,0,0,236,0,16,0,0,0
3561,6.635,0,58,0,0,0,0,0,0,0,236,0,16,0,0,0
3562,25.168,0,58,0,0,0,0,0,0,0,236,0,16,0,0,0
3563,0.858,0,58,0,0,0,0,0,0,0,236,0,16,0,0,0
3564,1.686,0,58,0,0,0,0,0,0,0,236,0,16,0,0,0
3565,6.105,0,58,0,0,0,0,0,0,0,236,0,16,0,0,0
3566,24.628,0,58,0,0,0,0,0,0,0,236,0,16,0,0,0
3567,0.844,0,58,0,0,0,0,0,0,0,236,0,16,0,0,0
3568,0.708,0,58,0,0,0,0,0,0,0,236,0,16,0,0,0
3569,6.744,0,58,0,0,0,0,0,0,0,236,0,16,0,0,0
3570,25.172,0,58,0,0,0,0,0,0,0,236,0,16,0,0,0
3571,0.847,0,58,0,0,0,0,0,0,0,236,0,16,0,0,0
3572,0.718,0,58,0,0,0,0,0,0,0,236,0,16,0,0,0
3573,7.096,0,58,0,0,0,0,0,0,0,236,0,16,0,0,0
3574,24.626,0,58,0,0,0,0,0,0,0,236,0,16,0,0,0
3575,0.871,0,58,0,0,0,0,0,0,0,236,0,16,0,0,0
3576,0.714,0,58,0,0,0,0,0,0,0,236,0,16,0,0,0
3577,6.715,0,58,0,0,0,0,0,0,0,236,0,16,0,0,0
3578,25.159,0,58,0,0,0,0,0,0,0,236,0,16,0,0,0
3579,0.880,0,58,0,0,0,0,0,0,0,236,0,16,0,0,0
3580,0.722,0,58,0,0,0,0,0,0,0,236,0,16,0,0,0
3581,6.892,0,58,0,0,0,0,0,0,0,236,0,16,0,0,0
3582,24.655,0,58,0,0,0,0,0,0,0,236,0,16,0,0,0
3583,0.840,0,58,0,0,0,0,0,0,0,236,0,16,0,0,0
3584,0.670,0,58,0,0,0,0,0,0,0,236,0,16,0,0,0
3585,6.749,0,58,0,0,0,0,0,0,0,236,0,16,0,0,0
3586,25.026,0,58,0,0,0,0,0,0,0,236,0,16,0,0,0
3587,0.937,0,58,0,0,0,0,0,0,0,236,0,16,0,0,0
3588,0.736,0,58,0,0,0,0,0,0,0,236,0,16,0,0,0
3589,6.593,0,58,0,0,0,0,0,0,0,236,0,16,0,0,0
3590,25.057,0,58,0,0,0,0,0,0,0,236,0,16,0,0,0
3591,0.886,0,58,0,0,0,0,0,0,0,236,0,16,0,0,0
3592,1.357,0,58,0,0,0,0,0,0,0,236,0,16,0,0,0
3593,5.907,0,58,0,0,0,0,0,0,0,236,0,16,0,0,0
3594,25.139,0,58,0,0,0,0,0,0,0,236,0,16,0,0,0
3595,0.863,0,58,0,0,0,0,0,0,0,236,0,16,0,0,0
3596,0.649,0,58,0,0,0,0,0,0,0,236,0,16,0,0,0
3597,6.725,0,58,0,0,0,0,0,0,0,236,0,16,0,0,0
3598,25.370,0,58,0,0,0,0,0,0,0,236,0,16,0,0,0
3599,0.788,0,58,0,0,0,0,0,0,0,236,0,16,0,0,0
3600,0.686,0,58,0,0,0,0,0,0,0,236,0,16,0,0,0
3601,6.640,0,58,0,0,0,0,0,0,0,236,0,16,0,0,0
3602,25.049,0,58,0,0,0,0,0,0,0,236,0,16,0,0,0
3603,0.893,0,58,0,0,0,0,0,0,0,236,0,16,0,0,0
3604,0.705,0,58,0,0,0,0,0,0,0,236,0,16,0,0,0
3605,6.508,0,58,0,0,0,0,0,0,0,236,0,16,0,0,0
3606,25.319,0,58,0,0,0,0,0,0,0,236,0,16,0,0,0
3607,0.853,0,58,0,0,0,0,0,0,0,236,0,16,0,0,0
3608,0.951,0,58,0,0,0,0,0,0,0,236,0,16,0,0,0
3609,6.779,0,58,0,0,0,0,0,0,0,236,0,16,0,0,0
3610,24.826,0,58,0,0,0,0,0,0,0,236,0,16,0,0,0
3611,0.834,0,58,0,0,0,0,0,0,0,236,0,16,0,0,0
3612,0.693,0,58,0,0,0,0,0,0,0,236,0,16,0,0,0
3613,6.583,0,58,0,0,0,0,0,0,0,236,0,16,0,0,0
3614,25.078,0,58,0,0,0,0,0,0,0,236,0,16,0,0,0
3615,0.976,0,58,0,0,0,0,0,0,0,236,0,16,0,0,0
3616,0.816,0,58,0,0,0,0,0,0,0,236,0,16,0,0,0
3617,6.505,0,58,0,0,0,0,0,0,0,236,0,16,0,0,0
3618,24.962,0,58,0,0,0,0,0,0,0,236,0,16,0,0,0
3619,1.047,0,58,0,0,0,0,0,0,0,236,0,16,0,0,0
3620,0.741,0,58,0,0,0,0,0,0,0,236,0,16,0,0,0
3621,6.512,0,58,0,0,0,0,0,0,0,236,0,16,0,0,0
3622,24.966,0,58,0,0,0,0,0,0,0,236,0,16,0,0,0
3623,0.898,0,58,0,0,0,0,0,0,0,236,0,16,0,0,0
3624,0.637,0,58,0,0,0,0,0,0,0,236,0,16,0,0,0
3625,6.567,0,58,0,0,0,0,0,0,0,236,0,16,0,0,0
3626,25.668,0,58,0,0,0,0,0,0,0,236,0,16,0,0,0
3627,0.816,0,58,0,0,0,0,0,0,0,236,0,16,0,0,0
3628,0.667,0,58,0,0,0,0,0,0,0,236,0,16,0,0,0
3629,6.606,0,58,0,0,0,0,0,0,0,236,0,16,0,0,0
3630,24.650,0,58,0,0,0,0,0,0,0,236,0,16,0,0,0
3631,0.750,0,58,0,0,0,0,0,0,0,236,0,16,0,0,0
3632,0.610,0,58,0,0,0,0,0,0,0,236,0,16,0,0,0
3633,6.657,0,58,0,0,0,0,0,0,0,236,0,16,0,0,0
3634,25.201,0,58,0,0,0,0,0,0,0,236,0,16,0,0,0
3635,0.811,0,58,0,0,0,0,0,0,0,236,0,16,0,0,0
3636,0.604,0,58,0,0,0,0,0,0,0,236,0,16,0,0,0
3637,6.898,0,58,0,0,0,0,0,0,0,236,0,16,0,0,0
3638,25.429,0,58,0,0,0,0,0,0,0,236,0,16,0,0,0
3639,0.995,0,58,0,0,0,0,0,0,0,236,0,16,0,0,0
3640,0.728,0,58,0,0,0,0,0,0,0,236,0,16,0,0,0
3641,6.130,0,58,0,0,0,0,0,0,0,236,0,16,0,0,0
3642,25.176,0,58,0,0,0,0,0,0,0,236,0,16,0,0,0
3643,0.813,0,58,0,0,0,0,0,0,0,236,0,16,0,0,0
3644,0.637,0,58,0,0,0,0,0,0,0,236,0,16,0,0,0
3645,7.326,0,58,0,0,0,0,0,0,0,236,0,16,0,0,0
3646,24.526,0,58,0,0,0,0,0,0,0,236,0,16,0,0,0
3647,0.749,0,58,0,0,0,0,0,0,0,236,0,16,0,0,0
3648,1.597,0,58,0,0,0,0,0,0,0,236,0,16,0,0,0
3649,5.810,0,58,0,0,0,0,0,0,0,236,0,16,0,0,0
3650,25.148,0,58,0,0,0,0,0,0,0,236,0,16,0,0,0
3651,0.805,0,58,0,0,0,0,0,0,0,236,0,16,0,0,0
3652,0.836,0,58,0,0,0,0,0,0,0,236,0,16,0,0,0
3653,6.597,0,58,0,0,0,0,0,0,0,236,0,16,0,0,0
3654,25.171,0,58,0,0,0,0,0,0,0,236,0,16,0,0,0
3655,0.740,0,58,0,0,0,0,0,0,0,236,0,16,0,0,0
3656,0.655,0,58,0,0,0,0,0,0,0,236,0,16,0,0,0
3657,6.694,0,58,0,0,0,0,0,0,0,236,0,16,0,0,0
3658,25.267,0,58,0,0,0,0,0,0,0,236,0,16,0,0,0
3659,0.842,0,58,0,0,0,0,0,0,0,236,0,16,0,0,0
3660,0.698,0,58,0,0,0,0,0,0,0,236,0,16,0,0,0
3661,7.235,0,58,0,0,0,0,0,0,0,236,0,16,0,0,0
3662,24.523,0,58,0,0,0,0,0,0,0,236,0,16,0,0,0
3663,0.783,0,58,0,0,0,0,0,0,0,236,0,16,0,0,0
3664,0.739,0,58,0,0,0,0,0,0,0,236,0,16,0,0,0
3665,6.569,0,58,0,0,0,0,0,0,0,236,0,16,0,0,0
3666,25.213,0,58,0,0,0,0,0,0,0,236,0,16,0,0,0
3667,0.894,0,58,0,0,0,0,0,0,0,236,0,16,0,0,0
3668,0.731,0,58,0,0,0,0,0,0,0,236,0,16,0,0,0
3669,7.409,0,58,0,0,0,0,0,0,0,236,0,16,0,0,0
3670,24.242,0,58,0,0,0,0,0,0,0,236,0,16,0,0,0
3671,0.815,0,58,0,0,0,0,0,0,0,236,0,16,0,0,0
3672,2.013,0,58,0,0,0,0,0,0,0,236,0,16,0,0,0
3673,5.480,0,58,0,0,0,0,0,0,0,236,0,16,0,0,0
3674,25.082,0,58,0,0,0,0,0,0,0,236,0,16,0,0,0
3675,0.835,0,58,0,0,0,0,0,0,0,236,0,16,0,0,0
3676,0.779,0,58,0,0,0,0,0,0,0,236,0,16,0,0,0
3677,6.562,0,58,0,0,0,0,0,0,0,236,0,16,0,0,0
3678,25.048,0,58,0,0,0,0,0,0,0,236,0,16,0,0,0
3679,0.751,0,58,0,0,0,0,0,0,0,236,0,16,0,0,0
3680,0.675,0,58,0,0,0,0,0,0,0,236,0,16,0,0,0
3681,6.779,0,58,0,0,0,0,0,0,0,236,0,16,0,0,0
3682,25.194,0,58,0,0,0,0,0,0,0,236,0,16,0,0,0
3683,0.828,0,58,0,0,0,0,0,0,0,236,0,16,0,0,0
3684,0.760,0,58,0,0,0,0,0,0,0,236,0,16,0,0,0
3685,7.299,0,58,0,0,0,0,0,0,0,236,0,16,0,0,0
3686,24.930,0,58,0,0,0,0,0,0,0,236,0,16,0,0,0
3687,0.917,0,58,0,0,0,0,0,0,0,236,0,16,0,0,0
3688,0.856,0,58,0,0,0,0,0,0,0,236,0,16,0,0,0
3689,5.855,0,58,0,0,0,0,0,0,0,236,0,16,0,0,0
3690,25.181,0,58,0,0,0,0,0,0,0,236,0,16,0,0,0
3691,0.755,0,58,0,0,0,0,0,0,0,236,0,16,0,0,0
3692,0.647,0,58,0,0,0,0,0,0,0,236,0,16,0,0,0
3693,6.870,0,58,0,0,0,0,0,0,0,236,0,16,0,0,0
3694,25.131,0,58,0,0,0,0,0,0,0,236,0,16,0,0,0
3695,0.997,0,58,0,0,0,0,0,0,0,236,0,16,0,0,0
3696,0.676,0,58,0,0,0,0,0,0,0,236,0,16,0,0,0
3697,6.441,0,58,0,0,0,0,0,0,0,236,0,16,0,0,0
3698,25.141,0,58,0,0,0,0,0,0,0,236,0,16,0,0,0
3699,0.869,0,58,0,0,0,0,0,0,0,236,0,16,0,0,0
3700,1.012,0,58,0,0,0,0,0,0,0,236,0,16,0,0,0
3701,6.407,0,58,0,0,0,0,0,0,0,236,0,16,0,0,0
3702,25.172,0,58,0,0,0,0,0,0,0,236,0,16,0,0,0
3703,0.813,0,58,0,0,0,0,0,0,0,236,0,16,0,0,0
3704,0.695,0,58,0,0,0,0,0,0,0,236,0,16,0,0,0
3705,6.464,0,58,0,0,0,0,0,0,0,236,0,16,0,0,0
3706,25.274,0,58,0,0,0,0,0,0,0,236,0,16,0,0,0
3707,0.779,0,58,0,0,0,0,0,0,0,236,0,16,0,0,0
3708,0.683,0,58,0,0,0,0,0,0,0,236,0,16,0,0,0
3709,6.798,0,58,0,0,0,0,0,0,0,236,0,16,0,0,0
3710,25.061,0,58,0,0,0,0,0,0,0,236,0,16,0,0,0
3711,0.810,0,58,0,0,0,0,0,0,0,236,0,16,0,0,0
3712,0.668,0,58,0,0,0,0,0,0,0,236,0,16,0,0,0
3713,6.651,0,58,0,0,0,0,0,0,0,236,0,16,0,0,0
3714,25.261,0,58,0,0,0,0,0,0,0,236,0,16,0,0,0
3715,0.821,0,58,0,0,0,0,0,0,0,236,0,16,0,0,0
3716,0.731,0,58,0,0,0,0,0,0,0,236,0,16,0,0,0
3717,6.816,0,58,0,0,0,0,0,0,0,236,0,16,0,0,0
3718,24.899,0,58,0,0,0,0,0,0,0,236,0,16,0,0,0
3719,0.835,0,58,0,0,0,0,0,0,0,236,0,16,0,0,0
3720,0.645,0,58,0,0,0,0,0,0,0,236,0,16,0,0,0
3721,6.771,0,58,0,0,0,0,0,0,0,236,0,16,0,0,0
3722,25.189,0,58,0,0,0,0,0,0,0,236,0,16,0,0,0
3723,0.813,0,58,0,0,0,0,0,0,0,236,0,16,0,0,0
3724,1.717,0,58,0,0,0,0,0,0,0,236,0,16,0,0,0
3725,5.563,0,58,0,0,0,0,0,0,0,236,0,16,0,0,0
3726,25.101,0,58,0,0,0,0,0,0,0,236,0,16,0,0,0
3727,0.795,0,58,0,0,0,0,0,0,0,236,0,16,0,0,0
3728,0.691,0,58,0,0,0,0,0,0,0,236,0,16,0,0,0
3729,6.687,0,58,0,0,0,0,0,0,0,236,0,16,0,0,0
3730,25.258,0,58,0,0,0,0,0,0,0,236,0,16,0,0,0
3731,0.890,0,58,0,0,0,0,0,0,0,236,0,16,0,0,0
3732,0.639,0,58,0,0,0,0,0,0,0,236,0,16,0,0,0
3733,6.876,0,58,0,0,0,0,0,0,0,236,0,16,0,0,0
3734,24.905,0,58,0,0,0,0,0,0,0,236,0,16,0,0,0
3735,0.880,0,58,0,0,0,0,0,0,0,236,0,16,0,0,0
3736,0.699,0,58,0,0,0,0,0,0,0,236,0,16,0,0,0
3737,6.563,0,58,0,0,0,0,0,0,0,236,0,16,0,0,0
3738,26.444,0,58,0,0,0,0,0,0,0,236,0,16,0,0,0
3739,0.864,0,58,0,0,0,0,0,0,0,236,0,16,0,0,0
3740,0.736,0,58,0,0,0,0,0,0,0,236,0,16,0,0,0
3741,5.333,0,58,0,0,0,0,0,0,0,236,0,16,0,0,0
3742,25.113,0,58,0,0,0,0,0,0,0,236,0,16,0,0,0
3743,0.785,0,58,0,0,0,0,0,0,0,236,0,16,0,0,0
3744,0.657,0,58,0,0,0,0,0,0,0,236,0,16,0,0,0
3745,6.659,0,58,0,0,0,0,0,0,0,236,0,16,0,0,0
3746,25.110,0,58,0,0,0,0,0,0,0,236,0,16,0,0,0
3747,0.772,0,58,0,0,0,0,0,0,0,236,0,16,0,0,0
3748,0.672,0,58,0,0,0,0,0,0,0,236,0,16,0,0,0
3749,6.947,0,58,0,0,0,0,0,0,0,236,0,16,0,0,0
3750,25.146,0,58,0,0,0,0,0,0,0,236,0,16,0,0,0
3751,0.832,0,58,0,0,0,0,0,0,0,236,0,16,0,0,0
3752,1.515,0,58,0,0,0,0,0,0,0,236,0,16,0,0,0
3753,5.620,0,58,0,0,0,0,0,0,0,236,0,16,0,0,0
3754,25.935,0,58,0,0,0,0,0,0,0,236,0,16,0,0,0
3755,0.993,0,58,0,0,0,0,0,0,0,236,0,16,0,0,0
3756,0.843,0,58,0,0,0,0,0,0,0,236,0,16,0,0,0
3757,5.768,0,58,0,0,0,0,0,0,0,236,0,16,0,0,0
3758,24.992,0,58,0,0,0,0,0,0,0,236,0,16,0,0,0
3759,0.908,0,58,0,0,0,0,0,0,0,236,0,16,0,0,0
3760,0.696,0,58,0,0,0,0,0,0,0,236,0,16,0,0,0
3761,6.575,0,58,0,0,0,0,0,0,0,236,0,16,0,0,0
3762,25.238,0,58,0,0,0,0,0,0,0,236,0,16,0,0,0
3763,0.962,0,58,0,0,0,0,0,0,0,236,0,16,0,0,0
3764,0.730,0,58,0,0,0,0,0,0,0,236,0,16,0,0,0
3765,6.580,0,58,0,0,0,0,0,0,0,236,0,16,0,0,0
3766,25.018,0,58,0,0,0,0,0,0,0,236,0,16,0,0,0
3767,0.807,0,58,0,0,0,0,0,0,0,236,0,16,0,0,0
3768,0.587,0,58,0,0,0,0,0,0,0,236,0,16,0,0,0
3769,6.857,0,58,0,0,0,0,0,0,0,236,0,16,0,0,0
3770,25.224,0,58,0,0,0,0,0,0,0,236,0,16,0,0,0
3771,0.773,0,58,0,0,0,0,0,0,0,236,0,16,0,0,0
3772,0.681,0,58,0,0,0,0,0,0,0,236,0,16,0,0,0
3773,6.733,0,58,0,0,0,0,0,0,0,236,0,16,0,0,0
3774,25.202,0,58,0,0,0,0,0,0,0,236,0,16,0,0,0
3775,0.758,0,58,0,0,0,0,0,0,0,236,0,16,0,0,0
3776,0.781,0,58,0,0,0,0,0,0,0,236,0,16,0,0,0
3777,6.594,0,58,0,0,0,0,0,0,0,236,0,16,0,0,0
3778,25.159,0,58,0,0,0,0,0,0,0,236,0,16,0,0,0
3779,0.807,0,58,0,0,0,0,0,0,0,236,0,16,0,0,0
3780,1.960,0,58,0,0,0,0,0,0,0,236,0,16,0,0,0
3781,5.801,0,58,0,0,0,0,0,0,0,236,0,16,0,0,0
3782,24.813,0,58,0,0,0,0,0,0,0,236,0,16,0,0,0
3783,0.829,0,58,0,0,0,0,0,0,0,236,0,16,0,0,0
3784,0.637,0,58,0,0,0,0,0,0,0,236,0,16,0,0,0
3785,6.531,0,58,0,0,0,0,0,0,0,236,0,16,0,0,0
3786,25.170,0,58,0,0,0,0,0,0,0,236,0,16,0,0,0
3787,0.805,0,58,0,0,0,0,0,0,0,236,0,16,0,0,0
3788,0.652,0,58,0,0,0,0,0,0,0,236,0,16,0,0,0
3789,6.791,0,58,0,0,0,0,0,0,0,236,0,16,0,0,0
3790,25.023,0,58,0,0,0,0,0,0,0,236,0,16,0,0,0
3791,0.782,0,58,0,0,0,0,0,0,0,236,0,16,0,0,0
3792,0.698,0,58,0,0,0,0,0,0,0,236,0,16,0,0,0
3793,6.714,0,58,0,0,0,0,0,0,0,236,0,16,0,0,0
3794,25.180,0,58,0,0,0,0,0,0,0,236,0,16,0,0,0
3795,0.756,0,58,0,0,0,0,0,0,0,236,0,16,0,0,0
3796,0.649,0,58,0,0,0,0,0,0,0,236,0,16,0,0,0
3797,7.347,0,58,0,0,0,0,0,0,0,236,0,16,0,0,0
3798,24.559,0,58,0,0,0,0,0,0,0,236,0,16,0,0,0
3799,0.731,0,58,0,0,0,0,0,0,0,236,0,16,0,0,0
3800,0.608,0,58,0,0,0,0,0,0,0,236,0,16,0,0,0
3801,6.796,0,58,0,0,0,0,0,0,0,236,0,16,0,0,0
3802,25.145,0,58,0,0,0,0,0,0,0,236,0,16,0,0,0
3803,0.771,0,58,0,0,0,0,0,0,0,236,0,16,0,0,0
3804,0.628,0,58,0,0,0,0,0,0,0,236,0,16,0,0,0
3805,7.012,0,58,0,0,0,0,0,0,0,236,0,16,0,0,0
3806,24.928,0,58,0,0,0,0,0,0,0,236,0,16,0,0,0
3807,0.958,0,58,0,0,0,0,0,0,0,236,0,16,0,0,0
3808,0.657,0,58,0,0,0,0,0,0,0,236,0,16,0,0,0
3809,6.566,0,58,0,0,0,0,0,0,0,236,0,16,0,0,0
3810,25.228,0,58,0,0,0,0,0,0,0,236,0,16,0,0,0
3811,0.859,0,58,0,0,0,0,0,0,0,236,0,16,0,0,0
3812,0.700,0,58,0,0,0,0,0,0,0,236,0,16,0,0,0
3813,6.631,0,58,0,0,0,0,0,0,0,236,0,16,0,0,0
3814,25.142,0,58,0,0,0,0,0,0,0,236,0,16,0,0,0
3815,0.810,0,58,0,0,0,0,0,0,0,236,0,16,0,0,0
3816,0.763,0,58,0,0,0,0,0,0,0,236,0,16,0,0,0
3817,6.621,0,58,0,0,0,0,0,0,0,236,0,16,0,0,0
3818,25.068,0,58,0,0,0,0,0,0,0,236,0,16,0,0,0
3819,0.810,0,58,0,0,0,0,0,0,0,236,0,16,0,0,0
3820,0.702,0,58,0,0,0,0,0,0,0,236,0,16,0,0,0
3821,6.712,0,58,0,0,0,0,0,0,0,236,0,16,0,0,0
3822,25.359,0,58,0,0,0,0,0,0,0,236,0,16,0,0,0
3823,0.867,0,58,0,0,0,0,0,0,0,236,0,16,0,0,0
3824,0.692,0,58,0,0,0,0,0,0,0,236,0,16,0,0,0
3825,6.543,0,58,0,0,0,0,0,0,0,236,0,16,0,0,0
3826,24.997,0,58,0,0,0,0,0,0,0,236,0,16,0,0,0
3827,0.940,0,58,0,0,0,0,0,0,0,236,0,16,0,0,0
3828,0.707,0,58,0,0,0,0,0,0,0,236,0,16,0,0,0
3829,6.704,0,58,0,0,0,0,0,0,0,236,0,16,0,0,0
3830,25.007,0,58,0,0,0,0,0,0,0,236,0,16,0,0,0
3831,0.947,0,58,0,0,0,0,0,0,0,236,0,16,0,0,0
3832,0.735,0,58,0,0,0,0,0,0,0,236,0,16,0,0,0
3833,6.485,0,58,0,0,0,0,0,0,0,236,0,16,0,0,0
3834,25.236,0,58,0,0,0,0,0,0,0,236,0,16,0,0,0
3835,0.944,0,58,0,0,0,0,0,0,0,236,0,16,0,0,0
3836,0.772,0,58,0,0,0,0,0,0,0,236,0,16,0,0,0
3837,6.356,0,58,0,0,0,0,0,0,0,236,0,16,0,0,0
3838,25.190,0,58,0,0,0,0,0,0,0,236,0,16,0,0,0
3839,0.741,0,58,0,0,0,0,0,0,0,236,0,16,0,0,0
3840,0.694,0,58,0,0,0,0,0,0,0,236,0,16,0,0,0
3841,6.689,0,58,0,0,0,0,0,0,0,236,0,16,0,0,0
3842,25.158,0,58,0,0,0,0,0,0,0,236,0,16,0,0,0
3843,0.888,0,58,0,0,0,0,0,0,0,236,0,16,0,0,0
3844,0.649,0,58,0,0,0,0,0,0,0,236,0,16,0,0,0
3845,6.682,0,58,0,0,0,0,0,0,0,236,0,16,0,0,0
3846,25.145,0,58,0,0,0,0,0,0,0,236,0,16,0,0,0
3847,0.861,0,58,0,0,0,0,0,0,0,236,0,16,0,0,0
3848,0.729,0,58,0,0,0,0,0,0,0,236,0,16,0,0,0
3849,6.594,0,58,0,0,0,0,0,0,0,236,0,16,0,0,0
3850,25.229,0,58,0,0,0,0,0,0,0,236,0,16,0,0,0
3851,0.866,0,58,0,0,0,0,0,0,0,236,0,16,0,0,0
3852,0.786,0,58,0,0,0,0,0,0,0,236,0,16,0,0,0
3853,6.725,0,58,0,0,0,0,0,0,0,236,0,16,0,0,0
3854,24.916,0,58,0,0,0,0,0,0,0,236,0,16,0,0,0
3855,0.816,0,58,0,0,0,0,0,0,0,236,0,16,0,0,0
3856,0.645,0,58,0,0,0,0,0,0,0,236,0,16,0,0,0
3857,6.712,0,58,0,0,0,0,0,0,0,236,0,16,0,0,0
3858,25.264,0,58,0,0,0,0,0,0,0,236,0,16,0,0,0
3859,0.839,0,58,0,0,0,0,0,0,0,236,0,16,0,0,0
3860,1.707,0,58,0,0,0,0,0,0,0,236,0,16,0,0,0
3861,6.301,0,58,0,0,0,0,0,0,0,236,0,16,0,0,0
3862,24.258,0,58,0,0,0,0,0,0,0,236,0,16,0,0,0
3863,0.837,0,58,0,0,0,0,0,0,0,236,0,16,0,0,0
3864,0.687,0,58,0,0,0,0,0,0,0,236,0,16,0,0,0
3865,6.745,0,58,0,0,0,0,0,0,0,236,0,16,0,0,0
3866,25.236,0,58,0,0,0,0,0,0,0,236,0,16,0,0,0
3867,0.790,0,58,0,0,0,0,0,0,0,236,0,16,0,0,0
3868,0.842,0,58,0,0,0,0,0,0,0,236,0,16,0,0,0
3869,6.564,0,58,0,0,0,0,0,0,0,236,0,16,0,0,0
3870,25.170,0,58,0,0,0,0,0,0,0,236,0,16,0,0,0
3871,0.957,0,58,0,0,0,0,0,0,0,236,0,16,0,0,0
3872,0.780,0,58,0,0,0,0,0,0,0,236,0,16,0,0,0
3873,6.289,0,58,0,0,0,0,0,0,0,236,0,16,0,0,0
3874,25.110,0,58,0,0,0,0,0,0,0,236,0,16,0,0,0
3875,0.878,0,58,0,0,0,0,0,0,0,236,0,16,0,0,0
3876,0.718,0,58,0,0,0,0,0,0,0,236,0,16,0,0,0
3877,6.575,0,58,0,0,0,0,0,0,0,236,0,16,0,0,0
3878,25.248,0,58,0,0,0,0,0,0,0,236,0,16,0,0,0
3879,0.803,0,58,0,0,0,0,0,0,0,236,0,16,0,0,0
3880,0.772,0,58,0,0,0,0,0,0,0,236,0,16,0,0,0
3881,6.582,0,58,0,0,0,0,0,0,0,236,0,16,0,0,0
3882,25.115,0,58,0,0,0,0,0,0,0,236,0,16,0,0,0
3883,0.967,0,58,0,0,0,0,0,0,0,236,0,16,0,0,0
3884,0.873,0,58,0,0,0,0,0,0,0,236,0,16,0,0,0
3885,7.308,0,58,0,0,0,0,0,0,0,236,0,16,0,0,0
3886,24.233,0,58,0,0,0,0,0,0,0,236,0,16,0,0,0
3887,0.860,0,58,0,0,0,0,0,0,0,236,0,16,0,0,0
3888,1.142,0,58,0,0,0,0,0,0,0,236,0,16,0,0,0
3889,6.018,0,58,0,0,0,0,0,0,0,236,0,16,0,0,0
3890,25.274,0,58,0,0,0,0,0,0,0,236,0,16,0,0,0
3891,0.870,0,58,0,0,0,0,0,0,0,236,0,16,0,0,0
3892,0.690,0,58,0,0,0,0,0,0,0,236,0,16,0,0,0
3893,6.723,0,58,0,0,0,0,0,0,0,236,0,16,0,0,0
3894,25.085,0,58,0,0,0,0,0,0,0,236,0,16,0,0,0
3895,0.970,0,58,0,0,0,0,0,0,0,236,0,16,0,0,0
3896,0.677,0,58,0,0,0,0,0,0,0,236,0,16,0,0,0
3897,6.447,0,58,0,0,0,0,0,0,0,236,0,16,0,0,0
3898,25.581,0,58,0,0,0,0,0,0,0,236,0,16,0,0,0
3899,0.988,0,58,0,0,0,0,0,0,0,236,0,16,0,0,0
3900,0.751,0,58,0,0,0,0,0,0,0,236,0,16,0,0,0
3901,6.410,0,58,0,0,0,0,0,0,0,236,0,16,0,0,0
3902,24.803,0,58,0,0,0,0,0,0,0,236,0,16,0,0,0
3903,0.888,0,58,0,0,0,0,0,0,0,236,0,16,0,0,0
3904,0.746,0,58,0,0,0,0,0,0,0,236,0,16,0,0,0
3905,6.529,0,58,0,0,0,0,0,0,0,236,0,16,0,0,0
3906,25.150,0,58,0,0,0,0,0,0,0,236,0,16,0,0,0
3907,0.883,0,58,0,0,0,0,0,0,0,236,0,16,0,0,0
3908,0.734,0,58,0,0,0,0,0,0,0,236,0,16,0,0,0
3909,6.797,0,58,0,0,0,0,0,0,0,236,0,16,0,0,0
3910,24.920,0,58,0,0,0,0,0,0,0,236,0,16,0,0,0
3911,0.875,0,58,0,0,0,0,0,0,0,236,0,16,0,0,0
3912,0.811,0,58,0,0,0,0,0,0,0,236,0,16,0,0,0
3913,6.528,0,58,0,0,0,0,0,0,0,236,0,16,0,0,0
3914,25.188,0,58,0,0,0,0,0,0,0,236,0,16,0,0,0
3915,0.868,0,58,0,0,0,0,0,0,0,236,0,16,0,0,0
3916,1.078,0,58,0,0,0,0,0,0,0,236,0,16,0,0,0
3917,6.246,0,58,0,0,0,0,0,0,0,236,0,16,0,0,0
3918,25.038,0,58,0,0,0,0,0,0,0,236,0,16,0,0,0
3919,0.852,0,58,0,0,0,0,0,0,0,236,0,16,0,0,0
3920,0.754,0,58,0,0,0,0,0,0,0,236,0,16,0,0,0
3921,6.622,0,58,0,0,0,0,0,0,0,236,0,16,0,0,0
3922,25.191,0,58,0,0,0,0,0,0,0,236,0,16,0,0,0
3923,0.771,0,58,0,0,0,0,0,0,0,236,0,16,0,0,0
3924,0.694,0,58,0,0,0,0,0,0,0,236,0,16,0,0,0
3925,6.720,0,58,0,0,0,0,0,0,0,236,0,16,0,0,0
3926,25.059,0,58,0,0,0,0,0,0,0,236,0,16,0,0,0
3927,0.820,0,58,0,0,0,0,0,0,0,236,0,16,0,0,0
3928,0.691,0,58,0,0,0,0,0,0,0,236,0,16,0,0,0
3929,6.694,0,58,0,0,0,0,0,0,0,236,0,16,0,0,0
3930,25.269,0,58,0,0,0,0,0,0,0,236,0,16,0,0,0
3931,0.774,0,58,0,0,0,0,0,0,0,236,0,16,0,0,0
3932,0.674,0,58,0,0,0,0,0,0,0,236,0,16,0,0,0
3933,7.195,0,58,0,0,0,0,0,0,0,236,0,16,0,0,0
3934,24.533,0,58,0,0,0,0,0,0,0,236,0,16,0,0,0
3935,0.893,0,58,0,0,0,0,0,0,0,236,0,16,0,0,0
3936,2.252,0,58,0,0,0,0,0,0,0,236,0,16,0,0,0
3937,5.077,0,58,0,0,0,0,0,0,0,236,0,16,0,0,0
3938,25.329,0,58,0,0,0,0,0,0,0,236,0,16,0,0,0
3939,0.872,0,58,0,0,0,0,0,0,0,236,0,16,0,0,0
3940,1.102,0,58,0,0,0,0,0,0,0,236,0,16,0,0,0
3941,6.142,0,58,0,0,0,0,0,0,0,236,0,16,0,0,0
3942,25.086,0,58,0,0,0,0,0,0,0,236,0,16,0,0,0
3943,0.828,0,58,0,0,0,0,0,0,0,236,0,16,0,0,0
3944,0.692,0,58,0,0,0,0,0,0,0,236,0,16,0,0,0
3945,6.569,0,58,0,0,0,0,0,0,0,236,0,16,0,0,0
3946,25.311,0,58,0,0,0,0,0,0,0,236,0,16,0,0,0
3947,0.793,0,58,0,0,0,0,0,0,0,236,0,16,0,0,0
3948,0.656,0,58,0,0,0,0,0,0,0,236,0,16,0,0,0
3949,6.963,0,58,0,0,0,0,0,0,0,236,0,16,0,0,0
3950,24.812,0,58,0,0,0,0,0,0,0,236,0,16,0,0,0
3951,0.762,0,58,0,0,0,0,0,0,0,236,0,16,0,0,0
3952,0.701,0,58,0,0,0,0,0,0,0,236,0,16,0,0,0
3953,7.308,0,58,0,0,0,0,0,0,0,230,0,22,0,0,0
3954,24.568,0,58,0,0,0,0,0,0,0,197,23,32,0,0,0
3955,0.781,0,58,0,0,0,0,0,0,0,197,23,32,0,0,0
3956,0.648,0,58,0,0,0,0,0,0,0,197,23,32,0,0,0
3957,7.950,0,58,0,0,0,0,0,0,0,197,23,32,0,0,0
3958,23.932,0,58,0,0,0,0,0,0,0,197,23,32,0,0,0
3959,0.918,0,58,0,0,0,0,0,0,0,197,23,32,0,0,0
3960,2.118,0,58,0,0,0,0,0,0,0,197,23,32,0,0,0
3961,5.223,0,58,0,0,0,0,0,0,0,197,23,32,0,0,0
3962,25.063,0,58,0,0,0,0,0,0,0,197,23,32,0,0,0
3963,0.742,0,58,0,0,0,0,0,0,0,197,23,32,0,0,0
3964,0.615,0,58,0,0,0,0,0,0,0,197,23,32,0,0,0
3965,6.707,0,58,0,0,0,0,0,0,0,197,23,32,0,0,0
3966,25.283,0,58,0,0,0,0,0,0,0,197,23,32,0,0,0
3967,0.785,0,58,0,0,0,0,0,0,0,197,23,32,0,0,0
3968,0.668,0,58,0,0,0,0,0,0,0,197,23,32,0,0,0
3969,6.586,0,58,0,0,0,0,0,0,0,197,23,32,0,0,0
3970,25.600,0,58,0,0,0,0,0,0,0,197,23,32,0,0,0
3971,0.776,0,58,0,0,0,0,0,0,0,197,23,32,0,0,0
3972,0.647,0,58,0,0,0,0,0,0,0,197,23,32,0,0,0
3973,6.499,0,58,0,0,0,0,0,0,0,197,23,32,0,0,0
3974,25.359,0,58,0,0,0,0,0,0,0,197,23,32,0,0,0
3975,0.810,0,58,0,0,0,0,0,0,0,197,23,32,0,0,0
3976,0.678,0,58,0,0,0,0,0,0,0,197,23,32,0,0,0
3977,6.431,0,58,0,0,0,0,0,0,0,197,23,32,0,0,0
3978,25.194,0,58,0,0,0,0,0,0,0,197,23,32,0,0,0
3979,0.878,0,58,0,0,0,0,0,0,0,197,23,32,0,0,0
3980,0.662,0,58,0,0,0,0,0,0,0,197,23,32,0,0,0
3981,6.556,0,58,0,0,0,0,0,0,0,197,23,32,0,0,0
3982,25.210,0,58,0,0,0,0,0,0,0,197,23,32,0,0,0
3983,0.799,0,58,0,0,0,0,0,0,0,197,23,32,0,0,0
3984,0.789,0,58,0,0,0,0,0,0,0,197,23,32,0,0,0
3985,6.619,0,58,0,0,0,0,0,0,0,197,23,32,0,0,0
3986,25.501,0,58,0,0,0,0,0,0,0,197,23,32,0,0,0
3987,0.892,0,58,0,0,0,0,0,0,0,197,23,32,0,0,0
3988,1.922,0,58,0,0,0,0,0,0,0,197,23,32,0,0,0
3989,5.350,0,58,0,0,0,0,0,0,0,197,23,32,0,0,0
3990,24.703,0,58,0,0,0,0,0,0,0,197,23,32,0,0,0
3991,0.880,0,58,0,0,0,0,0,0,0,197,23,32,0,0,0
3992,0.692,0,58,0,0,0,0,0,0,0,197,23,32,0,0,0
3993,6.597,0,58,0,0,0,0,0,0,0,197,23,32,0,0,0
3994,25.270,0,58,0,0,0,0,0,0,0,197,23,32,0,0,0
3995,0.777,0,58,0,0,0,0,0,0,0,197,23,32,0,0,0
3996,0.669,0,58,0,0,0,0,0,0,0,197,23,32,0,0,0
3997,7.141,0,58,0,0,0,0,0,0,0,197,23,32,0,0,0
3998,24.757,0,58,0,0,0,0,0,0,0,197,23,32,0,0,0
3999,0.882,0,58,0,0,0,0,0,0,0,197,23,32,0,0,0
4000,0.666,0,58,0,0,0,0,0,0,0,197,23,32,0,0,0
4001,6.561,0,58,0,0,0,0,0,0,0,197,23,32,0,0,0
4002,25.452,0,58,0,0,0,0,0,0,0,197,23,32,0,0,0
4003,0.852,0,58,0,0,0,0,0,0,0,197,23,32,0,0,0
4004,0.654,0,58,0,0,0,0,0,0,0,197,23,32,0,0,0
4005,7.363,0,58,0,0,0,0,0,0,0,197,23,32,0,0,0
4006,24.151,0,58,0,0,0,0,0,0,0,197,23,32,0,0,0
4007,0.769,0,58,0,0,0,0,0,0,0,197,23,32,0,0,0
4008,0.691,0,58,0,0,0,0,0,0,0,197,23,32,0,0,0
4009,6.847,0,58,0,0,0,0,0,0,0,197,23,32,0,0,0
4010,25.436,0,58,0,0,0,0,0,0,0,197,23,32,0,0,0
4011,1.010,0,58,0,0,0,0,0,0,0,197,23,32,0,0,0
4012,0.765,0,58,0,0,0,0,0,0,0,197,23,32,0,0,0
4013,5.982,0,58,0,0,0,0,0,0,0,197,23,32,0,0,0
4014,25.329,0,58,0,0,0,0,0,0,0,197,23,32,0,0,0
4015,0.883,0,58,0,0,0,0,0,0,0,197,23,32,0,0,0
4016,1.353,0,58,0,0,0,0,0,0,0,197,23,32,0,0,0
4017,5.678,0,58,0,0,0,0,0,0,0,197,23,32,0,0,0
4018,25.324,0,58,0,0,0,0,0,0,0,197,23,32,0,0,0
4019,0.880,0,58,0,0,0,0,0,0,0,197,23,32,0,0,0
4020,0.736,0,58,0,0,0,0,0,0,0,197,23,32,0,0,0
4021,6.674,0,58,0,0,0,0,0,0,0,197,23,32,0,0,0
4022,25.025,0,58,0,0,0,0,0,0,0,197,23,32,0,0,0
4023,0.754,0,58,0,0,0,0,0,0,0,197,23,32,0,0,0
4024,0.824,0,58,0,0,0,0,0,0,0,197,23,32,0,0,0
4025,6.633,0,58,0,0,0,0,0,0,0,197,23,32,0,0,0
4026,25.061,0,58,0,0,0,0,0,0,0,197,23,32,0,0,0
4027,0.844,0,58,0,0,0,0,0,0,0,197,23,32,0,0,0
4028,0.742,0,58,0,0,0,0,0,0,0,197,23,32,0,0,0
4029,6.627,0,58,0,0,0,0,0,0,0,197,23,32,0,0,0
4030,25.136,0,58,0,0,0,0,0,0,0,197,23,32,0,0,0
4031,0.832,0,58,0,0,0,0,0,0,0,197,23,32,0,0,0
4032,0.653,0,58,0,0,0,0,0,0,0,197,23,32,0,0,0
4033,6.675,0,58,0,0,0,0,0,0,0,197,23,32,0,0,0
4034,25.271,0,58,0,0,0,0,0,0,0,197,23,32,0,0,0
4035,0.820,0,58,0,0,0,0,0,0,0,197,23,32,0,0,0
4036,0.814,0,58,0,0,0,0,0,0,0,197,23,32,0,0,0
4037,6.573,0,58,0,0,0,0,0,0,0,197,23,32,0,0,0
4038,25.051,0,58,0,0,0,0,0,0,0,197,23,32,0,0,0
4039,0.876,0,58,0,0,0,0,0,0,0,197,23,32,0,0,0
4040,0.697,0,58,0,0,0,0,0,0,0,197,23,32,0,0,0
4041,6.559,0,58,0,0,0,0,0,0,0,197,23,32,0,0,0
4042,25.294,0,58,0,0,0,0,0,0,0,197,23,32,0,0,0
4043,0.910,0,58,0,0,0,0,0,0,0,197,23,32,0,0,0
4044,0.946,0,58,0,0,0,0,0,0,0,197,23,32,0,0,0
4045,7.053,0,58,0,0,0,0,0,0,0,197,23,32,0,0,0
4046,24.413,0,58,0,0,0,0,0,0,0,197,23,32,0,0,0
4047,0.832,0,58,0,0,0,0,0,0,0,197,23,32,0,0,0
4048,0.675,0,58,0,0,0,0,0,0,0,197,23,32,0,0,0
4049,6.499,0,58,0,0,0,0,0,0,0,197,23,32,0,0,0
4050,25.349,0,58,0,0,0,0,0,0,0,197,23,32,0,0,0
4051,0.885,0,58,0,0,0,0,0,0,0,197,23,32,0,0,0
4052,0.691,0,58,0,0,0,0,0,0,0,197,23,32,0,0,0
4053,7.472,0,58,0,0,0,0,0,0,0,197,23,32,0,0,0
4054,24.049,0,58,0,0,0,0,0,0,0,197,23,32,0,0,0
4055,0.861,0,58,0,0,0,0,0,0,0,197,23,32,0,0,0
4056,0.794,0,58,0,0,0,0,0,0,0,197,23,32,0,0,0
4057,6.733,0,58,0,0,0,0,0,0,0,197,23,32,0,0,0
4058,24.955,0,58,0,0,0,0,0,0,0,197,23,32,0,0,0
4059,0.737,0,58,0,0,0,0,0,0,0,197,23,32,0,0,0
4060,0.723,0,58,0,0,0,0,0,0,0,197,23,32,0,0,0
4061,7.301,0,58,0,0,0,0,0,0,0,197,23,32,0,0,0
4062,24.771,0,58,0,0,0,0,0,0,0,197,23,32,0,0,0
4063,0.766,0,58,0,0,0,0,0,0,0,197,23,32,0,0,0
4064,0.755,0,58,0,0,0,0,0,0,0,197,23,32,0,0,0
4065,6.614,0,58,0,0,0,0,0,0,0,197,23,32,0,0,0
4066,25.562,0,58,0,0,0,0,0,0,0,197,23,32,0,0,0
4067,1.194,0,58,0,0,0,0,0,0,0,197,23,32,0,0,0
4068,1.989,0,58,0,0,0,0,0,0,0,197,23,32,0,0,0
4069,4.657,0,58,0,0,0,0,0,0,0,197,23,32,0,0,0
4070,25.063,0,58,0,0,0,0,0,0,0,197,23,32,0,0,0
4071,0.835,0,58,0,0,0,0,0,0,0,197,23,32,0,0,0
4072,0.646,0,58,0,0,0,0,0,0,0,197,23,32,0,0,0
4073,6.588,0,58,0,0,0,0,0,0,0,197,23,32,0,0,0
4074,25.164,0,58,0,0,0,0,0,0,0,197,23,32,0,0,0
4075,0.799,0,58,0,0,0,0,0,0,0,197,23,32,0,0,0
4076,0.653,0,58,0,0,0,0,0,0,0,197,23,32,0,0,0
4077,6.681,0,58,0,0,0,0,0,0,0,197,23,32,0,0,0
4078,25.254,0,58,0,0,0,0,0,0,0,197,23,32,0,0,0
4079,0.803,0,58,0,0,0,0,0,0,0,197,23,32,0,0,0
4080,0.724,0,58,0,0,0,0,0,0,0,197,23,32,0,0,0
4081,6.606,0,58,0,0,0,0,0,0,0,197,23,32,0,0,0
4082,25.165,0,58,0,0,0,0,0,0,0,197,23,32,0,0,0
4083,0.786,0,58,0,0,0,0,0,0,0,197,23,32,0,0,0
4084,0.702,0,58,0,0,0,0,0,0,0,197,23,32,0,0,0
4085,7.195,0,58,0,0,0,0,0,0,0,197,23,32,0,0,0
4086,24.643,0,58,0,0,0,0,0,0,0,197,23,32,0,0,0
4087,0.848,0,58,0,0,0,0,0,0,0,197,23,32,0,0,0
4088,0.686,0,58,0,0,0,0,0,0,0,197,23,32,0,0,0
4089,6.733,0,58,0,0,0,0,0,0,0,197,23,32,0,0,0
4090,25.114,0,58,0,0,0,0,0,0,0,197,23,32,0,0,0
4091,0.725,0,58,0,0,0,0,0,0,0,197,23,32,0,0,0
4092,0.790,0,58,0,0,0,0,0,0,0,197,23,32,0,0,0
4093,7.123,0,58,0,0,0,0,0,0,0,197,23,32,0,0,0
4094,24.741,0,58,0,0,0,0,0,0,0,197,23,32,0,0,0
4095,0.904,0,58,0,0,0,0,0,0,0,197,23,32,0,0,0
4096,0.819,0,58,0,0,0,0,0,0,0,197,23,32,0,0,0
4097,6.413,0,58,0,0,0,0,0,0,0,197,23,32,0,0,0
4098,25.216,0,58,0,0,0,0,0,0,0,197,23,32,0,0,0
4099,0.797,0,58,0,0,0,0,0,0,0,197,23,32,0,0,0
4100,0.725,0,58,0,0,0,0,0,0,0,197,23,32,0,0,0
4101,7.695,0,58,0,0,0,0,0,0,0,197,23,32,0,0,0
4102,24.095,0,58,0,0,0,0,0,0,0,197,23,32,0,0,0
4103,0.839,0,58,0,0,0,0,0,0,0,197,23,32,0,0,0
4104,0.728,0,58,0,0,0,0,0,0,0,197,23,32,0,0,0
4105,6.530,0,58,0,0,0,0,0,0,0,197,23,32,0,0,0
4106,25.165,0,58,0,0,0,0,0,0,0,197,23,32,0,0,0
4107,0.764,0,58,0,0,0,0,0,0,0,197,23,32,0,0,0
4108,0.720,0,58,0,0,0,0,0,0,0,197,23,32,0,0,0
4109,6.902,0,58,0,0,0,0,0,0,0,197,23,32,0,0,0
4110,25.026,0,58,0,0,0,0,0,0,0,197,23,32,0,0,0
4111,0.926,0,58,0,0,0,0,0,0,0,197,23,32,0,0,0
4112,0.835,0,58,0,0,0,0,0,0,0,197,23,32,0,0,0
4113,6.232,0,58,0,0,0,0,0,0,0,197,23,32,0,0,0
4114,25.184,0,58,0,0,0,0,0,0,0,197,23,32,0,0,0
4115,0.786,0,58,0,0,0,0,0,0,0,197,23,32,0,0,0
4116,0.722,0,58,0,0,0,0,0,0,0,197,23,32,0,0,0
4117,7.202,0,58,0,0,0,0,0,0,0,197,23,32,0,0,0
4118,24.825,0,58,0,0,0,0,0,0,0,197,23,32,0,0,0
4119,0.846,0,58,0,0,0,0,0,0,0,197,23,32,0,0,0
4120,1.137,0,58,0,0,0,0,0,0,0,197,23,32,0,0,0
4121,5.973,0,58,0,0,0,0,0,0,0,197,23,32,0,0,0
4122,25.299,0,58,0,0,0,0,0,0,0,197,23,32,0,0,0
4123,0.850,0,58,0,0,0,0,0,0,0,197,23,32,0,0,0
4124,0.677,0,58,0,0,0,0,0,0,0,197,23,32,0,0,0
4125,6.526,0,58,0,0,0,0,0,0,0,197,23,32,0,0,0
4126,25.320,0,58,0,0,0,0,0,0,0,197,23,32,0,0,0
4127,0.853,0,58,0,0,0,0,0,0,0,197,23,32,0,0,0
4128,0.723,0,58,0,0,0,0,0,0,0,197,23,32,0,0,0
4129,6.556,0,58,0,0,0,0,0,0,0,197,23,32,0,0,0
4130,25.230,0,58,0,0,0,0,0,0,0,197,23,32,0,0,0
4131,0.825,0,58,0,0,0,0,0,0,0,197,23,32,0,0,0
4132,0.835,0,58,0,0,0,0,0,0,0,197,23,32,0,0,0
4133,6.971,0,58,0,0,0,0,0,0,0,197,23,32,0,0,0
4134,24.603,0,58,0,0,0,0,0,0,0,197,23,32,0,0,0
4135,0.799,0,58,0,0,0,0,0,0,0,197,23,32,0,0,0
4136,0.748,0,58,0,0,0,0,0,0,0,197,23,32,0,0,0
4137,6.742,0,58,0,0,0,0,0,0,0,197,23,32,0,0,0
4138,25.071,0,58,0,0,0,0,0,0,0,197,23,32,0,0,0
4139,0.750,0,58,0,0,0,0,0,0,0,197,23,32,0,0,0
4140,0.660,0,58,0,0,0,0,0,0,0,197,23,32,0,0,0
4141,6.818,0,58,0,0,0,0,0,0,0,197,23,32,0,0,0
4142,24.981,0,58,0,0,0,0,0,0,0,197,23,32,0,0,0
4143,0.803,0,58,0,0,0,0,0,0,0,197,23,32,0,0,0
4144,0.662,0,58,0,0,0,0,0,0,0,197,23,32,0,0,0
4145,6.623,0,58,0,0,0,0,0,0,0,197,23,32,0,0,0
4146,25.196,0,58,0,0,0,0,0,0,0,197,23,32,0,0,0
4147,0.843,0,58,0,0,0,0,0,0,0,197,23,32,0,0,0
4148,1.803,0,58,0,0,0,0,0,0,0,197,23,32,0,0,0
4149,5.803,0,58,0,0,0,0,0,0,0,197,23,32,0,0,0
4150,24.931,0,58,0,0,0,0,0,0,0,197,23,32,0,0,0
4151,0.800,0,58,0,0,0,0,0,0,0,197,23,32,0,0,0
4152,0.701,0,58,0,0,0,0,0,0,0,197,23,32,0,0,0
4153,6.622,0,58,0,0,0,0,0,0,0,197,23,32,0,0,0
4154,25.294,0,58,0,0,0,0,0,0,0,197,23,32,0,0,0
4155,0.886,0,58,0,0,0,0,0,0,0,197,23,32,0,0,0
4156,0.697,0,58,0,0,0,0,0,0,0,197,23,32,0,0,0
4157,7.000,0,58,0,0,0,0,0,0,0,197,23,32,0,0,0
4158,24.701,0,58,0,0,0,0,0,0,0,197,23,32,0,0,0
4159,0.804,0,58,0,0,0,0,0,0,0,197,23,32,0,0,0
4160,0.632,0,58,0,0,0,0,0,0,0,197,23,32,0,0,0
4161,6.753,0,58,0,0,0,0,0,0,0,197,23,32,0,0,0
4162,25.382,0,58,0,0,0,0,0,0,0,197,23,32,0,0,0
4163,1.062,0,58,0,0,0,0,0,0,0,197,23,32,0,0,0
4164,0.910,0,58,0,0,0,0,0,0,0,197,23,32,0,0,0
4165,6.038,0,58,0,0,0,0,0,0,0,197,23,32,0,0,0
4166,25.035,0,58,0,0,0,0,0,0,0,197,23,32,0,0,0
4167,0.799,0,58,0,0,0,0,0,0,0,197,23,32,0,0,0
4168,0.612,0,58,0,0,0,0,0,0,0,197,23,32,0,0,0
4169,6.829,0,58,0,0,0,0,0,0,0,197,23,32,0,0,0
4170,25.153,0,58,0,0,0,0,0,0,0,197,23,32,0,0,0
4171,0.931,0,58,0,0,0,0,0,0,0,197,23,32,0,0,0
4172,0.882,0,58,0,0,0,0,0,0,0,197,23,32,0,0,0
4173,6.467,0,58,0,0,0,0,0,0,0,197,23,32,0,0,0
4174,25.348,0,58,0,0,0,0,0,0,0,197,23,32,0,0,0
4175,0.851,0,58,0,0,0,0,0,0,0,197,23,32,0,0,0
4176,1.260,0,58,0,0,0,0,0,0,0,197,23,32,0,0,0
4177,5.677,0,58,0,0,0,0,0,0,0,197,23,32,0,0,0
4178,25.198,0,58,0,0,0,0,0,0,0,197,23,32,0,0,0
4179,0.809,0,58,0,0,0,0,0,0,0,197,23,32,0,0,0
4180,0.634,0,58,0,0,0,0,0,0,0,197,23,32,0,0,0
4181,6.838,0,58,0,0,0,0,0,0,0,197,23,32,0,0,0
4182,25.122,0,58,0,0,0,0,0,0,0,197,23,32,0,0,0
4183,0.819,0,58,0,0,0,0,0,0,0,197,23,32,0,0,0
4184,0.699,0,58,0,0,0,0,0,0,0,197,23,32,0,0,0
4185,6.686,0,58,0,0,0,0,0,0,0,197,23,32,0,0,0
4186,25.161,0,58,0,0,0,0,0,0,0,197,23,32,0,0,0
4187,0.801,0,58,0,0,0,0,0,0,0,197,23,32,0,0,0
4188,0.640,0,58,0,0,0,0,0,0,0,197,23,32,0,0,0
4189,6.686,0,58,0,0,0,0,0,0,0,197,23,32,0,0,0
4190,25.234,0,58,0,0,0,0,0,0,0,197,23,32,0,0,0
4191,0.964,0,58,0,0,0,0,0,0,0,197,23,32,0,0,0
4192,0.831,0,58,0,0,0,0,0,0,0,197,23,32,0,0,0
4193,6.322,0,58,0,0,0,0,0,0,0,197,23,32,0,0,0
4194,25.028,0,58,0,0,0,0,0,0,0,197,23,32,0,0,0
4195,0.780,0,58,0,0,0,0,0,0,0,197,23,32,0,0,0
4196,0.743,0,58,0,0,0,0,0,0,0,197,23,32,0,0,0
4197,7.173,0,58,0,0,0,0,0,0,0,197,23,32,0,0,0
4198,24.691,0,58,0,0,0,0,0,0,0,197,23,32,0,0,0
4199,0.915,0,58,0,0,0,0,0,0,0,197,23,32,0,0,0
4200,0.735,0,58,0,0,0,0,0,0,0,197,23,32,0,0,0
4201,6.608,0,58,0,0,0,0,0,0,0,197,23,32,0,0,0
4202,25.072,0,58,0,0,0,0,0,0,0,197,23,32,0,0,0
4203,0.801,0,58,0,0,0,0,0,0,0,197,23,32,0,0,0
4204,0.674,0,58,0,0,0,0,0,0,0,197,23,32,0,0,0
4205,6.673,0,58,0,0,0,0,0,0,0,197,23,32,0,0,0
4206,25.263,0,58,0,0,0,0,0,0,0,197,23,32,0,0,0
4207,0.828,0,58,0,0,0,0,0,0,0,197,23,32,0,0,0
4208,0.758,0,58,0,0,0,0,0,0,0,197,23,32,0,0,0
4209,6.556,0,58,0,0,0,0,0,0,0,197,23,32,0,0,0
4210,25.105,0,58,0,0,0,0,0,0,0,197,23,32,0,0,0
4211,0.879,0,58,0,0,0,0,0,0,0,197,23,32,0,0,0
4212,0.744,0,58,0,0,0,0,0,0,0,197,23,32,0,0,0
4213,7.038,0,58,0,0,0,0,0,0,0,197,23,32,0,0,0
4214,24.632,0,58,0,0,0,0,0,0,0,197,23,32,0,0,0
4215,0.823,0,58,0,0,0,0,0,0,0,197,23,32,0,0,0
4216,0.578,0,58,0,0,0,0,0,0,0,197,23,32,0,0,0
4217,6.901,0,58,0,0,0,0,0,0,0,197,23,32,0,0,0
4218,25.049,0,58,0,0,0,0,0,0,0,197,23,32,0,0,0
4219,0.825,0,58,0,0,0,0,0,0,0,197,23,32,0,0,0
4220,0.748,0,58,0,0,0,0,0,0,0,197,23,32,0,0,0
4221,6.817,0,58,0,0,0,0,0,0,0,197,23,32,0,0,0
4222,25.043,0,58,0,0,0,0,0,0,0,197,23,32,0,0,0
4223,0.965,0,58,0,0,0,0,0,0,0,197,23,32,0,0,0
4224,1.675,0,58,0,0,0,0,0,0,0,197,23,32,0,0,0
4225,5.596,0,58,0,0,0,0,0,0,0,197,23,32,0,0,0
4226,25.054,0,58,0,0,0,0,0,0,0,197,23,32,0,0,0
4227,0.932,0,58,0,0,0,0,0,0,0,197,23,32,0,0,0
4228,0.787,0,58,0,0,0,0,0,0,0,197,23,32,0,0,0
4229,7.316,0,58,0,0,0,0,0,0,0,197,23,32,0,0,0
4230,24.219,0,58,0,0,0,0,0,0,0,197,23,32,0,0,0
4231,0.863,0,58,0,0,0,0,0,0,0,197,23,32,0,0,0
4232,0.722,0,58,0,0,0,0,0,0,0,197,23,32,0,0,0
4233,6.621,0,58,0,0,0,0,0,0,0,197,23,32,0,0,0
4234,25.252,0,58,0,0,0,0,0,0,0,197,23,32,0,0,0
4235,0.792,0,58,0,0,0,0,0,0,0,197,23,32,0,0,0
4236,0.775,0,58,0,0,0,0,0,0,0,197,23,32,0,0,0
4237,7.037,0,58,0,0,0,0,0,0,0,197,23,32,0,0,0
4238,24.670,0,58,0,0,0,0,0,0,0,197,23,32,0,0,0
4239,0.719,0,58,0,0,0,0,0,0,0,197,23,32,0,0,0
4240,0.651,0,58,0,0,0,0,0,0,0,197,23,32,0,0,0
4241,6.858,0,58,0,0,0,0,0,0,0,197,23,32,0,0,0
4242,25.126,0,58,0,0,0,0,0,0,0,197,23,32,0,0,0
4243,0.911,0,58,0,0,0,0,0,0,0,197,23,32,0,0,0
4244,0.780,0,58,0,0,0,0,0,0,0,197,23,32,0,0,0
4245,7.010,0,58,0,0,0,0,0,0,0,197,23,32,0,0,0
4246,24.693,0,58,0,0,0,0,0,0,0,197,23,32,0,0,0
4247,0.928,0,58,0,0,0,0,0,0,0,197,23,32,0,0,0
4248,1.754,0,58,0,0,0,0,0,0,0,197,23,32,0,0,0
4249,5.284,0,58,0,0,0,0,0,0,0,197,23,32,0,0,0
4250,25.305,0,58,0,0,0,0,0,0,0,197,23,32,0,0,0
4251,0.810,0,58,0,0,0,0,0,0,0,197,23,32,0,0,0
4252,0.843,0,58,0,0,0,0,0,0,0,197,23,32,0,0,0
4253,6.967,0,58,0,0,0,0,0,0,0,197,23,32,0,0,0
4254,24.715,0,58,0,0,0,0,0,0,0,197,23,32,0,0,0
4255,0.805,0,58,0,0,0,0,0,0,0,197,23,32,0,0,0
4256,0.728,0,58,0,0,0,0,0,0,0,197,23,32,0,0,0
4257,6.587,0,58,0,0,0,0,0,0,0,197,23,32,0,0,0
4258,25.332,0,58,0,0,0,0,0,0,0,197,23,32,0,0,0
4259,0.785,0,58,0,0,0,0,0,0,0,197,23,32,0,0,0
4260,0.877,0,58,0,0,0,0,0,0,0,197,23,32,0,0,0
4261,6.470,0,58,0,0,0,0,0,0,0,197,23,32,0,0,0
4262,25.056,0,58,0,0,0,0,0,0,0,197,23,32,0,0,0
4263,0.849,0,58,0,0,0,0,0,0,0,197,23,32,0,0,0
4264,0.659,0,58,0,0,0,0,0,0,0,197,23,32,0,0,0
4265,6.612,0,58,0,0,0,0,0,0,0,197,23,32,0,0,0
4266,25.142,0,58,0,0,0,0,0,0,0,197,23,32,0,0,0
4267,0.855,0,58,0,0,0,0,0,0,0,197,23,32,0,0,0
4268,0.709,0,58,0,0,0,0,0,0,0,197,23,32,0,0,0
4269,6.696,0,58,0,0,0,0,0,0,0,197,23,32,0,0,0
4270,25.134,0,58,0,0,0,0,0,0,0,197,23,32,0,0,0
4271,0.902,0,58,0,0,0,0,0,0,0,197,23,32,0,0,0
4272,0.749,0,58,0,0,0,0,0,0,0,197,23,32,0,0,0
4273,6.474,0,58,0,0,0,0,0,0,0,197,23,32,0,0,0
4274,25.352,0,58,0,0,0,0,0,0,0,197,23,32,0,0,0
4275,0.968,0,58,0,0,0,0,0,0,0,197,23,32,0,0,0
4276,1.640,0,58,0,0,0,0,0,0,0,197,23,32,0,0,0
4277,5.401,0,58,0,0,0,0,0,0,0,197,23,32,0,0,0
4278,25.317,0,58,0,0,0,0,0,0,0,197,23,32,0,0,0
4279,0.800,0,58,0,0,0,0,0,0,0,197,23,32,0,0,0
4280,0.639,0,58,0,0,0,0,0,0,0,197,23,32,0,0,0
4281,6.611,0,58,0,0,0,0,0,0,0,197,23,32,0,0,0
4282,25.101,0,58,0,0,0,0,0,0,0,197,23,32,0,0,0
4283,0.789,0,58,0,0,0,0,0,0,0,197,23,32,0,0,0
4284,0.644,0,58,0,0,0,0,0,0,0,197,23,32,0,0,0
4285,6.828,0,58,0,0,0,0,0,0,0,197,23,32,0,0,0
4286,25.032,0,58,0,0,0,0,0,0,0,197,23,32,0,0,0
4287,0.770,0,58,0,0,0,0,0,0,0,197,23,32,0,0,0
4288,0.638,0,58,0,0,0,0,0,0,0,197,23,32,0,0,0
4289,6.896,0,58,0,0,0,0,0,0,0,197,23,32,0,0,0
4290,25.122,0,58,0,0,0,0,0,0,0,197,23,32,0,0,0
4291,0.779,0,58,0,0,0,0,0,0,0,197,23,32,0,0,0
4292,0.651,0,58,0,0,0,0,0,0,0,197,23,32,0,0,0
4293,6.851,0,58,0,0,0,0,0,0,0,197,23,32,0,0,0
4294,25.102,0,58,0,0,0,0,0,0,0,197,23,32,0,0,0
4295,0.752,0,58,0,0,0,0,0,0,0,197,23,32,0,0,0
4296,0.670,0,58,0,0,0,0,0,0,0,197,23,32,0,0,0
4297,6.667,0,58,0,0,0,0,0,0,0,197,23,32,0,0,0
4298,25.134,0,58,0,0,0,0,0,0,0,197,23,32,0,0,0
4299,0.840,0,58,0,0,0,0,0,0,0,197,23,32,0,0,0
4300,1.019,0,58,0,0,0,0,0,0,0,197,23,32,0,0,0
4301,6.325,0,58,0,0,0,0,0,0,0,197,23,32,0,0,0
4302,25.098,0,58,0,0,0,0,0,0,0,197,23,32,0,0,0
4303,0.769,0,58,0,0,0,0,0,0,0,197,23,32,0,0,0
4304,0.623,0,58,0,0,0,0,0,0,0,197,23,32,0,0,0
4305,6.793,0,58,0,0,0,0,0,0,0,197,23,32,0,0,0
4306,25.237,0,58,0,0,0,0,0,0,0,197,23,32,0,0,0
4307,0.860,0,58,0,0,0,0,0,0,0,197,23,32,0,0,0
4308,0.643,0,58,0,0,0,0,0,0,0,197,23,32,0,0,0
4309,7.167,0,58,0,0,0,0,0,0,0,197,23,32,0,0,0
4310,24.543,0,58,0,0,0,0,0,0,0,197,23,32,0,0,0
4311,0.776,0,58,0,0,0,0,0,0,0,197,23,32,0,0,0
4312,0.681,0,58,0,0,0,0,0,0,0,197,23,32,0,0,0
4313,6.775,0,58,0,0,0,0,0,0,0,197,23,32,0,0,0
4314,25.105,0,58,0,0,0,0,0,0,0,197,23,32,0,0,0
4315,0.794,0,58,0,0,0,0,0,0,0,197,23,32,0,0,0
4316,0.692,0,58,0,0,0,0,0,0,0,197,23,32,0,0,0
4317,6.716,0,58,0,0,0,0,0,0,0,197,23,32,0,0,0
4318,25.182,0,58,0,0,0,0,0,0,0,197,23,32,0,0,0
4319,0.746,0,58,0,0,0,0,0,0,0,197,23,32,0,0,0
4320,0.597,0,58,0,0,0,0,0,0,0,197,23,32,0,0,0
4321,6.791,0,58,0,0,0,0,0,0,0,197,23,32,0,0,0
4322,25.206,0,58,0,0,0,0,0,0,0,197,23,32,0,0,0
4323,0.887,0,58,0,0,0,0,0,0,0,197,23,32,0,0,0
4324,0.642,0,58,0,0,0,0,0,0,0,197,23,32,0,0,0
4325,7.619,0,58,0,0,0,0,0,0,0,197,23,32,0,0,0
4326,24.261,0,58,0,0,0,0,0,0,0,197,23,32,0,0,0
4327,0.772,0,58,0,0,0,0,0,0,0,197,23,32,0,0,0
4328,1.277,0,58,0,0,0,0,0,0,0,197,23,32,0,0,0
4329,6.126,0,58,0,0,0,0,0,0,0,197,23,32,0,0,0
4330,25.161,0,58,0,0,0,0,0,0,0,197,23,32,0,0,0
4331,0.949,0,58,0,0,0,0,0,0,0,197,23,32,0,0,0
4332,0.798,0,58,0,0,0,0,0,0,0,197,23,32,0,0,0
4333,7.490,0,58,0,0,0,0,0,0,0,197,23,32,0,0,0
4334,24.054,0,58,0,0,0,0,0,0,0,197,23,32,0,0,0
4335,0.843,0,58,0,0,0,0,0,0,0,197,23,32,0,0,0
4336,0.655,0,58,0,0,0,0,0,0,0,197,23,32,0,0,0
4337,6.752,0,58,0,0,0,0,0,0,0,197,23,32,0,0,0
4338,24.976,0,58,0,0,0,0,0,0,0,197,23,32,0,0,0
4339,0.878,0,58,0,0,0,0,0,0,0,197,23,32,0,0,0
4340,0.711,0,58,0,0,0,0,0,0,0,197,23,32,0,0,0
4341,6.856,0,58,0,0,0,0,0,0,0,197,23,32,0,0,0
4342,25.067,0,58,0,0,0,0,0,0,0,197,23,32,0,0,0
4343,0.806,0,58,0,0,0,0,0,0,0,197,23,32,0,0,0
4344,0.805,0,58,0,0,0,0,0,0,0,197,23,32,0,0,0
4345,6.404,0,58,0,0,0,0,0,0,0,197,23,32,0,0,0
4346,25.452,0,58,0,0,0,0,0,0,0,197,23,32,0,0,0
4347,0.955,0,58,0,0,0,0,0,0,0,197,23,32,0,0,0
4348,0.904,0,58,0,0,0,0,0,0,0,197,23,32,0,0,0
4349,6.213,0,58,0,0,0,0,0,0,0,197,23,32,0,0,0
4350,25.027,0,58,0,0,0,0,0,0,0,197,23,32,0,0,0
4351,1.093,0,58,0,0,0,0,0,0,0,197,23,32,0,0,0
4352,2.271,0,58,0,0,0,0,0,0,0,197,23,32,0,0,0
4353,4.755,0,58,0,0,0,0,0,0,0,197,23,32,0,0,0
4354,25.242,0,58,0,0,0,0,0,0,0,197,23,32,0,0,0
4355,0.963,0,58,0,0,0,0,0,0,0,197,23,32,0,0,0
4356,0.757,0,58,0,0,0,0,0,0,0,197,23,32,0,0,0
4357,6.509,0,58,0,0,0,0,0,0,0,197,23,32,0,0,0
4358,25.002,0,58,0,0,0,0,0,0,0,197,23,32,0,0,0
4359,0.778,0,58,0,0,0,0,0,0,0,197,23,32,0,0,0
4360,0.668,0,58,0,0,0,0,0,0,0,197,23,32,0,0,0
4361,6.702,0,58,0,0,0,0,0,0,0,197,23,32,0,0,0
4362,25.315,0,58,0,0,0,0,0,0,0,197,23,32,0,0,0
4363,0.783,0,58,0,0,0,0,0,0,0,197,23,32,0,0,0
4364,0.602,0,58,0,0,0,0,0,0,0,197,23,32,0,0,0
4365,7.253,0,58,0,0,0,0,0,0,0,197,23,32,0,0,0
4366,24.684,0,58,0,0,0,0,0,0,0,197,23,32,0,0,0
4367,0.775,0,58,0,0,0,0,0,0,0,197,23,32,0,0,0
4368,0.635,0,58,0,0,0,0,0,0,0,197,23,32,0,0,0
4369,6.764,0,58,0,0,0,0,0,0,0,197,23,32,0,0,0
4370,25.073,0,58,0,0,0,0,0,0,0,197,23,32,0,0,0
4371,0.916,0,58,0,0,0,0,0,0,0,197,23,32,0,0,0
4372,0.653,0,58,0,0,0,0,0,0,0,197,23,32,0,0,0
4373,7.084,0,58,0,0,0,0,0,0,0,197,23,32,0,0,0
4374,24.685,0,58,0,0,0,0,0,0,0,197,23,32,0,0,0
4375,0.803,0,58,0,0,0,0,0,0,0,197,23,32,0,0,0
4376,0.666,0,58,0,0,0,0,0,0,0,197,23,32,0,0,0
4377,6.809,0,58,0,0,0,0,0,0,0,197,23,32,0,0,0
4378,25.116,0,58,0,0,0,0,0,0,0,197,23,32,0,0,0
4379,0.896,0,58,0,0,0,0,0,0,0,197,23,32,0,0,0
4380,1.866,0,58,0,0,0,0,0,0,0,197,23,32,0,0,0
4381,5.496,0,58,0,0,0,0,0,0,0,197,23,32,0,0,0
4382,25.074,0,58,0,0,0,0,0,0,0,197,23,32,0,0,0
4383,0.879,0,58,0,0,0,0,0,0,0,197,23,32,0,0,0
4384,0.655,0,58,0,0,0,0,0,0,0,197,23,32,0,0,0
4385,6.504,0,58,0,0,0,0,0,0,0,197,23,32,0,0,0
4386,25.204,0,58,0,0,0,0,0,0,0,197,23,32,0,0,0
4387,0.790,0,58,0,0,0,0,0,0,0,197,23,32,0,0,0
4388,0.705,0,58,0,0,0,0,0,0,0,197,23,32,0,0,0
4389,6.631,0,58,0,0,0,0,0,0,0,197,23,32,0,0,0
4390,25.219,0,58,0,0,0,0,0,0,0,197,23,32,0,0,0
4391,0.841,0,58,0,0,0,0,0,0,0,197,23,32,0,0,0
4392,0.823,0,58,0,0,0,0,0,0,0,197,23,32,0,0,0
4393,6.428,0,58,0,0,0,0,0,0,0,197,23,32,0,0,0
4394,25.225,0,58,0,0,0,0,0,0,0,197,23,32,0,0,0
4395,0.745,0,58,0,0,0,0,0,0,0,197,23,32,0,0,0
4396,0.704,0,58,0,0,0,0,0,0,0,197,23,32,0,0,0
4397,6.931,0,58,0,0,0,0,0,0,0,197,23,32,0,0,0
4398,25.003,0,58,0,0,0,0,0,0,0,197,23,32,0,0,0
4399,1.003,0,58,0,0,0,0,0,0,0,197,23,32,0,0,0
4400,0.748,0,58,0,0,0,0,0,0,0,197,23,32,0,0,0
4401,6.701,0,58,0,0,0,0,0,0,0,197,23,32,0,0,0
4402,24.835,0,58,0,0,0,0,0,0,0,197,23,32,0,0,0
4403,0.909,0,58,0,0,0,0,0,0,0,197,23,32,0,0,0
4404,0.714,0,58,0,0,0,0,0,0,0,197,23,32,0,0,0
4405,6.645,0,58,0,0,0,0,0,0,0,197,23,32,0,0,0
4406,25.194,0,58,0,0,0,0,0,0,0,197,23,32,0,0,0
4407,0.993,0,58,0,0,0,0,0,0,0,197,23,32,0,0,0
4408,1.896,0,58,0,0,0,0,0,0,0,197,23,32,0,0,0
4409,5.034,0,58,0,0,0,0,0,0,0,197,23,32,0,0,0
4410,25.630,0,58,0,0,0,0,0,0,0,197,23,32,0,0,0
4411,0.908,0,58,0,0,0,0,0,0,0,197,23,32,0,0,0
4412,1.265,0,58,0,0,0,0,0,0,0,197,23,32,0,0,0
4413,6.199,0,58,0,0,0,0,0,0,0,197,23,32,0,0,0
4414,24.566,0,58,0,0,0,0,0,0,0,197,23,32,0,0,0
4415,0.914,0,58,0,0,0,0,0,0,0,197,23,32,0,0,0
4416,0.656,0,58,0,0,0,0,0,0,0,197,23,32,0,0,0
4417,6.613,0,58,0,0,0,0,0,0,0,197,23,32,0,0,0
4418,25.228,0,58,0,0,0,0,0,0,0,197,23,32,0,0,0
4419,0.803,0,58,0,0,0,0,0,0,0,197,23,32,0,0,0
4420,0.659,0,58,0,0,0,0,0,0,0,197,23,32,0,0,0
4421,6.745,0,58,0,0,0,0,0,0,0,197,23,32,0,0,0
4422,25.198,0,58,0,0,0,0,0,0,0,197,23,32,0,0,0
4423,0.890,0,58,0,0,0,0,0,0,0,197,23,32,0,0,0
4424,0.715,0,58,0,0,0,0,0,0,0,197,23,32,0,0,0
4425,6.538,0,58,0,0,0,0,0,0,0,197,23,32,0,0,0
4426,25.101,0,58,0,0,0,0,0,0,0,197,23,32,0,0,0
4427,0.803,0,58,0,0,0,0,0,0,0,197,23,32,0,0,0
4428,0.694,0,58,0,0,0,0,0,0,0,197,23,32,0,0,0
4429,6.719,0,58,0,0,0,0,0,0,0,197,23,32,0,0,0
4430,25.242,0,58,0,0,0,0,0,0,0,197,23,32,0,0,0
4431,0.834,0,58,0,0,0,0,0,0,0,197,23,32,0,0,0
4432,0.703,0,58,0,0,0,0,0,0,0,197,23,32,0,0,0
4433,6.597,0,58,0,0,0,0,0,0,0,197,23,32,0,0,0
4434,25.083,0,58,0,0,0,0,0,0,0,197,23,32,0,0,0
4435,0.817,0,58,0,0,0,0,0,0,0,197,23,32,0,0,0
4436,1.680,0,58,0,0,0,0,0,0,0,197,23,32,0,0,0
4437,6.126,0,58,0,0,0,0,0,0,0,197,23,32,0,0,0
4438,24.731,0,58,0,0,0,0,0,0,0,197,23,32,0,0,0
4439,0.783,0,58,0,0,0,0,0,0,0,197,23,32,0,0,0
4440,0.678,0,58,0,0,0,0,0,0,0,197,23,32,0,0,0
4441,6.734,0,58,0,0,0,0,0,0,0,197,23,32,0,0,0
4442,25.171,0,58,0,0,0,0,0,0,0,197,23,32,0,0,0
4443,0.906,0,58,0,0,0,0,0,0,0,197,23,32,0,0,0
4444,0.619,0,58,0,0,0,0,0,0,0,197,23,32,0,0,0
4445,7.315,0,58,0,0,0,0,0,0,0,197,23,32,0,0,0
4446,24.423,0,58,0,0,0,0,0,0,0,197,23,32,0,0,0
4447,0.758,0,58,0,0,0,0,0,0,0,197,23,32,0,0,0
4448,0.677,0,58,0,0,0,0,0,0,0,197,23,32,0,0,0
4449,6.693,0,58,0,0,0,0,0,0,0,197,23,32,0,0,0
4450,25.195,0,58,0,0,0,0,0,0,0,197,23,32,0,0,0
4451,0.855,0,58,0,0,0,0,0,0,0,197,23,32,0,0,0
4452,0.692,0,58,0,0,0,0,0,0,0,197,23,32,0,0,0
4453,7.189,0,58,0,0,0,0,0,0,0,197,23,32,0,0,0
4454,24.556,0,58,0,0,0,0,0,0,0,197,23,32,0,0,0
4455,0.767,0,58,0,0,0,0,0,0,0,197,23,32,0,0,0
4456,0.723,0,58,0,0,0,0,0,0,0,197,23,32,0,0,0
4457,6.688,0,58,0,0,0,0,0,0,0,197,23,32,0,0,0
4458,25.157,0,58,0,0,0,0,0,0,0,197,23,32,0,0,0
4459,0.941,0,58,0,0,0,0,0,0,0,197,23,32,0,0,0
4460,0.824,0,58,0,0,0,0,0,0,0,197,23,32,0,0,0
4461,6.575,0,58,0,0,0,0,0,0,0,197,23,32,0,0,0
4462,25.197,0,58,0,0,0,0,0,0,0,197,23,32,0,0,0
4463,0.881,0,58,0,0,0,0,0,0,0,197,23,32,0,0,0
4464,0.786,0,58,0,0,0,0,0,0,0,197,23,32,0,0,0
4465,6.217,0,58,0,0,0,0,0,0,0,197,23,32,0,0,0
4466,25.221,0,58,0,0,0,0,0,0,0,197,23,32,0,0,0
4467,0.739,0,58,0,0,0,0,0,0,0,197,23,32,0,0,0
4468,0.684,0,58,0,0,0,0,0,0,0,197,23,32,0,0,0
4469,7.530,0,58,0,0,0,0,0,0,0,197,23,32,0,0,0
4470,24.376,0,58,0,0,0,0,0,0,0,197,23,32,0,0,0
4471,0.788,0,58,0,0,0,0,0,0,0,197,23,32,0,0,0
4472,0.705,0,58,0,0,0,0,0,0,0,197,23,32,0,0,0
4473,6.605,0,58,0,0,0,0,0,0,0,197,23,32,0,0,0
4474,25.248,0,58,0,0,0,0,0,0,0,197,23,32,0,0,0
4475,0.780,0,58,0,0,0,0,0,0,0,197,23,32,0,0,0
4476,0.702,0,58,0,0,0,0,0,0,0,197,23,32,0,0,0
4477,7.236,0,58,0,0,0,0,0,0,0,197,23,32,0,0,0
4478,24.585,0,58,0,0,0,0,0,0,0,197,23,32,0,0,0
4479,0.872,0,58,0,0,0,0,0,0,0,197,23,32,0,0,0
4480,0.671,0,58,0,0,0,0,0,0,0,197,23,32,0,0,0
4481,6.741,0,58,0,0,0,0,0,0,0,197,23,32,0,0,0
4482,25.004,0,58,0,0,0,0,0,0,0,197,23,32,0,0,0
4483,0.821,0,58,0,0,0,0,0,0,0,197,23,32,0,0,0
4484,0.656,0,58,0,0,0,0,0,0,0,197,23,32,0,0,0
4485,7.329,0,58,0,0,0,0,0,0,0,197,23,32,0,0,0
4486,24.606,0,58,0,0,0,0,0,0,0,197,23,32,0,0,0
4487,1.128,0,58,0,0,0,0,0,0,0,197,23,32,0,0,0
4488,0.809,0,58,0,0,0,0,0,0,0,197,23,32,0,0,0
4489,6.224,0,58,0,0,0,0,0,0,0,197,23,32,0,0,0
4490,25.338,0,58,0,0,0,0,0,0,0,197,23,32,0,0,0
4491,0.820,0,58,0,0,0,0,0,0,0,197,23,32,0,0,0
4492,0.722,0,58,0,0,0,0,0,0,0,197,23,32,0,0,0
4493,6.535,0,58,0,0,0,0,0,0,0,197,23,32,0,0,0
4494,25.076,0,58,0,0,0,0,0,0,0,197,23,32,0,0,0
4495,0.785,0,58,0,0,0,0,0,0,0,197,23,32,0,0,0
4496,0.641,0,58,0,0,0,0,0,0,0,197,23,32,0,0,0
4497,6.877,0,58,0,0,0,0,0,0,0,197,23,32,0,0,0
4498,25.230,0,58,0,0,0,0,0,0,0,197,23,32,0,0,0
4499,0.830,0,58,0,0,0,0,0,0,0,197,23,32,0,0,0
4500,0.943,0,58,0,0,0,0,0,0,0,197,23,32,0,0,0
4501,6.794,0,58,0,0,0,0,0,0,0,197,23,32,0,0,0
4502,24.615,0,58,0,0,0,0,0,0,0,197,23,32,0,0,0
4503,0.807,0,58,0,0,0,0,0,0,0,197,23,32,0,0,0
4504,0.618,0,58,0,0,0,0,0,0,0,197,23,32,0,0,0
4505,6.764,0,58,0,0,0,0,0,0,0,197,23,32,0,0,0
4506,25.123,0,58,0,0,0,0,0,0,0,197,23,32,0,0,0
4507,0.768,0,58,0,0,0,0,0,0,0,197,23,32,0,0,0
4508,0.727,0,58,0,0,0,0,0,0,0,197,23,32,0,0,0
4509,6.689,0,58,0,0,0,0,0,0,0,197,23,32,0,0,0
4510,25.051,0,58,0,0,0,0,0,0,0,197,23,32,0,0,0
4511,0.892,0,58,0,0,0,0,0,0,0,197,23,32,0,0,0
4512,0.696,0,58,0,0,0,0,0,0,0,197,23,32,0,0,0
4513,6.766,0,58,0,0,0,0,0,0,0,197,23,32,0,0,0
4514,25.331,0,58,0,0,0,0,0,0,0,197,23,32,0,0,0
4515,0.949,0,58,0,0,0,0,0,0,0,197,23,32,0,0,0
4516,1.567,0,58,0,0,0,0,0,0,0,197,23,32,0,0,0
4517,5.289,0,58,0,0,0,0,0,0,0,197,23,32,0,0,0
4518,25.308,0,58,0,0,0,0,0,0,0,197,23,32,0,0,0
4519,0.796,0,58,0,0,0,0,0,0,0,197,23,32,0,0,0
4520,0.638,0,58,0,0,0,0,0,0,0,197,23,32,0,0,0
4521,6.702,0,58,0,0,0,0,0,0,0,197,23,32,0,0,0
4522,25.090,0,58,0,0,0,0,0,0,0,197,23,32,0,0,0
4523,0.764,0,58,0,0,0,0,0,0,0,197,23,32,0,0,0
4524,0.674,0,58,0,0,0,0,0,0,0,197,23,32,0,0,0
4525,6.848,0,58,0,0,0,0,0,0,0,197,23,32,0,0,0
4526,25.238,0,58,0,0,0,0,0,0,0,197,23,32,0,0,0
4527,0.863,0,58,0,0,0,0,0,0,0,197,23,32,0,0,0
4528,0.675,0,58,0,0,0,0,0,0,0,197,23,32,0,0,0
4529,6.356,0,58,0,0,0,0,0,0,0,197,23,32,0,0,0
4530,25.438,0,58,0,0,0,0,0,0,0,197,23,32,0,0,0
4531,0.797,0,58,0,0,0,0,0,0,0,197,23,32,0,0,0
4532,0.697,0,58,0,0,0,0,0,0,0,197,23,32,0,0,0
4533,6.611,0,58,0,0,0,0,0,0,0,197,23,32,0,0,0
4534,25.225,0,58,0,0,0,0,0,0,0,197,23,32,0,0,0
4535,0.981,0,58,0,0,0,0,0,0,0,197,23,32,0,0,0
4536,0.859,0,58,0,0,0,0,0,0,0,197,23,32,0,0,0
4537,6.299,0,58,0,0,0,0,0,0,0,197,23,32,0,0,0
4538,25.112,0,58,0,0,0,0,0,0,0,197,23,32,0,0,0
4539,0.852,0,58,0,0,0,0,0,0,0,197,23,32,0,0,0
4540,0.772,0,58,0,0,0,0,0,0,0,197,23,32,0,0,0
4541,7.093,0,58,0,0,0,0,0,0,0,197,23,32,0,0,0
4542,24.757,0,58,0,0,0,0,0,0,0,197,23,32,0,0,0
4543,0.825,0,58,0,0,0,0,0,0,0,197,23,32,0,0,0
4544,1.960,0,58,0,0,0,0,0,0,0,197,23,32,0,0,0
4545,5.276,0,58,0,0,0,0,0,0,0,197,23,32,0,0,0
4546,25.085,0,58,0,0,0,0,0,0,0,197,23,32,0,0,0
4547,0.813,0,58,0,0,0,0,0,0,0,197,23,32,0,0,0
4548,0.808,0,58,0,0,0,0,0,0,0,197,23,32,0,0,0
4549,6.670,0,58,0,0,0,0,0,0,0,197,23,32,0,0,0
4550,25.019,0,58,0,0,0,0,0,0,0,197,23,32,0,0,0
4551,0.876,0,58,0,0,0,0,0,0,0,197,23,32,0,0,0
4552,0.707,0,58,0,0,0,0,0,0,0,197,23,32,0,0,0
4553,6.555,0,58,0,0,0,0,0,0,0,197,23,32,0,0,0
4554,25.149,0,58,0,0,0,0,0,0,0,197,23,32,0,0,0
4555,0.825,0,58,0,0,0,0,0,0,0,197,23,32,0,0,0
4556,0.758,0,58,0,0,0,0,0,0,0,197,23,32,0,0,0
4557,6.716,0,58,0,0,0,0,0,0,0,197,23,32,0,0,0
4558,25.050,0,58,0,0,0,0,0,0,0,197,23,32,0,0,0
4559,0.842,0,58,0,0,0,0,0,0,0,197,23,32,0,0,0
4560,0.624,0,58,0,0,0,0,0,0,0,197,23,32,0,0,0
4561,6.652,0,58,0,0,0,0,0,0,0,197,23,32,0,0,0
4562,25.241,0,58,0,0,0,0,0,0,0,197,23,32,0,0,0
4563,0.825,0,58,0,0,0,0,0,0,0,197,23,32,0,0,0
4564,0.626,0,58,0,0,0,0,0,0,0,197,23,32,0,0,0
4565,6.828,0,58,0,0,0,0,0,0,0,197,23,32,0,0,0
4566,25.149,0,58,0,0,0,0,0,0,0,197,23,32,0,0,0
4567,0.985,0,58,0,0,0,0,0,0,0,197,23,32,0,0,0
4568,0.876,0,58,0,0,0,0,0,0,0,197,23,32,0,0,0
4569,6.317,0,58,0,0,0,0,0,0,0,197,23,32,0,0,0
4570,25.182,0,58,0,0,0,0,0,0,0,197,23,32,0,0,0
4571,0.925,0,58,0,0,0,0,0,0,0,197,23,32,0,0,0
4572,1.495,0,58,0,0,0,0,0,0,0,197,23,32,0,0,0
4573,5.518,0,58,0,0,0,0,0,0,0,197,23,32,0,0,0
4574,25.262,0,58,0,0,0,0,0,0,0,197,23,32,0,0,0
4575,0.762,0,58,0,0,0,0,0,0,0,197,23,32,0,0,0
4576,0.762,0,58,0,0,0,0,0,0,0,197,23,32,0,0,0
4577,6.621,0,58,0,0,0,0,0,0,0,197,23,32,0,0,0
4578,25.076,0,58,0,0,0,0,0,0,0,197,23,32,0,0,0
4579,0.804,0,58,0,0,0,0,0,0,0,197,23,32,0,0,0
4580,0.671,0,58,0,0,0,0,0,0,0,197,23,32,0,0,0
4581,7.595,0,58,0,0,0,0,0,0,0,197,23,32,0,0,0
4582,24.376,0,58,0,0,0,0,0,0,0,197,23,32,0,0,0
4583,0.914,0,58,0,0,0,0,0,0,0,197,23,32,0,0,0
4584,0.698,0,58,0,0,0,0,0,0,0,197,23,32,0,0,0
4585,6.558,0,58,0,0,0,0,0,0,0,197,23,32,0,0,0
4586,25.390,0,58,0,0,0,0,0,0,0,197,23,32,0,0,0
4587,1.128,0,58,0,0,0,0,0,0,0,197,23,32,0,0,0
4588,1.027,0,58,0,0,0,0,0,0,0,197,23,32,0,0,0
4589,6.200,0,58,0,0,0,0,0,0,0,197,23,32,0,0,0
4590,24.857,0,58,0,0,0,0,0,0,0,197,23,32,0,0,0
4591,1.047,0,58,0,0,0,0,0,0,0,197,23,32,0,0,0
4592,0.628,0,58,0,0,0,0,0,0,0,197,23,32,0,0,0
4593,6.382,0,58,0,0,0,0,0,0,0,197,23,32,0,0,0
4594,25.102,0,58,0,0,0,0,0,0,0,197,23,32,0,0,0
4595,0.922,0,58,0,0,0,0,0,0,0,197,23,32,0,0,0
4596,0.659,0,58,0,0,0,0,0,0,0,197,23,32,0,0,0
4597,6.551,0,58,0,0,0,0,0,0,0,197,23,32,0,0,0
4598,25.323,0,58,0,0,0,0,0,0,0,197,23,32,0,0,0
4599,0.819,0,58,0,0,0,0,0,0,0,197,23,32,0,0,0
4600,1.059,0,58,0,0,0,0,0,0,0,197,23,32,0,0,0
4601,6.113,0,58,0,0,0,0,0,0,0,197,23,32,0,0,0
4602,25.452,0,58,0,0,0,0,0,0,0,197,23,32,0,0,0
4603,0.932,0,58,0,0,0,0,0,0,0,197,23,32,0,0,0
4604,0.702,0,58,0,0,0,0,0,0,0,197,23,32,0,0,0
4605,6.363,0,58,0,0,0,0,0,0,0,197,23,32,0,0,0
4606,25.166,0,58,0,0,0,0,0,0,0,197,23,32,0,0,0
4607,0.871,0,58,0,0,0,0,0,0,0,197,23,32,0,0,0
4608,0.711,0,58,0,0,0,0,0,0,0,197,23,32,0,0,0
4609,6.558,0,58,0,0,0,0,0,0,0,197,23,32,0,0,0
4610,25.182,0,58,0,0,0,0,0,0,0,197,23,32,0,0,0
4611,0.811,0,58,0,0,0,0,0,0,0,197,23,32,0,0,0
4612,0.696,0,58,0,0,0,0,0,0,0,197,23,32,0,0,0
4613,7.068,0,58,0,0,0,0,0,0,0,197,23,32,0,0,0
4614,24.792,0,58,0,0,0,0,0,0,0,197,23,32,0,0,0
4615,0.747,0,58,0,0,0,0,0,0,0,197,23,32,0,0,0
4616,0.678,0,58,0,0,0,0,0,0,0,197,23,32,0,0,0
4617,6.615,0,58,0,0,0,0,0,0,0,197,23,32,0,0,0
4618,25.211,0,58,0,0,0,0,0,0,0,197,23,32,0,0,0
4619,0.844,0,58,0,0,0,0,0,0,0,197,23,32,0,0,0
4620,0.774,0,58,0,0,0,0,0,0,0,197,23,32,0,0,0
4621,6.914,0,58,0,0,0,0,0,0,0,197,23,32,0,0,0
4622,24.821,0,58,0,0,0,0,0,0,0,197,23,32,0,0,0
4623,0.952,0,58,0,0,0,0,0,0,0,197,23,32,0,0,0
4624,0.747,0,58,0,0,0,0,0,0,0,197,23,32,0,0,0
4625,6.329,0,58,0,0,0,0,0,0,0,197,23,32,0,0,0
4626,25.279,0,58,0,0,0,0,0,0,0,197,23,32,0,0,0
4627,0.802,0,58,0,0,0,0,0,0,0,197,23,32,0,0,0
4628,1.136,0,58,0,0,0,0,0,0,0,197,23,32,0,0,0
4629,6.214,0,58,0,0,0,0,0,0,0,197,23,32,0,0,0
4630,25.350,0,58,0,0,0,0,0,0,0,197,23,32,0,0,0
4631,0.771,0,58,0,0,0,0,0,0,0,197,23,32,0,0,0
4632,0.699,0,58,0,0,0,0,0,0,0,197,23,32,0,0,0
4633,6.527,0,58,0,0,0,0,0,0,0,197,23,32,0,0,0
4634,25.261,0,58,0,0,0,0,0,0,0,197,23,32,0,0,0
4635,0.871,0,58,0,0,0,0,0,0,0,197,23,32,0,0,0
4636,0.868,0,58,0,0,0,0,0,0,0,197,23,32,0,0,0
4637,6.415,0,58,0,0,0,0,0,0,0,197,23,32,0,0,0
4638,25.226,0,58,0,0,0,0,0,0,0,197,23,32,0,0,0
4639,0.790,0,58,0,0,0,0,0,0,0,197,23,32,0,0,0
4640,0.730,0,58,0,0,0,0,0,0,0,197,23,32,0,0,0
4641,6.808,0,58,0,0,0,0,0,0,0,197,23,32,0,0,0
4642,24.729,0,58,0,0,0,0,0,0,0,197,23,32,0,0,0
4643,0.821,0,58,0,0,0,0,0,0,0,197,23,32,0,0,0
4644,0.643,0,58,0,0,0,0,0,0,0,197,23,32,0,0,0
4645,8.090,0,58,0,0,0,0,0,0,0,197,23,32,0,0,0
4646,23.978,0,58,0,0,0,0,0,0,0,197,23,32,0,0,0
4647,0.854,0,58,0,0,0,0,0,0,0,197,23,32,0,0,0
4648,0.695,0,58,0,0,0,0,0,0,0,197,23,32,0,0,0
4649,6.687,0,58,0,0,0,0,0,0,0,197,23,32,0,0,0
4650,25.116,0,58,0,0,0,0,0,0,0,197,23,32,0,0,0
4651,0.858,0,58,0,0,0,0,0,0,0,197,23,32,0,0,0
4652,1.623,0,58,0,0,0,0,0,0,0,197,23,32,0,0,0
4653,6.404,0,58,0,0,0,0,0,0,0,197,23,32,0,0,0
4654,24.294,0,58,0,0,0,0,0,0,0,197,23,32,0,0,0
4655,0.815,0,58,0,0,0,0,0,0,0,197,23,32,0,0,0
4656,0.697,0,58,0,0,0,0,0,0,0,197,23,32,0,0,0
4657,6.638,0,58,0,0,0,0,0,0,0,197,23,32,0,0,0
4658,25.227,0,58,0,0,0,0,0,0,0,197,23,32,0,0,0
4659,0.851,0,58,0,0,0,0,0,0,0,197,23,32,0,0,0
4660,0.659,0,58,0,0,0,0,0,0,0,197,23,32,0,0,0
4661,7.077,0,58,0,0,0,0,0,0,0,197,23,32,0,0,0
4662,24.764,0,58,0,0,0,0,0,0,0,197,23,32,0,0,0
4663,0.914,0,58,0,0,0,0,0,0,0,197,23,32,0,0,0
4664,0.688,0,58,0,0,0,0,0,0,0,197,23,32,0,0,0
4665,6.482,0,58,0,0,0,0,0,0,0,197,23,32,0,0,0
4666,25.202,0,58,0,0,0,0,0,0,0,197,23,32,0,0,0
4667,0.790,0,58,0,0,0,0,0,0,0,197,23,32,0,0,0
4668,0.656,0,58,0,0,0,0,0,0,0,197,23,32,0,0,0
4669,7.063,0,58,0,0,0,0,0,0,0,197,23,32,0,0,0
4670,25.056,0,58,0,0,0,0,0,0,0,197,23,32,0,0,0
4671,0.829,0,58,0,0,0,0,0,0,0,197,23,32,0,0,0
4672,0.668,0,58,0,0,0,0,0,0,0,197,23,32,0,0,0
4673,6.421,0,58,0,0,0,0,0,0,0,197,23,32,0,0,0
4674,25.362,0,58,0,0,0,0,0,0,0,197,23,32,0,0,0
4675,0.808,0,58,0,0,0,0,0,0,0,197,23,32,0,0,0
4676,0.711,0,58,0,0,0,0,0,0,0,197,23,32,0,0,0
4677,6.650,0,58,0,0,0,0,0,0,0,197,23,32,0,0,0
4678,25.106,0,58,0,0,0,0,0,0,0,197,23,32,0,0,0
4679,0.905,0,58,0,0,0,0,0,0,0,197,23,32,0,0,0
4680,2.154,0,58,0,0,0,0,0,0,0,197,23,32,0,0,0
4681,4.953,0,58,0,0,0,0,0,0,0,197,23,32,0,0,0
4682,25.162,0,58,0,0,0,0,0,0,0,197,23,32,0,0,0
4683,0.808,0,58,0,0,0,0,0,0,0,197,23,32,0,0,0
4684,0.651,0,58,0,0,0,0,0,0,0,197,23,32,0,0,0
4685,6.714,0,58,0,0,0,0,0,0,0,197,23,32,0,0,0
4686,25.210,0,58,0,0,0,0,0,0,0,197,23,32,0,0,0
4687,0.782,0,58,0,0,0,0,0,0,0,197,23,32,0,0,0
4688,0.628,0,58,0,0,0,0,0,0,0,197,23,32,0,0,0
4689,6.836,0,58,0,0,0,0,0,0,0,197,23,32,0,0,0
4690,25.205,0,58,0,0,0,0,0,0,0,197,23,32,0,0,0
4691,0.794,0,58,0,0,0,0,0,0,0,197,23,32,0,0,0
4692,0.663,0,58,0,0,0,0,0,0,0,197,23,32,0,0,0
4693,6.837,0,58,0,0,0,0,0,0,0,197,23,32,0,0,0
4694,25.058,0,58,0,0,0,0,0,0,0,197,23,32,0,0,0
4695,0.866,0,58,0,0,0,0,0,0,0,197,23,32,0,0,0
4696,0.671,0,58,0,0,0,0,0,0,0,197,23,32,0,0,0
4697,6.564,0,58,0,0,0,0,0,0,0,197,23,32,0,0,0
4698,25.022,0,58,0,0,0,0,0,0,0,197,23,32,0,0,0
4699,0.818,0,58,0,0,0,0,0,0,0,197,23,32,0,0,0
4700,0.722,0,58,0,0,0,0,0,0,0,197,23,32,0,0,0
4701,6.676,0,58,0,0,0,0,0,0,0,197,23,32,0,0,0
4702,25.179,0,58,0,0,0,0,0,0,0,197,23,32,0,0,0
4703,0.884,0,58,0,0,0,0,0,0,0,197,23,32,0,0,0
4704,0.804,0,58,0,0,0,0,0,0,0,197,23,32,0,0,0
4705,6.517,0,58,0,0,0,0,0,0,0,197,23,32,0,0,0
4706,25.302,0,58,0,0,0,0,0,0,0,197,23,32,0,0,0
4707,0.847,0,58,0,0,0,0,0,0,0,197,23,32,0,0,0
4708,1.316,0,58,0,0,0,0,0,0,0,197,23,32,0,0,0
4709,6.477,0,58,0,0,0,0,0,0,0,197,23,32,0,0,0
4710,24.699,0,58,0,0,0,0,0,0,0,197,23,32,0,0,0
4711,0.871,0,58,0,0,0,0,0,0,0,197,23,32,0,0,0
4712,0.849,0,58,0,0,0,0,0,0,0,197,23,32,0,0,0
4713,6.415,0,58,0,0,0,0,0,0,0,197,23,32,0,0,0
4714,25.207,0,58,0,0,0,0,0,0,0,197,23,32,0,0,0
4715,0.803,0,58,0,0,0,0,0,0,0,197,23,32,0,0,0
4716,0.636,0,58,0,0,0,0,0,0,0,197,23,32,0,0,0
4717,7.134,0,58,0,0,0,0,0,0,0,197,23,32,0,0,0
4718,24.631,0,58,0,0,0,0,0,0,0,197,23,32,0,0,0
4719,0.812,0,58,0,0,0,0,0,0,0,197,23,32,0,0,0
4720,0.657,0,58,0,0,0,0,0,0,0,197,23,32,0,0,0
4721,6.845,0,58,0,0,0,0,0,0,0,197,23,32,0,0,0
4722,25.018,0,58,0,0,0,0,0,0,0,197,23,32,0,0,0
4723,0.792,0,58,0,0,0,0,0,0,0,197,23,32,0,0,0
4724,0.621,0,58,0,0,0,0,0,0,0,197,23,32,0,0,0
4725,6.832,0,58,0,0,0,0,0,0,0,197,23,32,0,0,0
4726,25.001,0,58,0,0,0,0,0,0,0,197,23,32,0,0,0
4727,0.775,0,58,0,0,0,0,0,0,0,197,23,32,0,0,0
4728,0.657,0,58,0,0,0,0,0,0,0,197,23,32,0,0,0
4729,6.720,0,58,0,0,0,0,0,0,0,197,23,32,0,0,0
4730,25.194,0,58,0,0,0,0,0,0,0,197,23,32,0,0,0
4731,0.900,0,58,0,0,0,0,0,0,0,197,23,32,0,0,0
4732,0.695,0,58,0,0,0,0,0,0,0,197,23,32,0,0,0
4733,6.550,0,58,0,0,0,0,0,0,0,197,23,32,0,0,0
4734,25.287,0,58,0,0,0,0,0,0,0,197,23,32,0,0,0
4735,0.965,0,58,0,0,0,0,0,0,0,197,23,32,0,0,0
4736,0.654,0,58,0,0,0,0,0,0,0,197,23,32,0,0,0
4737,6.675,0,58,0,0,0,0,0,0,0,197,23,32,0,0,0
4738,24.927,0,58,0,0,0,0,0,0,0,197,23,32,0,0,0
4739,0.811,0,58,0,0,0,0,0,0,0,197,23,32,0,0,0
4740,0.654,0,58,0,0,0,0,0,0,0,197,23,32,0,0,0
4741,6.890,0,58,0,0,0,0,0,0,0,197,23,32,0,0,0
4742,25.040,0,58,0,0,0,0,0,0,0,197,23,32,0,0,0
4743,0.813,0,58,0,0,0,0,0,0,0,197,23,32,0,0,0
4744,0.609,0,58,0,0,0,0,0,0,0,197,23,32,0,0,0
4745,6.611,0,58,0,0,0,0,0,0,0,197,23,32,0,0,0
4746,25.249,0,58,0,0,0,0,0,0,0,197,23,32,0,0,0
4747,0.769,0,58,0,0,0,0,0,0,0,197,23,32,0,0,0
4748,0.652,0,58,0,0,0,0,0,0,0,197,23,32,0,0,0
4749,6.827,0,58,0,0,0,0,0,0,0,197,23,32,0,0,0
4750,24.995,0,58,0,0,0,0,0,0,0,197,23,32,0,0,0
4751,0.773,0,58,0,0,0,0,0,0,0,197,23,32,0,0,0
4752,0.680,0,58,0,0,0,0,0,0,0,197,23,32,0,0,0
4753,6.963,0,58,0,0,0,0,0,0,0,197,23,32,0,0,0
4754,24.987,0,58,0,0,0,0,0,0,0,197,23,32,0,0,0
4755,0.788,0,58,0,0,0,0,0,0,0,197,23,32,0,0,0
4756,0.643,0,58,0,0,0,0,0,0,0,197,23,32,0,0,0
4757,7.234,0,58,0,0,0,0,0,0,0,197,23,32,0,0,0
4758,24.577,0,58,0,0,0,0,0,0,0,197,23,32,0,0,0
4759,0.793,0,58,0,0,0,0,0,0,0,197,23,32,0,0,0
4760,0.819,0,58,0,0,0,0,0,0,0,197,23,32,0,0,0
4761,6.742,0,58,0,0,0,0,0,0,0,197,23,32,0,0,0
4762,25.211,0,58,0,0,0,0,0,0,0,197,23,32,0,0,0
4763,0.866,0,58,0,0,0,0,0,0,0,197,23,32,0,0,0
4764,1.293,0,58,0,0,0,0,0,0,0,197,23,32,0,0,0
4765,6.479,0,58,0,0,0,0,0,0,0,197,23,32,0,0,0
4766,24.492,0,58,0,0,0,0,0,0,0,197,23,32,0,0,0
4767,0.782,0,58,0,0,0,0,0,0,0,197,23,32,0,0,0
4768,0.689,0,58,0,0,0,0,0,0,0,197,23,32,0,0,0
4769,6.800,0,58,0,0,0,0,0,0,0,197,23,32,0,0,0
4770,25.218,0,58,0,0,0,0,0,0,0,197,23,32,0,0,0
4771,0.836,0,58,0,0,0,0,0,0,0,197,23,32,0,0,0
4772,0.677,0,58,0,0,0,0,0,0,0,197,23,32,0,0,0
4773,7.748,0,58,0,0,0,0,0,0,0,197,23,32,0,0,0
4774,23.991,0,58,0,0,0,0,0,0,0,197,23,32,0,0,0
4775,0.804,0,58,0,0,0,0,0,0,0,197,23,32,0,0,0
4776,0.785,0,58,0,0,0,0,0,0,0,197,23,32,0,0,0
4777,6.771,0,58,0,0,0,0,0,0,0,197,23,32,0,0,0
4778,25.187,0,58,0,0,0,0,0,0,0,197,23,32,0,0,0
4779,1.069,0,58,0,0,0,0,0,0,0,197,23,32,0,0,0
4780,0.753,0,58,0,0,0,0,0,0,0,197,23,32,0,0,0
4781,6.303,0,58,0,0,0,0,0,0,0,197,23,32,0,0,0
4782,24.890,0,58,0,0,0,0,0,0,0,197,23,32,0,0,0
4783,0.793,0,58,0,0,0,0,0,0,0,197,23,32,0,0,0
4784,0.674,0,58,0,0,0,0,0,0,0,197,23,32,0,0,0
4785,6.857,0,58,0,0,0,0,0,0,0,197,23,32,0,0,0
4786,25.140,0,58,0,0,0,0,0,0,0,197,23,32,0,0,0
4787,0.833,0,58,0,0,0,0,0,0,0,197,23,32,0,0,0
4788,0.812,0,58,0,0,0,0,0,0,0,197,23,32,0,0,0
4789,6.696,0,58,0,0,0,0,0,0,0,197,23,32,0,0,0
4790,25.075,0,58,0,0,0,0,0,0,0,197,23,32,0,0,0
4791,0.804,0,58,0,0,0,0,0,0,0,197,23,32,0,0,0
4792,1.373,0,58,0,0,0,0,0,0,0,197,23,32,0,0,0
4793,5.880,0,58,0,0,0,0,0,0,0,197,23,32,0,0,0
4794,25.318,0,58,0,0,0,0,0,0,0,197,23,32,0,0,0
4795,0.812,0,58,0,0,0,0,0,0,0,197,23,32,0,0,0
4796,0.654,0,58,0,0,0,0,0,0,0,197,23,32,0,0,0
4797,7.002,0,58,0,0,0,0,0,0,0,197,23,32,0,0,0
4798,24.766,0,58,0,0,0,0,0,0,0,197,23,32,0,0,0
4799,0.768,0,58,0,0,0,0,0,0,0,197,23,32,0,0,0
4800,0.612,0,58,0,0,0,0,0,0,0,197,23,32,0,0,0
4801,6.864,0,58,0,0,0,0,0,0,0,197,23,32,0,0,0
4802,25.048,0,58,0,0,0,0,0,0,0,197,23,32,0,0,0
4803,0.817,0,58,0,0,0,0,0,0,0,197,23,32,0,0,0
4804,0.768,0,58,0,0,0,0,0,0,0,197,23,32,0,0,0
4805,6.712,0,58,0,0,0,0,0,0,0,197,23,32,0,0,0
4806,25.004,0,58,0,0,0,0,0,0,0,197,23,32,0,0,0
4807,0.788,0,58,0,0,0,0,0,0,0,197,23,32,0,0,0
4808,0.648,0,58,0,0,0,0,0,0,0,197,23,32,0,0,0
4809,6.810,0,58,0,0,0,0,0,0,0,197,23,32,0,0,0
4810,25.022,0,58,0,0,0,0,0,0,0,197,23,32,0,0,0
4811,0.792,0,58,0,0,0,0,0,0,0,197,23,32,0,0,0
4812,0.634,0,58,0,0,0,0,0,0,0,197,23,32,0,0,0
4813,6.791,0,58,0,0,0,0,0,0,0,197,23,32,0,0,0
4814,25.111,0,58,0,0,0,0,0,0,0,197,23,32,0,0,0
4815,0.788,0,58,0,0,0,0,0,0,0,197,23,32,0,0,0
4816,0.638,0,58,0,0,0,0,0,0,0,197,23,32,0,0,0
4817,6.756,0,58,0,0,0,0,0,0,0,197,23,32,0,0,0
4818,25.349,0,58,0,0,0,0,0,0,0,197,23,32,0,0,0
4819,1.094,0,58,0,0,0,0,0,0,0,197,23,32,0,0,0
4820,1.791,0,58,0,0,0,0,0,0,0,197,23,32,0,0,0
4821,5.145,0,58,0,0,0,0,0,0,0,197,23,32,0,0,0
4822,25.063,0,58,0,0,0,0,0,0,0,197,23,32,0,0,0
4823,0.829,0,58,0,0,0,0,0,0,0,197,23,32,0,0,0
4824,0.696,0,58,0,0,0,0,0,0,0,197,23,32,0,0,0
4825,6.738,0,58,0,0,0,0,0,0,0,197,23,32,0,0,0
4826,25.105,0,58,0,0,0,0,0,0,0,197,23,32,0,0,0
4827,0.860,0,58,0,0,0,0,0,0,0,197,23,32,0,0,0
4828,0.672,0,58,0,0,0,0,0,0,0,197,23,32,0,0,0
4829,7.496,0,58,0,0,0,0,0,0,0,197,23,32,0,0,0
4830,24.335,0,58,0,0,0,0,0,0,0,197,23,32,0,0,0
4831,0.795,0,58,0,0,0,0,0,0,0,197,23,32,0,0,0
4832,0.696,0,58,0,0,0,0,0,0,0,197,23,32,0,0,0
4833,6.613,0,58,0,0,0,0,0,0,0,197,23,32,0,0,0
4834,25.155,0,58,0,0,0,0,0,0,0,197,23,32,0,0,0
4835,0.841,0,58,0,0,0,0,0,0,0,197,23,32,0,0,0
4836,0.720,0,58,0,0,0,0,0,0,0,197,23,32,0,0,0
4837,6.798,0,58,0,0,0,0,0,0,0,197,23,32,0,0,0
4838,25.042,0,58,0,0,0,0,0,0,0,197,23,32,0,0,0
4839,0.860,0,58,0,0,0,0,0,0,0,197,23,32,0,0,0
4840,0.687,0,58,0,0,0,0,0,0,0,197,23,32,0,0,0
4841,6.781,0,58,0,0,0,0,0,0,0,197,23,32,0,0,0
4842,24.970,0,58,0,0,0,0,0,0,0,197,23,32,0,0,0
4843,0.784,0,58,0,0,0,0,0,0,0,197,23,32,0,0,0
4844,0.689,0,58,0,0,0,0,0,0,0,197,23,32,0,0,0
4845,6.830,0,58,0,0,0,0,0,0,0,197,23,32,0,0,0
4846,25.081,0,58,0,0,0,0,0,0,0,197,23,32,0,0,0
4847,0.757,0,58,0,0,0,0,0,0,0,197,23,32,0,0,0
4848,1.286,0,58,0,0,0,0,0,0,0,197,23,32,0,0,0
4849,6.078,0,58,0,0,0,0,0,0,0,197,23,32,0,0,0
4850,25.151,0,58,0,0,0,0,0,0,0,197,23,32,0,0,0
4851,0.791,0,58,0,0,0,0,0,0,0,197,23,32,0,0,0
4852,0.677,0,58,0,0,0,0,0,0,0,197,23,32,0,0,0
4853,6.792,0,58,0,0,0,0,0,0,0,197,23,32,0,0,0
4854,25.096,0,58,0,0,0,0,0,0,0,197,23,32,0,0,0
4855,0.824,0,58,0,0,0,0,0,0,0,197,23,32,0,0,0
4856,0.649,0,58,0,0,0,0,0,0,0,197,23,32,0,0,0
4857,6.655,0,58,0,0,0,0,0,0,0,197,23,32,0,0,0
4858,25.348,0,58,0,0,0,0,0,0,0,197,23,32,0,0,0
4859,0.847,0,58,0,0,0,0,0,0,0,197,23,32,0,0,0
4860,0.807,0,58,0,0,0,0,0,0,0,197,23,32,0,0,0
4861,7.055,0,58,0,0,0,0,0,0,0,197,23,32,0,0,0
4862,24.577,0,58,0,0,0,0,0,0,0,197,23,32,0,0,0
4863,0.830,0,58,0,0,0,0,0,0,0,197,23,32,0,0,0
4864,0.635,0,58,0,0,0,0,0,0,0,197,23,32,0,0,0
4865,6.580,0,58,0,0,0,0,0,0,0,197,23,32,0,0,0
4866,25.226,0,58,0,0,0,0,0,0,0,197,23,32,0,0,0
4867,0.848,0,58,0,0,0,0,0,0,0,197,23,32,0,0,0
4868,0.720,0,58,0,0,0,0,0,0,0,197,23,32,0,0,0
4869,6.931,0,58,0,0,0,0,0,0,0,197,23,32,0,0,0
4870,24.880,0,58,0,0,0,0,0,0,0,197,23,32,0,0,0
4871,0.802,0,58,0,0,0,0,0,0,0,197,23,32,0,0,0
4872,0.748,0,58,0,0,0,0,0,0,0,197,23,32,0,0,0
4873,6.488,0,58,0,0,0,0,0,0,0,197,23,32,0,0,0
4874,25.173,0,58,0,0,0,0,0,0,0,197,23,32,0,0,0
4875,0.869,0,58,0,0,0,0,0,0,0,197,23,32,0,0,0
4876,0.628,0,58,0,0,0,0,0,0,0,197,23,32,0,0,0
4877,6.673,0,58,0,0,0,0,0,0,0,197,23,32,0,0,0
4878,25.294,0,58,0,0,0,0,0,0,0,197,23,32,0,0,0
4879,0.805,0,58,0,0,0,0,0,0,0,197,23,32,0,0,0
4880,0.708,0,58,0,0,0,0,0,0,0,197,23,32,0,0,0
4881,6.611,0,58,0,0,0,0,0,0,0,197,23,32,0,0,0
4882,25.039,0,58,0,0,0,0,0,0,0,197,23,32,0,0,0
4883,0.809,0,58,0,0,0,0,0,0,0,197,23,32,0,0,0
4884,0.654,0,58,0,0,0,0,0,0,0,197,23,32,0,0,0
4885,7.439,0,58,0,0,0,0,0,0,0,197,23,32,0,0,0
4886,24.501,0,58,0,0,0,0,0,0,0,197,23,32,0,0,0
4887,0.773,0,58,0,0,0,0,0,0,0,197,23,32,0,0,0
4888,0.708,0,58,0,0,0,0,0,0,0,197,23,32,0,0,0
4889,7.253,0,58,0,0,0,0,0,0,0,197,23,32,0,0,0
4890,24.687,0,58,0,0,0,0,0,0,0,197,23,32,0,0,0
4891,0.797,0,58,0,0,0,0,0,0,0,197,23,32,0,0,0
4892,0.653,0,58,0,0,0,0,0,0,0,197,23,32,0,0,0
4893,6.740,0,58,0,0,0,0,0,0,0,197,23,32,0,0,0
4894,25.225,0,58,0,0,0,0,0,0,0,197,23,32,0,0,0
4895,0.980,0,58,0,0,0,0,0,0,0,197,23,32,0,0,0
4896,1.510,0,58,0,0,0,0,0,0,0,197,23,32,0,0,0
4897,5.594,0,58,0,0,0,0,0,0,0,197,23,32,0,0,0
4898,25.209,0,58,0,0,0,0,0,0,0,197,23,32,0,0,0
4899,0.863,0,58,0,0,0,0,0,0,0,197,23,32,0,0,0
4900,0.745,0,58,0,0,0,0,0,0,0,197,23,32,0,0,0
4901,6.712,0,58,0,0,0,0,0,0,0,197,23,32,0,0,0
4902,24.875,0,58,0,0,0,0,0,0,0,197,23,32,0,0,0
4903,0.828,0,58,0,0,0,0,0,0,0,197,23,32,0,0,0
4904,0.734,0,58,0,0,0,0,0,0,0,197,23,32,0,0,0
4905,6.537,0,58,0,0,0,0,0,0,0,197,23,32,0,0,0
4906,25.428,0,58,0,0,0,0,0,0,0,197,23,32,0,0,0
4907,0.758,0,58,0,0,0,0,0,0,0,197,23,32,0,0,0
4908,0.650,0,58,0,0,0,0,0,0,0,197,23,32,0,0,0
4909,6.867,0,58,0,0,0,0,0,0,0,197,23,32,0,0,0
4910,24.850,0,58,0,0,0,0,0,0,0,197,23,32,0,0,0
4911,0.916,0,58,0,0,0,0,0,0,0,197,23,32,0,0,0
4912,0.651,0,58,0,0,0,0,0,0,0,197,23,32,0,0,0
4913,6.568,0,58,0,0,0,0,0,0,0,197,23,32,0,0,0
4914,25.240,0,58,0,0,0,0,0,0,0,197,23,32,0,0,0
4915,0.883,0,58,0,0,0,0,0,0,0,197,23,32,0,0,0
4916,0.719,0,58,0,0,0,0,0,0,0,197,23,32,0,0,0
4917,7.067,0,58,0,0,0,0,0,0,0,197,23,32,0,0,0
4918,24.827,0,58,0,0,0,0,0,0,0,197,23,32,0,0,0
4919,1.002,0,58,0,0,0,0,0,0,0,197,23,32,0,0,0
4920,1.969,0,58,0,0,0,0,0,0,0,197,23,32,0,0,0
4921,5.028,0,58,0,0,0,0,0,0,0,197,23,32,0,0,0
4922,25.108,0,58,0,0,0,0,0,0,0,197,23,32,0,0,0
4923,1.004,0,58,0,0,0,0,0,0,0,197,23,32,0,0,0
4924,0.847,0,58,0,0,0,0,0,0,0,197,23,32,0,0,0
4925,7.371,0,58,0,0,0,0,0,0,0,197,23,32,0,0,0
4926,24.291,0,58,0,0,0,0,0,0,0,197,23,32,0,0,0
4927,0.901,0,58,0,0,0,0,0,0,0,197,23,32,0,0,0
4928,0.725,0,58,0,0,0,0,0,0,0,197,23,32,0,0,0
4929,6.503,0,58,0,0,0,0,0,0,0,197,23,32,0,0,0
4930,24.978,0,58,0,0,0,0,0,0,0,197,23,32,0,0,0
4931,0.810,0,58,0,0,0,0,0,0,0,197,23,32,0,0,0
4932,0.714,0,58,0,0,0,0,0,0,0,197,23,32,0,0,0
4933,6.873,0,58,0,0,0,0,0,0,0,197,23,32,0,0,0
4934,24.927,0,58,0,0,0,0,0,0,0,197,23,32,0,0,0
4935,0.740,0,58,0,0,0,0,0,0,0,197,23,32,0,0,0
4936,0.697,0,58,0,0,0,0,0,0,0,197,23,32,0,0,0
4937,6.871,0,58,0,0,0,0,0,0,0,197,23,32,0,0,0
4938,25.213,0,58,0,0,0,0,0,0,0,197,23,32,0,0,0
4939,0.756,0,58,0,0,0,0,0,0,0,197,23,32,0,0,0
4940,0.725,0,58,0,0,0,0,0,0,0,197,23,32,0,0,0
4941,7.563,0,58,0,0,0,0,0,0,0,197,23,32,0,0,0
4942,24.148,0,58,0,0,0,0,0,0,0,197,23,32,0,0,0
4943,0.780,0,58,0,0,0,0,0,0,0,197,23,32,0,0,0
4944,0.816,0,58,0,0,0,0,0,0,0,197,23,32,0,0,0
4945,6.644,0,58,0,0,0,0,0,0,0,197,23,32,0,0,0
4946,25.272,0,58,0,0,0,0,0,0,0,197,23,32,0,0,0
4947,0.872,0,58,0,0,0,0,0,0,0,197,23,32,0,0,0
4948,1.421,0,58,0,0,0,0,0,0,0,197,23,32,0,0,0
4949,5.718,0,58,0,0,0,0,0,0,0,197,23,32,0,0,0
4950,25.172,0,58,0,0,0,0,0,0,0,197,23,32,0,0,0
4951,0.854,0,58,0,0,0,0,0,0,0,197,23,32,0,0,0
4952,0.668,0,58,0,0,0,0,0,0,0,197,23,32,0,0,0
4953,6.641,0,58,0,0,0,0,0,0,0,197,23,32,0,0,0
4954,25.117,0,58,0,0,0,0,0,0,0,197,23,32,0,0,0
4955,0.794,0,58,0,0,0,0,0,0,0,197,23,32,0,0,0
4956,0.667,0,58,0,0,0,0,0,0,0,197,23,32,0,0,0
4957,6.796,0,58,0,0,0,0,0,0,0,197,23,32,0,0,0
4958,25.167,0,58,0,0,0,0,0,0,0,197,23,32,0,0,0
4959,0.919,0,58,0,0,0,0,0,0,0,197,23,32,0,0,0
4960,0.755,0,58,0,0,0,0,0,0,0,197,23,32,0,0,0
4961,6.560,0,58,0,0,0,0,0,0,0,197,23,32,0,0,0
4962,25.065,0,58,0,0,0,0,0,0,0,197,23,32,0,0,0
4963,0.723,0,58,0,0,0,0,0,0,0,197,23,32,0,0,0
4964,0.691,0,58,0,0,0,0,0,0,0,197,23,32,0,0,0
4965,7.409,0,58,0,0,0,0,0,0,0,197,23,32,0,0,0
4966,24.607,0,58,0,0,0,0,0,0,0,197,23,32,0,0,0
4967,0.730,0,58,0,0,0,0,0,0,0,197,23,32,0,0,0
4968,0.726,0,58,0,0,0,0,0,0,0,197,23,32,0,0,0
4969,6.594,0,58,0,0,0,0,0,0,0,197,23,32,0,0,0
4970,25.119,0,58,0,0,0,0,0,0,0,197,23,32,0,0,0
4971,0.761,0,58,0,0,0,0,0,0,0,197,23,32,0,0,0
4972,1.408,0,58,0,0,0,0,0,0,0,197,23,32,0,0,0
4973,6.467,0,58,0,0,0,0,0,0,0,197,23,32,0,0,0
4974,24.731,0,58,0,0,0,0,0,0,0,197,23,32,0,0,0
4975,0.830,0,58,0,0,0,0,0,0,0,197,23,32,0,0,0
4976,0.600,0,58,0,0,0,0,0,0,0,197,23,32,0,0,0
4977,6.732,0,58,0,0,0,0,0,0,0,197,23,32,0,0,0
4978,25.242,0,58,0,0,0,0,0,0,0,197,23,32,0,0,0
4979,0.795,0,58,0,0,0,0,0,0,0,197,23,32,0,0,0
4980,0.737,0,58,0,0,0,0,0,0,0,197,23,32,0,0,0
4981,6.842,0,58,0,0,0,0,0,0,0,197,23,32,0,0,0
4982,24.804,0,58,0,0,0,0,0,0,0,197,23,32,0,0,0
4983,0.827,0,58,0,0,0,0,0,0,0,197,23,32,0,0,0
4984,0.665,0,58,0,0,0,0,0,0,0,197,23,32,0,0,0
4985,6.682,0,58,0,0,0,0,0,0,0,197,23,32,0,0,0
4986,25.208,0,58,0,0,0,0,0,0,0,197,23,32,0,0,0
4987,0.760,0,58,0,0,0,0,0,0,0,197,23,32,0,0,0
4988,0.612,0,58,0,0,0,0,0,0,0,197,23,32,0,0,0
4989,7.277,0,58,0,0,0,0,0,0,0,197,23,32,0,0,0
4990,24.882,0,58,0,0,0,0,0,0,0,197,23,32,0,0,0
4991,0.919,0,58,0,0,0,0,0,0,0,197,23,32,0,0,0
4992,0.797,0,58,0,0,0,0,0,0,0,197,23,32,0,0,0
4993,6.267,0,58,0,0,0,0,0,0,0,197,23,32,0,0,0
4994,25.223,0,58,0,0,0,0,0,0,0,197,23,32,0,0,0
4995,0.828,0,58,0,0,0,0,0,0,0,197,23,32,0,0,0
4996,0.763,0,58,0,0,0,0,0,0,0,197,23,32,0,0,0
4997,6.581,0,58,0,0,0,0,0,0,0,197,23,32,0,0,0
4998,25.197,0,58,0,0,0,0,0,0,0,197,23,32,0,0,0
4999,0.884,0,58,0,0,0,0,0,0,0,197,23,32,0,0,0
5000,0.973,0,58,0,0,0,0,0,0,0,197,23,32,0,0,0
5001,6.225,0,58,0,0,0,0,0,0,0,197,23,32,0,0,0
5002,25.133,0,58,0,0,0,0,0,0,0,197,23,32,0,0,0
5003,0.831,0,58,0,0,0,0,0,0,0,197,23,32,0,0,0
5004,0.754,0,58,0,0,0,0,0,0,0,197,23,32,0,0,0
5005,7.125,0,58,0,0,0,0,0,0,0,197,23,32,0,0,0
5006,24.693,0,58,0,0,0,0,0,0,0,197,23,32,0,0,0
5007,0.818,0,58,0,0,0,0,0,0,0,197,23,32,0,0,0
5008,0.678,0,58,0,0,0,0,0,0,0,197,23,32,0,0,0
5009,6.580,0,58,0,0,0,0,0,0,0,197,23,32,0,0,0
5010,25.157,0,58,0,0,0,0,0,0,0,197,23,32,0,0,0
5011,0.895,0,58,0,0,0,0,0,0,0,197,23,32,0,0,0
5012,0.680,0,58,0,0,0,0,0,0,0,197,23,32,0,0,0
5013,7.101,0,58,0,0,0,0,0,0,0,197,23,32,0,0,0
5014,24.714,0,58,0,0,0,0,0,0,0,197,23,32,0,0,0
5015,0.798,0,58,0,0,0,0,0,0,0,197,23,32,0,0,0
5016,0.702,0,58,0,0,0,0,0,0,0,197,23,32,0,0,0
5017,6.721,0,58,0,0,0,0,0,0,0,197,23,32,0,0,0
5018,25.030,0,58,0,0,0,0,0,0,0,197,23,32,0,0,0
5019,0.747,0,58,0,0,0,0,0,0,0,197,23,32,0,0,0
5020,0.783,0,58,0,0,0,0,0,0,0,197,23,32,0,0,0
5021,7.055,0,58,0,0,0,0,0,0,0,197,23,32,0,0,0
5022,24.898,0,58,0,0,0,0,0,0,0,197,23,32,0,0,0
5023,0.838,0,58,0,0,0,0,0,0,0,197,23,32,0,0,0
5024,1.805,0,58,0,0,0,0,0,0,0,197,23,32,0,0,0
5025,5.468,0,58,0,0,0,0,0,0,0,197,23,32,0,0,0
5026,25.111,0,58,0,0,0,0,0,0,0,197,23,32,0,0,0
5027,0.839,0,58,0,0,0,0,0,0,0,197,23,32,0,0,0
5028,0.658,0,58,0,0,0,0,0,0,0,197,23,32,0,0,0
5029,6.783,0,58,0,0,0,0,0,0,0,197,23,32,0,0,0
5030,25.241,0,58,0,0,0,0,0,0,0,197,23,32,0,0,0
5031,0.771,0,58,0,0,0,0,0,0,0,197,23,32,0,0,0
5032,0.658,0,58,0,0,0,0,0,0,0,197,23,32,0,0,0
5033,6.529,0,58,0,0,0,0,0,0,0,197,23,32,0,0,0
5034,25.132,0,58,0,0,0,0,0,0,0,197,23,32,0,0,0
5035,0.807,0,58,0,0,0,0,0,0,0,197,23,32,0,0,0
5036,0.749,0,58,0,0,0,0,0,0,0,197,23,32,0,0,0
5037,6.699,0,58,0,0,0,0,0,0,0,197,23,32,0,0,0
5038,25.195,0,58,0,0,0,0,0,0,0,197,23,32,0,0,0
5039,0.852,0,58,0,0,0,0,0,0,0,197,23,32,0,0,0
5040,0.776,0,58,0,0,0,0,0,0,0,197,23,32,0,0,0
5041,6.489,0,58,0,0,0,0,0,0,0,197,23,32,0,0,0
5042,25.192,0,58,0,0,0,0,0,0,0,197,23,32,0,0,0
5043,0.823,0,58,0,0,0,0,0,0,0,197,23,32,0,0,0
5044,0.677,0,58,0,0,0,0,0,0,0,197,23,32,0,0,0
5045,7.141,0,58,0,0,0,0,0,0,0,197,23,32,0,0,0
5046,24.647,0,58,0,0,0,0,0,0,0,197,23,32,0,0,0
5047,0.817,0,58,0,0,0,0,0,0,0,197,23,32,0,0,0
5048,0.709,0,58,0,0,0,0,0,0,0,197,23,32,0,0,0
5049,6.786,0,58,0,0,0,0,0,0,0,197,23,32,0,0,0
5050,25.031,0,58,0,0,0,0,0,0,0,197,23,32,0,0,0
5051,0.789,0,58,0,0,0,0,0,0,0,197,23,32,0,0,0
5052,1.223,0,58,0,0,0,0,0,0,0,197,23,32,0,0,0
5053,6.652,0,58,0,0,0,0,0,0,0,197,23,32,0,0,0
5054,24.606,0,58,0,0,0,0,0,0,0,197,23,32,0,0,0
5055,0.827,0,58,0,0,0,0,0,0,0,197,23,32,0,0,0
5056,0.678,0,58,0,0,0,0,0,0,0,197,23,32,0,0,0
5057,6.845,0,58,0,0,0,0,0,0,0,197,23,32,0,0,0
5058,25.118,0,58,0,0,0,0,0,0,0,197,23,32,0,0,0
5059,0.916,0,58,0,0,0,0,0,0,0,197,23,32,0,0,0
5060,0.633,0,58,0,0,0,0,0,0,0,197,23,32,0,0,0
5061,6.512,0,58,0,0,0,0,0,0,0,197,23,32,0,0,0
5062,25.184,0,58,0,0,0,0,0,0,0,197,23,32,0,0,0
5063,0.792,0,58,0,0,0,0,0,0,0,197,23,32,0,0,0
5064,0.670,0,58,0,0,0,0,0,0,0,197,23,32,0,0,0
5065,6.732,0,58,0,0,0,0,0,0,0,197,23,32,0,0,0
5066,25.089,0,58,0,0,0,0,0,0,0,197,23,32,0,0,0
5067,0.843,0,58,0,0,0,0,0,0,0,197,23,32,0,0,0
5068,0.687,0,58,0,0,0,0,0,0,0,197,23,32,0,0,0
5069,6.808,0,58,0,0,0,0,0,0,0,197,23,32,0,0,0
5070,25.067,0,58,0,0,0,0,0,0,0,197,23,32,0,0,0
5071,0.783,0,58,0,0,0,0,0,0,0,197,23,32,0,0,0
5072,0.656,0,58,0,0,0,0,0,0,0,197,23,32,0,0,0
5073,6.834,0,58,0,0,0,0,0,0,0,197,23,32,0,0,0
5074,25.033,0,58,0,0,0,0,0,0,0,197,23,32,0,0,0
5075,0.808,0,58,0,0,0,0,0,0,0,197,23,32,0,0,0
5076,0.727,0,58,0,0,0,0,0,0,0,197,23,32,0,0,0
5077,6.723,0,58,0,0,0,0,0,0,0,197,23,32,0,0,0
5078,25.298,0,58,0,0,0,0,0,0,0,197,23,32,0,0,0
5079,0.790,0,58,0,0,0,0,0,0,0,197,23,32,0,0,0
5080,1.577,0,58,0,0,0,0,0,0,0,197,23,32,0,0,0
5081,5.602,0,58,0,0,0,0,0,0,0,197,23,32,0,0,0
5082,25.598,0,58,0,0,0,0,0,0,0,197,23,32,0,0,0
5083,0.890,0,58,0,0,0,0,0,0,0,197,23,32,0,0,0
5084,0.704,0,58,0,0,0,0,0,0,0,197,23,32,0,0,0
5085,6.659,0,58,0,0,0,0,0,0,0,197,23,32,0,0,0
5086,24.725,0,58,0,0,0,0,0,0,0,197,23,32,0,0,0
5087,0.801,0,58,0,0,0,0,0,0,0,197,23,32,0,0,0
5088,0.741,0,58,0,0,0,0,0,0,0,197,23,32,0,0,0
5089,6.774,0,58,0,0,0,0,0,0,0,197,23,32,0,0,0
5090,25.001,0,58,0,0,0,0,0,0,0,197,23,32,0,0,0
5091,0.778,0,58,0,0,0,0,0,0,0,197,23,32,0,0,0
5092,0.807,0,58,0,0,0,0,0,0,0,197,23,32,0,0,0
5093,6.576,0,58,0,0,0,0,0,0,0,197,23,32,0,0,0
5094,25.146,0,58,0,0,0,0,0,0,0,197,23,32,0,0,0
5095,0.822,0,58,0,0,0,0,0,0,0,197,23,32,0,0,0
5096,0.659,0,58,0,0,0,0,0,0,0,197,23,32,0,0,0
5097,6.571,0,58,0,0,0,0,0,0,0,197,23,32,0,0,0
5098,25.155,0,58,0,0,0,0,0,0,0,197,23,32,0,0,0
5099,0.827,0,58,0,0,0,0,0,0,0,197,23,32,0,0,0
5100,0.679,0,58,0,0,0,0,0,0,0,197,23,32,0,0,0
5101,6.975,0,58,0,0,0,0,0,0,0,197,23,32,0,0,0
5102,25.037,0,58,0,0,0,0,0,0,0,197,23,32,0,0,0
5103,0.821,0,58,0,0,0,0,0,0,0,197,23,32,0,0,0
5104,0.730,0,58,0,0,0,0,0,0,0,197,23,32,0,0,0
5105,6.446,0,58,0,0,0,0,0,0,0,197,23,32,0,0,0
5106,25.571,0,58,0,0,0,0,0,0,0,197,23,32,0,0,0
5107,1.248,0,58,0,0,0,0,0,0,0,197,23,32,0,0,0
5108,1.109,0,58,0,0,0,0,0,0,0,197,23,32,0,0,0
5109,5.963,0,58,0,0,0,0,0,0,0,197,23,32,0,0,0
5110,24.605,0,58,0,0,0,0,0,0,0,197,23,32,0,0,0
5111,0.794,0,58,0,0,0,0,0,0,0,197,23,32,0,0,0
5112,0.699,0,58,0,0,0,0,0,0,0,197,23,32,0,0,0
5113,6.651,0,58,0,0,0,0,0,0,0,197,23,32,0,0,0
5114,25.184,0,58,0,0,0,0,0,0,0,197,23,32,0,0,0
5115,0.882,0,58,0,0,0,0,0,0,0,197,23,32,0,0,0
5116,0.686,0,58,0,0,0,0,0,0,0,197,23,32,0,0,0
5117,6.689,0,58,0,0,0,0,0,0,0,197,23,32,0,0,0
5118,25.202,0,58,0,0,0,0,0,0,0,197,23,32,0,0,0
5119,0.771,0,58,0,0,0,0,0,0,0,197,23,32,0,0,0
5120,0.649,0,58,0,0,0,0,0,0,0,197,23,32,0,0,0
5121,6.854,0,58,0,0,0,0,0,0,0,197,23,32,0,0,0
5122,24.956,0,58,0,0,0,0,0,0,0,197,23,32,0,0,0
5123,0.930,0,58,0,0,0,0,0,0,0,197,23,32,0,0,0
5124,0.737,0,58,0,0,0,0,0,0,0,197,23,32,0,0,0
5125,6.627,0,58,0,0,0,0,0,0,0,197,23,32,0,0,0
5126,25.017,0,58,0,0,0,0,0,0,0,197,23,32,0,0,0
5127,0.796,0,58,0,0,0,0,0,0,0,197,23,32,0,0,0
5128,0.647,0,58,0,0,0,0,0,0,0,197,23,32,0,0,0
5129,6.831,0,58,0,0,0,0,0,0,0,197,23,32,0,0,0
5130,25.084,0,58,0,0,0,0,0,0,0,197,23,32,0,0,0
5131,0.870,0,58,0,0,0,0,0,0,0,197,23,32,0,0,0
5132,1.753,0,58,0,0,0,0,0,0,0,197,23,32,0,0,0
5133,5.514,0,58,0,0,0,0,0,0,0,197,23,32,0,0,0
5134,25.276,0,58,0,0,0,0,0,0,0,197,23,32,0,0,0
5135,0.869,0,58,0,0,0,0,0,0,0,197,23,32,0,0,0
5136,0.782,0,58,0,0,0,0,0,0,0,197,23,32,0,0,0
5137,6.377,0,58,0,0,0,0,0,0,0,197,23,32,0,0,0
5138,25.231,0,58,0,0,0,0,0,0,0,197,23,32,0,0,0
5139,0.781,0,58,0,0,0,0,0,0,0,197,23,32,0,0,0
5140,0.619,0,58,0,0,0,0,0,0,0,197,23,32,0,0,0
5141,6.686,0,58,0,0,0,0,0,0,0,197,23,32,0,0,0
5142,25.246,0,58,0,0,0,0,0,0,0,197,23,32,0,0,0
5143,0.851,0,58,0,0,0,0,0,0,0,197,23,32,0,0,0
5144,0.738,0,58,0,0,0,0,0,0,0,197,23,32,0,0,0
5145,6.509,0,58,0,0,0,0,0,0,0,197,23,32,0,0,0
5146,25.284,0,58,0,0,0,0,0,0,0,197,23,32,0,0,0
5147,0.824,0,58,0,0,0,0,0,0,0,197,23,32,0,0,0
5148,0.766,0,58,0,0,0,0,0,0,0,197,23,32,0,0,0
5149,6.793,0,58,0,0,0,0,0,0,0,197,23,32,0,0,0
5150,24.849,0,58,0,0,0,0,0,0,0,197,23,32,0,0,0
5151,0.799,0,58,0,0,0,0,0,0,0,197,23,32,0,0,0
5152,0.722,0,58,0,0,0,0,0,0,0,197,23,32,0,0,0
5153,6.665,0,58,0,0,0,0,0,0,0,197,23,32,0,0,0
5154,25.224,0,58,0,0,0,0,0,0,0,197,23,32,0,0,0
5155,0.822,0,58,0,0,0,0,0,0,0,197,23,32,0,0,0
5156,0.702,0,58,0,0,0,0,0,0,0,197,23,32,0,0,0
5157,6.609,0,58,0,0,0,0,0,0,0,197,23,32,0,0,0
5158,25.279,0,58,0,0,0,0,0,0,0,197,23,32,0,0,0
5159,1.014,0,58,0,0,0,0,0,0,0,197,23,32,0,0,0
5160,2.808,0,58,0,0,0,0,0,0,0,197,23,32,0,0,0
5161,4.352,0,58,0,0,0,0,0,0,0,197,23,32,0,0,0
5162,25.080,0,58,0,0,0,0,0,0,0,197,23,32,0,0,0
5163,0.852,0,58,0,0,0,0,0,0,0,197,23,32,0,0,0
5164,0.757,0,58,0,0,0,0,0,0,0,197,23,32,0,0,0
5165,6.446,0,58,0,0,0,0,0,0,0,197,23,32,0,0,0
5166,25.192,0,58,0,0,0,0,0,0,0,197,23,32,0,0,0
5167,0.905,0,58,0,0,0,0,0,0,0,197,23,32,0,0,0
5168,0.633,0,58,0,0,0,0,0,0,0,197,23,32,0,0,0
5169,6.678,0,58,0,0,0,0,0,0,0,197,23,32,0,0,0
5170,25.238,0,58,0,0,0,0,0,0,0,197,23,32,0,0,0
5171,0.788,0,58,0,0,0,0,0,0,0,197,23,32,0,0,0
5172,0.634,0,58,0,0,0,0,0,0,0,197,23,32,0,0,0
5173,6.601,0,58,0,0,0,0,0,0,0,197,23,32,0,0,0
5174,25.378,0,58,0,0,0,0,0,0,0,197,23,32,0,0,0
5175,0.931,0,58,0,0,0,0,0,0,0,197,23,32,0,0,0
5176,0.776,0,58,0,0,0,0,0,0,0,197,23,32,0,0,0
5177,6.316,0,58,0,0,0,0,0,0,0,197,23,32,0,0,0
5178,25.219,0,58,0,0,0,0,0,0,0,197,23,32,0,0,0
5179,0.749,0,58,0,0,0,0,0,0,0,197,23,32,0,0,0
5180,0.666,0,58,0,0,0,0,0,0,0,197,23,32,0,0,0
5181,6.714,0,58,0,0,0,0,0,0,0,197,23,32,0,0,0
5182,25.103,0,58,0,0,0,0,0,0,0,197,23,32,0,0,0
5183,0.833,0,58,0,0,0,0,0,0,0,197,23,32,0,0,0
5184,0.684,0,58,0,0,0,0,0,0,0,197,23,32,0,0,0
5185,6.640,0,58,0,0,0,0,0,0,0,197,23,32,0,0,0
5186,25.257,0,58,0,0,0,0,0,0,0,197,23,32,0,0,0
5187,0.983,0,58,0,0,0,0,0,0,0,197,23,32,0,0,0
5188,0.839,0,58,0,0,0,0,0,0,0,197,23,32,0,0,0
5189,6.417,0,58,0,0,0,0,0,0,0,197,23,32,0,0,0
5190,25.078,0,58,0,0,0,0,0,0,0,197,23,32,0,0,0
5191,0.929,0,58,0,0,0,0,0,0,0,197,23,32,0,0,0
5192,1.261,0,58,0,0,0,0,0,0,0,197,23,32,0,0,0
5193,5.896,0,58,0,0,0,0,0,0,0,197,23,32,0,0,0
5194,25.279,0,58,0,0,0,0,0,0,0,197,23,32,0,0,0
5195,0.810,0,58,0,0,0,0,0,0,0,197,23,32,0,0,0
5196,0.623,0,58,0,0,0,0,0,0,0,197,23,32,0,0,0
5197,6.630,0,58,0,0,0,0,0,0,0,197,23,32,0,0,0
5198,25.146,0,58,0,0,0,0,0,0,0,197,23,32,0,0,0
5199,0.873,0,58,0,0,0,0,0,0,0,197,23,32,0,0,0
5200,0.666,0,58,0,0,0,0,0,0,0,197,23,32,0,0,0
5201,6.606,0,58,0,0,0,0,0,0,0,197,23,32,0,0,0
5202,25.303,0,58,0,0,0,0,0,0,0,197,23,32,0,0,0
5203,0.779,0,58,0,0,0,0,0,0,0,197,23,32,0,0,0
5204,0.699,0,58,0,0,0,0,0,0,0,197,23,32,0,0,0
5205,6.577,0,58,0,0,0,0,0,0,0,197,23,32,0,0,0
5206,25.271,0,58,0,0,0,0,0,0,0,197,23,32,0,0,0
5207,0.748,0,58,0,0,0,0,0,0,0,197,23,32,0,0,0
5208,0.841,0,58,0,0,0,0,0,0,0,197,23,32,0,0,0
5209,6.655,0,58,0,0,0,0,0,0,0,197,23,32,0,0,0
5210,25.196,0,58,0,0,0,0,0,0,0,197,23,32,0,0,0
5211,0.860,0,58,0,0,0,0,0,0,0,197,23,32,0,0,0
5212,0.695,0,58,0,0,0,0,0,0,0,197,23,32,0,0,0
5213,6.941,0,58,0,0,0,0,0,0,0,197,23,32,0,0,0
5214,24.664,0,58,0,0,0,0,0,0,0,197,23,32,0,0,0
5215,0.897,0,58,0,0,0,0,0,0,0,197,23,32,0,0,0
5216,0.680,0,58,0,0,0,0,0,0,0,197,23,32,0,0,0
5217,6.540,0,58,0,0,0,0,0,0,0,197,23,32,0,0,0
5218,25.252,0,58,0,0,0,0,0,0,0,197,23,32,0,0,0
5219,0.844,0,58,0,0,0,0,0,0,0,197,23,32,0,0,0
5220,1.724,0,58,0,0,0,0,0,0,0,197,23,32,0,0,0
5221,6.143,0,58,0,0,0,0,0,0,0,197,23,32,0,0,0
5222,24.466,0,58,0,0,0,0,0,0,0,197,23,32,0,0,0
5223,0.740,0,58,0,0,0,0,0,0,0,197,23,32,0,0,0
5224,0.611,0,58,0,0,0,0,0,0,0,197,23,32,0,0,0
5225,6.771,0,58,0,0,0,0,0,0,0,197,23,32,0,0,0
5226,25.324,0,58,0,0,0,0,0,0,0,197,23,32,0,0,0
5227,0.772,0,58,0,0,0,0,0,0,0,197,23,32,0,0,0
5228,0.645,0,58,0,0,0,0,0,0,0,197,23,32,0,0,0
5229,6.758,0,58,0,0,0,0,0,0,0,197,23,32,0,0,0
5230,25.079,0,58,0,0,0,0,0,0,0,197,23,32,0,0,0
5231,0.839,0,58,0,0,0,0,0,0,0,197,23,32,0,0,0
5232,0.683,0,58,0,0,0,0,0,0,0,197,23,32,0,0,0
5233,6.708,0,58,0,0,0,0,0,0,0,197,23,32,0,0,0
5234,25.135,0,58,0,0,0,0,0,0,0,197,23,32,0,0,0
5235,0.900,0,58,0,0,0,0,0,0,0,197,23,32,0,0,0
5236,0.758,0,58,0,0,0,0,0,0,0,197,23,32,0,0,0
5237,7.031,0,58,0,0,0,0,0,0,0,197,23,32,0,0,0
5238,24.682,0,58,0,0,0,0,0,0,0,197,23,32,0,0,0
5239,0.860,0,58,0,0,0,0,0,0,0,197,23,32,0,0,0
5240,0.617,0,58,0,0,0,0,0,0,0,197,23,32,0,0,0
5241,7.138,0,58,0,0,0,0,0,0,0,197,23,32,0,0,0
5242,24.695,0,58,0,0,0,0,0,0,0,197,23,32,0,0,0
5243,0.817,0,58,0,0,0,0,0,0,0,197,23,32,0,0,0
5244,0.695,0,58,0,0,0,0,0,0,0,197,23,32,0,0,0
5245,6.682,0,58,0,0,0,0,0,0,0,197,23,32,0,0,0
5246,25.563,0,58,0,0,0,0,0,0,0,197,23,32,0,0,0
5247,1.110,0,58,0,0,0,0,0,0,0,197,23,32,0,0,0
5248,0.922,0,58,0,0,0,0,0,0,0,197,23,32,0,0,0
5249,5.692,0,58,0,0,0,0,0,0,0,197,23,32,0,0,0
5250,25.215,0,58,0,0,0,0,0,0,0,197,23,32,0,0,0
5251,0.761,0,58,0,0,0,0,0,0,0,197,23,32,0,0,0
5252,0.763,0,58,0,0,0,0,0,0,0,197,23,32,0,0,0
5253,7.100,0,58,0,0,0,0,0,0,0,197,23,32,0,0,0
5254,24.676,0,58,0,0,0,0,0,0,0,197,23,32,0,0,0
5255,0.867,0,58,0,0,0,0,0,0,0,197,23,32,0,0,0
5256,0.684,0,58,0,0,0,0,0,0,0,197,23,32,0,0,0
5257,6.497,0,58,0,0,0,0,0,0,0,197,23,32,0,0,0
5258,25.228,0,58,0,0,0,0,0,0,0,197,23,32,0,0,0
5259,0.810,0,58,0,0,0,0,0,0,0,197,23,32,0,0,0
5260,0.719,0,58,0,0,0,0,0,0,0,197,23,32,0,0,0
5261,6.858,0,58,0,0,0,0,0,0,0,197,23,32,0,0,0
5262,25.235,0,58,0,0,0,0,0,0,0,197,23,32,0,0,0
5263,0.738,0,58,0,0,0,0,0,0,0,197,23,32,0,0,0
5264,0.637,0,58,0,0,0,0,0,0,0,197,23,32,0,0,0
5265,6.651,0,58,0,0,0,0,0,0,0,197,23,32,0,0,0
5266,25.020,0,58,0,0,0,0,0,0,0,197,23,32,0,0,0
5267,0.831,0,58,0,0,0,0,0,0,0,197,23,32,0,0,0
5268,0.725,0,58,0,0,0,0,0,0,0,197,23,32,0,0,0
5269,7.798,0,58,0,0,0,0,0,0,0,197,23,32,0,0,0
5270,23.989,0,58,0,0,0,0,0,0,0,197,23,32,0,0,0
5271,0.817,0,58,0,0,0,0,0,0,0,197,23,32,0,0,0
5272,1.296,0,58,0,0,0,0,0,0,0,197,23,32,0,0,0
5273,6.087,0,58,0,0,0,0,0,0,0,197,23,32,0,0,0
5274,25.356,0,58,0,0,0,0,0,0,0,197,23,32,0,0,0
5275,0.862,0,58,0,0,0,0,0,0,0,197,23,32,0,0,0
5276,0.727,0,58,0,0,0,0,0,0,0,197,23,32,0,0,0
5277,6.511,0,58,0,0,0,0,0,0,0,197,23,32,0,0,0
5278,25.122,0,58,0,0,0,0,0,0,0,197,23,32,0,0,0
5279,0.832,0,58,0,0,0,0,0,0,0,197,23,32,0,0,0
5280,0.659,0,58,0,0,0,0,0,0,0,197,23,32,0,0,0
5281,6.699,0,58,0,0,0,0,0,0,0,197,23,32,0,0,0
5282,24.995,0,58,0,0,0,0,0,0,0,197,23,32,0,0,0
5283,0.894,0,58,0,0,0,0,0,0,0,197,23,32,0,0,0
5284,0.737,0,58,0,0,0,0,0,0,0,197,23,32,0,0,0
5285,7.037,0,58,0,0,0,0,0,0,0,197,23,32,0,0,0
5286,24.686,0,58,0,0,0,0,0,0,0,197,23,32,0,0,0
5287,0.777,0,58,0,0,0,0,0,0,0,197,23,32,0,0,0
5288,0.748,0,58,0,0,0,0,0,0,0,197,23,32,0,0,0
5289,6.845,0,58,0,0,0,0,0,0,0,197,23,32,0,0,0
5290,25.116,0,58,0,0,0,0,0,0,0,197,23,32,0,0,0
5291,0.841,0,58,0,0,0,0,0,0,0,197,23,32,0,0,0
5292,0.697,0,58,0,0,0,0,0,0,0,197,23,32,0,0,0
5293,6.738,0,58,0,0,0,0,0,0,0,197,23,32,0,0,0
5294,24.953,0,58,0,0,0,0,0,0,0,197,23,32,0,0,0
5295,0.939,0,58,0,0,0,0,0,0,0,197,23,32,0,0,0
5296,0.671,0,58,0,0,0,0,0,0,0,197,23,32,0,0,0
5297,6.710,0,58,0,0,0,0,0,0,0,197,23,32,0,0,0
5298,25.077,0,58,0,0,0,0,0,0,0,197,23,32,0,0,0
5299,0.795,0,58,0,0,0,0,0,0,0,197,23,32,0,0,0
5300,0.691,0,58,0,0,0,0,0,0,0,197,23,32,0,0,0
5301,7.012,0,58,0,0,0,0,0,0,0,197,23,32,0,0,0
5302,24.938,0,58,0,0,0,0,0,0,0,197,23,32,0,0,0
5303,0.816,0,58,0,0,0,0,0,0,0,197,23,32,0,0,0
5304,1.145,0,58,0,0,0,0,0,0,0,197,23,32,0,0,0
5305,6.164,0,58,0,0,0,0,0,0,0,197,23,32,0,0,0
5306,25.006,0,58,0,0,0,0,0,0,0,197,23,32,0,0,0
5307,0.759,0,58,0,0,0,0,0,0,0,197,23,32,0,0,0
5308,0.690,0,58,0,0,0,0,0,0,0,197,23,32,0,0,0
5309,6.674,0,58,0,0,0,0,0,0,0,197,23,32,0,0,0
5310,25.251,0,58,0,0,0,0,0,0,0,197,23,32,0,0,0
5311,0.790,0,58,0,0,0,0,0,0,0,197,23,32,0,0,0
5312,0.619,0,58,0,0,0,0,0,0,0,197,23,32,0,0,0
5313,6.688,0,58,0,0,0,0,0,0,0,197,23,32,0,0,0
5314,25.364,0,58,0,0,0,0,0,0,0,197,23,32,0,0,0
5315,0.770,0,58,0,0,0,0,0,0,0,197,23,32,0,0,0
5316,0.604,0,58,0,0,0,0,0,0,0,197,23,32,0,0,0
5317,6.824,0,58,0,0,0,0,0,0,0,197,23,32,0,0,0
5318,24.959,0,58,0,0,0,0,0,0,0,197,23,32,0,0,0
5319,0.795,0,58,0,0,0,0,0,0,0,197,23,32,0,0,0
5320,0.645,0,58,0,0,0,0,0,0,0,197,23,32,0,0,0
5321,6.764,0,58,0,0,0,0,0,0,0,197,23,32,0,0,0
5322,25.177,0,58,0,0,0,0,0,0,0,197,23,32,0,0,0
5323,0.838,0,58,0,0,0,0,0,0,0,197,23,32,0,0,0
5324,0.616,0,58,0,0,0,0,0,0,0,197,23,32,0,0,0
5325,7.760,0,58,0,0,0,0,0,0,0,197,23,32,0,0,0
5326,24.060,0,58,0,0,0,0,0,0,0,197,23,32,0,0,0
5327,0.770,0,58,0,0,0,0,0,0,0,197,23,32,0,0,0
5328,0.949,0,58,0,0,0,0,0,0,0,197,23,32,0,0,0
5329,6.296,0,58,0,0,0,0,0,0,0,197,23,32,0,0,0
5330,25.323,0,58,0,0,0,0,0,0,0,197,23,32,0,0,0
5331,0.846,0,58,0,0,0,0,0,0,0,197,23,32,0,0,0
5332,0.636,0,58,0,0,0,0,0,0,0,197,23,32,0,0,0
5333,7.223,0,58,0,0,0,0,0,0,0,197,23,32,0,0,0
5334,25.840,0,58,0,0,0,0,0,0,0,197,23,32,0,0,0
5335,1.809,0,58,0,0,0,0,0,0,0,197,23,32,0,0,0
5336,0.637,0,58,0,0,0,0,0,0,0,197,23,32,0,0,0
5337,4.581,0,58,0,0,0,0,0,0,0,197,23,32,0,0,0
5338,25.105,0,58,0,0,0,0,0,0,0,197,23,32,0,0,0
5339,0.793,0,58,0,0,0,0,0,0,0,197,23,32,0,0,0
5340,0.644,0,58,0,0,0,0,0,0,0,197,23,32,0,0,0
5341,6.843,0,58,0,0,0,0,0,0,0,197,23,32,0,0,0
5342,25.036,0,58,0,0,0,0,0,0,0,197,23,32,0,0,0
5343,0.823,0,58,0,0,0,0,0,0,0,197,23,32,0,0,0
5344,0.667,0,58,0,0,0,0,0,0,0,197,23,32,0,0,0
5345,6.625,0,58,0,0,0,0,0,0,0,197,23,32,0,0,0
5346,25.225,0,58,0,0,0,0,0,0,0,197,23,32,0,0,0
5347,0.822,0,58,0,0,0,0,0,0,0,197,23,32,0,0,0
5348,0.619,0,58,0,0,0,0,0,0,0,197,23,32,0,0,0
5349,6.632,0,58,0,0,0,0,0,0,0,197,23,32,0,0,0
5350,25.191,0,58,0,0,0,0,0,0,0,197,23,32,0,0,0
5351,0.809,0,58,0,0,0,0,0,0,0,197,23,32,0,0,0
5352,0.719,0,58,0,0,0,0,0,0,0,197,23,32,0,0,0
5353,6.695,0,58,0,0,0,0,0,0,0,197,23,32,0,0,0
5354,25.142,0,58,0,0,0,0,0,0,0,197,23,32,0,0,0
5355,0.910,0,58,0,0,0,0,0,0,0,197,23,32,0,0,0
5356,1.808,0,58,0,0,0,0,0,0,0,197,23,32,0,0,0
5357,5.758,0,58,0,0,0,0,0,0,0,197,23,32,0,0,0
5358,25.042,0,58,0,0,0,0,0,0,0,197,23,32,0,0,0
5359,0.931,0,58,0,0,0,0,0,0,0,197,23,32,0,0,0
5360,0.674,0,58,0,0,0,0,0,0,0,197,23,32,0,0,0
5361,6.514,0,58,0,0,0,0,0,0,0,197,23,32,0,0,0
5362,24.992,0,58,0,0,0,0,0,0,0,197,23,32,0,0,0
5363,0.850,0,58,0,0,0,0,0,0,0,197,23,32,0,0,0
5364,0.651,0,58,0,0,0,0,0,0,0,197,23,32,0,0,0
5365,6.939,0,58,0,0,0,0,0,0,0,197,23,32,0,0,0
5366,24.883,0,58,0,0,0,0,0,0,0,197,23,32,0,0,0
5367,0.797,0,58,0,0,0,0,0,0,0,197,23,32,0,0,0
5368,0.669,0,58,0,0,0,0,0,0,0,197,23,32,0,0,0
5369,6.827,0,58,0,0,0,0,0,0,0,197,23,32,0,0,0
5370,25.367,0,58,0,0,0,0,0,0,0,197,23,32,0,0,0
5371,0.837,0,58,0,0,0,0,0,0,0,197,23,32,0,0,0
5372,0.719,0,58,0,0,0,0,0,0,0,197,23,32,0,0,0
5373,6.805,0,58,0,0,0,0,0,0,0,197,23,32,0,0,0
5374,24.634,0,58,0,0,0,0,0,0,0,197,23,32,0,0,0
5375,0.867,0,58,0,0,0,0,0,0,0,197,23,32,0,0,0
5376,0.756,0,58,0,0,0,0,0,0,0,197,23,32,0,0,0
5377,6.749,0,58,0,0,0,0,0,0,0,197,23,32,0,0,0
5378,25.001,0,58,0,0,0,0,0,0,0,197,23,32,0,0,0
5379,0.793,0,58,0,0,0,0,0,0,0,197,23,32,0,0,0
5380,0.723,0,58,0,0,0,0,0,0,0,197,23,32,0,0,0
5381,7.864,0,58,0,0,0,0,0,0,0,197,23,32,0,0,0
5382,23.951,0,58,0,0,0,0,0,0,0,197,23,32,0,0,0
5383,0.979,0,58,0,0,0,0,0,0,0,197,23,32,0,0,0
5384,1.617,0,58,0,0,0,0,0,0,0,197,23,32,0,0,0
5385,5.665,0,58,0,0,0,0,0,0,0,197,23,32,0,0,0
5386,25.066,0,58,0,0,0,0,0,0,0,197,23,32,0,0,0
5387,0.830,0,58,0,0,0,0,0,0,0,197,23,32,0,0,0
5388,0.766,0,58,0,0,0,0,0,0,0,197,23,32,0,0,0
5389,7.681,0,58,0,0,0,0,0,0,0,197,23,32,0,0,0
5390,24.032,0,58,0,0,0,0,0,0,0,197,23,32,0,0,0
5391,0.843,0,58,0,0,0,0,0,0,0,197,23,32,0,0,0
5392,0.759,0,58,0,0,0,0,0,0,0,197,23,32,0,0,0
5393,6.765,0,58,0,0,0,0,0,0,0,197,23,32,0,0,0
5394,25.109,0,58,0,0,0,0,0,0,0,197,23,32,0,0,0
5395,0.746,0,58,0,0,0,0,0,0,0,197,23,32,0,0,0
5396,0.662,0,58,0,0,0,0,0,0,0,197,23,32,0,0,0
5397,6.669,0,58,0,0,0,0,0,0,0,197,23,32,0,0,0
5398,25.190,0,58,0,0,0,0,0,0,0,197,23,32,0,0,0
5399,1.003,0,58,0,0,0,0,0,0,0,197,23,32,0,0,0
5400,0.702,0,58,0,0,0,0,0,0,0,197,23,32,0,0,0
5401,6.532,0,58,0,0,0,0,0,0,0,197,23,32,0,0,0
5402,25.082,0,58,0,0,0,0,0,0,0,197,23,32,0,0,0
5403,0.941,0,58,0,0,0,0,0,0,0,197,23,32,0,0,0
5404,0.772,0,58,0,0,0,0,0,0,0,197,23,32,0,0,0
5405,7.070,0,58,0,0,0,0,0,0,0,197,23,32,0,0,0
5406,24.573,0,58,0,0,0,0,0,0,0,197,23,32,0,0,0
5407,0.893,0,58,0,0,0,0,0,0,0,197,23,32,0,0,0
5408,0.872,0,58,0,0,0,0,0,0,0,197,23,32,0,0,0
5409,6.513,0,58,0,0,0,0,0,0,0,197,23,32,0,0,0
5410,25.233,0,58,0,0,0,0,0,0,0,197,23,32,0,0,0
5411,0.903,0,58,0,0,0,0,0,0,0,197,23,32,0,0,0
5412,1.797,0,58,0,0,0,0,0,0,0,197,23,32,0,0,0
5413,5.725,0,58,0,0,0,0,0,0,0,197,23,32,0,0,0
5414,24.864,0,58,0,0,0,0,0,0,0,197,23,32,0,0,0
5415,0.795,0,58,0,0,0,0,0,0,0,197,23,32,0,0,0
5416,0.686,0,58,0,0,0,0,0,0,0,197,23,32,0,0,0
5417,6.556,0,58,0,0,0,0,0,0,0,197,23,32,0,0,0
5418,25.199,0,58,0,0,0,0,0,0,0,197,23,32,0,0,0
5419,0.784,0,58,0,0,0,0,0,0,0,197,23,32,0,0,0
5420,0.706,0,58,0,0,0,0,0,0,0,197,23,32,0,0,0
5421,6.714,0,58,0,0,0,0,0,0,0,197,23,32,0,0,0
5422,25.106,0,58,0,0,0,0,0,0,0,197,23,32,0,0,0
5423,0.850,0,58,0,0,0,0,0,0,0,197,23,32,0,0,0
5424,0.778,0,58,0,0,0,0,0,0,0,197,23,32,0,0,0
5425,6.661,0,58,0,0,0,0,0,0,0,197,23,32,0,0,0
5426,24.892,0,58,0,0,0,0,0,0,0,197,23,32,0,0,0
5427,0.714,0,58,0,0,0,0,0,0,0,197,23,32,0,0,0
5428,0.743,0,58,0,0,0,0,0,0,0,197,23,32,0,0,0
5429,6.726,0,58,0,0,0,0,0,0,0,197,23,32,0,0,0
5430,25.250,0,58,0,0,0,0,0,0,0,197,23,32,0,0,0
5431,0.843,0,58,0,0,0,0,0,0,0,197,23,32,0,0,0
5432,0.735,0,58,0,0,0,0,0,0,0,197,23,32,0,0,0
5433,6.639,0,58,0,0,0,0,0,0,0,197,23,32,0,0,0
5434,25.076,0,58,0,0,0,0,0,0,0,197,23,32,0,0,0
5435,0.786,0,58,0,0,0,0,0,0,0,197,23,32,0,0,0
5436,0.743,0,58,0,0,0,0,0,0,0,197,23,32,0,0,0
5437,7.126,0,58,0,0,0,0,0,0,0,197,23,32,0,0,0
5438,24.828,0,58,0,0,0,0,0,0,0,197,23,32,0,0,0
5439,0.811,0,58,0,0,0,0,0,0,0,197,23,32,0,0,0
5440,0.808,0,58,0,0,0,0,0,0,0,197,23,32,0,0,0
5441,6.375,0,58,0,0,0,0,0,0,0,197,23,32,0,0,0
5442,25.161,0,58,0,0,0,0,0,0,0,197,23,32,0,0,0
5443,0.824,0,58,0,0,0,0,0,0,0,197,23,32,0,0,0
5444,0.666,0,58,0,0,0,0,0,0,0,197,23,32,0,0,0
5445,7.208,0,58,0,0,0,0,0,0,0,197,23,32,0,0,0
5446,24.756,0,58,0,0,0,0,0,0,0,197,23,32,0,0,0
5447,0.821,0,58,0,0,0,0,0,0,0,197,23,32,0,0,0
5448,0.627,0,58,0,0,0,0,0,0,0,197,23,32,0,0,0
5449,6.530,0,58,0,0,0,0,0,0,0,197,23,32,0,0,0
5450,25.253,0,58,0,0,0,0,0,0,0,197,23,32,0,0,0
5451,0.748,0,58,0,0,0,0,0,0,0,197,23,32,0,0,0
5452,0.651,0,58,0,0,0,0,0,0,0,197,23,32,0,0,0
5453,6.771,0,58,0,0,0,0,0,0,0,197,23,32,0,0,0
5454,25.215,0,58,0,0,0,0,0,0,0,197,23,32,0,0,0
5455,0.874,0,58,0,0,0,0,0,0,0,197,23,32,0,0,0
5456,0.806,0,58,0,0,0,0,0,0,0,197,23,32,0,0,0
5457,6.449,0,58,0,0,0,0,0,0,0,197,23,32,0,0,0
5458,25.197,0,58,0,0,0,0,0,0,0,197,23,32,0,0,0
5459,0.802,0,58,0,0,0,0,0,0,0,197,23,32,0,0,0
5460,0.672,0,58,0,0,0,0,0,0,0,197,23,32,0,0,0
5461,6.780,0,58,0,0,0,0,0,0,0,197,23,32,0,0,0
5462,25.150,0,58,0,0,0,0,0,0,0,197,23,32,0,0,0
5463,0.931,0,58,0,0,0,0,0,0,0,197,23,32,0,0,0
5464,0.709,0,58,0,0,0,0,0,0,0,197,23,32,0,0,0
5465,6.455,0,58,0,0,0,0,0,0,0,197,23,32,0,0,0
5466,25.070,0,58,0,0,0,0,0,0,0,197,23,32,0,0,0
5467,0.844,0,58,0,0,0,0,0,0,0,197,23,32,0,0,0
5468,1.035,0,58,0,0,0,0,0,0,0,197,23,32,0,0,0
5469,7.583,0,58,0,0,0,0,0,0,0,197,23,32,0,0,0
5470,24.052,0,58,0,0,0,0,0,0,0,197,23,32,0,0,0
5471,0.859,0,58,0,0,0,0,0,0,0,197,23,32,0,0,0
5472,0.665,0,58,0,0,0,0,0,0,0,197,23,32,0,0,0
5473,6.451,0,58,0,0,0,0,0,0,0,197,23,32,0,0,0
5474,25.152,0,58,0,0,0,0,0,0,0,197,23,32,0,0,0
5475,0.844,0,58,0,0,0,0,0,0,0,197,23,32,0,0,0
5476,0.598,0,58,0,0,0,0,0,0,0,197,23,32,0,0,0
5477,7.270,0,58,0,0,0,0,0,0,0,197,23,32,0,0,0
5478,24.702,0,58,0,0,0,0,0,0,0,197,23,32,0,0,0
5479,0.848,0,58,0,0,0,0,0,0,0,197,23,32,0,0,0
5480,0.723,0,58,0,0,0,0,0,0,0,197,23,32,0,0,0
5481,6.629,0,58,0,0,0,0,0,0,0,197,23,32,0,0,0
5482,25.229,0,58,0,0,0,0,0,0,0,197,23,32,0,0,0
5483,0.757,0,58,0,0,0,0,0,0,0,197,23,32,0,0,0
5484,0.692,0,58,0,0,0,0,0,0,0,197,23,32,0,0,0
5485,6.591,0,58,0,0,0,0,0,0,0,197,23,32,0,0,0
5486,25.163,0,58,0,0,0,0,0,0,0,197,23,32,0,0,0
5487,0.870,0,58,0,0,0,0,0,0,0,197,23,32,0,0,0
5488,0.776,0,58,0,0,0,0,0,0,0,197,23,32,0,0,0
5489,6.578,0,58,0,0,0,0,0,0,0,197,23,32,0,0,0
5490,25.149,0,58,0,0,0,0,0,0,0,197,23,32,0,0,0
5491,0.793,0,58,0,0,0,0,0,0,0,197,23,32,0,0,0
5492,0.718,0,58,0,0,0,0,0,0,0,197,23,32,0,0,0
5493,7.560,0,58,0,0,0,0,0,0,0,197,23,32,0,0,0
5494,24.444,0,58,0,0,0,0,0,0,0,197,23,32,0,0,0
5495,0.847,0,58,0,0,0,0,0,0,0,197,23,32,0,0,0
5496,0.696,0,58,0,0,0,0,0,0,0,197,23,32,0,0,0
5497,6.374,0,58,0,0,0,0,0,0,0,197,23,32,0,0,0
5498,25.245,0,58,0,0,0,0,0,0,0,197,23,32,0,0,0
5499,0.788,0,58,0,0,0,0,0,0,0,197,23,32,0,0,0
5500,0.722,0,58,0,0,0,0,0,0,0,197,23,32,0,0,0
5501,6.989,0,58,0,0,0,0,0,0,0,197,23,32,0,0,0
5502,24.903,0,58,0,0,0,0,0,0,0,197,23,32,0,0,0
5503,0.784,0,58,0,0,0,0,0,0,0,197,23,32,0,0,0
5504,0.645,0,58,0,0,0,0,0,0,0,197,23,32,0,0,0
5505,6.564,0,58,0,0,0,0,0,0,0,197,23,32,0,0,0
5506,25.326,0,58,0,0,0,0,0,0,0,197,23,32,0,0,0
5507,0.813,0,58,0,0,0,0,0,0,0,197,23,32,0,0,0
5508,0.641,0,58,0,0,0,0,0,0,0,197,23,32,0,0,0
5509,6.899,0,58,0,0,0,0,0,0,0,197,23,32,0,0,0
5510,24.885,0,58,0,0,0,0,0,0,0,197,23,32,0,0,0
5511,0.801,0,58,0,0,0,0,0,0,0,197,23,32,0,0,0
5512,0.681,0,58,0,0,0,0,0,0,0,197,23,32,0,0,0
5513,6.697,0,58,0,0,0,0,0,0,0,197,23,32,0,0,0
5514,25.120,0,58,0,0,0,0,0,0,0,197,23,32,0,0,0
5515,0.899,0,58,0,0,0,0,0,0,0,197,23,32,0,0,0
5516,0.677,0,58,0,0,0,0,0,0,0,197,23,32,0,0,0
5517,6.740,0,58,0,0,0,0,0,0,0,197,23,32,0,0,0
5518,25.306,0,58,0,0,0,0,0,0,0,197,23,32,0,0,0
5519,1.119,0,58,0,0,0,0,0,0,0,197,23,32,0,0,0
5520,0.757,0,58,0,0,0,0,0,0,0,197,23,32,0,0,0
5521,5.962,0,58,0,0,0,0,0,0,0,197,23,32,0,0,0
5522,25.189,0,58,0,0,0,0,0,0,0,197,23,32,0,0,0
5523,0.913,0,58,0,0,0,0,0,0,0,197,23,32,0,0,0
5524,0.748,0,58,0,0,0,0,0,0,0,197,23,32,0,0,0
5525,6.786,0,58,0,0,0,0,0,0,0,197,23,32,0,0,0
5526,24.965,0,58,0,0,0,0,0,0,0,197,23,32,0,0,0
5527,0.807,0,58,0,0,0,0,0,0,0,197,23,32,0,0,0
5528,0.727,0,58,0,0,0,0,0,0,0,197,23,32,0,0,0
5529,6.566,0,58,0,0,0,0,0,0,0,197,23,32,0,0,0
5530,25.322,0,58,0,0,0,0,0,0,0,197,23,32,0,0,0
5531,0.779,0,58,0,0,0,0,0,0,0,197,23,32,0,0,0
5532,0.701,0,58,0,0,0,0,0,0,0,197,23,32,0,0,0
5533,6.633,0,58,0,0,0,0,0,0,0,197,23,32,0,0,0
5534,25.087,0,58,0,0,0,0,0,0,0,197,23,32,0,0,0
5535,0.800,0,58,0,0,0,0,0,0,0,197,23,32,0,0,0
5536,0.723,0,58,0,0,0,0,0,0,0,197,23,32,0,0,0
5537,6.777,0,58,0,0,0,0,0,0,0,197,23,32,0,0,0
5538,33.363,0,58,0,0,0,0,0,0,0,197,23,32,0,0,0
5539,0.814,0,58,0,0,0,0,0,0,0,197,23,32,0,0,0
5540,0.711,0,58,0,0,0,0,0,0,0,197,23,32,0,0,0
5541,6.607,0,58,0,0,0,0,0,0,0,197,23,32,0,0,0
5542,25.162,0,58,0,0,0,0,0,0,0,197,23,32,0,0,0
5543,0.823,0,58,0,0,0,0,0,0,0,197,23,32,0,0,0
5544,0.674,0,58,0,0,0,0,0,0,0,197,23,32,0,0,0
5545,6.608,0,58,0,0,0,0,0,0,0,197,23,32,0,0,0
5546,25.377,0,58,0,0,0,0,0,0,0,197,23,32,0,0,0
5547,0.801,0,58,0,0,0,0,0,0,0,197,23,32,0,0,0
5548,0.670,0,58,0,0,0,0,0,0,0,197,23,32,0,0,0
5549,6.460,0,58,0,0,0,0,0,0,0,197,23,32,0,0,0
5550,25.268,0,58,0,0,0,0,0,0,0,197,23,32,0,0,0
5551,0.839,0,58,0,0,0,0,0,0,0,197,23,32,0,0,0
5552,0.622,0,58,0,0,0,0,0,0,0,197,23,32,0,0,0
5553,6.633,0,58,0,0,0,0,0,0,0,197,23,32,0,0,0
5554,25.701,0,58,0,0,0,0,0,0,0,197,23,32,0,0,0
5555,0.857,0,58,0,0,0,0,0,0,0,197,23,32,0,0,0
5556,0.873,0,58,0,0,0,0,0,0,0,197,23,32,0,0,0
5557,5.893,0,58,0,0,0,0,0,0,0,197,23,32,0,0,0
5558,25.223,0,58,0,0,0,0,0,0,0,197,23,32,0,0,0
5559,0.808,0,58,0,0,0,0,0,0,0,197,23,32,0,0,0
5560,1.251,0,58,0,0,0,0,0,0,0,197,23,32,0,0,0
5561,6.169,0,58,0,0,0,0,0,0,0,197,23,32,0,0,0
5562,25.285,0,58,0,0,0,0,0,0,0,197,23,32,0,0,0
5563,0.739,0,58,0,0,0,0,0,0,0,197,23,32,0,0,0
5564,0.752,0,58,0,0,0,0,0,0,0,197,23,32,0,0,0
5565,6.471,0,58,0,0,0,0,0,0,0,197,23,32,0,0,0
5566,25.214,0,58,0,0,0,0,0,0,0,197,23,32,0,0,0
5567,0.828,0,58,0,0,0,0,0,0,0,197,23,32,0,0,0
5568,0.697,0,58,0,0,0,0,0,0,0,197,23,32,0,0,0
5569,6.726,0,58,0,0,0,0,0,0,0,197,23,32,0,0,0
5570,25.170,0,58,0,0,0,0,0,0,0,197,23,32,0,0,0
5571,0.868,0,58,0,0,0,0,0,0,0,197,23,32,0,0,0
5572,0.695,0,58,0,0,0,0,0,0,0,197,23,32,0,0,0
5573,6.466,0,58,0,0,0,0,0,0,0,197,23,32,0,0,0
5574,25.258,0,58,0,0,0,0,0,0,0,197,23,32,0,0,0
5575,0.931,0,58,0,0,0,0,0,0,0,197,23,32,0,0,0
5576,0.705,0,58,0,0,0,0,0,0,0,197,23,32,0,0,0
5577,6.459,0,58,0,0,0,0,0,0,0,197,23,32,0,0,0
5578,25.372,0,58,0,0,0,0,0,0,0,197,23,32,0,0,0
5579,1.104,0,58,0,0,0,0,0,0,0,197,23,32,0,0,0
5580,0.881,0,58,0,0,0,0,0,0,0,197,23,32,0,0,0
5581,6.129,0,58,0,0,0,0,0,0,0,197,23,32,0,0,0
5582,25.247,0,58,0,0,0,0,0,0,0,197,23,32,0,0,0
5583,0.979,0,58,0,0,0,0,0,0,0,197,23,32,0,0,0
5584,1.798,0,58,0,0,0,0,0,0,0,197,23,32,0,0,0
5585,5.137,0,58,0,0,0,0,0,0,0,197,23,32,0,0,0
5586,25.328,0,58,0,0,0,0,0,0,0,197,23,32,0,0,0
5587,1.016,0,58,0,0,0,0,0,0,0,197,23,32,0,0,0
5588,0.860,0,58,0,0,0,0,0,0,0,197,23,32,0,0,0
5589,6.045,0,58,0,0,0,0,0,0,0,197,23,32,0,0,0
5590,25.292,0,58,0,0,0,0,0,0,0,197,23,32,0,0,0
5591,0.803,0,58,0,0,0,0,0,0,0,197,23,32,0,0,0
5592,0.709,0,58,0,0,0,0,0,0,0,197,23,32,0,0,0
5593,6.785,0,58,0,0,0,0,0,0,0,197,23,32,0,0,0
5594,25.441,0,58,0,0,0,0,0,0,0,197,23,32,0,0,0
5595,0.959,0,58,0,0,0,0,0,0,0,197,23,32,0,0,0
5596,0.744,0,58,0,0,0,0,0,0,0,197,23,32,0,0,0
5597,6.108,0,58,0,0,0,0,0,0,0,197,23,32,0,0,0
5598,25.185,0,58,0,0,0,0,0,0,0,197,23,32,0,0,0
5599,0.780,0,58,0,0,0,0,0,0,0,197,23,32,0,0,0
5600,0.671,0,58,0,0,0,0,0,0,0,197,23,32,0,0,0
5601,6.694,0,58,0,0,0,0,0,0,0,197,23,32,0,0,0
5602,25.922,0,58,0,0,0,0,0,0,0,197,23,32,0,0,0
5603,0.907,0,58,0,0,0,0,0,0,0,197,23,32,0,0,0
5604,0.667,0,58,0,0,0,0,0,0,0,197,23,32,0,0,0
5605,5.826,0,58,0,0,0,0,0,0,0,197,23,32,0,0,0
5606,25.146,0,58,0,0,0,0,0,0,0,197,23,32,0,0,0
5607,1.019,0,58,0,0,0,0,0,0,0,197,23,32,0,0,0
5608,0.907,0,58,0,0,0,0,0,0,0,197,23,32,0,0,0
5609,6.351,0,58,0,0,0,0,0,0,0,197,23,32,0,0,0
5610,25.569,0,58,0,0,0,0,0,0,0,197,23,32,0,0,0
5611,0.880,0,58,0,0,0,0,0,0,0,197,23,32,0,0,0
5612,0.731,0,58,0,0,0,0,0,0,0,197,23,32,0,0,0
5613,5.949,0,58,0,0,0,0,0,0,0,197,23,32,0,0,0
5614,25.236,0,58,0,0,0,0,0,0,0,197,23,32,0,0,0
5615,0.794,0,58,0,0,0,0,0,0,0,197,23,32,0,0,0
5616,0.653,0,58,0,0,0,0,0,0,0,197,23,32,0,0,0
5617,6.703,0,58,0,0,0,0,0,0,0,197,23,32,0,0,0
5618,25.143,0,58,0,0,0,0,0,0,0,197,23,32,0,0,0
5619,0.997,0,58,0,0,0,0,0,0,0,197,23,32,0,0,0
5620,0.650,0,58,0,0,0,0,0,0,0,197,23,32,0,0,0
5621,6.565,0,58,0,0,0,0,0,0,0,197,23,32,0,0,0
5622,25.256,0,58,0,0,0,0,0,0,0,197,23,32,0,0,0
5623,0.804,0,58,0,0,0,0,0,0,0,197,23,32,0,0,0
5624,0.689,0,58,0,0,0,0,0,0,0,197,23,32,0,0,0
5625,6.717,0,58,0,0,0,0,0,0,0,197,23,32,0,0,0
5626,25.131,0,58,0,0,0,0,0,0,0,197,23,32,0,0,0
5627,0.901,0,58,0,0,0,0,0,0,0,197,23,32,0,0,0
5628,0.731,0,58,0,0,0,0,0,0,0,197,23,32,0,0,0
5629,6.494,0,58,0,0,0,0,0,0,0,197,23,32,0,0,0
5630,25.144,0,58,0,0,0,0,0,0,0,197,23,32,0,0,0
5631,0.882,0,58,0,0,0,0,0,0,0,197,23,32,0,0,0
5632,0.688,0,58,0,0,0,0,0,0,0,197,23,32,0,0,0
5633,6.667,0,58,0,0,0,0,0,0,0,197,23,32,0,0,0
5634,25.449,0,58,0,0,0,0,0,0,0,197,23,32,0,0,0
5635,0.961,0,58,0,0,0,0,0,0,0,197,23,32,0,0,0
5636,0.675,0,58,0,0,0,0,0,0,0,197,23,32,0,0,0
5637,6.116,0,58,0,0,0,0,0,0,0,197,23,32,0,0,0
5638,25.467,0,58,0,0,0,0,0,0,0,197,23,32,0,0,0
5639,1.116,0,58,0,0,0,0,0,0,0,197,23,32,0,0,0
5640,1.808,0,58,0,0,0,0,0,0,0,197,23,32,0,0,0
5641,4.843,0,58,0,0,0,0,0,0,0,197,23,32,0,0,0
5642,25.508,0,58,0,0,0,0,0,0,0,197,23,32,0,0,0
5643,0.982,0,58,0,0,0,0,0,0,0,197,23,32,0,0,0
5644,1.013,0,58,0,0,0,0,0,0,0,197,23,32,0,0,0
5645,5.862,0,58,0,0,0,0,0,0,0,197,23,32,0,0,0
5646,25.209,0,58,0,0,0,0,0,0,0,197,23,32,0,0,0
5647,0.839,0,58,0,0,0,0,0,0,0,197,23,32,0,0,0
5648,0.660,0,58,0,0,0,0,0,0,0,197,23,32,0,0,0
5649,6.673,0,58,0,0,0,0,0,0,0,197,23,32,0,0,0
5650,26.022,0,58,0,0,0,0,0,0,0,197,23,32,0,0,0
5651,0.799,0,58,0,0,0,0,0,0,0,197,23,32,0,0,0
5652,0.751,0,58,0,0,0,0,0,0,0,197,23,32,0,0,0
5653,5.784,0,58,0,0,0,0,0,0,0,197,23,32,0,0,0
5654,25.160,0,58,0,0,0,0,0,0,0,197,23,32,0,0,0
5655,0.785,0,58,0,0,0,0,0,0,0,197,23,32,0,0,0
5656,0.813,0,58,0,0,0,0,0,0,0,197,23,32,0,0,0
5657,6.732,0,58,0,0,0,0,0,0,0,197,23,32,0,0,0
5658,26.093,0,58,0,0,0,0,0,0,0,197,23,32,0,0,0
5659,0.769,0,58,0,0,0,0,0,0,0,197,23,32,0,0,0
5660,0.682,0,58,0,0,0,0,0,0,0,197,23,32,0,0,0
5661,5.655,0,58,0,0,0,0,0,0,0,197,23,32,0,0,0
5662,25.205,0,58,0,0,0,0,0,0,0,197,23,32,0,0,0
5663,0.849,0,58,0,0,0,0,0,0,0,197,23,32,0,0,0
5664,0.678,0,58,0,0,0,0,0,0,0,197,23,32,0,0,0
5665,6.741,0,58,0,0,0,0,0,0,0,197,23,32,0,0,0
5666,24.950,0,58,0,0,0,0,0,0,0,197,23,32,0,0,0
5667,0.990,0,58,0,0,0,0,0,0,0,197,23,32,0,0,0
5668,2.407,0,58,0,0,0,0,0,0,0,197,23,32,0,0,0
5669,4.745,0,58,0,0,0,0,0,0,0,197,23,32,0,0,0
5670,25.274,0,58,0,0,0,0,0,0,0,197,23,32,0,0,0
5671,0.972,0,58,0,0,0,0,0,0,0,197,23,32,0,0,0
5672,0.963,0,58,0,0,0,0,0,0,0,197,23,32,0,0,0
5673,6.126,0,58,0,0,0,0,0,0,0,197,23,32,0,0,0
5674,25.251,0,58,0,0,0,0,0,0,0,197,23,32,0,0,0
5675,0.914,0,58,0,0,0,0,0,0,0,197,23,32,0,0,0
5676,0.707,0,58,0,0,0,0,0,0,0,197,23,32,0,0,0
5677,6.474,0,58,0,0,0,0,0,0,0,197,23,32,0,0,0
5678,25.197,0,58,0,0,0,0,0,0,0,197,23,32,0,0,0
5679,0.781,0,58,0,0,0,0,0,0,0,197,23,32,0,0,0
5680,0.717,0,58,0,0,0,0,0,0,0,197,23,32,0,0,0
5681,6.678,0,58,0,0,0,0,0,0,0,197,23,32,0,0,0
5682,25.066,0,58,0,0,0,0,0,0,0,197,23,32,0,0,0
5683,0.890,0,58,0,0,0,0,0,0,0,197,23,32,0,0,0
5684,0.703,0,58,0,0,0,0,0,0,0,197,23,32,0,0,0
5685,6.630,0,58,0,0,0,0,0,0,0,197,23,32,0,0,0
5686,25.162,0,58,0,0,0,0,0,0,0,197,23,32,0,0,0
5687,0.829,0,58,0,0,0,0,0,0,0,197,23,32,0,0,0
5688,0.628,0,58,0,0,0,0,0,0,0,197,23,32,0,0,0
5689,6.670,0,58,0,0,0,0,0,0,0,197,23,32,0,0,0
5690,25.258,0,58,0,0,0,0,0,0,0,197,23,32,0,0,0
5691,0.866,0,58,0,0,0,0,0,0,0,197,23,32,0,0,0
5692,0.810,0,58,0,0,0,0,0,0,0,197,23,32,0,0,0
5693,6.486,0,58,0,0,0,0,0,0,0,197,23,32,0,0,0
5694,25.229,0,58,0,0,0,0,0,0,0,197,23,32,0,0,0
5695,0.847,0,58,0,0,0,0,0,0,0,197,23,32,0,0,0
5696,1.620,0,58,0,0,0,0,0,0,0,197,23,32,0,0,0
5697,5.587,0,58,0,0,0,0,0,0,0,197,23,32,0,0,0
5698,25.939,0,58,0,0,0,0,0,0,0,197,23,32,0,0,0
5699,1.033,0,58,0,0,0,0,0,0,0,197,23,32,0,0,0
5700,0.723,0,58,0,0,0,0,0,0,0,197,23,32,0,0,0
5701,5.788,0,58,0,0,0,0,0,0,0,197,23,32,0,0,0
5702,25.688,0,58,0,0,0,0,0,0,0,197,23,32,0,0,0
5703,0.944,0,58,0,0,0,0,0,0,0,197,23,32,0,0,0
5704,0.764,0,58,0,0,0,0,0,0,0,197,23,32,0,0,0
5705,5.711,0,58,0,0,0,0,0,0,0,197,23,32,0,0,0
5706,26.134,0,58,0,0,0,0,0,0,0,197,23,32,0,0,0
5707,0.813,0,58,0,0,0,0,0,0,0,197,23,32,0,0,0
5708,0.634,0,58,0,0,0,0,0,0,0,197,23,32,0,0,0
5709,5.815,0,58,0,0,0,0,0,0,0,197,23,32,0,0,0
5710,25.266,0,58,0,0,0,0,0,0,0,197,23,32,0,0,0
5711,0.969,0,58,0,0,0,0,0,0,0,197,23,32,0,0,0
5712,0.852,0,58,0,0,0,0,0,0,0,197,23,32,0,0,0
5713,6.206,0,58,0,0,0,0,0,0,0,197,23,32,0,0,0
5714,25.160,0,58,0,0,0,0,0,0,0,197,23,32,0,0,0
5715,0.957,0,58,0,0,0,0,0,0,0,197,23,32,0,0,0
5716,0.904,0,58,0,0,0,0,0,0,0,197,23,32,0,0,0
5717,6.463,0,58,0,0,0,0,0,0,0,197,23,32,0,0,0
5718,25.102,0,58,0,0,0,0,0,0,0,197,23,32,0,0,0
5719,0.825,0,58,0,0,0,0,0,0,0,197,23,32,0,0,0
5720,0.713,0,58,0,0,0,0,0,0,0,197,23,32,0,0,0
5721,6.742,0,58,0,0,0,0,0,0,0,197,23,32,0,0,0
5722,24.962,0,58,0,0,0,0,0,0,0,197,23,32,0,0,0
5723,1.075,0,58,0,0,0,0,0,0,0,197,23,32,0,0,0
5724,1.504,0,58,0,0,0,0,0,0,0,197,23,32,0,0,0
5725,5.631,0,58,0,0,0,0,0,0,0,197,23,32,0,0,0
5726,25.254,0,58,0,0,0,0,0,0,0,197,23,32,0,0,0
5727,0.918,0,58,0,0,0,0,0,0,0,197,23,32,0,0,0
5728,0.793,0,58,0,0,0,0,0,0,0,197,23,32,0,0,0
5729,6.395,0,58,0,0,0,0,0,0,0,197,23,32,0,0,0
5730,25.402,0,58,0,0,0,0,0,0,0,197,23,32,0,0,0
5731,0.813,0,58,0,0,0,0,0,0,0,197,23,32,0,0,0
5732,0.720,0,58,0,0,0,0,0,0,0,197,23,32,0,0,0
5733,6.529,0,58,0,0,0,0,0,0,0,197,23,32,0,0,0
5734,25.136,0,58,0,0,0,0,0,0,0,197,23,32,0,0,0
5735,0.894,0,58,0,0,0,0,0,0,0,197,23,32,0,0,0
5736,0.667,0,58,0,0,0,0,0,0,0,197,23,32,0,0,0
5737,6.545,0,58,0,0,0,0,0,0,0,197,23,32,0,0,0
5738,25.063,0,58,0,0,0,0,0,0,0,197,23,32,0,0,0
5739,0.919,0,58,0,0,0,0,0,0,0,197,23,32,0,0,0
5740,0.725,0,58,0,0,0,0,0,0,0,197,23,32,0,0,0
5741,6.970,0,58,0,0,0,0,0,0,0,197,23,32,0,0,0
5742,24.787,0,58,0,0,0,0,0,0,0,197,23,32,0,0,0
5743,0.771,0,58,0,0,0,0,0,0,0,197,23,32,0,0,0
5744,0.681,0,58,0,0,0,0,0,0,0,197,23,32,0,0,0
5745,6.766,0,58,0,0,0,0,0,0,0,197,23,32,0,0,0
5746,25.074,0,58,0,0,0,0,0,0,0,197,23,32,0,0,0
5747,0.827,0,58,0,0,0,0,0,0,0,197,23,32,0,0,0
5748,0.664,0,58,0,0,0,0,0,0,0,197,23,32,0,0,0
5749,6.736,0,58,0,0,0,0,0,0,0,197,23,32,0,0,0
5750,25.237,0,58,0,0,0,0,0,0,0,197,23,32,0,0,0
5751,0.839,0,58,0,0,0,0,0,0,0,197,23,32,0,0,0
5752,1.203,0,58,0,0,0,0,0,0,0,197,23,32,0,0,0
5753,6.045,0,58,0,0,0,0,0,0,0,197,23,32,0,0,0
5754,26.164,0,58,0,0,0,0,0,0,0,197,23,32,0,0,0
5755,0.816,0,58,0,0,0,0,0,0,0,197,23,32,0,0,0
5756,0.626,0,58,0,0,0,0,0,0,0,197,23,32,0,0,0
5757,5.732,0,58,0,0,0,0,0,0,0,197,23,32,0,0,0
5758,25.153,0,58,0,0,0,0,0,0,0,197,23,32,0,0,0
5759,0.821,0,58,0,0,0,0,0,0,0,197,23,32,0,0,0
5760,0.666,0,58,0,0,0,0,0,0,0,197,23,32,0,0,0
5761,6.815,0,58,0,0,0,0,0,0,0,197,23,32,0,0,0
5762,25.572,0,58,0,0,0,0,0,0,0,197,23,32,0,0,0
5763,0.874,0,58,0,0,0,0,0,0,0,197,23,32,0,0,0
5764,0.695,0,58,0,0,0,0,0,0,0,197,23,32,0,0,0
5765,6.281,0,58,0,0,0,0,0,0,0,197,23,32,0,0,0
5766,25.105,0,58,0,0,0,0,0,0,0,197,23,32,0,0,0
5767,0.778,0,58,0,0,0,0,0,0,0,197,23,32,0,0,0
5768,0.743,0,58,0,0,0,0,0,0,0,197,23,32,0,0,0
5769,6.731,0,58,0,0,0,0,0,0,0,197,23,32,0,0,0
5770,24.837,0,58,0,0,0,0,0,0,0,197,23,32,0,0,0
5771,0.950,0,58,0,0,0,0,0,0,0,197,23,32,0,0,0
5772,0.720,0,58,0,0,0,0,0,0,0,197,23,32,0,0,0
5773,6.644,0,58,0,0,0,0,0,0,0,197,23,32,0,0,0
5774,25.003,0,58,0,0,0,0,0,0,0,197,23,32,0,0,0
5775,0.809,0,58,0,0,0,0,0,0,0,197,23,32,0,0,0
5776,0.823,0,58,0,0,0,0,0,0,0,197,23,32,0,0,0
5777,6.692,0,58,0,0,0,0,0,0,0,197,23,32,0,0,0
5778,25.193,0,58,0,0,0,0,0,0,0,197,23,32,0,0,0
5779,0.809,0,58,0,0,0,0,0,0,0,197,23,32,0,0,0
5780,1.722,0,58,0,0,0,0,0,0,0,197,23,32,0,0,0
5781,5.541,0,58,0,0,0,0,0,0,0,197,23,32,0,0,0
5782,25.151,0,58,0,0,0,0,0,0,0,197,23,32,0,0,0
5783,0.837,0,58,0,0,0,0,0,0,0,197,23,32,0,0,0
5784,0.689,0,58,0,0,0,0,0,0,0,197,23,32,0,0,0
5785,6.675,0,58,0,0,0,0,0,0,0,197,23,32,0,0,0
5786,25.640,0,58,0,0,0,0,0,0,0,197,23,32,0,0,0
5787,0.936,0,58,0,0,0,0,0,0,0,197,23,32,0,0,0
5788,0.716,0,58,0,0,0,0,0,0,0,197,23,32,0,0,0
5789,6.160,0,58,0,0,0,0,0,0,0,197,23,32,0,0,0
5790,25.067,0,58,0,0,0,0,0,0,0,197,23,32,0,0,0
5791,0.831,0,58,0,0,0,0,0,0,0,197,23,32,0,0,0
5792,0.661,0,58,0,0,0,0,0,0,0,197,23,32,0,0,0
5793,6.798,0,58,0,0,0,0,0,0,0,197,23,32,0,0,0
5794,25.059,0,58,0,0,0,0,0,0,0,197,23,32,0,0,0
5795,0.862,0,58,0,0,0,0,0,0,0,197,23,32,0,0,0
5796,0.710,0,58,0,0,0,0,0,0,0,197,23,32,0,0,0
5797,6.622,0,58,0,0,0,0,0,0,0,197,23,32,0,0,0
5798,25.054,0,58,0,0,0,0,0,0,0,197,23,32,0,0,0
5799,0.921,0,58,0,0,0,0,0,0,0,197,23,32,0,0,0
5800,0.761,0,58,0,0,0,0,0,0,0,197,23,32,0,0,0
5801,6.552,0,58,0,0,0,0,0,0,0,197,23,32,0,0,0
5802,25.359,0,58,0,0,0,0,0,0,0,197,23,32,0,0,0
5803,0.898,0,58,0,0,0,0,0,0,0,197,23,32,0,0,0
5804,0.739,0,58,0,0,0,0,0,0,0,197,23,32,0,0,0
5805,6.470,0,58,0,0,0,0,0,0,0,197,23,32,0,0,0
5806,24.998,0,58,0,0,0,0,0,0,0,197,23,32,0,0,0
5807,0.851,0,58,0,0,0,0,0,0,0,197,23,32,0,0,0
5808,2.197,0,58,0,0,0,0,0,0,0,197,23,32,0,0,0
5809,5.236,0,58,0,0,0,0,0,0,0,197,23,32,0,0,0
5810,25.557,0,58,0,0,0,0,0,0,0,197,23,32,0,0,0
5811,1.013,0,58,0,0,0,0,0,0,0,197,23,32,0,0,0
5812,0.749,0,58,0,0,0,0,0,0,0,197,23,32,0,0,0
5813,5.954,0,58,0,0,0,0,0,0,0,197,23,32,0,0,0
5814,25.106,0,58,0,0,0,0,0,0,0,197,23,32,0,0,0
5815,0.779,0,58,0,0,0,0,0,0,0,197,23,32,0,0,0
5816,0.815,0,58,0,0,0,0,0,0,0,197,23,32,0,0,0
5817,6.532,0,58,0,0,0,0,0,0,0,197,23,32,0,0,0
5818,25.257,0,58,0,0,0,0,0,0,0,197,23,32,0,0,0
5819,0.933,0,58,0,0,0,0,0,0,0,197,23,32,0,0,0
5820,0.812,0,58,0,0,0,0,0,0,0,197,23,32,0,0,0
5821,6.499,0,58,0,0,0,0,0,0,0,197,23,32,0,0,0
5822,24.973,0,58,0,0,0,0,0,0,0,197,23,32,0,0,0
5823,0.859,0,58,0,0,0,0,0,0,0,197,23,32,0,0,0
5824,0.725,0,58,0,0,0,0,0,0,0,197,23,32,0,0,0
5825,6.653,0,58,0,0,0,0,0,0,0,197,23,32,0,0,0
5826,25.591,0,58,0,0,0,0,0,0,0,197,23,32,0,0,0
5827,0.862,0,58,0,0,0,0,0,0,0,197,23,32,0,0,0
5828,0.747,0,58,0,0,0,0,0,0,0,197,23,32,0,0,0
5829,6.142,0,58,0,0,0,0,0,0,0,197,23,32,0,0,0
5830,25.169,0,58,0,0,0,0,0,0,0,197,23,32,0,0,0
5831,0.909,0,58,0,0,0,0,0,0,0,197,23,32,0,0,0
5832,0.723,0,58,0,0,0,0,0,0,0,197,23,32,0,0,0
5833,6.523,0,58,0,0,0,0,0,0,0,197,23,32,0,0,0
5834,25.175,0,58,0,0,0,0,0,0,0,197,23,32,0,0,0
5835,0.836,0,58,0,0,0,0,0,0,0,197,23,32,0,0,0
5836,0.719,0,58,0,0,0,0,0,0,0,197,23,32,0,0,0
5837,6.732,0,58,0,0,0,0,0,0,0,197,23,32,0,0,0
5838,25.006,0,58,0,0,0,0,0,0,0,197,23,32,0,0,0
5839,0.912,0,58,0,0,0,0,0,0,0,197,23,32,0,0,0
5840,1.655,0,58,0,0,0,0,0,0,0,197,23,32,0,0,0
5841,5.522,0,58,0,0,0,0,0,0,0,197,23,32,0,0,0
5842,25.526,0,58,0,0,0,0,0,0,0,197,23,32,0,0,0
5843,0.890,0,58,0,0,0,0,0,0,0,197,23,32,0,0,0
5844,0.756,0,58,0,0,0,0,0,0,0,197,23,32,0,0,0
5845,6.456,0,58,0,0,0,0,0,0,0,197,23,32,0,0,0
5846,24.990,0,58,0,0,0,0,0,0,0,197,23,32,0,0,0
5847,0.871,0,58,0,0,0,0,0,0,0,197,23,32,0,0,0
5848,0.661,0,58,0,0,0,0,0,0,0,197,23,32,0,0,0
5849,6.758,0,58,0,0,0,0,0,0,0,197,23,32,0,0,0
5850,25.135,0,58,0,0,0,0,0,0,0,197,23,32,0,0,0
5851,0.925,0,58,0,0,0,0,0,0,0,197,23,32,0,0,0
5852,0.759,0,58,0,0,0,0,0,0,0,197,23,32,0,0,0
5853,6.651,0,58,0,0,0,0,0,0,0,197,23,32,0,0,0
5854,25.002,0,58,0,0,0,0,0,0,0,197,23,32,0,0,0
5855,0.822,0,58,0,0,0,0,0,0,0,197,23,32,0,0,0
5856,0.688,0,58,0,0,0,0,0,0,0,197,23,32,0,0,0
5857,6.741,0,58,0,0,0,0,0,0,0,197,23,32,0,0,0
5858,24.870,0,58,0,0,0,0,0,0,0,197,23,32,0,0,0
5859,1.001,0,58,0,0,0,0,0,0,0,197,23,32,0,0,0
5860,0.860,0,58,0,0,0,0,0,0,0,197,23,32,0,0,0
5861,6.463,0,58,0,0,0,0,0,0,0,197,23,32,0,0,0
5862,25.058,0,58,0,0,0,0,0,0,0,197,23,32,0,0,0
5863,0.900,0,58,0,0,0,0,0,0,0,197,23,32,0,0,0
5864,1.816,0,58,0,0,0,0,0,0,0,197,23,32,0,0,0
5865,5.682,0,58,0,0,0,0,0,0,0,197,23,32,0,0,0
5866,25.100,0,58,0,0,0,0,0,0,0,197,23,32,0,0,0
5867,0.962,0,58,0,0,0,0,0,0,0,197,23,32,0,0,0
5868,0.776,0,58,0,0,0,0,0,0,0,197,23,32,0,0,0
5869,6.422,0,58,0,0,0,0,0,0,0,197,23,32,0,0,0
5870,25.023,0,58,0,0,0,0,0,0,0,197,23,32,0,0,0
5871,0.865,0,58,0,0,0,0,0,0,0,197,23,32,0,0,0
5872,0.681,0,58,0,0,0,0,0,0,0,197,23,32,0,0,0
5873,6.679,0,58,0,0,0,0,0,0,0,197,23,32,0,0,0
5874,25.307,0,58,0,0,0,0,0,0,0,197,23,32,0,0,0
5875,0.961,0,58,0,0,0,0,0,0,0,197,23,32,0,0,0
5876,0.865,0,58,0,0,0,0,0,0,0,197,23,32,0,0,0
5877,6.442,0,58,0,0,0,0,0,0,0,197,23,32,0,0,0
5878,25.011,0,58,0,0,0,0,0,0,0,197,23,32,0,0,0
5879,0.919,0,58,0,0,0,0,0,0,0,197,23,32,0,0,0
5880,0.776,0,58,0,0,0,0,0,0,0,197,23,32,0,0,0
5881,6.456,0,58,0,0,0,0,0,0,0,197,23,32,0,0,0
5882,25.093,0,58,0,0,0,0,0,0,0,197,23,32,0,0,0
5883,0.878,0,58,0,0,0,0,0,0,0,197,23,32,0,0,0
5884,0.677,0,58,0,0,0,0,0,0,0,197,23,32,0,0,0
5885,6.838,0,58,0,0,0,0,0,0,0,197,23,32,0,0,0
5886,25.042,0,58,0,0,0,0,0,0,0,197,23,32,0,0,0
5887,0.836,0,58,0,0,0,0,0,0,0,197,23,32,0,0,0
5888,3.268,0,58,0,0,0,0,0,0,0,197,23,32,0,0,0
5889,4.114,0,58,0,0,0,0,0,0,0,197,23,32,0,0,0
5890,25.037,0,58,0,0,0,0,0,0,0,197,23,32,0,0,0
5891,1.014,0,58,0,0,0,0,0,0,0,197,23,32,0,0,0
5892,0.732,0,58,0,0,0,0,0,0,0,197,23,32,0,0,0
5893,6.422,0,58,0,0,0,0,0,0,0,197,23,32,0,0,0
5894,25.198,0,58,0,0,0,0,0,0,0,197,23,32,0,0,0
5895,0.800,0,58,0,0,0,0,0,0,0,197,23,32,0,0,0
5896,0.754,0,58,0,0,0,0,0,0,0,197,23,32,0,0,0
5897,6.660,0,58,0,0,0,0,0,0,0,197,23,32,0,0,0
5898,25.143,0,58,0,0,0,0,0,0,0,197,23,32,0,0,0
5899,0.853,0,58,0,0,0,0,0,0,0,197,23,32,0,0,0
5900,0.713,0,58,0,0,0,0,0,0,0,197,23,32,0,0,0
5901,6.718,0,58,0,0,0,0,0,0,0,197,23,32,0,0,0
5902,25.004,0,58,0,0,0,0,0,0,0,197,23,32,0,0,0
5903,0.872,0,58,0,0,0,0,0,0,0,197,23,32,0,0,0
5904,0.732,0,58,0,0,0,0,0,0,0,197,23,32,0,0,0
5905,6.480,0,58,0,0,0,0,0,0,0,197,23,32,0,0,0
5906,25.166,0,58,0,0,0,0,0,0,0,197,23,32,0,0,0
5907,0.862,0,58,0,0,0,0,0,0,0,197,23,32,0,0,0
5908,0.808,0,58,0,0,0,0,0,0,0,197,23,32,0,0,0
5909,6.807,0,58,0,0,0,0,0,0,0,197,23,32,0,0,0
5910,25.142,0,58,0,0,0,0,0,0,0,197,23,32,0,0,0
5911,0.948,0,58,0,0,0,0,0,0,0,197,23,32,0,0,0
5912,0.767,0,58,0,0,0,0,0,0,0,197,23,32,0,0,0
5913,6.358,0,58,0,0,0,0,0,0,0,197,23,32,0,0,0
5914,25.242,0,58,0,0,0,0,0,0,0,197,23,32,0,0,0
5915,0.980,0,58,0,0,0,0,0,0,0,197,23,32,0,0,0
5916,2.199,0,58,0,0,0,0,0,0,0,197,23,32,0,0,0
5917,4.847,0,58,0,0,0,0,0,0,0,197,23,32,0,0,0
5918,24.964,0,58,0,0,0,0,0,0,0,197,23,32,0,0,0
5919,0.873,0,58,0,0,0,0,0,0,0,197,23,32,0,0,0
5920,0.722,0,58,0,0,0,0,0,0,0,197,23,32,0,0,0
5921,6.801,0,58,0,0,0,0,0,0,0,197,23,32,0,0,0
5922,25.042,0,58,0,0,0,0,0,0,0,197,23,32,0,0,0
5923,0.890,0,58,0,0,0,0,0,0,0,197,23,32,0,0,0
5924,0.786,0,58,0,0,0,0,0,0,0,197,23,32,0,0,0
5925,6.589,0,58,0,0,0,0,0,0,0,197,23,32,0,0,0
5926,25.111,0,58,0,0,0,0,0,0,0,197,23,32,0,0,0
5927,0.923,0,58,0,0,0,0,0,0,0,197,23,32,0,0,0
5928,0.747,0,58,0,0,0,0,0,0,0,197,23,32,0,0,0
5929,6.505,0,58,0,0,0,0,0,0,0,197,23,32,0,0,0
5930,25.101,0,58,0,0,0,0,0,0,0,197,23,32,0,0,0
5931,0.806,0,58,0,0,0,0,0,0,0,197,23,32,0,0,0
5932,0.722,0,58,0,0,0,0,0,0,0,197,23,32,0,0,0
5933,6.766,0,58,0,0,0,0,0,0,0,197,23,32,0,0,0
5934,25.250,0,58,0,0,0,0,0,0,0,178,26,48,0,0,0
5935,0.858,0,58,0,0,0,0,0,0,0,178,26,48,0,0,0
5936,0.714,0,58,0,0,0,0,0,0,0,178,26,48,0,0,0
5937,6.474,0,58,0,0,0,0,0,0,0,178,26,48,0,0,0
5938,25.011,0,58,0,0,0,0,0,0,0,178,26,48,0,0,0
5939,0.968,0,58,0,0,0,0,0,0,0,178,26,48,0,0,0
5940,0.730,0,58,0,0,0,0,0,0,0,178,26,48,0,0,0
5941,6.627,0,58,0,0,0,0,0,0,0,178,26,48,0,0,0
5942,25.160,0,58,0,0,0,0,0,0,0,178,26,48,0,0,0
5943,0.908,0,58,0,0,0,0,0,0,0,178,26,48,0,0,0
5944,0.823,0,58,0,0,0,0,0,0,0,178,26,48,0,0,0
5945,6.314,0,58,0,0,0,0,0,0,0,178,26,48,0,0,0
5946,25.220,0,58,0,0,0,0,0,0,0,178,26,48,0,0,0
5947,1.081,0,58,0,0,0,0,0,0,0,178,26,48,0,0,0
5948,0.764,0,58,0,0,0,0,0,0,0,178,26,48,0,0,0
5949,6.400,0,58,0,0,0,0,0,0,0,178,26,48,0,0,0
5950,25.179,0,58,0,0,0,0,0,0,0,178,26,48,0,0,0
5951,0.905,0,58,0,0,0,0,0,0,0,178,26,48,0,0,0
5952,0.743,0,58,0,0,0,0,0,0,0,178,26,48,0,0,0
5953,6.484,0,58,0,0,0,0,0,0,0,178,26,48,0,0,0
5954,25.233,0,58,0,0,0,0,0,0,0,178,26,48,0,0,0
5955,1.035,0,58,0,0,0,0,0,0,0,178,26,48,0,0,0
5956,0.792,0,58,0,0,0,0,0,0,0,178,26,48,0,0,0
5957,6.332,0,58,0,0,0,0,0,0,0,178,26,48,0,0,0
5958,25.241,0,58,0,0,0,0,0,0,0,178,26,48,0,0,0
5959,0.919,0,58,0,0,0,0,0,0,0,178,26,48,0,0,0
5960,0.702,0,58,0,0,0,0,0,0,0,178,26,48,0,0,0
5961,6.526,0,58,0,0,0,0,0,0,0,178,26,48,0,0,0
5962,25.143,0,58,0,0,0,0,0,0,0,178,26,48,0,0,0
5963,0.905,0,58,0,0,0,0,0,0,0,178,26,48,0,0,0
5964,1.025,0,58,0,0,0,0,0,0,0,178,26,48,0,0,0
5965,6.254,0,58,0,0,0,0,0,0,0,178,26,48,0,0,0
5966,25.264,0,58,0,0,0,0,0,0,0,178,26,48,0,0,0
5967,0.864,0,58,0,0,0,0,0,0,0,178,26,48,0,0,0
5968,1.445,0,58,0,0,0,0,0,0,0,178,26,48,0,0,0
5969,5.652,0,58,0,0,0,0,0,0,0,178,26,48,0,0,0
5970,25.063,0,58,0,0,0,0,0,0,0,178,26,48,0,0,0
5971,0.994,0,58,0,0,0,0,0,0,0,178,26,48,0,0,0
5972,0.786,0,58,0,0,0,0,0,0,0,178,26,48,0,0,0
5973,6.601,0,58,0,0,0,0,0,0,0,178,26,48,0,0,0
5974,25.107,0,58,0,0,0,0,0,0,0,178,26,48,0,0,0
5975,0.849,0,58,0,0,0,0,0,0,0,178,26,48,0,0,0
5976,0.638,0,58,0,0,0,0,0,0,0,178,26,48,0,0,0
5977,6.606,0,58,0,0,0,0,0,0,0,178,26,48,0,0,0
5978,25.154,0,58,0,0,0,0,0,0,0,178,26,48,0,0,0
5979,0.855,0,58,0,0,0,0,0,0,0,178,26,48,0,0,0
5980,0.630,0,58,0,0,0,0,0,0,0,178,26,48,0,0,0
5981,6.827,0,58,0,0,0,0,0,0,0,178,26,48,0,0,0
5982,25.010,0,58,0,0,0,0,0,0,0,178,26,48,0,0,0
5983,1.047,0,58,0,0,0,0,0,0,0,178,26,48,0,0,0
5984,0.708,0,58,0,0,0,0,0,0,0,178,26,48,0,0,0
5985,6.362,0,58,0,0,0,0,0,0,0,178,26,48,0,0,0
5986,25.241,0,58,0,0,0,0,0,0,0,178,26,48,0,0,0
5987,1.076,0,58,0,0,0,0,0,0,0,178,26,48,0,0,0
5988,0.901,0,58,0,0,0,0,0,0,0,178,26,48,0,0,0
5989,6.137,0,58,0,0,0,0,0,0,0,178,26,48,0,0,0
5990,25.082,0,58,0,0,0,0,0,0,0,178,26,48,0,0,0
5991,0.994,0,58,0,0,0,0,0,0,0,178,26,48,0,0,0
5992,0.728,0,58,0,0,0,0,0,0,0,178,26,48,0,0,0
5993,6.715,0,58,0,0,0,0,0,0,0,178,26,48,0,0,0
5994,25.003,0,58,0,0,0,0,0,0,0,178,26,48,0,0,0
5995,0.888,0,58,0,0,0,0,0,0,0,178,26,48,0,0,0
5996,1.033,0,58,0,0,0,0,0,0,0,178,26,48,0,0,0
5997,6.218,0,58,0,0,0,0,0,0,0,178,26,48,0,0,0
5998,25.047,0,58,0,0,0,0,0,0,0,178,26,48,0,0,0
5999,0.840,0,58,0,0,0,0,0,0,0,178,26,48,0,0,0
6000,0.740,0,58,0,0,0,0,0,0,0,178,26,48,0,0,0
6001,6.834,0,58,0,0,0,0,0,0,0,178,26,48,0,0,0
6002,25.010,0,58,0,0,0,0,0,0,0,178,26,48,0,0,0
6003,0.836,0,58,0,0,0,0,0,0,0,178,26,48,0,0,0
6004,0.653,0,58,0,0,0,0,0,0,0,178,26,48,0,0,0
6005,6.886,0,58,0,0,0,0,0,0,0,178,26,48,0,0,0
6006,25.055,0,58,0,0,0,0,0,0,0,178,26,48,0,0,0
6007,0.839,0,58,0,0,0,0,0,0,0,178,26,48,0,0,0
6008,0.752,0,58,0,0,0,0,0,0,0,178,26,48,0,0,0
6009,6.555,0,58,0,0,0,0,0,0,0,178,26,48,0,0,0
6010,26.271,0,58,0,0,0,0,0,0,0,178,26,48,0,0,0
6011,1.226,0,58,0,0,0,0,0,0,0,178,26,48,0,0,0
6012,0.864,0,58,0,0,0,0,0,0,0,178,26,48,0,0,0
6013,5.117,0,58,0,0,0,0,0,0,0,178,26,48,0,0,0
6014,25.008,0,58,0,0,0,0,0,0,0,178,26,48,0,0,0
6015,0.905,0,58,0,0,0,0,0,0,0,178,26,48,0,0,0
6016,0.697,0,58,0,0,0,0,0,0,0,178,26,48,0,0,0
6017,6.645,0,58,0,0,0,0,0,0,0,178,26,48,0,0,0
6018,25.012,0,58,0,0,0,0,0,0,0,178,26,48,0,0,0
6019,1.141,0,58,0,0,0,0,0,0,0,178,26,48,0,0,0
6020,0.733,0,58,0,0,0,0,0,0,0,178,26,48,0,0,0
6021,6.335,0,58,0,0,0,0,0,0,0,178,26,48,0,0,0
6022,25.312,0,58,0,0,0,0,0,0,0,178,26,48,0,0,0
6023,0.797,0,58,0,0,0,0,0,0,0,178,26,48,0,0,0
6024,1.690,0,58,0,0,0,0,0,0,0,178,26,48,0,0,0
6025,5.567,0,58,0,0,0,0,0,0,0,178,26,48,0,0,0
6026,25.186,0,58,0,0,0,0,0,0,0,178,26,48,0,0,0
6027,0.942,0,58,0,0,0,0,0,0,0,178,26,48,0,0,0
6028,0.711,0,58,0,0,0,0,0,0,0,178,26,48,0,0,0
6029,6.554,0,58,0,0,0,0,0,0,0,178,26,48,0,0,0
6030,24.930,0,58,0,0,0,0,0,0,0,178,26,48,0,0,0
6031,0.906,0,58,0,0,0,0,0,0,0,178,26,48,0,0,0
6032,0.662,0,58,0,0,0,0,0,0,0,178,26,48,0,0,0
6033,6.686,0,58,0,0,0,0,0,0,0,178,26,48,0,0,0
6034,26.165,0,58,0,0,0,0,0,0,0,178,26,48,0,0,0
6035,0.978,0,58,0,0,0,0,0,0,0,178,26,48,0,0,0
6036,0.738,0,58,0,0,0,0,0,0,0,178,26,48,0,0,0
6037,5.522,0,58,0,0,0,0,0,0,0,178,26,48,0,0,0
6038,24.998,0,58,0,0,0,0,0,0,0,178,26,48,0,0,0
6039,0.919,0,58,0,0,0,0,0,0,0,178,26,48,0,0,0
6040,0.740,0,58,0,0,0,0,0,0,0,178,26,48,0,0,0
6041,6.833,0,58,0,0,0,0,0,0,0,178,26,48,0,0,0
6042,26.165,0,58,0,0,0,0,0,0,0,178,26,48,0,0,0
6043,0.941,0,58,0,0,0,0,0,0,0,178,26,48,0,0,0
6044,0.823,0,58,0,0,0,0,0,0,0,178,26,48,0,0,0
6045,5.371,0,58,0,0,0,0,0,0,0,178,26,48,0,0,0
6046,24.998,0,58,0,0,0,0,0,0,0,178,26,48,0,0,0
6047,0.914,0,58,0,0,0,0,0,0,0,178,26,48,0,0,0
6048,0.782,0,58,0,0,0,0,0,0,0,178,26,48,0,0,0
6049,6.583,0,58,0,0,0,0,0,0,0,178,26,48,0,0,0
6050,25.231,0,58,0,0,0,0,0,0,0,178,26,48,0,0,0
6051,0.892,0,58,0,0,0,0,0,0,0,178,26,48,0,0,0
6052,2.407,0,58,0,0,0,0,0,0,0,178,26,48,0,0,0
6053,4.674,0,58,0,0,0,0,0,0,0,178,26,48,0,0,0
6054,25.346,0,58,0,0,0,0,0,0,0,178,26,48,0,0,0
6055,0.851,0,58,0,0,0,0,0,0,0,178,26,48,0,0,0
6056,0.732,0,58,0,0,0,0,0,0,0,178,26,48,0,0,0
6057,6.680,0,58,0,0,0,0,0,0,0,178,26,48,0,0,0
6058,25.219,0,58,0,0,0,0,0,0,0,178,26,48,0,0,0
6059,0.886,0,58,0,0,0,0,0,0,0,178,26,48,0,0,0
6060,0.879,0,58,0,0,0,0,0,0,0,178,26,48,0,0,0
6061,6.517,0,58,0,0,0,0,0,0,0,178,26,48,0,0,0
6062,24.804,0,58,0,0,0,0,0,0,0,178,26,48,0,0,0
6063,0.859,0,58,0,0,0,0,0,0,0,178,26,48,0,0,0
6064,0.966,0,58,0,0,0,0,0,0,0,178,26,48,0,0,0
6065,6.331,0,58,0,0,0,0,0,0,0,178,26,48,0,0,0
6066,26.099,0,58,0,0,0,0,0,0,0,178,26,48,0,0,0
6067,0.806,0,58,0,0,0,0,0,0,0,178,26,48,0,0,0
6068,0.777,0,58,0,0,0,0,0,0,0,178,26,48,0,0,0
6069,5.674,0,58,0,0,0,0,0,0,0,178,26,48,0,0,0
6070,25.125,0,58,0,0,0,0,0,0,0,178,26,48,0,0,0
6071,0.752,0,58,0,0,0,0,0,0,0,178,26,48,0,0,0
6072,0.686,0,58,0,0,0,0,0,0,0,178,26,48,0,0,0
6073,6.880,0,58,0,0,0,0,0,0,0,178,26,48,0,0,0
6074,25.475,0,58,0,0,0,0,0,0,0,178,26,48,0,0,0
6075,0.812,0,58,0,0,0,0,0,0,0,178,26,48,0,0,0
6076,1.924,0,58,0,0,0,0,0,0,0,178,26,48,0,0,0
6077,5.026,0,58,0,0,0,0,0,0,0,178,26,48,0,0,0
6078,25.147,0,58,0,0,0,0,0,0,0,178,26,48,0,0,0
6079,0.926,0,58,0,0,0,0,0,0,0,178,26,48,0,0,0
6080,0.736,0,58,0,0,0,0,0,0,0,178,26,48,0,0,0
6081,6.512,0,58,0,0,0,0,0,0,0,178,26,48,0,0,0
6082,25.244,0,58,0,0,0,0,0,0,0,178,26,48,0,0,0
6083,0.970,0,58,0,0,0,0,0,0,0,178,26,48,0,0,0
6084,0.692,0,58,0,0,0,0,0,0,0,178,26,48,0,0,0
6085,6.449,0,58,0,0,0,0,0,0,0,178,26,48,0,0,0
6086,25.463,0,58,0,0,0,0,0,0,0,178,26,48,0,0,0
6087,0.958,0,58,0,0,0,0,0,0,0,178,26,48,0,0,0
6088,1.012,0,58,0,0,0,0,0,0,0,178,26,48,0,0,0
6089,5.819,0,58,0,0,0,0,0,0,0,178,26,48,0,0,0
6090,25.162,0,58,0,0,0,0,0,0,0,178,26,48,0,0,0
6091,0.891,0,58,0,0,0,0,0,0,0,178,26,48,0,0,0
6092,0.708,0,58,0,0,0,0,0,0,0,178,26,48,0,0,0
6093,6.672,0,58,0,0,0,0,0,0,0,178,26,48,0,0,0
6094,25.074,0,58,0,0,0,0,0,0,0,178,26,48,0,0,0
6095,0.840,0,58,0,0,0,0,0,0,0,178,26,48,0,0,0
6096,0.817,0,58,0,0,0,0,0,0,0,178,26,48,0,0,0
6097,6.567,0,58,0,0,0,0,0,0,0,178,26,48,0,0,0
6098,25.022,0,58,0,0,0,0,0,0,0,178,26,48,0,0,0
6099,0.989,0,58,0,0,0,0,0,0,0,178,26,48,0,0,0
6100,0.729,0,58,0,0,0,0,0,0,0,178,26,48,0,0,0
6101,6.570,0,58,0,0,0,0,0,0,0,178,26,48,0,0,0
6102,25.293,0,58,0,0,0,0,0,0,0,178,26,48,0,0,0
6103,0.814,0,58,0,0,0,0,0,0,0,178,26,48,0,0,0
6104,1.620,0,58,0,0,0,0,0,0,0,178,26,48,0,0,0
6105,5.558,0,58,0,0,0,0,0,0,0,178,26,48,0,0,0
6106,25.032,0,58,0,0,0,0,0,0,0,178,26,48,0,0,0
6107,0.893,0,58,0,0,0,0,0,0,0,178,26,48,0,0,0
6108,0.691,0,58,0,0,0,0,0,0,0,178,26,48,0,0,0
6109,6.636,0,58,0,0,0,0,0,0,0,178,26,48,0,0,0
6110,25.045,0,58,0,0,0,0,0,0,0,178,26,48,0,0,0
6111,0.855,0,58,0,0,0,0,0,0,0,178,26,48,0,0,0
6112,0.727,0,58,0,0,0,0,0,0,0,178,26,48,0,0,0
6113,6.685,0,58,0,0,0,0,0,0,0,178,26,48,0,0,0
6114,25.252,0,58,0,0,0,0,0,0,0,178,26,48,0,0,0
6115,0.936,0,58,0,0,0,0,0,0,0,178,26,48,0,0,0
6116,0.726,0,58,0,0,0,0,0,0,0,178,26,48,0,0,0
6117,6.594,0,58,0,0,0,0,0,0,0,178,26,48,0,0,0
6118,25.067,0,58,0,0,0,0,0,0,0,178,26,48,0,0,0
6119,0.812,0,58,0,0,0,0,0,0,0,178,26,48,0,0,0
6120,0.761,0,58,0,0,0,0,0,0,0,178,26,48,0,0,0
6121,6.721,0,58,0,0,0,0,0,0,0,178,26,48,0,0,0
6122,25.097,0,58,0,0,0,0,0,0,0,178,26,48,0,0,0
6123,0.872,0,58,0,0,0,0,0,0,0,178,26,48,0,0,0
6124,0.837,0,58,0,0,0,0,0,0,0,178,26,48,0,0,0
6125,6.524,0,58,0,0,0,0,0,0,0,178,26,48,0,0,0
6126,24.898,0,58,0,0,0,0,0,0,0,178,26,48,0,0,0
6127,0.991,0,58,0,0,0,0,0,0,0,178,26,48,0,0,0
6128,0.721,0,58,0,0,0,0,0,0,0,178,26,48,0,0,0
6129,6.706,0,58,0,0,0,0,0,0,0,178,26,48,0,0,0
6130,25.233,0,58,0,0,0,0,0,0,0,178,26,48,0,0,0
6131,1.058,0,58,0,0,0,0,0,0,0,178,26,48,0,0,0
6132,0.742,0,58,0,0,0,0,0,0,0,178,26,48,0,0,0
6133,6.122,0,58,0,0,0,0,0,0,0,178,26,48,0,0,0
6134,25.416,0,58,0,0,0,0,0,0,0,178,26,48,0,0,0
6135,0.896,0,58,0,0,0,0,0,0,0,178,26,48,0,0,0
6136,1.282,0,58,0,0,0,0,0,0,0,178,26,48,0,0,0
6137,5.810,0,58,0,0,0,0,0,0,0,178,26,48,0,0,0
6138,25.191,0,58,0,0,0,0,0,0,0,178,26,48,0,0,0
6139,1.003,0,58,0,0,0,0,0,0,0,178,26,48,0,0,0
6140,0.839,0,58,0,0,0,0,0,0,0,178,26,48,0,0,0
6141,6.512,0,58,0,0,0,0,0,0,0,178,26,48,0,0,0
6142,24.851,0,58,0,0,0,0,0,0,0,178,26,48,0,0,0
6143,0.934,0,58,0,0,0,0,0,0,0,178,26,48,0,0,0
6144,0.669,0,58,0,0,0,0,0,0,0,178,26,48,0,0,0
6145,6.563,0,58,0,0,0,0,0,0,0,178,26,48,0,0,0
6146,25.326,0,58,0,0,0,0,0,0,0,178,26,48,0,0,0
6147,0.937,0,58,0,0,0,0,0,0,0,178,26,48,0,0,0
6148,0.877,0,58,0,0,0,0,0,0,0,178,26,48,0,0,0
6149,6.429,0,58,0,0,0,0,0,0,0,178,26,48,0,0,0
6150,24.960,0,58,0,0,0,0,0,0,0,178,26,48,0,0,0
6151,0.930,0,58,0,0,0,0,0,0,0,178,26,48,0,0,0
6152,0.711,0,58,0,0,0,0,0,0,0,178,26,48,0,0,0
6153,6.780,0,58,0,0,0,0,0,0,0,178,26,48,0,0,0
6154,25.253,0,58,0,0,0,0,0,0,0,178,26,48,0,0,0
6155,0.906,0,58,0,0,0,0,0,0,0,178,26,48,0,0,0
6156,0.863,0,58,0,0,0,0,0,0,0,178,26,48,0,0,0
6157,6.207,0,58,0,0,0,0,0,0,0,178,26,48,0,0,0
6158,24.933,0,58,0,0,0,0,0,0,0,178,26,48,0,0,0
6159,0.824,0,58,0,0,0,0,0,0,0,178,26,48,0,0,0
6160,0.775,0,58,0,0,0,0,0,0,0,178,26,48,0,0,0
6161,6.876,0,58,0,0,0,0,0,0,0,178,26,48,0,0,0
6162,25.127,0,58,0,0,0,0,0,0,0,178,26,48,0,0,0
6163,1.104,0,58,0,0,0,0,0,0,0,178,26,48,0,0,0
6164,1.057,0,58,0,0,0,0,0,0,0,178,26,48,0,0,0
6165,5.906,0,58,0,0,0,0,0,0,0,178,26,48,0,0,0
6166,25.163,0,58,0,0,0,0,0,0,0,178,26,48,0,0,0
6167,0.906,0,58,0,0,0,0,0,0,0,178,26,48,0,0,0
6168,0.812,0,58,0,0,0,0,0,0,0,178,26,48,0,0,0
6169,6.435,0,58,0,0,0,0,0,0,0,178,26,48,0,0,0
6170,25.533,0,58,0,0,0,0,0,0,0,178,26,48,0,0,0
6171,1.236,0,58,0,0,0,0,0,0,0,178,26,48,0,0,0
6172,0.808,0,58,0,0,0,0,0,0,0,178,26,48,0,0,0
6173,5.904,0,58,0,0,0,0,0,0,0,178,26,48,0,0,0
6174,25.014,0,58,0,0,0,0,0,0,0,178,26,48,0,0,0
6175,0.891,0,58,0,0,0,0,0,0,0,178,26,48,0,0,0
6176,0.717,0,58,0,0,0,0,0,0,0,178,26,48,0,0,0
6177,6.649,0,58,0,0,0,0,0,0,0,178,26,48,0,0,0
6178,25.050,0,58,0,0,0,0,0,0,0,178,26,48,0,0,0
6179,0.957,0,58,0,0,0,0,0,0,0,178,26,48,0,0,0
6180,1.169,0,58,0,0,0,0,0,0,0,178,26,48,0,0,0
6181,6.164,0,58,0,0,0,0,0,0,0,178,26,48,0,0,0
6182,24.984,0,58,0,0,0,0,0,0,0,178,26,48,0,0,0
6183,0.914,0,58,0,0,0,0,0,0,0,178,26,48,0,0,0
6184,0.653,0,58,0,0,0,0,0,0,0,178,26,48,0,0,0
6185,6.783,0,58,0,0,0,0,0,0,0,178,26,48,0,0,0
6186,25.061,0,58,0,0,0,0,0,0,0,178,26,48,0,0,0
6187,1.075,0,58,0,0,0,0,0,0,0,178,26,48,0,0,0
6188,0.722,0,58,0,0,0,0,0,0,0,178,26,48,0,0,0
6189,6.525,0,58,0,0,0,0,0,0,0,178,26,48,0,0,0
6190,24.966,0,58,0,0,0,0,0,0,0,178,26,48,0,0,0
6191,0.940,0,58,0,0,0,0,0,0,0,178,26,48,0,0,0
6192,1.969,0,58,0,0,0,0,0,0,0,178,26,48,0,0,0
6193,5.483,0,58,0,0,0,0,0,0,0,178,26,48,0,0,0
6194,25.205,0,58,0,0,0,0,0,0,0,178,26,48,0,0,0
6195,0.949,0,58,0,0,0,0,0,0,0,178,26,48,0,0,0
6196,1.088,0,58,0,0,0,0,0,0,0,178,26,48,0,0,0
6197,5.955,0,58,0,0,0,0,0,0,0,178,26,48,0,0,0
6198,25.023,0,58,0,0,0,0,0,0,0,178,26,48,0,0,0
6199,0.923,0,58,0,0,0,0,0,0,0,178,26,48,0,0,0
6200,0.683,0,58,0,0,0,0,0,0,0,178,26,48,0,0,0
6201,6.681,0,58,0,0,0,0,0,0,0,178,26,48,0,0,0
6202,25.087,0,58,0,0,0,0,0,0,0,178,26,48,0,0,0
6203,0.884,0,58,0,0,0,0,0,0,0,178,26,48,0,0,0
6204,0.684,0,58,0,0,0,0,0,0,0,178,26,48,0,0,0
6205,6.649,0,58,0,0,0,0,0,0,0,178,26,48,0,0,0
6206,25.142,0,58,0,0,0,0,0,0,0,178,26,48,0,0,0
6207,0.852,0,58,0,0,0,0,0,0,0,178,26,48,0,0,0
6208,0.637,0,58,0,0,0,0,0,0,0,178,26,48,0,0,0
6209,6.826,0,58,0,0,0,0,0,0,0,178,26,48,0,0,0
6210,24.911,0,58,0,0,0,0,0,0,0,178,26,48,0,0,0
6211,1.032,0,58,0,0,0,0,0,0,0,178,26,48,0,0,0
6212,0.799,0,58,0,0,0,0,0,0,0,178,26,48,0,0,0
6213,6.491,0,58,0,0,0,0,0,0,0,178,26,48,0,0,0
6214,24.975,0,58,0,0,0,0,0,0,0,178,26,48,0,0,0
6215,0.912,0,58,0,0,0,0,0,0,0,178,26,48,0,0,0
6216,0.740,0,58,0,0,0,0,0,0,0,178,26,48,0,0,0
6217,6.649,0,58,0,0,0,0,0,0,0,178,26,48,0,0,0
6218,25.212,0,58,0,0,0,0,0,0,0,178,26,48,0,0,0
6219,0.926,0,58,0,0,0,0,0,0,0,178,26,48,0,0,0
6220,1.310,0,58,0,0,0,0,0,0,0,178,26,48,0,0,0
6221,5.817,0,58,0,0,0,0,0,0,0,178,26,48,0,0,0
6222,25.186,0,58,0,0,0,0,0,0,0,178,26,48,0,0,0
6223,0.847,0,58,0,0,0,0,0,0,0,178,26,48,0,0,0
6224,0.775,0,58,0,0,0,0,0,0,0,178,26,48,0,0,0
6225,6.535,0,58,0,0,0,0,0,0,0,178,26,48,0,0,0
6226,25.216,0,58,0,0,0,0,0,0,0,178,26,48,0,0,0
6227,1.021,0,58,0,0,0,0,0,0,0,178,26,48,0,0,0
6228,0.801,0,58,0,0,0,0,0,0,0,178,26,48,0,0,0
6229,6.379,0,58,0,0,0,0,0,0,0,178,26,48,0,0,0
6230,25.119,0,58,0,0,0,0,0,0,0,178,26,48,0,0,0
6231,0.825,0,58,0,0,0,0,0,0,0,178,26,48,0,0,0
6232,0.728,0,58,0,0,0,0,0,0,0,178,26,48,0,0,0
6233,6.784,0,58,0,0,0,0,0,0,0,178,26,48,0,0,0
6234,25.031,0,58,0,0,0,0,0,0,0,178,26,48,0,0,0
6235,0.824,0,58,0,0,0,0,0,0,0,178,26,48,0,0,0
6236,0.832,0,58,0,0,0,0,0,0,0,178,26,48,0,0,0
6237,6.640,0,58,0,0,0,0,0,0,0,178,26,48,0,0,0
6238,24.971,0,58,0,0,0,0,0,0,0,178,26,48,0,0,0
6239,0.922,0,58,0,0,0,0,0,0,0,178,26,48,0,0,0
6240,0.779,0,58,0,0,0,0,0,0,0,178,26,48,0,0,0
6241,6.489,0,58,0,0,0,0,0,0,0,178,26,48,0,0,0
6242,26.392,0,58,0,0,0,0,0,0,0,178,26,48,0,0,0
6243,0.894,0,58,0,0,0,0,0,0,0,178,26,48,0,0,0
6244,2.220,0,58,0,0,0,0,0,0,0,178,26,48,0,0,0
6245,3.951,0,58,0,0,0,0,0,0,0,178,26,48,0,0,0
6246,25.122,0,58,0,0,0,0,0,0,0,178,26,48,0,0,0
6247,0.976,0,58,0,0,0,0,0,0,0,178,26,48,0,0,0
6248,0.891,0,58,0,0,0,0,0,0,0,178,26,48,0,0,0
6249,6.330,0,58,0,0,0,0,0,0,0,178,26,48,0,0,0
6250,25.058,0,58,0,0,0,0,0,0,0,178,26,48,0,0,0
6251,0.902,0,58,0,0,0,0,0,0,0,178,26,48,0,0,0
6252,0.794,0,58,0,0,0,0,0,0,0,178,26,48,0,0,0
6253,6.581,0,58,0,0,0,0,0,0,0,178,26,48,0,0,0
6254,25.006,0,58,0,0,0,0,0,0,0,178,26,48,0,0,0
6255,0.817,0,58,0,0,0,0,0,0,0,178,26,48,0,0,0
6256,0.738,0,58,0,0,0,0,0,0,0,178,26,48,0,0,0
6257,6.573,0,58,0,0,0,0,0,0,0,178,26,48,0,0,0
6258,25.278,0,58,0,0,0,0,0,0,0,178,26,48,0,0,0
6259,1.137,0,58,0,0,0,0,0,0,0,178,26,48,0,0,0
6260,0.767,0,58,0,0,0,0,0,0,0,178,26,48,0,0,0
6261,6.370,0,58,0,0,0,0,0,0,0,178,26,48,0,0,0
6262,24.983,0,58,0,0,0,0,0,0,0,178,26,48,0,0,0
6263,0.798,0,58,0,0,0,0,0,0,0,178,26,48,0,0,0
6264,0.778,0,58,0,0,0,0,0,0,0,178,26,48,0,0,0
6265,6.667,0,58,0,0,0,0,0,0,0,178,26,48,0,0,0
6266,25.433,0,58,0,0,0,0,0,0,0,178,26,48,0,0,0
6267,0.955,0,58,0,0,0,0,0,0,0,178,26,48,0,0,0
6268,0.776,0,58,0,0,0,0,0,0,0,178,26,48,0,0,0
6269,6.236,0,58,0,0,0,0,0,0,0,178,26,48,0,0,0
6270,25.150,0,58,0,0,0,0,0,0,0,178,26,48,0,0,0
6271,0.828,0,58,0,0,0,0,0,0,0,178,26,48,0,0,0
6272,1.603,0,58,0,0,0,0,0,0,0,178,26,48,0,0,0
6273,5.670,0,58,0,0,0,0,0,0,0,178,26,48,0,0,0
6274,25.533,0,58,0,0,0,0,0,0,0,178,26,48,0,0,0
6275,0.964,0,58,0,0,0,0,0,0,0,178,26,48,0,0,0
6276,0.758,0,58,0,0,0,0,0,0,0,178,26,48,0,0,0
6277,6.280,0,58,0,0,0,0,0,0,0,178,26,48,0,0,0
6278,24.970,0,58,0,0,0,0,0,0,0,178,26,48,0,0,0
6279,0.941,0,58,0,0,0,0,0,0,0,178,26,48,0,0,0
6280,0.836,0,58,0,0,0,0,0,0,0,178,26,48,0,0,0
6281,6.457,0,58,0,0,0,0,0,0,0,178,26,48,0,0,0
6282,25.001,0,58,0,0,0,0,0,0,0,178,26,48,0,0,0
6283,1.089,0,58,0,0,0,0,0,0,0,178,26,48,0,0,0
6284,0.854,0,58,0,0,0,0,0,0,0,178,26,48,0,0,0
6285,6.474,0,58,0,0,0,0,0,0,0,178,26,48,0,0,0
6286,24.962,0,58,0,0,0,0,0,0,0,178,26,48,0,0,0
6287,0.920,0,58,0,0,0,0,0,0,0,178,26,48,0,0,0
6288,0.735,0,58,0,0,0,0,0,0,0,178,26,48,0,0,0
6289,6.566,0,58,0,0,0,0,0,0,0,178,26,48,0,0,0
6290,25.258,0,58,0,0,0,0,0,0,0,178,26,48,0,0,0
6291,0.949,0,58,0,0,0,0,0,0,0,178,26,48,0,0,0
6292,0.841,0,58,0,0,0,0,0,0,0,178,26,48,0,0,0
6293,6.352,0,58,0,0,0,0,0,0,0,178,26,48,0,0,0
6294,25.176,0,58,0,0,0,0,0,0,0,178,26,48,0,0,0
6295,0.883,0,58,0,0,0,0,0,0,0,178,26,48,0,0,0
6296,1.336,0,58,0,0,0,0,0,0,0,178,26,48,0,0,0
6297,5.995,0,58,0,0,0,0,0,0,0,178,26,48,0,0,0
6298,25.366,0,58,0,0,0,0,0,0,0,178,26,48,0,0,0
6299,0.925,0,58,0,0,0,0,0,0,0,178,26,48,0,0,0
6300,0.698,0,58,0,0,0,0,0,0,0,178,26,48,0,0,0
6301,6.184,0,58,0,0,0,0,0,0,0,178,26,48,0,0,0
6302,25.092,0,58,0,0,0,0,0,0,0,178,26,48,0,0,0
6303,0.877,0,58,0,0,0,0,0,0,0,178,26,48,0,0,0
6304,0.709,0,58,0,0,0,0,0,0,0,178,26,48,0,0,0
6305,6.665,0,58,0,0,0,0,0,0,0,178,26,48,0,0,0
6306,25.265,0,58,0,0,0,0,0,0,0,178,26,48,0,0,0
6307,0.990,0,58,0,0,0,0,0,0,0,178,26,48,0,0,0
6308,0.719,0,58,0,0,0,0,0,0,0,178,26,48,0,0,0
6309,6.502,0,58,0,0,0,0,0,0,0,178,26,48,0,0,0
6310,24.904,0,58,0,0,0,0,0,0,0,178,26,48,0,0,0
6311,0.935,0,58,0,0,0,0,0,0,0,178,26,48,0,0,0
6312,0.756,0,58,0,0,0,0,0,0,0,178,26,48,0,0,0
6313,6.517,0,58,0,0,0,0,0,0,0,178,26,48,0,0,0
6314,25.301,0,58,0,0,0,0,0,0,0,178,26,48,0,0,0
6315,0.910,0,58,0,0,0,0,0,0,0,178,26,48,0,0,0
6316,0.712,0,58,0,0,0,0,0,0,0,178,26,48,0,0,0
6317,6.505,0,58,0,0,0,0,0,0,0,178,26,48,0,0,0
6318,25.131,0,58,0,0,0,0,0,0,0,178,26,48,0,0,0
6319,0.941,0,58,0,0,0,0,0,0,0,178,26,48,0,0,0
6320,0.730,0,58,0,0,0,0,0,0,0,178,26,48,0,0,0
6321,6.540,0,58,0,0,0,0,0,0,0,178,26,48,0,0,0
6322,25.278,0,58,0,0,0,0,0,0,0,178,26,48,0,0,0
6323,0.981,0,58,0,0,0,0,0,0,0,178,26,48,0,0,0
6324,0.676,0,58,0,0,0,0,0,0,0,178,26,48,0,0,0
6325,6.355,0,58,0,0,0,0,0,0,0,178,26,48,0,0,0
6326,25.180,0,58,0,0,0,0,0,0,0,178,26,48,0,0,0
6327,0.839,0,58,0,0,0,0,0,0,0,178,26,48,0,0,0
6328,0.704,0,58,0,0,0,0,0,0,0,178,26,48,0,0,0
6329,6.529,0,58,0,0,0,0,0,0,0,178,26,48,0,0,0
6330,25.183,0,58,0,0,0,0,0,0,0,178,26,48,0,0,0
6331,0.856,0,58,0,0,0,0,0,0,0,178,26,48,0,0,0
6332,0.758,0,58,0,0,0,0,0,0,0,178,26,48,0,0,0
6333,6.568,0,58,0,0,0,0,0,0,0,178,26,48,0,0,0
6334,25.192,0,58,0,0,0,0,0,0,0,178,26,48,0,0,0
6335,0.782,0,58,0,0,0,0,0,0,0,178,26,48,0,0,0
6336,0.670,0,58,0,0,0,0,0,0,0,178,26,48,0,0,0
6337,6.712,0,58,0,0,0,0,0,0,0,178,26,48,0,0,0
6338,25.070,0,58,0,0,0,0,0,0,0,178,26,48,0,0,0
6339,0.864,0,58,0,0,0,0,0,0,0,178,26,48,0,0,0
6340,0.690,0,58,0,0,0,0,0,0,0,178,26,48,0,0,0
6341,6.700,0,58,0,0,0,0,0,0,0,178,26,48,0,0,0
6342,25.177,0,58,0,0,0,0,0,0,0,178,26,48,0,0,0
6343,0.867,0,58,0,0,0,0,0,0,0,178,26,48,0,0,0
6344,0.688,0,58,0,0,0,0,0,0,0,178,26,48,0,0,0
6345,6.620,0,58,0,0,0,0,0,0,0,178,26,48,0,0,0
6346,25.615,0,58,0,0,0,0,0,0,0,178,26,48,0,0,0
6347,0.939,0,58,0,0,0,0,0,0,0,178,26,48,0,0,0
6348,1.446,0,58,0,0,0,0,0,0,0,178,26,48,0,0,0
6349,5.361,0,58,0,0,0,0,0,0,0,178,26,48,0,0,0
6350,25.135,0,58,0,0,0,0,0,0,0,178,26,48,0,0,0
6351,0.980,0,58,0,0,0,0,0,0,0,178,26,48,0,0,0
6352,0.773,0,58,0,0,0,0,0,0,0,178,26,48,0,0,0
6353,6.486,0,58,0,0,0,0,0,0,0,178,26,48,0,0,0
6354,25.076,0,58,0,0,0,0,0,0,0,178,26,48,0,0,0
6355,0.962,0,58,0,0,0,0,0,0,0,178,26,48,0,0,0
6356,0.650,0,58,0,0,0,0,0,0,0,178,26,48,0,0,0
6357,6.470,0,58,0,0,0,0,0,0,0,178,26,48,0,0,0
6358,25.273,0,58,0,0,0,0,0,0,0,178,26,48,0,0,0
6359,0.913,0,58,0,0,0,0,0,0,0,178,26,48,0,0,0
6360,0.868,0,58,0,0,0,0,0,0,0,178,26,48,0,0,0
6361,6.396,0,58,0,0,0,0,0,0,0,178,26,48,0,0,0
6362,25.158,0,58,0,0,0,0,0,0,0,178,26,48,0,0,0
6363,0.897,0,58,0,0,0,0,0,0,0,178,26,48,0,0,0
6364,0.753,0,58,0,0,0,0,0,0,0,178,26,48,0,0,0
6365,6.879,0,58,0,0,0,0,0,0,0,178,26,48,0,0,0
6366,24.682,0,58,0,0,0,0,0,0,0,178,26,48,0,0,0
6367,0.905,0,58,0,0,0,0,0,0,0,178,26,48,0,0,0
6368,0.715,0,58,0,0,0,0,0,0,0,178,26,48,0,0,0
6369,6.718,0,58,0,0,0,0,0,0,0,178,26,48,0,0,0
6370,25.045,0,58,0,0,0,0,0,0,0,178,26,48,0,0,0
6371,1.013,0,58,0,0,0,0,0,0,0,178,26,48,0,0,0
6372,0.978,0,58,0,0,0,0,0,0,0,178,26,48,0,0,0
6373,6.284,0,58,0,0,0,0,0,0,0,178,26,48,0,0,0
6374,25.314,0,58,0,0,0,0,0,0,0,178,26,48,0,0,0
6375,0.870,0,58,0,0,0,0,0,0,0,178,26,48,0,0,0
6376,1.318,0,58,0,0,0,0,0,0,0,178,26,48,0,0,0
6377,5.791,0,58,0,0,0,0,0,0,0,178,26,48,0,0,0
6378,25.463,0,58,0,0,0,0,0,0,0,178,26,48,0,0,0
6379,0.944,0,58,0,0,0,0,0,0,0,178,26,48,0,0,0
6380,0.735,0,58,0,0,0,0,0,0,0,178,26,48,0,0,0
6381,6.321,0,58,0,0,0,0,0,0,0,178,26,48,0,0,0
6382,24.997,0,58,0,0,0,0,0,0,0,178,26,48,0,0,0
6383,0.820,0,58,0,0,0,0,0,0,0,178,26,48,0,0,0
6384,0.697,0,58,0,0,0,0,0,0,0,178,26,48,0,0,0
6385,6.851,0,58,0,0,0,0,0,0,0,178,26,48,0,0,0
6386,26.134,0,58,0,0,0,0,0,0,0,178,26,48,0,0,0
6387,0.835,0,58,0,0,0,0,0,0,0,178,26,48,0,0,0
6388,0.723,0,58,0,0,0,0,0,0,0,178,26,48,0,0,0
6389,5.594,0,58,0,0,0,0,0,0,0,178,26,48,0,0,0
6390,24.980,0,58,0,0,0,0,0,0,0,178,26,48,0,0,0
6391,0.864,0,58,0,0,0,0,0,0,0,178,26,48,0,0,0
6392,0.647,0,58,0,0,0,0,0,0,0,178,26,48,0,0,0
6393,6.676,0,58,0,0,0,0,0,0,0,178,26,48,0,0,0
6394,25.189,0,58,0,0,0,0,0,0,0,178,26,48,0,0,0
6395,0.859,0,58,0,0,0,0,0,0,0,178,26,48,0,0,0
6396,0.693,0,58,0,0,0,0,0,0,0,178,26,48,0,0,0
6397,6.642,0,58,0,0,0,0,0,0,0,178,26,48,0,0,0
6398,25.096,0,58,0,0,0,0,0,0,0,178,26,48,0,0,0
6399,0.896,0,58,0,0,0,0,0,0,0,178,26,48,0,0,0
6400,1.493,0,58,0,0,0,0,0,0,0,178,26,48,0,0,0
6401,5.862,0,58,0,0,0,0,0,0,0,178,26,48,0,0,0
6402,25.043,0,58,0,0,0,0,0,0,0,178,26,48,0,0,0
6403,0.820,0,58,0,0,0,0,0,0,0,178,26,48,0,0,0
6404,0.653,0,58,0,0,0,0,0,0,0,178,26,48,0,0,0
6405,7.030,0,58,0,0,0,0,0,0,0,178,26,48,0,0,0
6406,24.903,0,58,0,0,0,0,0,0,0,178,26,48,0,0,0
6407,0.843,0,58,0,0,0,0,0,0,0,178,26,48,0,0,0
6408,0.717,0,58,0,0,0,0,0,0,0,178,26,48,0,0,0
6409,6.689,0,58,0,0,0,0,0,0,0,178,26,48,0,0,0
6410,25.121,0,58,0,0,0,0,0,0,0,178,26,48,0,0,0
6411,0.989,0,58,0,0,0,0,0,0,0,178,26,48,0,0,0
6412,0.722,0,58,0,0,0,0,0,0,0,178,26,48,0,0,0
6413,6.583,0,58,0,0,0,0,0,0,0,178,26,48,0,0,0
6414,24.998,0,58,0,0,0,0,0,0,0,178,26,48,0,0,0
6415,0.924,0,58,0,0,0,0,0,0,0,178,26,48,0,0,0
6416,0.672,0,58,0,0,0,0,0,0,0,178,26,48,0,0,0
6417,6.625,0,58,0,0,0,0,0,0,0,178,26,48,0,0,0
6418,25.163,0,58,0,0,0,0,0,0,0,178,26,48,0,0,0
6419,0.950,0,58,0,0,0,0,0,0,0,178,26,48,0,0,0
6420,0.766,0,58,0,0,0,0,0,0,0,178,26,48,0,0,0
6421,6.483,0,58,0,0,0,0,0,0,0,178,26,48,0,0,0
6422,25.330,0,58,0,0,0,0,0,0,0,178,26,48,0,0,0
6423,0.816,0,58,0,0,0,0,0,0,0,178,26,48,0,0,0
6424,1.766,0,58,0,0,0,0,0,0,0,178,26,48,0,0,0
6425,5.359,0,58,0,0,0,0,0,0,0,178,26,48,0,0,0
6426,26.065,0,58,0,0,0,0,0,0,0,178,26,48,0,0,0
6427,0.848,0,58,0,0,0,0,0,0,0,178,26,48,0,0,0
6428,0.702,0,58,0,0,0,0,0,0,0,178,26,48,0,0,0
6429,5.738,0,58,0,0,0,0,0,0,0,178,26,48,0,0,0
6430,24.984,0,58,0,0,0,0,0,0,0,178,26,48,0,0,0
6431,1.006,0,58,0,0,0,0,0,0,0,178,26,48,0,0,0
6432,0.685,0,58,0,0,0,0,0,0,0,178,26,48,0,0,0
6433,6.681,0,58,0,0,0,0,0,0,0,178,26,48,0,0,0
6434,26.183,0,58,0,0,0,0,0,0,0,178,26,48,0,0,0
6435,0.919,0,58,0,0,0,0,0,0,0,178,26,48,0,0,0
6436,0.692,0,58,0,0,0,0,0,0,0,178,26,48,0,0,0
6437,5.523,0,58,0,0,0,0,0,0,0,178,26,48,0,0,0
6438,25.003,0,58,0,0,0,0,0,0,0,178,26,48,0,0,0
6439,0.898,0,58,0,0,0,0,0,0,0,178,26,48,0,0,0
6440,0.724,0,58,0,0,0,0,0,0,0,178,26,48,0,0,0
6441,6.670,0,58,0,0,0,0,0,0,0,178,26,48,0,0,0
6442,25.582,0,58,0,0,0,0,0,0,0,178,26,48,0,0,0
6443,0.867,0,58,0,0,0,0,0,0,0,178,26,48,0,0,0
6444,0.687,0,58,0,0,0,0,0,0,0,178,26,48,0,0,0
6445,6.279,0,58,0,0,0,0,0,0,0,178,26,48,0,0,0
6446,25.518,0,58,0,0,0,0,0,0,0,178,26,48,0,0,0
6447,0.877,0,58,0,0,0,0,0,0,0,178,26,48,0,0,0
6448,1.919,0,58,0,0,0,0,0,0,0,178,26,48,0,0,0
6449,4.834,0,58,0,0,0,0,0,0,0,178,26,48,0,0,0
6450,25.550,0,58,0,0,0,0,0,0,0,178,26,48,0,0,0
6451,0.996,0,58,0,0,0,0,0,0,0,178,26,48,0,0,0
6452,0.753,0,58,0,0,0,0,0,0,0,178,26,48,0,0,0
6453,6.375,0,58,0,0,0,0,0,0,0,178,26,48,0,0,0
6454,24.961,0,58,0,0,0,0,0,0,0,178,26,48,0,0,0
6455,0.783,0,58,0,0,0,0,0,0,0,178,26,48,0,0,0
6456,0.944,0,58,0,0,0,0,0,0,0,178,26,48,0,0,0
6457,6.406,0,58,0,0,0,0,0,0,0,178,26,48,0,0,0
6458,25.118,0,58,0,0,0,0,0,0,0,178,26,48,0,0,0
6459,0.859,0,58,0,0,0,0,0,0,0,178,26,48,0,0,0
6460,0.675,0,58,0,0,0,0,0,0,0,178,26,48,0,0,0
6461,6.716,0,58,0,0,0,0,0,0,0,178,26,48,0,0,0
6462,25.012,0,58,0,0,0,0,0,0,0,178,26,48,0,0,0
6463,0.898,0,58,0,0,0,0,0,0,0,178,26,48,0,0,0
6464,0.662,0,58,0,0,0,0,0,0,0,178,26,48,0,0,0
6465,6.687,0,58,0,0,0,0,0,0,0,178,26,48,0,0,0
6466,25.299,0,58,0,0,0,0,0,0,0,178,26,48,0,0,0
6467,0.812,0,58,0,0,0,0,0,0,0,178,26,48,0,0,0
6468,0.749,0,58,0,0,0,0,0,0,0,178,26,48,0,0,0
6469,6.539,0,58,0,0,0,0,0,0,0,178,26,48,0,0,0
6470,25.067,0,58,0,0,0,0,0,0,0,178,26,48,0,0,0
6471,0.860,0,58,0,0,0,0,0,0,0,178,26,48,0,0,0
6472,1.966,0,58,0,0,0,0,0,0,0,178,26,48,0,0,0
6473,5.397,0,58,0,0,0,0,0,0,0,178,26,48,0,0,0
6474,25.139,0,58,0,0,0,0,0,0,0,178,26,48,0,0,0
6475,0.947,0,58,0,0,0,0,0,0,0,178,26,48,0,0,0
6476,0.669,0,58,0,0,0,0,0,0,0,178,26,48,0,0,0
6477,6.742,0,58,0,0,0,0,0,0,0,178,26,48,0,0,0
6478,25.131,0,58,0,0,0,0,0,0,0,178,26,48,0,0,0
6479,0.809,0,58,0,0,0,0,0,0,0,178,26,48,0,0,0
6480,0.935,0,58,0,0,0,0,0,0,0,178,26,48,0,0,0
6481,6.348,0,58,0,0,0,0,0,0,0,178,26,48,0,0,0
6482,25.099,0,58,0,0,0,0,0,0,0,178,26,48,0,0,0
6483,0.924,0,58,0,0,0,0,0,0,0,178,26,48,0,0,0
6484,0.814,0,58,0,0,0,0,0,0,0,178,26,48,0,0,0
6485,6.446,0,58,0,0,0,0,0,0,0,178,26,48,0,0,0
6486,25.248,0,58,0,0,0,0,0,0,0,178,26,48,0,0,0
6487,0.988,0,58,0,0,0,0,0,0,0,178,26,48,0,0,0
6488,0.705,0,58,0,0,0,0,0,0,0,178,26,48,0,0,0
6489,6.520,0,58,0,0,0,0,0,0,0,178,26,48,0,0,0
6490,24.876,0,58,0,0,0,0,0,0,0,178,26,48,0,0,0
6491,0.861,0,58,0,0,0,0,0,0,0,178,26,48,0,0,0
6492,0.818,0,58,0,0,0,0,0,0,0,178,26,48,0,0,0
6493,6.675,0,58,0,0,0,0,0,0,0,178,26,48,0,0,0
6494,25.271,0,58,0,0,0,0,0,0,0,178,26,48,0,0,0
6495,0.794,0,58,0,0,0,0,0,0,0,178,26,48,0,0,0
6496,1.455,0,58,0,0,0,0,0,0,0,178,26,48,0,0,0
6497,5.692,0,58,0,0,0,0,0,0,0,178,26,48,0,0,0
6498,25.308,0,58,0,0,0,0,0,0,0,178,26,48,0,0,0
6499,0.890,0,58,0,0,0,0,0,0,0,178,26,48,0,0,0
6500,0.723,0,58,0,0,0,0,0,0,0,178,26,48,0,0,0
6501,6.497,0,58,0,0,0,0,0,0,0,178,26,48,0,0,0
6502,25.162,0,58,0,0,0,0,0,0,0,178,26,48,0,0,0
6503,0.822,0,58,0,0,0,0,0,0,0,178,26,48,0,0,0
6504,0.727,0,58,0,0,0,0,0,0,0,178,26,48,0,0,0
6505,6.611,0,58,0,0,0,0,0,0,0,178,26,48,0,0,0
6506,25.249,0,58,0,0,0,0,0,0,0,178,26,48,0,0,0
6507,1.130,0,58,0,0,0,0,0,0,0,178,26,48,0,0,0
6508,0.781,0,58,0,0,0,0,0,0,0,178,26,48,0,0,0
6509,6.232,0,58,0,0,0,0,0,0,0,178,26,48,0,0,0
6510,25.140,0,58,0,0,0,0,0,0,0,178,26,48,0,0,0
6511,0.867,0,58,0,0,0,0,0,0,0,178,26,48,0,0,0
6512,0.777,0,58,0,0,0,0,0,0,0,178,26,48,0,0,0
6513,6.627,0,58,0,0,0,0,0,0,0,178,26,48,0,0,0
6514,24.981,0,58,0,0,0,0,0,0,0,178,26,48,0,0,0
6515,0.879,0,58,0,0,0,0,0,0,0,178,26,48,0,0,0
6516,0.714,0,58,0,0,0,0,0,0,0,178,26,48,0,0,0
6517,6.678,0,58,0,0,0,0,0,0,0,178,26,48,0,0,0
6518,25.013,0,58,0,0,0,0,0,0,0,178,26,48,0,0,0
6519,0.874,0,58,0,0,0,0,0,0,0,178,26,48,0,0,0
6520,0.718,0,58,0,0,0,0,0,0,0,178,26,48,0,0,0
6521,6.725,0,58,0,0,0,0,0,0,0,178,26,48,0,0,0
6522,24.980,0,58,0,0,0,0,0,0,0,178,26,48,0,0,0
6523,0.887,0,58,0,0,0,0,0,0,0,178,26,48,0,0,0
6524,0.826,0,58,0,0,0,0,0,0,0,178,26,48,0,0,0
6525,6.579,0,58,0,0,0,0,0,0,0,178,26,48,0,0,0
6526,25.535,0,58,0,0,0,0,0,0,0,178,26,48,0,0,0
6527,0.865,0,58,0,0,0,0,0,0,0,178,26,48,0,0,0
6528,1.071,0,58,0,0,0,0,0,0,0,178,26,48,0,0,0
6529,5.851,0,58,0,0,0,0,0,0,0,178,26,48,0,0,0
6530,25.201,0,58,0,0,0,0,0,0,0,178,26,48,0,0,0
6531,0.880,0,58,0,0,0,0,0,0,0,178,26,48,0,0,0
6532,0.807,0,58,0,0,0,0,0,0,0,178,26,48,0,0,0
6533,6.541,0,58,0,0,0,0,0,0,0,178,26,48,0,0,0
6534,25.012,0,58,0,0,0,0,0,0,0,178,26,48,0,0,0
6535,0.838,0,58,0,0,0,0,0,0,0,178,26,48,0,0,0
6536,0.760,0,58,0,0,0,0,0,0,0,178,26,48,0,0,0
6537,6.671,0,58,0,0,0,0,0,0,0,178,26,48,0,0,0
6538,25.059,0,58,0,0,0,0,0,0,0,178,26,48,0,0,0
6539,0.915,0,58,0,0,0,0,0,0,0,178,26,48,0,0,0
6540,1.161,0,58,0,0,0,0,0,0,0,178,26,48,0,0,0
6541,6.226,0,58,0,0,0,0,0,0,0,178,26,48,0,0,0
6542,24.955,0,58,0,0,0,0,0,0,0,178,26,48,0,0,0
6543,0.883,0,58,0,0,0,0,0,0,0,178,26,48,0,0,0
6544,0.737,0,58,0,0,0,0,0,0,0,178,26,48,0,0,0
6545,6.639,0,58,0,0,0,0,0,0,0,178,26,48,0,0,0
6546,25.168,0,58,0,0,0,0,0,0,0,178,26,48,0,0,0
6547,0.957,0,58,0,0,0,0,0,0,0,178,26,48,0,0,0
6548,1.971,0,58,0,0,0,0,0,0,0,178,26,48,0,0,0
6549,5.302,0,58,0,0,0,0,0,0,0,178,26,48,0,0,0
6550,25.096,0,58,0,0,0,0,0,0,0,178,26,48,0,0,0
6551,0.867,0,58,0,0,0,0,0,0,0,178,26,48,0,0,0
6552,1.547,0,58,0,0,0,0,0,0,0,178,26,48,0,0,0
6553,5.810,0,58,0,0,0,0,0,0,0,178,26,48,0,0,0
6554,25.130,0,58,0,0,0,0,0,0,0,178,26,48,0,0,0
6555,0.896,0,58,0,0,0,0,0,0,0,178,26,48,0,0,0
6556,0.693,0,58,0,0,0,0,0,0,0,178,26,48,0,0,0
6557,6.762,0,58,0,0,0,0,0,0,0,178,26,48,0,0,0
6558,25.099,0,58,0,0,0,0,0,0,0,178,26,48,0,0,0
6559,0.919,0,58,0,0,0,0,0,0,0,178,26,48,0,0,0
6560,0.718,0,58,0,0,0,0,0,0,0,178,26,48,0,0,0
6561,6.447,0,58,0,0,0,0,0,0,0,178,26,48,0,0,0
6562,25.102,0,58,0,0,0,0,0,0,0,178,26,48,0,0,0
6563,0.879,0,58,0,0,0,0,0,0,0,178,26,48,0,0,0
6564,0.749,0,58,0,0,0,0,0,0,0,178,26,48,0,0,0
6565,6.732,0,58,0,0,0,0,0,0,0,178,26,48,0,0,0
6566,24.987,0,58,0,0,0,0,0,0,0,178,26,48,0,0,0
6567,0.911,0,58,0,0,0,0,0,0,0,178,26,48,0,0,0
6568,0.723,0,58,0,0,0,0,0,0,0,178,26,48,0,0,0
6569,6.580,0,58,0,0,0,0,0,0,0,178,26,48,0,0,0
6570,25.115,0,58,0,0,0,0,0,0,0,178,26,48,0,0,0
6571,0.933,0,58,0,0,0,0,0,0,0,178,26,48,0,0,0
6572,0.689,0,58,0,0,0,0,0,0,0,178,26,48,0,0,0
6573,6.564,0,58,0,0,0,0,0,0,0,178,26,48,0,0,0
6574,25.109,0,58,0,0,0,0,0,0,0,178,26,48,0,0,0
6575,0.909,0,58,0,0,0,0,0,0,0,178,26,48,0,0,0
6576,0.699,0,58,0,0,0,0,0,0,0,178,26,48,0,0,0
6577,6.629,0,58,0,0,0,0,0,0,0,178,26,48,0,0,0
6578,25.168,0,58,0,0,0,0,0,0,0,178,26,48,0,0,0
6579,0.914,0,58,0,0,0,0,0,0,0,178,26,48,0,0,0
6580,1.260,0,58,0,0,0,0,0,0,0,178,26,48,0,0,0
6581,5.961,0,58,0,0,0,0,0,0,0,178,26,48,0,0,0
6582,25.108,0,58,0,0,0,0,0,0,0,178,26,48,0,0,0
6583,0.897,0,58,0,0,0,0,0,0,0,178,26,48,0,0,0
6584,0.638,0,58,0,0,0,0,0,0,0,178,26,48,0,0,0
6585,6.701,0,58,0,0,0,0,0,0,0,178,26,48,0,0,0
6586,25.130,0,58,0,0,0,0,0,0,0,178,26,48,0,0,0
6587,0.842,0,58,0,0,0,0,0,0,0,178,26,48,0,0,0
6588,0.774,0,58,0,0,0,0,0,0,0,178,26,48,0,0,0
6589,6.724,0,58,0,0,0,0,0,0,0,178,26,48,0,0,0
6590,24.991,0,58,0,0,0,0,0,0,0,178,26,48,0,0,0
6591,0.853,0,58,0,0,0,0,0,0,0,178,26,48,0,0,0
6592,0.681,0,58,0,0,0,0,0,0,0,178,26,48,0,0,0
6593,6.769,0,58,0,0,0,0,0,0,0,178,26,48,0,0,0
6594,25.056,0,58,0,0,0,0,0,0,0,178,26,48,0,0,0
6595,0.986,0,58,0,0,0,0,0,0,0,178,26,48,0,0,0
6596,0.882,0,58,0,0,0,0,0,0,0,178,26,48,0,0,0
6597,6.355,0,58,0,0,0,0,0,0,0,178,26,48,0,0,0
6598,25.082,0,58,0,0,0,0,0,0,0,178,26,48,0,0,0
6599,0.913,0,58,0,0,0,0,0,0,0,178,26,48,0,0,0
6600,0.830,0,58,0,0,0,0,0,0,0,178,26,48,0,0,0
6601,6.486,0,58,0,0,0,0,0,0,0,178,26,48,0,0,0
6602,25.112,0,58,0,0,0,0,0,0,0,178,26,48,0,0,0
6603,0.911,0,58,0,0,0,0,0,0,0,178,26,48,0,0,0
6604,1.527,0,58,0,0,0,0,0,0,0,178,26,48,0,0,0
6605,5.694,0,58,0,0,0,0,0,0,0,178,26,48,0,0,0
6606,25.129,0,58,0,0,0,0,0,0,0,178,26,48,0,0,0
6607,0.839,0,58,0,0,0,0,0,0,0,178,26,48,0,0,0
6608,0.714,0,58,0,0,0,0,0,0,0,178,26,48,0,0,0
6609,6.688,0,58,0,0,0,0,0,0,0,178,26,48,0,0,0
6610,25.000,0,58,0,0,0,0,0,0,0,178,26,48,0,0,0
6611,0.888,0,58,0,0,0,0,0,0,0,178,26,48,0,0,0
6612,0.769,0,58,0,0,0,0,0,0,0,178,26,48,0,0,0
6613,6.724,0,58,0,0,0,0,0,0,0,178,26,48,0,0,0
6614,25.128,0,58,0,0,0,0,0,0,0,178,26,48,0,0,0
6615,0.787,0,58,0,0,0,0,0,0,0,178,26,48,0,0,0
6616,0.634,0,58,0,0,0,0,0,0,0,178,26,48,0,0,0
6617,6.791,0,58,0,0,0,0,0,0,0,178,26,48,0,0,0
6618,25.145,0,58,0,0,0,0,0,0,0,178,26,48,0,0,0
6619,0.899,0,58,0,0,0,0,0,0,0,178,26,48,0,0,0
6620,0.671,0,58,0,0,0,0,0,0,0,178,26,48,0,0,0
6621,6.509,0,58,0,0,0,0,0,0,0,178,26,48,0,0,0
6622,25.043,0,58,0,0,0,0,0,0,0,178,26,48,0,0,0
6623,0.944,0,58,0,0,0,0,0,0,0,178,26,48,0,0,0
6624,0.683,0,58,0,0,0,0,0,0,0,178,26,48,0,0,0
6625,6.871,0,58,0,0,0,0,0,0,0,178,26,48,0,0,0
6626,26.001,0,58,0,0,0,0,0,0,0,178,26,48,0,0,0
6627,0.919,0,58,0,0,0,0,0,0,0,178,26,48,0,0,0
6628,0.771,0,58,0,0,0,0,0,0,0,178,26,48,0,0,0
6629,5.664,0,58,0,0,0,0,0,0,0,178,26,48,0,0,0
6630,25.357,0,58,0,0,0,0,0,0,0,178,26,48,0,0,0
6631,0.947,0,58,0,0,0,0,0,0,0,178,26,48,0,0,0
6632,1.231,0,58,0,0,0,0,0,0,0,178,26,48,0,0,0
6633,5.691,0,58,0,0,0,0,0,0,0,178,26,48,0,0,0
6634,25.206,0,58,0,0,0,0,0,0,0,178,26,48,0,0,0
6635,0.919,0,58,0,0,0,0,0,0,0,178,26,48,0,0,0
6636,0.777,0,58,0,0,0,0,0,0,0,178,26,48,0,0,0
6637,6.485,0,58,0,0,0,0,0,0,0,178,26,48,0,0,0
6638,24.913,0,58,0,0,0,0,0,0,0,178,26,48,0,0,0
6639,0.912,0,58,0,0,0,0,0,0,0,178,26,48,0,0,0
6640,0.767,0,58,0,0,0,0,0,0,0,178,26,48,0,0,0
6641,6.705,0,58,0,0,0,0,0,0,0,178,26,48,0,0,0
6642,25.141,0,58,0,0,0,0,0,0,0,178,26,48,0,0,0
6643,0.898,0,58,0,0,0,0,0,0,0,178,26,48,0,0,0
6644,0.683,0,58,0,0,0,0,0,0,0,178,26,48,0,0,0
6645,6.528,0,58,0,0,0,0,0,0,0,178,26,48,0,0,0
6646,25.122,0,58,0,0,0,0,0,0,0,178,26,48,0,0,0
6647,0.956,0,58,0,0,0,0,0,0,0,178,26,48,0,0,0
6648,0.722,0,58,0,0,0,0,0,0,0,178,26,48,0,0,0
6649,6.513,0,58,0,0,0,0,0,0,0,178,26,48,0,0,0
6650,25.064,0,58,0,0,0,0,0,0,0,178,26,48,0,0,0
6651,0.939,0,58,0,0,0,0,0,0,0,178,26,48,0,0,0
6652,0.854,0,58,0,0,0,0,0,0,0,178,26,48,0,0,0
6653,6.584,0,58,0,0,0,0,0,0,0,178,26,48,0,0,0
6654,25.078,0,58,0,0,0,0,0,0,0,178,26,48,0,0,0
6655,0.967,0,58,0,0,0,0,0,0,0,178,26,48,0,0,0
6656,1.241,0,58,0,0,0,0,0,0,0,178,26,48,0,0,0
6657,5.980,0,58,0,0,0,0,0,0,0,178,26,48,0,0,0
6658,25.463,0,58,0,0,0,0,0,0,0,178,26,48,0,0,0
6659,0.932,0,58,0,0,0,0,0,0,0,178,26,48,0,0,0
6660,0.668,0,58,0,0,0,0,0,0,0,178,26,48,0,0,0
6661,6.312,0,58,0,0,0,0,0,0,0,178,26,48,0,0,0
6662,25.081,0,58,0,0,0,0,0,0,0,178,26,48,0,0,0
6663,0.888,0,58,0,0,0,0,0,0,0,178,26,48,0,0,0
6664,0.697,0,58,0,0,0,0,0,0,0,178,26,48,0,0,0
6665,6.620,0,58,0,0,0,0,0,0,0,178,26,48,0,0,0
6666,25.128,0,58,0,0,0,0,0,0,0,178,26,48,0,0,0
6667,0.936,0,58,0,0,0,0,0,0,0,178,26,48,0,0,0
6668,0.816,0,58,0,0,0,0,0,0,0,178,26,48,0,0,0
6669,6.563,0,58,0,0,0,0,0,0,0,178,26,48,0,0,0
6670,24.980,0,58,0,0,0,0,0,0,0,178,26,48,0,0,0
6671,0.930,0,58,0,0,0,0,0,0,0,178,26,48,0,0,0
6672,0.710,0,58,0,0,0,0,0,0,0,178,26,48,0,0,0
6673,6.541,0,58,0,0,0,0,0,0,0,178,26,48,0,0,0
6674,25.131,0,58,0,0,0,0,0,0,0,178,26,48,0,0,0
6675,0.951,0,58,0,0,0,0,0,0,0,178,26,48,0,0,0
6676,0.701,0,58,0,0,0,0,0,0,0,178,26,48,0,0,0
6677,6.619,0,58,0,0,0,0,0,0,0,178,26,48,0,0,0
6678,25.087,0,58,0,0,0,0,0,0,0,178,26,48,0,0,0
6679,0.943,0,58,0,0,0,0,0,0,0,178,26,48,0,0,0
6680,0.708,0,58,0,0,0,0,0,0,0,178,26,48,0,0,0
6681,6.537,0,58,0,0,0,0,0,0,0,178,26,48,0,0,0
6682,25.183,0,58,0,0,0,0,0,0,0,178,26,48,0,0,0
6683,0.902,0,58,0,0,0,0,0,0,0,178,26,48,0,0,0
6684,1.837,0,58,0,0,0,0,0,0,0,178,26,48,0,0,0
6685,5.450,0,58,0,0,0,0,0,0,0,178,26,48,0,0,0
6686,25.091,0,58,0,0,0,0,0,0,0,178,26,48,0,0,0
6687,0.957,0,58,0,0,0,0,0,0,0,178,26,48,0,0,0
6688,0.669,0,58,0,0,0,0,0,0,0,178,26,48,0,0,0
6689,6.561,0,58,0,0,0,0,0,0,0,178,26,48,0,0,0
6690,25.569,0,58,0,0,0,0,0,0,0,178,26,48,0,0,0
6691,0.813,0,58,0,0,0,0,0,0,0,178,26,48,0,0,0
6692,0.696,0,58,0,0,0,0,0,0,0,178,26,48,0,0,0
6693,6.289,0,58,0,0,0,0,0,0,0,178,26,48,0,0,0
6694,25.146,0,58,0,0,0,0,0,0,0,178,26,48,0,0,0
6695,0.881,0,58,0,0,0,0,0,0,0,178,26,48,0,0,0
6696,0.715,0,58,0,0,0,0,0,0,0,178,26,48,0,0,0
6697,6.584,0,58,0,0,0,0,0,0,0,178,26,48,0,0,0
6698,25.265,0,58,0,0,0,0,0,0,0,178,26,48,0,0,0
6699,0.842,0,58,0,0,0,0,0,0,0,178,26,48,0,0,0
6700,0.726,0,58,0,0,0,0,0,0,0,178,26,48,0,0,0
6701,6.646,0,58,0,0,0,0,0,0,0,178,26,48,0,0,0
6702,24.966,0,58,0,0,0,0,0,0,0,178,26,48,0,0,0
6703,0.996,0,58,0,0,0,0,0,0,0,178,26,48,0,0,0
6704,0.942,0,58,0,0,0,0,0,0,0,178,26,48,0,0,0
6705,6.151,0,58,0,0,0,0,0,0,0,178,26,48,0,0,0
6706,25.202,0,58,0,0,0,0,0,0,0,178,26,48,0,0,0
6707,0.862,0,58,0,0,0,0,0,0,0,178,26,48,0,0,0
6708,0.720,0,58,0,0,0,0,0,0,0,178,26,48,0,0,0
6709,6.588,0,58,0,0,0,0,0,0,0,178,26,48,0,0,0
6710,25.152,0,58,0,0,0,0,0,0,0,178,26,48,0,0,0
6711,0.868,0,58,0,0,0,0,0,0,0,178,26,48,0,0,0
6712,0.676,0,58,0,0,0,0,0,0,0,178,26,48,0,0,0
6713,6.638,0,58,0,0,0,0,0,0,0,178,26,48,0,0,0
6714,25.301,0,58,0,0,0,0,0,0,0,178,26,48,0,0,0
6715,0.941,0,58,0,0,0,0,0,0,0,178,26,48,0,0,0
6716,0.723,0,58,0,0,0,0,0,0,0,178,26,48,0,0,0
6717,6.392,0,58,0,0,0,0,0,0,0,178,26,48,0,0,0
6718,25.247,0,58,0,0,0,0,0,0,0,178,26,48,0,0,0
6719,0.846,0,58,0,0,0,0,0,0,0,178,26,48,0,0,0
6720,0.857,0,58,0,0,0,0,0,0,0,178,26,48,0,0,0
6721,6.387,0,58,0,0,0,0,0,0,0,178,26,48,0,0,0
6722,25.004,0,58,0,0,0,0,0,0,0,178,26,48,0,0,0
6723,0.905,0,58,0,0,0,0,0,0,0,178,26,48,0,0,0
6724,0.765,0,58,0,0,0,0,0,0,0,178,26,48,0,0,0
6725,6.642,0,58,0,0,0,0,0,0,0,178,26,48,0,0,0
6726,25.119,0,58,0,0,0,0,0,0,0,178,26,48,0,0,0
6727,0.877,0,58,0,0,0,0,0,0,0,178,26,48,0,0,0
6728,0.657,0,58,0,0,0,0,0,0,0,178,26,48,0,0,0
6729,6.779,0,58,0,0,0,0,0,0,0,178,26,48,0,0,0
6730,25.009,0,58,0,0,0,0,0,0,0,178,26,48,0,0,0
6731,0.892,0,58,0,0,0,0,0,0,0,178,26,48,0,0,0
6732,0.781,0,58,0,0,0,0,0,0,0,178,26,48,0,0,0
6733,6.514,0,58,0,0,0,0,0,0,0,178,26,48,0,0,0
6734,25.224,0,58,0,0,0,0,0,0,0,178,26,48,0,0,0
6735,0.863,0,58,0,0,0,0,0,0,0,178,26,48,0,0,0
6736,0.854,0,58,0,0,0,0,0,0,0,178,26,48,0,0,0
6737,6.442,0,58,0,0,0,0,0,0,0,178,26,48,0,0,0
6738,25.192,0,58,0,0,0,0,0,0,0,178,26,48,0,0,0
6739,0.807,0,58,0,0,0,0,0,0,0,178,26,48,0,0,0
6740,0.741,0,58,0,0,0,0,0,0,0,178,26,48,0,0,0
6741,6.545,0,58,0,0,0,0,0,0,0,178,26,48,0,0,0
6742,25.209,0,58,0,0,0,0,0,0,0,178,26,48,0,0,0
6743,0.848,0,58,0,0,0,0,0,0,0,178,26,48,0,0,0
6744,1.280,0,58,0,0,0,0,0,0,0,178,26,48,0,0,0
6745,5.906,0,58,0,0,0,0,0,0,0,178,26,48,0,0,0
6746,25.217,0,58,0,0,0,0,0,0,0,178,26,48,0,0,0
6747,0.935,0,58,0,0,0,0,0,0,0,178,26,48,0,0,0
6748,0.762,0,58,0,0,0,0,0,0,0,178,26,48,0,0,0
6749,6.499,0,58,0,0,0,0,0,0,0,178,26,48,0,0,0
6750,25.224,0,58,0,0,0,0,0,0,0,178,26,48,0,0,0
6751,0.909,0,58,0,0,0,0,0,0,0,178,26,48,0,0,0
6752,0.723,0,58,0,0,0,0,0,0,0,178,26,48,0,0,0
6753,6.560,0,58,0,0,0,0,0,0,0,178,26,48,0,0,0
6754,25.637,0,58,0,0,0,0,0,0,0,178,26,48,0,0,0
6755,1.046,0,58,0,0,0,0,0,0,0,178,26,48,0,0,0
6756,0.697,0,58,0,0,0,0,0,0,0,178,26,48,0,0,0
6757,5.897,0,58,0,0,0,0,0,0,0,178,26,48,0,0,0
6758,25.217,0,58,0,0,0,0,0,0,0,178,26,48,0,0,0
6759,0.957,0,58,0,0,0,0,0,0,0,178,26,48,0,0,0
6760,0.662,0,58,0,0,0,0,0,0,0,178,26,48,0,0,0
6761,6.501,0,58,0,0,0,0,0,0,0,178,26,48,0,0,0
6762,25.137,0,58,0,0,0,0,0,0,0,178,26,48,0,0,0
6763,0.984,0,58,0,0,0,0,0,0,0,178,26,48,0,0,0
6764,0.771,0,58,0,0,0,0,0,0,0,178,26,48,0,0,0
6765,6.512,0,58,0,0,0,0,0,0,0,178,26,48,0,0,0
6766,25.151,0,58,0,0,0,0,0,0,0,178,26,48,0,0,0
6767,1.070,0,58,0,0,0,0,0,0,0,178,26,48,0,0,0
6768,0.733,0,58,0,0,0,0,0,0,0,178,26,48,0,0,0
6769,6.316,0,58,0,0,0,0,0,0,0,178,26,48,0,0,0
6770,25.100,0,58,0,0,0,0,0,0,0,178,26,48,0,0,0
6771,0.914,0,58,0,0,0,0,0,0,0,178,26,48,0,0,0
6772,1.824,0,58,0,0,0,0,0,0,0,178,26,48,0,0,0
6773,5.390,0,58,0,0,0,0,0,0,0,178,26,48,0,0,0
6774,25.204,0,58,0,0,0,0,0,0,0,178,26,48,0,0,0
6775,0.840,0,58,0,0,0,0,0,0,0,178,26,48,0,0,0
6776,0.697,0,58,0,0,0,0,0,0,0,178,26,48,0,0,0
6777,6.649,0,58,0,0,0,0,0,0,0,178,26,48,0,0,0
6778,26.237,0,58,0,0,0,0,0,0,0,178,26,48,0,0,0
6779,0.884,0,58,0,0,0,0,0,0,0,178,26,48,0,0,0
6780,0.796,0,58,0,0,0,0,0,0,0,178,26,48,0,0,0
6781,5.575,0,58,0,0,0,0,0,0,0,178,26,48,0,0,0
6782,24.907,0,58,0,0,0,0,0,0,0,178,26,48,0,0,0
6783,0.810,0,58,0,0,0,0,0,0,0,178,26,48,0,0,0
6784,0.677,0,58,0,0,0,0,0,0,0,178,26,48,0,0,0
6785,6.836,0,58,0,0,0,0,0,0,0,178,26,48,0,0,0
6786,25.258,0,58,0,0,0,0,0,0,0,178,26,48,0,0,0
6787,0.944,0,58,0,0,0,0,0,0,0,178,26,48,0,0,0
6788,0.722,0,58,0,0,0,0,0,0,0,178,26,48,0,0,0
6789,6.373,0,58,0,0,0,0,0,0,0,178,26,48,0,0,0
6790,25.227,0,58,0,0,0,0,0,0,0,178,26,48,0,0,0
6791,0.856,0,58,0,0,0,0,0,0,0,178,26,48,0,0,0
6792,0.794,0,58,0,0,0,0,0,0,0,178,26,48,0,0,0
6793,6.551,0,58,0,0,0,0,0,0,0,178,26,48,0,0,0
6794,25.193,0,58,0,0,0,0,0,0,0,178,26,48,0,0,0
6795,0.923,0,58,0,0,0,0,0,0,0,178,26,48,0,0,0
6796,0.728,0,58,0,0,0,0,0,0,0,178,26,48,0,0,0
6797,6.535,0,58,0,0,0,0,0,0,0,178,26,48,0,0,0
6798,24.965,0,58,0,0,0,0,0,0,0,178,26,48,0,0,0
6799,0.871,0,58,0,0,0,0,0,0,0,178,26,48,0,0,0
6800,1.380,0,58,0,0,0,0,0,0,0,178,26,48,0,0,0
6801,5.934,0,58,0,0,0,0,0,0,0,178,26,48,0,0,0
6802,25.357,0,58,0,0,0,0,0,0,0,178,26,48,0,0,0
6803,0.869,0,58,0,0,0,0,0,0,0,178,26,48,0,0,0
6804,0.665,0,58,0,0,0,0,0,0,0,178,26,48,0,0,0
6805,6.600,0,58,0,0,0,0,0,0,0,178,26,48,0,0,0
6806,25.075,0,58,0,0,0,0,0,0,0,178,26,48,0,0,0
6807,0.882,0,58,0,0,0,0,0,0,0,178,26,48,0,0,0
6808,0.647,0,58,0,0,0,0,0,0,0,178,26,48,0,0,0
6809,6.626,0,58,0,0,0,0,0,0,0,178,26,48,0,0,0
6810,25.274,0,58,0,0,0,0,0,0,0,178,26,48,0,0,0
6811,0.846,0,58,0,0,0,0,0,0,0,178,26,48,0,0,0
6812,0.746,0,58,0,0,0,0,0,0,0,178,26,48,0,0,0
6813,6.530,0,58,0,0,0,0,0,0,0,178,26,48,0,0,0
6814,24.933,0,58,0,0,0,0,0,0,0,178,26,48,0,0,0
6815,0.861,0,58,0,0,0,0,0,0,0,178,26,48,0,0,0
6816,0.678,0,58,0,0,0,0,0,0,0,178,26,48,0,0,0
6817,6.860,0,58,0,0,0,0,0,0,0,178,26,48,0,0,0
6818,24.973,0,58,0,0,0,0,0,0,0,178,26,48,0,0,0
6819,0.925,0,58,0,0,0,0,0,0,0,178,26,48,0,0,0
6820,0.706,0,58,0,0,0,0,0,0,0,178,26,48,0,0,0
6821,6.714,0,58,0,0,0,0,0,0,0,178,26,48,0,0,0
6822,25.084,0,58,0,0,0,0,0,0,0,178,26,48,0,0,0
6823,0.851,0,58,0,0,0,0,0,0,0,178,26,48,0,0,0
6824,1.874,0,58,0,0,0,0,0,0,0,178,26,48,0,0,0
6825,5.483,0,58,0,0,0,0,0,0,0,178,26,48,0,0,0
6826,25.377,0,58,0,0,0,0,0,0,0,178,26,48,0,0,0
6827,1.028,0,58,0,0,0,0,0,0,0,178,26,48,0,0,0
6828,0.737,0,58,0,0,0,0,0,0,0,178,26,48,0,0,0
6829,6.173,0,58,0,0,0,0,0,0,0,178,26,48,0,0,0
6830,25.129,0,58,0,0,0,0,0,0,0,178,26,48,0,0,0
6831,0.811,0,58,0,0,0,0,0,0,0,178,26,48,0,0,0
6832,0.755,0,58,0,0,0,0,0,0,0,178,26,48,0,0,0
6833,6.639,0,58,0,0,0,0,0,0,0,178,26,48,0,0,0
6834,25.160,0,58,0,0,0,0,0,0,0,178,26,48,0,0,0
6835,0.849,0,58,0,0,0,0,0,0,0,178,26,48,0,0,0
6836,0.719,0,58,0,0,0,0,0,0,0,178,26,48,0,0,0
6837,6.659,0,58,0,0,0,0,0,0,0,178,26,48,0,0,0
6838,25.427,0,58,0,0,0,0,0,0,0,178,26,48,0,0,0
6839,0.899,0,58,0,0,0,0,0,0,0,178,26,48,0,0,0
6840,0.708,0,58,0,0,0,0,0,0,0,178,26,48,0,0,0
6841,6.283,0,58,0,0,0,0,0,0,0,178,26,48,0,0,0
6842,25.081,0,58,0,0,0,0,0,0,0,178,26,48,0,0,0
6843,0.821,0,58,0,0,0,0,0,0,0,178,26,48,0,0,0
6844,0.680,0,58,0,0,0,0,0,0,0,178,26,48,0,0,0
6845,6.751,0,58,0,0,0,0,0,0,0,178,26,48,0,0,0
6846,25.009,0,58,0,0,0,0,0,0,0,178,26,48,0,0,0
6847,0.817,0,58,0,0,0,0,0,0,0,178,26,48,0,0,0
6848,0.763,0,58,0,0,0,0,0,0,0,178,26,48,0,0,0
6849,6.726,0,58,0,0,0,0,0,0,0,178,26,48,0,0,0
6850,25.131,0,58,0,0,0,0,0,0,0,178,26,48,0,0,0
6851,0.866,0,58,0,0,0,0,0,0,0,178,26,48,0,0,0
6852,0.892,0,58,0,0,0,0,0,0,0,178,26,48,0,0,0
6853,6.392,0,58,0,0,0,0,0,0,0,178,26,48,0,0,0
6854,25.581,0,58,0,0,0,0,0,0,0,178,26,48,0,0,0
6855,0.839,0,58,0,0,0,0,0,0,0,178,26,48,0,0,0
6856,0.717,0,58,0,0,0,0,0,0,0,178,26,48,0,0,0
6857,6.285,0,58,0,0,0,0,0,0,0,178,26,48,0,0,0
6858,25.059,0,58,0,0,0,0,0,0,0,178,26,48,0,0,0
6859,0.884,0,58,0,0,0,0,0,0,0,178,26,48,0,0,0
6860,0.760,0,58,0,0,0,0,0,0,0,178,26,48,0,0,0
6861,6.558,0,58,0,0,0,0,0,0,0,178,26,48,0,0,0
6862,25.130,0,58,0,0,0,0,0,0,0,178,26,48,0,0,0
6863,0.990,0,58,0,0,0,0,0,0,0,178,26,48,0,0,0
6864,0.746,0,58,0,0,0,0,0,0,0,178,26,48,0,0,0
6865,6.454,0,58,0,0,0,0,0,0,0,178,26,48,0,0,0
6866,25.128,0,58,0,0,0,0,0,0,0,178,26,48,0,0,0
6867,0.988,0,58,0,0,0,0,0,0,0,178,26,48,0,0,0
6868,0.682,0,58,0,0,0,0,0,0,0,178,26,48,0,0,0
6869,6.598,0,58,0,0,0,0,0,0,0,178,26,48,0,0,0
6870,25.123,0,58,0,0,0,0,0,0,0,178,26,48,0,0,0
6871,0.918,0,58,0,0,0,0,0,0,0,178,26,48,0,0,0
6872,0.675,0,58,0,0,0,0,0,0,0,178,26,48,0,0,0
6873,6.516,0,58,0,0,0,0,0,0,0,178,26,48,0,0,0
6874,25.207,0,58,0,0,0,0,0,0,0,178,26,48,0,0,0
6875,0.900,0,58,0,0,0,0,0,0,0,178,26,48,0,0,0
6876,0.992,0,58,0,0,0,0,0,0,0,178,26,48,0,0,0
6877,6.389,0,58,0,0,0,0,0,0,0,178,26,48,0,0,0
6878,25.020,0,58,0,0,0,0,0,0,0,178,26,48,0,0,0
6879,0.801,0,58,0,0,0,0,0,0,0,178,26,48,0,0,0
6880,1.713,0,58,0,0,0,0,0,0,0,178,26,48,0,0,0
6881,5.725,0,58,0,0,0,0,0,0,0,178,26,48,0,0,0
6882,25.006,0,58,0,0,0,0,0,0,0,178,26,48,0,0,0
6883,1.044,0,58,0,0,0,0,0,0,0,178,26,48,0,0,0
6884,0.806,0,58,0,0,0,0,0,0,0,178,26,48,0,0,0
6885,6.431,0,58,0,0,0,0,0,0,0,178,26,48,0,0,0
6886,25.074,0,58,0,0,0,0,0,0,0,178,26,48,0,0,0
6887,0.878,0,58,0,0,0,0,0,0,0,178,26,48,0,0,0
6888,0.704,0,58,0,0,0,0,0,0,0,178,26,48,0,0,0
6889,6.714,0,58,0,0,0,0,0,0,0,178,26,48,0,0,0
6890,25.052,0,58,0,0,0,0,0,0,0,178,26,48,0,0,0
6891,0.872,0,58,0,0,0,0,0,0,0,178,26,48,0,0,0
6892,0.831,0,58,0,0,0,0,0,0,0,178,26,48,0,0,0
6893,6.720,0,58,0,0,0,0,0,0,0,178,26,48,0,0,0
6894,24.858,0,58,0,0,0,0,0,0,0,178,26,48,0,0,0
6895,0.878,0,58,0,0,0,0,0,0,0,178,26,48,0,0,0
6896,0.725,0,58,0,0,0,0,0,0,0,178,26,48,0,0,0
6897,6.643,0,58,0,0,0,0,0,0,0,178,26,48,0,0,0
6898,25.335,0,58,0,0,0,0,0,0,0,178,26,48,0,0,0
6899,0.983,0,58,0,0,0,0,0,0,0,178,26,48,0,0,0
6900,0.809,0,58,0,0,0,0,0,0,0,178,26,48,0,0,0
6901,6.107,0,58,0,0,0,0,0,0,0,178,26,48,0,0,0
6902,25.218,0,58,0,0,0,0,0,0,0,178,26,48,0,0,0
6903,0.832,0,58,0,0,0,0,0,0,0,178,26,48,0,0,0
6904,1.717,0,58,0,0,0,0,0,0,0,178,26,48,0,0,0
6905,5.757,0,58,0,0,0,0,0,0,0,178,26,48,0,0,0
6906,25.402,0,58,0,0,0,0,0,0,0,178,26,48,0,0,0
6907,0.978,0,58,0,0,0,0,0,0,0,178,26,48,0,0,0
6908,0.680,0,58,0,0,0,0,0,0,0,178,26,48,0,0,0
6909,6.154,0,58,0,0,0,0,0,0,0,178,26,48,0,0,0
6910,25.083,0,58,0,0,0,0,0,0,0,178,26,48,0,0,0
6911,0.927,0,58,0,0,0,0,0,0,0,178,26,48,0,0,0
6912,0.684,0,58,0,0,0,0,0,0,0,178,26,48,0,0,0
6913,6.709,0,58,0,0,0,0,0,0,0,178,26,48,0,0,0
6914,25.161,0,58,0,0,0,0,0,0,0,178,26,48,0,0,0
6915,1.008,0,58,0,0,0,0,0,0,0,178,26,48,0,0,0
6916,0.750,0,58,0,0,0,0,0,0,0,178,26,48,0,0,0
6917,6.564,0,58,0,0,0,0,0,0,0,178,26,48,0,0,0
6918,24.921,0,58,0,0,0,0,0,0,0,178,26,48,0,0,0
6919,0.929,0,58,0,0,0,0,0,0,0,178,26,48,0,0,0
6920,0.796,0,58,0,0,0,0,0,0,0,178,26,48,0,0,0
6921,6.736,0,58,0,0,0,0,0,0,0,178,26,48,0,0,0
6922,24.793,0,58,0,0,0,0,0,0,0,178,26,48,0,0,0
6923,0.879,0,58,0,0,0,0,0,0,0,178,26,48,0,0,0
6924,0.715,0,58,0,0,0,0,0,0,0,178,26,48,0,0,0
6925,6.788,0,58,0,0,0,0,0,0,0,178,26,48,0,0,0
6926,25.231,0,58,0,0,0,0,0,0,0,178,26,48,0,0,0
6927,0.893,0,58,0,0,0,0,0,0,0,178,26,48,0,0,0
6928,0.865,0,58,0,0,0,0,0,0,0,178,26,48,0,0,0
6929,6.211,0,58,0,0,0,0,0,0,0,178,26,48,0,0,0
6930,25.302,0,58,0,0,0,0,0,0,0,178,26,48,0,0,0
6931,1.056,0,58,0,0,0,0,0,0,0,178,26,48,0,0,0
6932,2.143,0,58,0,0,0,0,0,0,0,178,26,48,0,0,0
6933,4.785,0,58,0,0,0,0,0,0,0,178,26,48,0,0,0
6934,25.326,0,58,0,0,0,0,0,0,0,178,26,48,0,0,0
6935,0.872,0,58,0,0,0,0,0,0,0,178,26,48,0,0,0
6936,0.661,0,58,0,0,0,0,0,0,0,178,26,48,0,0,0
6937,6.662,0,58,0,0,0,0,0,0,0,178,26,48,0,0,0
6938,25.212,0,58,0,0,0,0,0,0,0,178,26,48,0,0,0
6939,1.077,0,58,0,0,0,0,0,0,0,178,26,48,0,0,0
6940,0.808,0,58,0,0,0,0,0,0,0,178,26,48,0,0,0
6941,6.319,0,58,0,0,0,0,0,0,0,178,26,48,0,0,0
6942,24.942,0,58,0,0,0,0,0,0,0,178,26,48,0,0,0
6943,0.914,0,58,0,0,0,0,0,0,0,178,26,48,0,0,0
6944,0.837,0,58,0,0,0,0,0,0,0,178,26,48,0,0,0
6945,6.342,0,58,0,0,0,0,0,0,0,178,26,48,0,0,0
6946,25.591,0,58,0,0,0,0,0,0,0,178,26,48,0,0,0
6947,0.897,0,58,0,0,0,0,0,0,0,178,26,48,0,0,0
6948,0.880,0,58,0,0,0,0,0,0,0,178,26,48,0,0,0
6949,6.181,0,58,0,0,0,0,0,0,0,178,26,48,0,0,0
6950,24.972,0,58,0,0,0,0,0,0,0,178,26,48,0,0,0
6951,0.855,0,58,0,0,0,0,0,0,0,178,26,48,0,0,0
6952,1.644,0,58,0,0,0,0,0,0,0,178,26,48,0,0,0
6953,5.835,0,58,0,0,0,0,0,0,0,178,26,48,0,0,0
6954,25.466,0,58,0,0,0,0,0,0,0,178,26,48,0,0,0
6955,1.031,0,58,0,0,0,0,0,0,0,178,26,48,0,0,0
6956,0.683,0,58,0,0,0,0,0,0,0,178,26,48,0,0,0
6957,5.957,0,58,0,0,0,0,0,0,0,178,26,48,0,0,0
6958,25.235,0,58,0,0,0,0,0,0,0,178,26,48,0,0,0
6959,0.989,0,58,0,0,0,0,0,0,0,178,26,48,0,0,0
6960,0.951,0,58,0,0,0,0,0,0,0,178,26,48,0,0,0
6961,6.492,0,58,0,0,0,0,0,0,0,178,26,48,0,0,0
6962,25.047,0,58,0,0,0,0,0,0,0,178,26,48,0,0,0
6963,0.944,0,58,0,0,0,0,0,0,0,178,26,48,0,0,0
6964,0.729,0,58,0,0,0,0,0,0,0,178,26,48,0,0,0
6965,6.384,0,58,0,0,0,0,0,0,0,178,26,48,0,0,0
6966,25.137,0,58,0,0,0,0,0,0,0,178,26,48,0,0,0
6967,0.870,0,58,0,0,0,0,0,0,0,178,26,48,0,0,0
6968,0.698,0,58,0,0,0,0,0,0,0,178,26,48,0,0,0
6969,6.719,0,58,0,0,0,0,0,0,0,178,26,48,0,0,0
6970,25.306,0,58,0,0,0,0,0,0,0,178,26,48,0,0,0
6971,1.022,0,58,0,0,0,0,0,0,0,178,26,48,0,0,0
6972,0.776,0,58,0,0,0,0,0,0,0,178,26,48,0,0,0
6973,6.159,0,58,0,0,0,0,0,0,0,178,26,48,0,0,0
6974,25.083,0,58,0,0,0,0,0,0,0,178,26,48,0,0,0
6975,0.856,0,58,0,0,0,0,0,0,0,178,26,48,0,0,0
6976,0.649,0,58,0,0,0,0,0,0,0,178,26,48,0,0,0
6977,6.820,0,58,0,0,0,0,0,0,0,178,26,48,0,0,0
6978,25.399,0,58,0,0,0,0,0,0,0,178,26,48,0,0,0
6979,0.906,0,58,0,0,0,0,0,0,0,178,26,48,0,0,0
6980,1.817,0,58,0,0,0,0,0,0,0,178,26,48,0,0,0
6981,5.149,0,58,0,0,0,0,0,0,0,178,26,48,0,0,0
6982,25.116,0,58,0,0,0,0,0,0,0,178,26,48,0,0,0
6983,0.964,0,58,0,0,0,0,0,0,0,178,26,48,0,0,0
6984,1.289,0,58,0,0,0,0,0,0,0,178,26,48,0,0,0
6985,5.958,0,58,0,0,0,0,0,0,0,178,26,48,0,0,0
6986,25.146,0,58,0,0,0,0,0,0,0,178,26,48,0,0,0
6987,0.885,0,58,0,0,0,0,0,0,0,178,26,48,0,0,0
6988,0.661,0,58,0,0,0,0,0,0,0,178,26,48,0,0,0
6989,6.601,0,58,0,0,0,0,0,0,0,178,26,48,0,0,0
6990,25.073,0,58,0,0,0,0,0,0,0,178,26,48,0,0,0
6991,0.871,0,58,0,0,0,0,0,0,0,178,26,48,0,0,0
6992,0.658,0,58,0,0,0,0,0,0,0,178,26,48,0,0,0
6993,6.724,0,58,0,0,0,0,0,0,0,178,26,48,0,0,0
6994,25.134,0,58,0,0,0,0,0,0,0,178,26,48,0,0,0
6995,0.864,0,58,0,0,0,0,0,0,0,178,26,48,0,0,0
6996,0.690,0,58,0,0,0,0,0,0,0,178,26,48,0,0,0
6997,6.711,0,58,0,0,0,0,0,0,0,178,26,48,0,0,0
6998,25.013,0,58,0,0,0,0,0,0,0,178,26,48,0,0,0
6999,0.839,0,58,0,0,0,0,0,0,0,178,26,48,0,0,0
7000,0.666,0,58,0,0,0,0,0,0,0,178,26,48,0,0,0
7001,6.688,0,58,0,0,0,0,0,0,0,178,26,48,0,0,0
7002,25.454,0,58,0,0,0,0,0,0,0,178,26,48,0,0,0
7003,0.997,0,58,0,0,0,0,0,0,0,178,26,48,0,0,0
7004,0.868,0,58,0,0,0,0,0,0,0,178,26,48,0,0,0
7005,6.035,0,58,0,0,0,0,0,0,0,178,26,48,0,0,0
7006,25.135,0,58,0,0,0,0,0,0,0,178,26,48,0,0,0
7007,0.850,0,58,0,0,0,0,0,0,0,178,26,48,0,0,0
7008,0.776,0,58,0,0,0,0,0,0,0,178,26,48,0,0,0
7009,6.568,0,58,0,0,0,0,0,0,0,178,26,48,0,0,0
7010,25.386,0,58,0,0,0,0,0,0,0,178,26,48,0,0,0
7011,1.016,0,58,0,0,0,0,0,0,0,178,26,48,0,0,0
7012,0.701,0,58,0,0,0,0,0,0,0,178,26,48,0,0,0
7013,6.156,0,58,0,0,0,0,0,0,0,178,26,48,0,0,0
7014,25.204,0,58,0,0,0,0,0,0,0,178,26,48,0,0,0
7015,0.917,0,58,0,0,0,0,0,0,0,178,26,48,0,0,0
7016,0.694,0,58,0,0,0,0,0,0,0,178,26,48,0,0,0
7017,6.681,0,58,0,0,0,0,0,0,0,178,26,48,0,0,0
7018,25.389,0,58,0,0,0,0,0,0,0,178,26,48,0,0,0
7019,1.139,0,58,0,0,0,0,0,0,0,178,26,48,0,0,0
7020,0.709,0,58,0,0,0,0,0,0,0,178,26,48,0,0,0
7021,6.079,0,58,0,0,0,0,0,0,0,178,26,48,0,0,0
7022,25.079,0,58,0,0,0,0,0,0,0,178,26,48,0,0,0
7023,0.854,0,58,0,0,0,0,0,0,0,178,26,48,0,0,0
7024,0.635,0,58,0,0,0,0,0,0,0,178,26,48,0,0,0
7025,6.756,0,58,0,0,0,0,0,0,0,178,26,48,0,0,0
7026,25.287,0,58,0,0,0,0,0,0,0,178,26,48,0,0,0
7027,0.865,0,58,0,0,0,0,0,0,0,178,26,48,0,0,0
7028,0.676,0,58,0,0,0,0,0,0,0,178,26,48,0,0,0
7029,6.418,0,58,0,0,0,0,0,0,0,178,26,48,0,0,0
7030,25.074,0,58,0,0,0,0,0,0,0,178,26,48,0,0,0
7031,0.854,0,58,0,0,0,0,0,0,0,178,26,48,0,0,0
7032,0.716,0,58,0,0,0,0,0,0,0,178,26,48,0,0,0
7033,6.665,0,58,0,0,0,0,0,0,0,178,26,48,0,0,0
7034,26.446,0,58,0,0,0,0,0,0,0,178,26,48,0,0,0
7035,1.035,0,58,0,0,0,0,0,0,0,178,26,48,0,0,0
7036,0.681,0,58,0,0,0,0,0,0,0,178,26,48,0,0,0
7037,5.262,0,58,0,0,0,0,0,0,0,178,26,48,0,0,0
7038,25.080,0,58,0,0,0,0,0,0,0,178,26,48,0,0,0
7039,0.832,0,58,0,0,0,0,0,0,0,178,26,48,0,0,0
7040,1.632,0,58,0,0,0,0,0,0,0,178,26,48,0,0,0
7041,5.711,0,58,0,0,0,0,0,0,0,178,26,48,0,0,0
7042,25.681,0,58,0,0,0,0,0,0,0,178,26,48,0,0,0
7043,0.918,0,58,0,0,0,0,0,0,0,178,26,48,0,0,0
7044,0.683,0,58,0,0,0,0,0,0,0,178,26,48,0,0,0
7045,6.105,0,58,0,0,0,0,0,0,0,178,26,48,0,0,0
7046,25.055,0,58,0,0,0,0,0,0,0,178,26,48,0,0,0
7047,0.994,0,58,0,0,0,0,0,0,0,178,26,48,0,0,0
7048,0.702,0,58,0,0,0,0,0,0,0,178,26,48,0,0,0
7049,6.642,0,58,0,0,0,0,0,0,0,178,26,48,0,0,0
7050,25.010,0,58,0,0,0,0,0,0,0,178,26,48,0,0,0
7051,0.950,0,58,0,0,0,0,0,0,0,178,26,48,0,0,0
7052,0.738,0,58,0,0,0,0,0,0,0,178,26,48,0,0,0
7053,6.586,0,58,0,0,0,0,0,0,0,178,26,48,0,0,0
7054,25.151,0,58,0,0,0,0,0,0,0,178,26,48,0,0,0
7055,0.797,0,58,0,0,0,0,0,0,0,178,26,48,0,0,0
7056,0.732,0,58,0,0,0,0,0,0,0,178,26,48,0,0,0
7057,6.601,0,58,0,0,0,0,0,0,0,178,26,48,0,0,0
7058,25.122,0,58,0,0,0,0,0,0,0,178,26,48,0,0,0
7059,0.989,0,58,0,0,0,0,0,0,0,178,26,48,0,0,0
7060,0.732,0,58,0,0,0,0,0,0,0,178,26,48,0,0,0
7061,6.672,0,58,0,0,0,0,0,0,0,178,26,48,0,0,0
7062,25.070,0,58,0,0,0,0,0,0,0,178,26,48,0,0,0
7063,0.989,0,58,0,0,0,0,0,0,0,178,26,48,0,0,0
7064,0.774,0,58,0,0,0,0,0,0,0,178,26,48,0,0,0
7065,6.390,0,58,0,0,0,0,0,0,0,178,26,48,0,0,0
7066,25.711,0,58,0,0,0,0,0,0,0,178,26,48,0,0,0
7067,0.967,0,58,0,0,0,0,0,0,0,178,26,48,0,0,0
7068,0.639,0,58,0,0,0,0,0,0,0,178,26,48,0,0,0
7069,5.954,0,58,0,0,0,0,0,0,0,178,26,48,0,0,0
7070,25.302,0,58,0,0,0,0,0,0,0,178,26,48,0,0,0
7071,0.891,0,58,0,0,0,0,0,0,0,178,26,48,0,0,0
7072,0.676,0,58,0,0,0,0,0,0,0,178,26,48,0,0,0
7073,6.543,0,58,0,0,0,0,0,0,0,178,26,48,0,0,0
7074,25.523,0,58,0,0,0,0,0,0,0,178,26,48,0,0,0
7075,0.892,0,58,0,0,0,0,0,0,0,178,26,48,0,0,0
7076,0.834,0,58,0,0,0,0,0,0,0,178,26,48,0,0,0
7077,5.990,0,58,0,0,0,0,0,0,0,178,26,48,0,0,0
7078,25.251,0,58,0,0,0,0,0,0,0,178,26,48,0,0,0
7079,0.890,0,58,0,0,0,0,0,0,0,178,26,48,0,0,0
7080,0.788,0,58,0,0,0,0,0,0,0,178,26,48,0,0,0
7081,6.743,0,58,0,0,0,0,0,0,0,178,26,48,0,0,0
7082,25.887,0,58,0,0,0,0,0,0,0,178,26,48,0,0,0
7083,0.858,0,58,0,0,0,0,0,0,0,178,26,48,0,0,0
7084,0.873,0,58,0,0,0,0,0,0,0,178,26,48,0,0,0
7085,5.434,0,58,0,0,0,0,0,0,0,178,26,48,0,0,0
7086,25.105,0,58,0,0,0,0,0,0,0,178,26,48,0,0,0
7087,0.959,0,58,0,0,0,0,0,0,0,178,26,48,0,0,0
7088,0.701,0,58,0,0,0,0,0,0,0,178,26,48,0,0,0
7089,6.524,0,58,0,0,0,0,0,0,0,178,26,48,0,0,0
7090,25.148,0,58,0,0,0,0,0,0,0,178,26,48,0,0,0
7091,0.985,0,58,0,0,0,0,0,0,0,178,26,48,0,0,0
7092,1.856,0,58,0,0,0,0,0,0,0,178,26,48,0,0,0
7093,5.397,0,58,0,0,0,0,0,0,0,178,26,48,0,0,0
7094,25.058,0,58,0,0,0,0,0,0,0,178,26,48,0,0,0
7095,1.063,0,58,0,0,0,0,0,0,0,178,26,48,0,0,0
7096,1.188,0,58,0,0,0,0,0,0,0,178,26,48,0,0,0
7097,5.940,0,58,0,0,0,0,0,0,0,178,26,48,0,0,0
7098,25.279,0,58,0,0,0,0,0,0,0,178,26,48,0,0,0
7099,0.847,0,58,0,0,0,0,0,0,0,178,26,48,0,0,0
7100,0.748,0,58,0,0,0,0,0,0,0,178,26,48,0,0,0
7101,6.465,0,58,0,0,0,0,0,0,0,178,26,48,0,0,0
7102,25.177,0,58,0,0,0,0,0,0,0,178,26,48,0,0,0
7103,0.932,0,58,0,0,0,0,0,0,0,178,26,48,0,0,0
7104,0.743,0,58,0,0,0,0,0,0,0,178,26,48,0,0,0
7105,6.544,0,58,0,0,0,0,0,0,0,178,26,48,0,0,0
7106,25.106,0,58,0,0,0,0,0,0,0,178,26,48,0,0,0
7107,1.036,0,58,0,0,0,0,0,0,0,178,26,48,0,0,0
7108,0.784,0,58,0,0,0,0,0,0,0,178,26,48,0,0,0
7109,6.542,0,58,0,0,0,0,0,0,0,178,26,48,0,0,0
7110,25.163,0,58,0,0,0,0,0,0,0,178,26,48,0,0,0
7111,1.041,0,58,0,0,0,0,0,0,0,178,26,48,0,0,0
7112,0.792,0,58,0,0,0,0,0,0,0,178,26,48,0,0,0
7113,6.114,0,58,0,0,0,0,0,0,0,178,26,48,0,0,0
7114,25.177,0,58,0,0,0,0,0,0,0,178,26,48,0,0,0
7115,1.126,0,58,0,0,0,0,0,0,0,178,26,48,0,0,0
7116,0.706,0,58,0,0,0,0,0,0,0,178,26,48,0,0,0
7117,6.300,0,58,0,0,0,0,0,0,0,178,26,48,0,0,0
7118,25.350,0,58,0,0,0,0,0,0,0,178,26,48,0,0,0
7119,0.983,0,58,0,0,0,0,0,0,0,178,26,48,0,0,0
7120,0.699,0,58,0,0,0,0,0,0,0,178,26,48,0,0,0
7121,6.315,0,58,0,0,0,0,0,0,0,178,26,48,0,0,0
7122,25.411,0,58,0,0,0,0,0,0,0,178,26,48,0,0,0
7123,1.058,0,58,0,0,0,0,0,0,0,178,26,48,0,0,0
7124,0.652,0,58,0,0,0,0,0,0,0,178,26,48,0,0,0
7125,6.277,0,58,0,0,0,0,0,0,0,178,26,48,0,0,0
7126,25.117,0,58,0,0,0,0,0,0,0,178,26,48,0,0,0
7127,0.844,0,58,0,0,0,0,0,0,0,178,26,48,0,0,0
7128,0.644,0,58,0,0,0,0,0,0,0,178,26,48,0,0,0
7129,6.663,0,58,0,0,0,0,0,0,0,178,26,48,0,0,0
7130,25.174,0,58,0,0,0,0,0,0,0,178,26,48,0,0,0
7131,0.912,0,58,0,0,0,0,0,0,0,178,26,48,0,0,0
7132,0.705,0,58,0,0,0,0,0,0,0,178,26,48,0,0,0
7133,6.539,0,58,0,0,0,0,0,0,0,178,26,48,0,0,0
7134,25.075,0,58,0,0,0,0,0,0,0,178,26,48,0,0,0
7135,0.894,0,58,0,0,0,0,0,0,0,178,26,48,0,0,0
7136,0.763,0,58,0,0,0,0,0,0,0,178,26,48,0,0,0
7137,6.626,0,58,0,0,0,0,0,0,0,178,26,48,0,0,0
7138,25.039,0,58,0,0,0,0,0,0,0,178,26,48,0,0,0
7139,0.845,0,58,0,0,0,0,0,0,0,178,26,48,0,0,0
7140,0.864,0,58,0,0,0,0,0,0,0,178,26,48,0,0,0
7141,6.602,0,58,0,0,0,0,0,0,0,178,26,48,0,0,0
7142,25.078,0,58,0,0,0,0,0,0,0,178,26,48,0,0,0
7143,0.757,0,58,0,0,0,0,0,0,0,178,26,48,0,0,0
7144,0.686,0,58,0,0,0,0,0,0,0,178,26,48,0,0,0
7145,6.896,0,58,0,0,0,0,0,0,0,178,26,48,0,0,0
7146,25.082,0,58,0,0,0,0,0,0,0,178,26,48,0,0,0
7147,1.000,0,58,0,0,0,0,0,0,0,178,26,48,0,0,0
7148,1.800,0,58,0,0,0,0,0,0,0,178,26,48,0,0,0
7149,5.295,0,58,0,0,0,0,0,0,0,178,26,48,0,0,0
7150,25.132,0,58,0,0,0,0,0,0,0,178,26,48,0,0,0
7151,0.891,0,58,0,0,0,0,0,0,0,178,26,48,0,0,0
7152,0.738,0,58,0,0,0,0,0,0,0,178,26,48,0,0,0
7153,6.607,0,58,0,0,0,0,0,0,0,178,26,48,0,0,0
7154,25.064,0,58,0,0,0,0,0,0,0,178,26,48,0,0,0
7155,0.853,0,58,0,0,0,0,0,0,0,178,26,48,0,0,0
7156,0.701,0,58,0,0,0,0,0,0,0,178,26,48,0,0,0
7157,6.786,0,58,0,0,0,0,0,0,0,178,26,48,0,0,0
7158,25.015,0,58,0,0,0,0,0,0,0,178,26,48,0,0,0
7159,0.906,0,58,0,0,0,0,0,0,0,178,26,48,0,0,0
7160,0.717,0,58,0,0,0,0,0,0,0,178,26,48,0,0,0
7161,6.504,0,58,0,0,0,0,0,0,0,178,26,48,0,0,0
7162,25.430,0,58,0,0,0,0,0,0,0,178,26,48,0,0,0
7163,1.131,0,58,0,0,0,0,0,0,0,178,26,48,0,0,0
7164,0.816,0,58,0,0,0,0,0,0,0,178,26,48,0,0,0
7165,6.281,0,58,0,0,0,0,0,0,0,178,26,48,0,0,0
7166,24.825,0,58,0,0,0,0,0,0,0,178,26,48,0,0,0
7167,0.981,0,58,0,0,0,0,0,0,0,178,26,48,0,0,0
7168,0.682,0,58,0,0,0,0,0,0,0,178,26,48,0,0,0
7169,6.557,0,58,0,0,0,0,0,0,0,178,26,48,0,0,0
7170,25.454,0,58,0,0,0,0,0,0,0,178,26,48,0,0,0
7171,0.934,0,58,0,0,0,0,0,0,0,178,26,48,0,0,0
7172,0.679,0,58,0,0,0,0,0,0,0,178,26,48,0,0,0
7173,6.285,0,58,0,0,0,0,0,0,0,178,26,48,0,0,0
7174,25.065,0,58,0,0,0,0,0,0,0,178,26,48,0,0,0
7175,0.871,0,58,0,0,0,0,0,0,0,178,26,48,0,0,0
7176,1.708,0,58,0,0,0,0,0,0,0,178,26,48,0,0,0
7177,5.705,0,58,0,0,0,0,0,0,0,178,26,48,0,0,0
7178,25.188,0,58,0,0,0,0,0,0,0,178,26,48,0,0,0
7179,0.993,0,58,0,0,0,0,0,0,0,178,26,48,0,0,0
7180,0.674,0,58,0,0,0,0,0,0,0,178,26,48,0,0,0
7181,6.550,0,58,0,0,0,0,0,0,0,178,26,48,0,0,0
7182,25.040,0,58,0,0,0,0,0,0,0,178,26,48,0,0,0
7183,1.210,0,58,0,0,0,0,0,0,0,178,26,48,0,0,0
7184,0.839,0,58,0,0,0,0,0,0,0,178,26,48,0,0,0
7185,6.263,0,58,0,0,0,0,0,0,0,178,26,48,0,0,0
7186,25.483,0,58,0,0,0,0,0,0,0,178,26,48,0,0,0
7187,0.932,0,58,0,0,0,0,0,0,0,178,26,48,0,0,0
7188,0.668,0,58,0,0,0,0,0,0,0,178,26,48,0,0,0
7189,6.220,0,58,0,0,0,0,0,0,0,178,26,48,0,0,0
7190,24.970,0,58,0,0,0,0,0,0,0,178,26,48,0,0,0
7191,0.916,0,58,0,0,0,0,0,0,0,178,26,48,0,0,0
7192,0.674,0,58,0,0,0,0,0,0,0,178,26,48,0,0,0
7193,6.833,0,58,0,0,0,0,0,0,0,178,26,48,0,0,0
7194,25.051,0,58,0,0,0,0,0,0,0,178,26,48,0,0,0
7195,0.944,0,58,0,0,0,0,0,0,0,178,26,48,0,0,0
7196,0.865,0,58,0,0,0,0,0,0,0,178,26,48,0,0,0
7197,6.330,0,58,0,0,0,0,0,0,0,178,26,48,0,0,0
7198,25.143,0,58,0,0,0,0,0,0,0,178,26,48,0,0,0
7199,0.874,0,58,0,0,0,0,0,0,0,178,26,48,0,0,0
7200,0.661,0,58,0,0,0,0,0,0,0,178,26,48,0,0,0
7201,6.702,0,58,0,0,0,0,0,0,0,178,26,48,0,0,0
7202,25.009,0,58,0,0,0,0,0,0,0,178,26,48,0,0,0
7203,0.871,0,58,0,0,0,0,0,0,0,178,26,48,0,0,0
7204,0.760,0,58,0,0,0,0,0,0,0,178,26,48,0,0,0
7205,6.750,0,58,0,0,0,0,0,0,0,178,26,48,0,0,0
7206,25.352,0,58,0,0,0,0,0,0,0,178,26,48,0,0,0
7207,1.067,0,58,0,0,0,0,0,0,0,178,26,48,0,0,0
7208,1.029,0,58,0,0,0,0,0,0,0,178,26,48,0,0,0
7209,5.749,0,58,0,0,0,0,0,0,0,178,26,48,0,0,0
7210,25.510,0,58,0,0,0,0,0,0,0,178,26,48,0,0,0
7211,0.850,0,58,0,0,0,0,0,0,0,178,26,48,0,0,0
7212,0.745,0,58,0,0,0,0,0,0,0,178,26,48,0,0,0
7213,6.329,0,58,0,0,0,0,0,0,0,178,26,48,0,0,0
7214,25.027,0,58,0,0,0,0,0,0,0,178,26,48,0,0,0
7215,0.840,0,58,0,0,0,0,0,0,0,178,26,48,0,0,0
7216,0.682,0,58,0,0,0,0,0,0,0,178,26,48,0,0,0
7217,6.535,0,58,0,0,0,0,0,0,0,178,26,48,0,0,0
7218,25.084,0,58,0,0,0,0,0,0,0,178,26,48,0,0,0
7219,0.882,0,58,0,0,0,0,0,0,0,178,26,48,0,0,0
7220,0.693,0,58,0,0,0,0,0,0,0,178,26,48,0,0,0
7221,6.817,0,58,0,0,0,0,0,0,0,178,26,48,0,0,0
7222,24.858,0,58,0,0,0,0,0,0,0,178,26,48,0,0,0
7223,0.937,0,58,0,0,0,0,0,0,0,178,26,48,0,0,0
7224,0.642,0,58,0,0,0,0,0,0,0,178,26,48,0,0,0
7225,6.699,0,58,0,0,0,0,0,0,0,178,26,48,0,0,0
7226,26.317,0,58,0,0,0,0,0,0,0,178,26,48,0,0,0
7227,0.749,0,58,0,0,0,0,0,0,0,178,26,48,0,0,0
7228,0.682,0,58,0,0,0,0,0,0,0,178,26,48,0,0,0
7229,5.406,0,58,0,0,0,0,0,0,0,178,26,48,0,0,0
7230,25.201,0,58,0,0,0,0,0,0,0,178,26,48,0,0,0
7231,0.909,0,58,0,0,0,0,0,0,0,178,26,48,0,0,0
7232,0.645,0,58,0,0,0,0,0,0,0,178,26,48,0,0,0
7233,6.582,0,58,0,0,0,0,0,0,0,178,26,48,0,0,0
7234,25.977,0,58,0,0,0,0,0,0,0,178,26,48,0,0,0
7235,0.922,0,58,0,0,0,0,0,0,0,178,26,48,0,0,0
7236,0.644,0,58,0,0,0,0,0,0,0,178,26,48,0,0,0
7237,5.989,0,58,0,0,0,0,0,0,0,178,26,48,0,0,0
7238,25.080,0,58,0,0,0,0,0,0,0,178,26,48,0,0,0
