frame_idx,dt_ms,view_sse,visible_n,partition_n,load_n,spawn_n,tex_upload_n,evict_n,gpu_tex_cache,mesh_backlog,dl_in_flight,stale_skips,retry_after,frame_mesh,frame_despawn,evict_deferred
1,0.000,0,9,72,0,9,0,0,0,70,84,0,0,12,0,0
2,4.926,0,18,60,0,9,0,0,0,60,84,0,0,12,0,0
3,110.832,0,30,48,0,12,0,0,0,48,84,0,0,12,0,0
4,5.912,0,37,36,0,7,0,0,0,36,84,0,0,12,0,0
5,2.535,0,44,24,0,7,0,0,0,24,84,0,0,12,0,0
6,2.521,0,50,12,0,6,0,0,0,12,84,0,0,12,0,0
7,2.918,0,58,0,0,8,0,0,0,0,84,0,0,12,0,0
8,1.158,0,58,0,0,0,0,0,0,0,84,0,0,0,0,0
9,1.159,0,58,0,0,0,0,0,0,0,84,0,0,0,0,0
10,0.922,0,58,0,0,0,0,0,0,0,84,0,0,0,0,0
11,0.798,0,58,0,0,0,0,0,0,0,84,0,0,0,0,0
12,1.797,0,58,0,0,0,0,0,0,0,84,0,0,0,0,0
13,6.364,0,58,0,0,0,0,0,0,0,84,0,0,0,0,0
14,10.184,0,58,0,0,0,0,0,0,0,84,0,0,0,0,0
15,0.867,0,58,0,0,0,0,0,0,0,84,0,0,0,0,0
16,7.623,0,58,0,0,0,0,0,0,0,84,0,0,0,0,0
17,25.540,0,58,0,0,0,0,0,0,0,84,0,0,0,0,0
18,0.830,0,58,0,0,0,0,0,0,0,84,0,0,0,0,0
19,1.712,0,58,0,0,0,0,0,0,0,84,0,0,0,0,0
20,11.196,0,58,0,0,0,0,0,0,0,84,0,0,0,0,0
21,33.624,0,58,0,0,0,0,0,0,0,84,0,0,0,0,0
22,0.854,0,58,0,0,0,0,0,0,0,84,0,0,0,0,0
23,0.923,0,58,0,0,0,0,0,0,0,84,0,0,0,0,0
24,14.727,0,58,0,0,0,0,0,0,0,84,0,0,0,0,0
25,33.725,0,58,0,0,0,2,0,2,0,82,0,0,0,0,0
26,0.765,0,58,0,0,0,0,0,2,0,82,0,0,0,0,0
27,1.041,0,58,0,0,0,0,0,2,0,82,0,0,0,0,0
28,6.132,0,58,0,0,0,1,0,3,0,81,0,0,0,0,0
29,25.231,0,58,0,0,0,0,0,3,0,81,0,0,0,0,0
30,1.065,0,58,0,0,0,0,0,3,0,81,0,0,0,0,0
31,0.864,0,58,0,0,0,0,0,3,0,81,0,0,0,0,0
32,6.117,0,58,0,0,0,0,0,3,0,81,0,0,0,0,0
33,25.163,0,58,0,0,0,0,0,3,0,81,0,0,0,0,0
34,1.015,0,58,0,0,0,0,0,3,0,81,0,0,0,0,0
35,0.817,0,58,0,0,0,0,0,3,0,81,0,0,0,0,0
36,6.452,0,58,0,0,0,0,0,3,0,81,0,0,0,0,0
37,25.116,0,58,0,0,0,1,0,4,0,80,0,0,0,0,0
38,0.977,0,58,0,0,0,0,0,4,0,80,0,0,0,0,0
39,0.995,0,58,0,0,0,0,0,4,0,80,0,0,0,0,0
40,6.066,0,58,0,0,0,1,0,5,0,79,0,0,0,0,0
41,25.319,0,58,0,0,0,1,0,6,0,78,0,0,0,0,0
42,1.286,0,58,0,0,0,0,0,6,0,78,0,0,0,0,0
43,1.305,0,58,0,0,0,0,0,6,0,78,0,0,0,0,0
44,5.431,0,58,0,0,0,0,0,6,0,78,0,0,0,0,0
45,25.302,0,58,0,0,0,1,0,7,0,77,0,0,0,0,0
46,1.089,0,58,0,0,0,0,0,7,0,77,0,0,0,0,0
47,0.807,0,58,0,0,0,0,0,7,0,77,0,0,0,0,0
48,6.328,0,58,0,0,0,1,0,8,0,76,0,0,0,0,0
49,25.045,0,58,0,0,0,8,0,16,0,68,0,0,0,0,0
50,1.277,0,58,0,0,0,1,0,17,0,67,0,0,0,0,0
51,1.875,0,58,0,0,0,0,0,17,0,67,0,0,0,0,0
52,5.106,0,58,0,0,0,0,0,17,0,67,0,0,0,0,0
53,25.075,0,58,0,0,0,1,0,18,0,66,0,0,0,0,0
54,0.933,0,58,0,0,0,0,0,18,0,66,0,0,0,0,0
55,0.888,0,58,0,0,0,1,0,19,0,65,0,0,0,0,0
56,6.784,0,58,0,0,0,0,0,19,0,65,0,0,0,0,0
57,24.779,0,58,0,0,0,0,0,19,0,65,0,0,0,0,0
58,0.880,0,58,0,0,0,0,0,19,0,65,0,0,0,0,0
59,2.057,0,58,0,0,0,0,0,19,0,65,0,0,0,0,0
60,5.147,0,58,0,0,0,0,0,19,0,65,0,0,0,0,0
61,25.245,0,58,0,0,0,3,0,22,0,62,0,0,0,0,0
62,0.936,0,58,0,0,0,0,0,22,0,62,0,0,0,0,0
63,2.131,0,58,0,0,0,0,0,22,0,62,0,0,0,0,0
64,5.074,0,58,0,0,0,0,0,22,0,62,0,0,0,0,0
65,25.198,0,58,0,0,0,0,0,22,0,62,0,0,0,0,0
66,0.869,0,58,0,0,0,0,0,22,0,62,0,0,0,0,0
67,0.709,0,58,0,0,0,0,0,22,0,62,0,0,0,0,0
68,6.490,0,58,0,0,0,0,0,22,0,62,0,0,0,0,0
69,25.261,0,58,0,0,0,2,0,24,0,60,0,0,0,0,0
70,1.043,0,58,0,0,0,0,0,24,0,60,0,0,0,0,0
71,0.938,0,58,0,0,0,0,0,24,0,60,0,0,0,0,0
72,6.138,0,58,0,0,0,0,0,24,0,60,0,0,0,0,0
73,25.155,0,58,0,0,0,3,0,27,0,57,0,0,0,0,0
74,1.142,0,58,0,0,0,0,0,27,0,57,0,0,0,0,0
75,1.014,0,58,0,0,0,0,0,27,0,57,0,0,0,0,0
76,6.128,0,58,0,0,0,1,0,28,0,56,0,0,0,0,0
77,25.057,0,58,0,0,0,6,0,34,0,25,25,0,0,0,0
78,1.106,0,58,0,0,0,0,0,34,0,25,25,0,0,0,0
79,1.671,0,58,0,0,0,0,0,34,0,25,25,0,0,0,0
80,5.472,0,58,0,0,0,0,0,34,0,25,25,0,0,0,0
81,25.254,0,58,0,0,0,1,0,35,0,23,26,0,0,0,0
82,0.863,0,58,0,0,0,0,0,35,0,23,26,0,0,0,0
83,0.897,0,58,0,0,0,0,0,35,0,23,26,0,0,0,0
84,6.221,0,58,0,0,0,0,0,35,0,23,26,0,0,0,0
85,25.322,0,58,0,0,0,0,0,35,0,23,26,0,0,0,0
86,0.928,0,58,0,0,0,0,0,35,0,23,26,0,0,0,0
87,1.044,0,58,0,0,0,0,0,35,0,23,26,0,0,0,0
88,6.010,0,58,0,0,0,0,0,35,0,23,26,0,0,0,0
89,25.279,0,58,0,0,0,2,0,37,0,21,26,0,0,0,0
90,0.922,0,58,0,0,0,0,0,37,0,21,26,0,0,0,0
91,0.965,0,58,0,0,0,0,0,37,0,21,26,0,0,0,0
92,6.268,0,58,0,0,0,0,0,37,0,21,26,0,0,0,0
93,25.133,0,58,0,0,0,0,0,37,0,21,26,0,0,0,0
94,0.860,0,58,0,0,0,0,0,37,0,21,26,0,0,0,0
95,0.754,0,58,0,0,0,0,0,37,0,21,26,0,0,0,0
96,6.538,0,58,0,0,0,0,0,37,0,21,26,0,0,0,0
97,25.218,0,58,0,0,0,5,0,42,0,16,26,0,0,0,0
98,1.000,0,58,0,0,0,0,0,42,0,16,26,0,0,0,0
99,1.290,0,58,0,0,0,0,0,42,0,16,26,0,0,0,0
100,5.832,0,58,0,0,0,0,0,42,0,16,26,0,0,0,0
101,25.300,0,58,0,0,0,3,0,45,0,13,26,0,0,0,0
102,0.878,0,58,0,0,0,0,0,45,0,13,26,0,0,0,0
103,0.965,0,58,0,0,0,0,0,45,0,13,26,0,0,0,0
104,6.269,0,58,0,0,0,0,0,45,0,13,26,0,0,0,0
105,25.175,0,58,0,0,0,1,0,46,0,12,26,0,0,0,0
106,0.895,0,58,0,0,0,0,0,46,0,12,26,0,0,0,0
107,1.600,0,58,0,0,0,0,0,46,0,12,26,0,0,0,0
108,5.707,0,58,0,0,0,1,0,47,0,11,26,0,0,0,0
109,25.078,0,58,0,0,0,2,0,49,0,9,26,0,0,0,0
110,0.944,0,58,0,0,0,0,0,49,0,9,26,0,0,0,0
111,0.887,0,58,0,0,0,0,0,49,0,9,26,0,0,0,0
112,6.398,0,58,0,0,0,0,0,49,0,9,26,0,0,0,0
113,25.191,0,58,0,0,0,0,0,49,0,9,26,0,0,0,0
114,0.871,0,58,0,0,0,0,0,49,0,9,26,0,0,0,0
115,0.740,0,58,0,0,0,0,0,49,0,9,26,0,0,0,0
116,6.620,0,58,0,0,0,0,0,49,0,9,26,0,0,0,0
117,24.969,0,58,0,0,0,0,0,49,0,9,26,0,0,0,0
118,0.851,0,58,0,0,0,0,0,49,0,9,26,0,0,0,0
119,0.709,0,58,0,0,0,0,0,49,0,9,26,0,0,0,0
120,6.515,0,58,0,0,0,0,0,49,0,9,26,0,0,0,0
121,25.164,0,58,0,0,0,2,0,51,0,7,26,0,0,0,0
122,0.943,0,58,0,0,0,0,0,51,0,7,26,0,0,0,0
123,0.969,0,58,0,0,0,0,0,51,0,7,26,0,0,0,0
124,6.542,0,58,0,0,0,0,0,51,0,7,26,0,0,0,0
125,24.977,0,58,0,0,0,0,0,51,0,7,26,0,0,0,0
126,0.867,0,58,0,0,0,0,0,51,0,7,26,0,0,0,0
127,0.711,0,58,0,0,0,0,0,51,0,7,26,0,0,0,0
128,6.652,0,58,0,0,0,0,0,51,0,7,26,0,0,0,0
129,25.194,0,58,0,0,0,0,0,51,0,7,26,0,0,0,0
130,0.894,0,58,0,0,0,0,0,51,0,7,26,0,0,0,0
131,1.869,0,58,0,0,0,0,0,51,0,7,26,0,0,0,0
132,5.387,0,58,0,0,0,0,0,51,0,7,26,0,0,0,0
133,25.098,0,58,0,0,0,0,0,51,0,7,26,0,0,0,0
134,0.858,0,58,0,0,0,0,0,51,0,7,26,0,0,0,0
135,0.754,0,58,0,0,0,0,0,51,0,7,26,0,0,0,0
136,6.728,0,58,0,0,0,0,0,51,0,7,26,0,0,0,0
137,25.099,0,58,0,0,0,0,0,51,0,7,26,0,0,0,0
138,0.970,0,58,0,0,0,0,0,51,0,7,26,0,0,0,0
139,0.750,0,58,0,0,0,0,0,51,0,7,26,0,0,0,0
140,6.374,0,58,0,0,0,0,0,51,0,7,26,0,0,0,0
141,25.091,0,58,0,0,0,0,0,51,0,7,26,0,0,0,0
142,0.911,0,58,0,0,0,0,0,51,0,7,26,0,0,0,0
143,0.713,0,58,0,0,0,0,0,51,0,7,26,0,0,0,0
144,6.625,0,58,0,0,0,0,0,51,0,7,26,0,0,0,0
145,25.188,0,58,0,0,0,0,0,51,0,7,26,0,0,0,0
146,0.930,0,58,0,0,0,0,0,51,0,7,26,0,0,0,0
147,0.744,0,58,0,0,0,0,0,51,0,7,26,0,0,0,0
148,6.338,0,58,0,0,0,0,0,51,0,7,26,0,0,0,0
149,25.149,0,58,0,0,0,0,0,51,0,7,26,0,0,0,0
150,1.198,0,58,0,0,0,1,0,52,0,6,26,0,0,0,0
151,0.827,0,58,0,0,0,0,0,52,0,6,26,0,0,0,0
152,6.307,0,58,0,0,0,0,0,52,0,6,26,0,0,0,0
153,25.241,0,58,0,0,0,0,0,52,0,6,26,0,0,0,0
154,0.868,0,58,0,0,0,0,0,52,0,6,26,0,0,0,0
155,1.675,0,58,0,0,0,0,0,52,0,6,26,0,0,0,0
156,5.554,0,58,0,0,0,0,0,52,0,6,26,0,0,0,0
157,25.066,0,58,0,0,0,0,0,52,0,6,26,0,0,0,0
158,0.878,0,58,0,0,0,0,0,52,0,6,26,0,0,0,0
159,1.071,0,58,0,0,0,0,0,52,0,6,26,0,0,0,0
160,6.338,0,58,0,0,0,0,0,52,0,6,26,0,0,0,0
161,25.117,0,58,0,0,0,0,0,52,0,6,26,0,0,0,0
162,0.938,0,58,0,0,0,0,0,52,0,6,26,0,0,0,0
163,0.768,0,58,0,0,0,0,0,52,0,6,26,0,0,0,0
164,6.558,0,58,0,0,0,0,0,52,0,6,26,0,0,0,0
165,25.010,0,58,0,0,0,0,0,52,0,6,26,0,0,0,0
166,0.791,0,58,0,0,0,0,0,52,0,6,26,0,0,0,0
167,0.747,0,58,0,0,0,0,0,52,0,6,26,0,0,0,0
168,6.578,0,58,0,0,0,0,0,52,0,6,26,0,0,0,0
169,25.319,0,58,0,0,0,0,0,52,0,6,26,0,0,0,0
170,0.879,0,58,0,0,0,0,0,52,0,6,26,0,0,0,0
171,0.810,0,58,0,0,0,0,0,52,0,6,26,0,0,0,0
172,6.412,0,58,0,0,0,0,0,52,0,6,26,0,0,0,0
173,25.203,0,58,0,0,0,0,0,52,0,6,26,0,0,0,0
174,0.810,0,58,0,0,0,0,0,52,0,6,26,0,0,0,0
175,0.796,0,58,0,0,0,0,0,52,0,6,26,0,0,0,0
176,6.733,0,58,0,0,0,0,0,52,0,6,26,0,0,0,0
177,24.969,0,58,0,0,0,0,0,52,0,6,26,0,0,0,0
178,0.940,0,58,0,0,0,0,0,52,0,6,26,0,0,0,0
179,0.780,0,58,0,0,0,0,0,52,0,6,26,0,0,0,0
180,6.507,0,58,0,0,0,0,0,52,0,6,26,0,0,0,0
181,25.104,0,58,0,0,0,0,0,52,0,6,26,0,0,0,0
182,0.875,0,58,0,0,0,0,0,52,0,6,26,0,0,0,0
183,1.364,0,58,0,0,0,0,0,52,0,6,26,0,0,0,0
184,5.898,0,58,0,0,0,0,0,52,0,6,26,0,0,0,0
185,25.127,0,58,0,0,0,0,0,52,0,6,26,0,0,0,0
186,0.801,0,58,0,0,0,0,0,52,0,6,26,0,0,0,0
187,0.903,0,58,0,0,0,0,0,52,0,6,26,0,0,0,0
188,6.641,0,58,0,0,0,0,0,52,0,6,26,0,0,0,0
189,24.999,0,58,0,0,0,0,0,52,0,6,26,0,0,0,0
190,0.979,0,58,0,0,0,0,0,52,0,6,26,0,0,0,0
191,0.763,0,58,0,0,0,0,0,52,0,6,26,0,0,0,0
192,6.520,0,58,0,0,0,0,0,52,0,6,26,0,0,0,0
193,25.167,0,58,0,0,0,0,0,52,0,6,26,0,0,0,0
194,0.953,0,58,0,0,0,0,0,52,0,6,26,0,0,0,0
195,0.767,0,58,0,0,0,0,0,52,0,6,26,0,0,0,0
196,6.452,0,58,0,0,0,0,0,52,0,6,26,0,0,0,0
197,25.018,0,58,0,0,0,0,0,52,0,6,26,0,0,0,0
198,0.887,0,58,0,0,0,0,0,52,0,6,26,0,0,0,0
199,0.734,0,58,0,0,0,0,0,52,0,6,26,0,0,0,0
200,6.748,0,58,0,0,0,0,0,52,0,6,26,0,0,0,0
201,25.096,0,58,0,0,0,0,0,52,0,6,26,0,0,0,0
202,0.860,0,58,0,0,0,0,0,52,0,6,26,0,0,0,0
203,0.706,0,58,0,0,0,0,0,52,0,6,26,0,0,0,0
204,6.623,0,58,0,0,0,0,0,52,0,6,26,0,0,0,0
205,25.105,0,58,0,0,0,0,0,52,0,6,26,0,0,0,0
206,0.959,0,58,0,0,0,0,0,52,0,6,26,0,0,0,0
207,0.737,0,58,0,0,0,0,0,52,0,6,26,0,0,0,0
208,6.490,0,58,0,0,0,0,0,52,0,6,26,0,0,0,0
209,25.160,0,58,0,0,0,0,0,52,0,6,26,0,0,0,0
210,0.905,0,58,0,0,0,0,0,52,0,6,26,0,0,0,0
211,0.729,0,58,0,0,0,0,0,52,0,6,26,0,0,0,0
212,6.590,0,58,0,0,0,0,0,52,0,6,26,0,0,0,0
213,25.079,0,58,0,0,0,0,0,52,0,6,26,0,0,0,0
214,0.822,0,58,0,0,0,0,0,52,0,6,26,0,0,0,0
215,0.747,0,58,0,0,0,0,0,52,0,6,26,0,0,0,0
216,6.638,0,58,0,0,0,0,0,52,0,6,26,0,0,0,0
217,25.364,0,58,0,0,0,0,0,52,0,6,26,0,0,0,0
218,0.829,0,58,0,0,0,0,0,52,0,6,26,0,0,0,0
219,0.695,0,58,0,0,0,0,0,52,0,6,26,0,0,0,0
220,6.359,0,58,0,0,0,0,0,52,0,6,26,0,0,0,0
221,25.315,0,58,0,0,0,0,0,52,0,6,26,0,0,0,0
222,1.012,0,58,0,0,0,0,0,52,0,6,26,0,0,0,0
223,0.903,0,58,0,0,0,0,0,52,0,6,26,0,0,0,0
224,6.274,0,58,0,0,0,0,0,52,0,6,26,0,0,0,0
225,25.083,0,58,0,0,0,0,0,52,0,6,26,0,0,0,0
226,0.840,0,58,0,0,0,0,0,52,0,6,26,0,0,0,0
227,0.713,0,58,0,0,0,0,0,52,0,6,26,0,0,0,0
228,6.536,0,58,0,0,0,0,0,52,0,6,26,0,0,0,0
229,25.190,0,58,0,0,0,0,0,52,0,6,26,0,0,0,0
230,0.948,0,58,0,0,0,0,0,52,0,6,26,0,0,0,0
231,1.395,0,58,0,0,0,0,0,52,0,6,26,0,0,0,0
232,5.889,0,58,0,0,0,0,0,52,0,6,26,0,0,0,0
233,25.121,0,58,0,0,0,0,0,52,0,6,26,0,0,0,0
234,0.924,0,58,0,0,0,0,0,52,0,6,26,0,0,0,0
235,0.704,0,58,0,0,0,0,0,52,0,6,26,0,0,0,0
236,6.612,0,58,0,0,0,0,0,52,0,6,26,0,0,0,0
237,25.119,0,58,0,0,0,0,0,52,0,6,26,0,0,0,0
238,0.838,0,58,0,0,0,0,0,52,0,6,26,0,0,0,0
239,0.699,0,58,0,0,0,0,0,52,0,6,26,0,0,0,0
240,6.619,0,58,0,0,0,0,0,52,0,6,26,0,0,0,0
241,25.051,0,58,0,0,0,0,0,52,0,6,26,0,0,0,0
242,0.846,0,58,0,0,0,0,0,52,0,6,26,0,0,0,0
243,0.739,0,58,0,0,0,0,0,52,0,6,26,0,0,0,0
244,6.695,0,58,0,0,0,0,0,52,0,6,26,0,0,0,0
245,25.309,0,58,0,0,0,0,0,52,0,6,26,0,0,0,0
246,0.839,0,58,0,0,0,0,0,52,0,6,26,0,0,0,0
247,0.700,0,58,0,0,0,0,0,52,0,6,26,0,0,0,0
248,6.412,0,58,0,0,0,0,0,52,0,6,26,0,0,0,0
249,25.240,0,58,0,0,0,0,0,52,0,6,26,0,0,0,0
250,0.823,0,58,0,0,0,0,0,52,0,6,26,0,0,0,0
251,0.791,0,58,0,0,0,0,0,52,0,6,26,0,0,0,0
252,6.452,0,58,0,0,0,0,0,52,0,6,26,0,0,0,0
253,25.085,0,58,0,0,0,0,0,52,0,6,26,0,0,0,0
254,0.886,0,58,0,0,0,0,0,52,0,6,26,0,0,0,0
255,0.722,0,58,0,0,0,0,0,52,0,6,26,0,0,0,0
256,6.730,0,58,0,0,0,0,0,52,0,6,26,0,0,0,0
257,25.155,0,58,0,0,0,0,0,52,0,6,26,0,0,0,0
258,1.099,0,58,0,0,0,0,0,52,0,6,26,0,0,0,0
259,0.799,0,58,0,0,0,0,0,52,0,6,26,0,0,0,0
260,6.251,0,58,0,0,0,0,0,52,0,6,26,0,0,0,0
261,25.322,0,58,0,0,0,0,0,52,0,6,26,0,0,0,0
262,0.822,0,58,0,0,0,0,0,52,0,6,26,0,0,0,0
263,1.375,0,58,0,0,0,0,0,52,0,6,26,0,0,0,0
264,5.867,0,58,0,0,0,0,0,52,0,6,26,0,0,0,0
265,25.094,0,58,0,0,0,0,0,52,0,6,26,0,0,0,0
266,0.903,0,58,0,0,0,0,0,52,0,6,26,0,0,0,0
267,0.688,0,58,0,0,0,0,0,52,0,6,26,0,0,0,0
268,6.579,0,58,0,0,0,0,0,52,0,6,26,0,0,0,0
269,25.080,0,58,0,0,0,0,0,52,0,6,26,0,0,0,0
270,0.870,0,58,0,0,0,0,0,52,0,6,26,0,0,0,0
271,0.726,0,58,0,0,0,0,0,52,0,6,26,0,0,0,0
272,6.729,0,58,0,0,0,0,0,52,0,6,26,0,0,0,0
273,25.168,0,58,0,0,0,0,0,52,0,6,26,0,0,0,0
274,0.801,0,58,0,0,0,0,0,52,0,6,26,0,0,0,0
275,0.668,0,58,0,0,0,0,0,52,0,6,26,0,0,0,0
276,6.698,0,58,0,0,0,0,0,52,0,6,26,0,0,0,0
277,25.070,0,58,0,0,0,0,0,52,0,6,26,0,0,0,0
278,0.827,0,58,0,0,0,0,0,52,0,6,26,0,0,0,0
279,0.691,0,58,0,0,0,0,0,52,0,6,26,0,0,0,0
280,6.775,0,58,0,0,0,0,0,52,0,6,26,0,0,0,0
281,25.105,0,58,0,0,0,0,0,52,0,6,26,0,0,0,0
282,0.876,0,58,0,0,0,0,0,52,0,6,26,0,0,0,0
283,0.753,0,58,0,0,0,0,0,52,0,6,26,0,0,0,0
284,6.604,0,58,0,0,0,0,0,52,0,6,26,0,0,0,0
285,25.060,0,58,0,0,0,0,0,52,0,6,26,0,0,0,0
286,0.935,0,58,0,0,0,0,0,52,0,6,26,0,0,0,0
287,0.748,0,58,0,0,0,0,0,52,0,6,26,0,0,0,0
288,6.598,0,58,0,0,0,0,0,52,0,6,26,0,0,0,0
289,25.107,0,58,0,0,0,0,0,52,0,6,26,0,0,0,0
290,0.900,0,58,0,0,0,0,0,52,0,6,26,0,0,0,0
291,1.829,0,58,0,0,0,0,0,52,0,6,26,0,0,0,0
292,5.531,0,58,0,0,0,0,0,52,0,6,26,0,0,0,0
293,25.223,0,58,0,0,0,0,0,52,0,6,26,0,0,0,0
294,0.829,0,58,0,0,0,0,0,52,0,6,26,0,0,0,0
295,0.741,0,58,0,0,0,0,0,52,0,6,26,0,0,0,0
296,6.478,0,58,0,0,0,0,0,52,0,6,26,0,0,0,0
297,25.079,0,58,0,0,0,0,0,52,0,6,26,0,0,0,0
298,0.870,0,58,0,0,0,0,0,52,0,6,26,0,0,0,0
299,0.718,0,58,0,0,0,0,0,52,0,6,26,0,0,0,0
300,6.477,0,58,0,0,0,0,0,52,0,6,26,0,0,0,0
301,25.304,0,58,0,0,0,0,0,52,0,6,26,0,0,0,0
302,0.799,0,58,0,0,0,0,0,52,0,6,26,0,0,0,0
303,0.729,0,58,0,0,0,0,0,52,0,6,26,0,0,0,0
304,6.632,0,58,0,0,0,0,0,52,0,6,26,0,0,0,0
305,25.186,0,58,0,0,0,0,0,52,0,6,26,0,0,0,0
306,0.856,0,58,0,0,0,0,0,52,0,6,26,0,0,0,0
307,0.926,0,58,0,0,0,0,0,52,0,6,26,0,0,0,0
308,6.403,0,58,0,0,0,0,0,52,0,6,26,0,0,0,0
309,25.104,0,58,0,0,0,0,0,52,0,6,26,0,0,0,0
310,0.853,0,58,0,0,0,0,0,52,0,6,26,0,0,0,0
311,0.672,0,58,0,0,0,0,0,52,0,6,26,0,0,0,0
312,6.604,0,58,0,0,0,0,0,52,0,6,26,0,0,0,0
313,25.329,0,58,0,0,0,0,0,52,0,6,26,0,0,0,0
314,0.813,0,58,0,0,0,0,0,52,0,6,26,0,0,0,0
315,0.675,0,58,0,0,0,0,0,52,0,6,26,0,0,0,0
316,6.506,0,58,0,0,0,0,0,52,0,6,26,0,0,0,0
317,25.151,0,58,0,0,0,0,0,52,0,6,26,0,0,0,0
318,0.822,0,58,0,0,0,0,0,52,0,6,26,0,0,0,0
319,0.915,0,58,0,0,0,0,0,52,0,6,26,0,0,0,0
320,6.480,0,58,0,0,0,0,0,52,0,6,26,0,0,0,0
321,25.252,0,58,0,0,0,0,0,52,0,6,26,0,0,0,0
322,0.871,0,58,0,0,0,0,0,52,0,6,26,0,0,0,0
323,0.674,0,58,0,0,0,0,0,52,0,6,26,0,0,0,0
324,6.431,0,58,0,0,0,0,0,52,0,6,26,0,0,0,0
325,25.245,0,58,0,0,0,0,0,52,0,6,26,0,0,0,0
326,0.890,0,58,0,0,0,0,0,52,0,6,26,0,0,0,0
327,0.774,0,58,0,0,0,0,0,52,0,6,26,0,0,0,0
328,6.561,0,58,0,0,0,0,0,52,0,6,26,0,0,0,0
329,25.034,0,58,0,0,0,0,0,52,0,6,26,0,0,0,0
330,0.810,0,58,0,0,0,0,0,52,0,6,26,0,0,0,0
331,0.705,0,58,0,0,0,0,0,52,0,6,26,0,0,0,0
332,6.761,0,58,0,0,0,0,0,52,0,6,26,0,0,0,0
333,25.064,0,58,0,0,0,0,0,52,0,6,26,0,0,0,0
334,0.892,0,58,0,0,0,0,0,52,0,6,26,0,0,0,0
335,0.835,0,58,0,0,0,0,0,52,0,6,26,0,0,0,0
336,6.605,0,58,0,0,0,0,0,52,0,6,26,0,0,0,0
337,25.079,0,58,0,0,0,0,0,52,0,6,26,0,0,0,0
338,0.956,0,58,0,0,0,0,0,52,0,6,26,0,0,0,0
339,0.966,0,58,0,0,0,0,0,52,0,6,26,0,0,0,0
340,6.350,0,58,0,0,0,0,0,52,0,6,26,0,0,0,0
341,25.069,0,58,0,0,0,0,0,52,0,6,26,0,0,0,0
342,1.021,0,58,0,0,0,0,0,52,0,6,26,0,0,0,0
343,0.753,0,58,0,0,0,0,0,52,0,6,26,0,0,0,0
344,6.495,0,58,0,0,0,0,0,52,0,6,26,0,0,0,0
345,25.058,0,58,0,0,0,0,0,52,0,6,26,0,0,0,0
346,0.968,0,58,0,0,0,0,0,52,0,6,26,0,0,0,0
347,0.759,0,58,0,0,0,0,0,52,0,6,26,0,0,0,0
348,6.466,0,58,0,0,0,0,0,52,0,6,26,0,0,0,0
349,25.184,0,58,0,0,0,0,0,52,0,6,26,0,0,0,0
350,0.898,0,58,0,0,0,0,0,52,0,6,26,0,0,0,0
351,0.763,0,58,0,0,0,0,0,52,0,6,26,0,0,0,0
352,6.441,0,58,0,0,0,0,0,52,0,6,26,0,0,0,0
353,25.222,0,58,0,0,0,0,0,52,0,6,26,0,0,0,0
354,0.979,0,58,0,0,0,0,0,52,0,6,26,0,0,0,0
355,0.704,0,58,0,0,0,0,0,52,0,6,26,0,0,0,0
356,6.483,0,58,0,0,0,0,0,52,0,6,26,0,0,0,0
357,25.216,0,58,0,0,0,0,0,52,0,6,26,0,0,0,0
358,0.863,0,58,0,0,0,0,0,52,0,6,26,0,0,0,0
359,0.832,0,58,0,0,0,0,0,52,0,6,26,0,0,0,0
360,6.525,0,58,0,0,0,0,0,52,0,6,26,0,0,0,0
361,25.117,0,58,0,0,0,0,0,52,0,6,26,0,0,0,0
362,0.969,0,58,0,0,0,0,0,52,0,6,26,0,0,0,0
363,0.733,0,58,0,0,0,0,0,52,0,6,26,0,0,0,0
364,6.395,0,58,0,0,0,0,0,52,0,6,26,0,0,0,0
365,25.118,0,58,0,0,0,0,0,52,0,6,26,0,0,0,0
366,0.926,0,58,0,0,0,0,0,52,0,6,26,0,0,0,0
367,0.738,0,58,0,0,0,0,0,52,0,6,26,0,0,0,0
368,6.552,0,58,0,0,0,0,0,52,0,6,26,0,0,0,0
369,25.234,0,58,0,0,0,0,0,52,0,6,26,0,0,0,0
370,0.964,0,58,0,0,0,0,0,52,0,6,26,0,0,0,0
371,1.684,0,58,0,0,0,0,0,52,0,6,26,0,0,0,0
372,5.487,0,58,0,0,0,0,0,52,0,6,26,0,0,0,0
373,25.119,0,58,0,0,0,0,0,52,0,6,26,0,0,0,0
374,0.907,0,58,0,0,0,0,0,52,0,6,26,0,0,0,0
375,0.714,0,58,0,0,0,0,0,52,0,6,26,0,0,0,0
376,6.638,0,58,0,0,0,0,0,52,0,6,26,0,0,0,0
377,25.202,0,58,0,0,0,0,0,52,0,6,26,0,0,0,0
378,0.933,0,58,0,0,0,0,0,52,0,6,26,0,0,0,0
379,0.732,0,58,0,0,0,0,0,52,0,6,26,0,0,0,0
380,6.471,0,58,0,0,0,0,0,52,0,6,26,0,0,0,0
381,25.103,0,58,0,0,0,0,0,52,0,6,26,0,0,0,0
382,0.799,0,58,0,0,0,0,0,52,0,6,26,0,0,0,0
383,0.727,0,58,0,0,0,0,0,52,0,6,26,0,0,0,0
384,6.613,0,58,0,0,0,0,0,52,0,6,26,0,0,0,0
385,25.127,0,58,0,0,0,0,0,52,0,6,26,0,0,0,0
386,0.907,0,58,0,0,0,0,0,52,0,6,26,0,0,0,0
387,0.742,0,58,0,0,0,0,0,52,0,6,26,0,0,0,0
388,6.723,0,58,0,0,0,0,0,52,0,6,26,0,0,0,0
389,24.964,0,58,0,0,0,0,0,52,0,6,26,0,0,0,0
390,0.848,0,58,0,0,0,0,0,52,0,6,26,0,0,0,0
391,0.727,0,58,0,0,0,0,0,52,0,6,26,0,0,0,0
392,6.666,0,58,0,0,0,0,0,52,0,6,26,0,0,0,0
393,25.145,0,58,0,0,0,0,0,52,0,6,26,0,0,0,0
394,0.865,0,58,0,0,0,0,0,52,0,6,26,0,0,0,0
395,0.724,0,58,0,0,0,0,0,52,0,6,26,0,0,0,0
396,6.595,0,58,0,0,0,0,0,52,0,6,26,0,0,0,0
397,24.988,0,58,0,0,0,0,0,52,0,6,26,0,0,0,0
398,0.964,0,58,0,0,0,0,0,52,0,6,26,0,0,0,0
399,0.849,0,58,0,0,0,0,0,52,0,6,26,0,0,0,0
400,6.481,0,58,0,0,0,0,0,52,0,6,26,0,0,0,0
401,25.378,0,58,0,0,0,0,0,52,0,6,26,0,0,0,0
402,0.867,0,58,0,0,0,0,0,52,0,6,26,0,0,0,0
403,1.623,0,58,0,0,0,0,0,52,0,6,26,0,0,0,0
404,5.378,0,58,0,0,0,0,0,52,0,6,26,0,0,0,0
405,25.355,0,58,0,0,0,0,0,52,0,6,26,0,0,0,0
406,0.943,0,58,0,0,0,0,0,52,0,6,26,0,0,0,0
407,0.839,0,58,0,0,0,0,0,52,0,6,26,0,0,0,0
408,6.460,0,58,0,0,0,0,0,52,0,6,26,0,0,0,0
409,24.812,0,58,0,0,0,0,0,52,0,6,26,0,0,0,0
410,0.840,0,58,0,0,0,0,0,52,0,6,26,0,0,0,0
411,0.709,0,58,0,0,0,0,0,52,0,6,26,0,0,0,0
412,6.750,0,58,0,0,0,0,0,52,0,6,26,0,0,0,0
413,25.203,0,58,0,0,0,0,0,52,0,6,26,0,0,0,0
414,0.815,0,58,0,0,0,0,0,52,0,6,26,0,0,0,0
415,0.681,0,58,0,0,0,0,0,52,0,6,26,0,0,0,0
416,6.718,0,58,0,0,0,0,0,52,0,6,26,0,0,0,0
417,24.952,0,58,0,0,0,0,0,52,0,6,26,0,0,0,0
418,0.856,0,58,0,0,0,0,0,52,0,6,26,0,0,0,0
419,0.757,0,58,0,0,0,0,0,52,0,6,26,0,0,0,0
420,7.160,0,58,0,0,0,0,0,52,0,6,26,0,0,0,0
421,24.716,0,58,0,0,0,0,0,52,0,6,26,0,0,0,0
422,0.862,0,58,0,0,0,0,0,52,0,6,26,0,0,0,0
423,0.681,0,58,0,0,0,0,0,52,0,6,26,0,0,0,0
424,6.606,0,58,0,0,0,0,0,52,0,6,26,0,0,0,0
425,25.060,0,58,0,0,0,0,0,52,0,6,26,0,0,0,0
426,0.892,0,58,0,0,0,0,0,52,0,6,26,0,0,0,0
427,0.782,0,58,0,0,0,0,0,52,0,6,26,0,0,0,0
428,6.684,0,58,0,0,0,0,0,52,0,6,26,0,0,0,0
429,25.120,0,58,0,0,0,0,0,52,0,6,26,0,0,0,0
430,0.808,0,58,0,0,0,0,0,52,0,6,26,0,0,0,0
431,1.259,0,58,0,0,0,0,0,52,0,6,26,0,0,0,0
432,6.069,0,58,0,0,0,0,0,52,0,6,26,0,0,0,0
433,25.020,0,58,0,0,0,0,0,52,0,6,26,0,0,0,0
434,0.891,0,58,0,0,0,0,0,52,0,6,26,0,0,0,0
435,0.725,0,58,0,0,0,0,0,52,0,6,26,0,0,0,0
436,6.650,0,58,0,0,0,0,0,52,0,6,26,0,0,0,0
437,25.091,0,58,0,0,0,0,0,52,0,6,26,0,0,0,0
438,0.869,0,58,0,0,0,0,0,52,0,6,26,0,0,0,0
439,0.669,0,58,0,0,0,0,0,52,0,6,26,0,0,0,0
440,6.648,0,58,0,0,0,0,0,52,0,6,26,0,0,0,0
441,25.273,0,58,0,0,0,0,0,52,0,6,26,0,0,0,0
442,0.846,0,58,0,0,0,0,0,52,0,6,26,0,0,0,0
443,0.682,0,58,0,0,0,0,0,52,0,6,26,0,0,0,0
444,6.676,0,58,0,0,0,0,0,52,0,6,26,0,0,0,0
445,25.079,0,58,0,0,0,0,0,52,0,6,26,0,0,0,0
446,0.874,0,58,0,0,0,0,0,52,0,6,26,0,0,0,0
447,0.782,0,58,0,0,0,0,0,52,0,6,26,0,0,0,0
448,6.584,0,58,0,0,0,0,0,52,0,6,26,0,0,0,0
449,25.096,0,58,0,0,0,0,0,52,0,6,26,0,0,0,0
450,0.962,0,58,0,0,0,0,0,52,0,6,26,0,0,0,0
451,0.842,0,58,0,0,0,0,0,52,0,6,26,0,0,0,0
452,6.428,0,58,0,0,0,0,0,52,0,6,26,0,0,0,0
453,25.111,0,58,0,0,0,0,0,52,0,6,26,0,0,0,0
454,1.023,0,58,0,0,0,0,0,52,0,6,26,0,0,0,0
455,0.773,0,58,0,0,0,0,0,52,0,6,26,0,0,0,0
456,6.417,0,58,0,0,0,0,0,52,0,6,26,0,0,0,0
457,25.168,0,58,0,0,0,0,0,52,0,6,26,0,0,0,0
458,0.970,0,58,0,0,0,0,0,52,0,6,26,0,0,0,0
459,1.417,0,58,0,0,0,0,0,52,0,6,26,0,0,0,0
460,5.742,0,58,0,0,0,0,0,52,0,6,26,0,0,0,0
461,25.123,0,58,0,0,0,0,0,52,0,6,26,0,0,0,0
462,0.842,0,58,0,0,0,0,0,52,0,6,26,0,0,0,0
463,0.693,0,58,0,0,0,0,0,52,0,6,26,0,0,0,0
464,6.707,0,58,0,0,0,0,0,52,0,6,26,0,0,0,0
465,25.053,0,58,0,0,0,0,0,52,0,6,26,0,0,0,0
466,0.907,0,58,0,0,0,0,0,52,0,6,26,0,0,0,0
467,0.701,0,58,0,0,0,0,0,52,0,6,26,0,0,0,0
468,6.583,0,58,0,0,0,0,0,52,0,6,26,0,0,0,0
469,25.110,0,58,0,0,0,0,0,52,0,6,26,0,0,0,0
470,0.924,0,58,0,0,0,0,0,52,0,6,26,0,0,0,0
471,0.696,0,58,0,0,0,0,0,52,0,6,26,0,0,0,0
472,6.741,0,58,0,0,0,0,0,52,0,6,26,0,0,0,0
473,25.062,0,58,0,0,0,0,0,52,0,6,26,0,0,0,0
474,0.818,0,58,0,0,0,0,0,52,0,6,26,0,0,0,0
475,0.742,0,58,0,0,0,0,0,52,0,6,26,0,0,0,0
476,6.711,0,58,0,0,0,0,0,52,0,6,26,0,0,0,0
477,25.079,0,58,0,0,0,0,0,52,0,6,26,0,0,0,0
478,0.861,0,58,0,0,0,0,0,52,0,6,26,0,0,0,0
479,0.669,0,58,0,0,0,0,0,52,0,6,26,0,0,0,0
480,6.593,0,58,0,0,0,0,0,52,0,6,26,0,0,0,0
481,25.242,0,58,0,0,0,0,0,52,0,6,26,0,0,0,0
482,0.873,0,58,0,0,0,0,0,52,0,6,26,0,0,0,0
483,0.818,0,58,0,0,0,0,0,52,0,6,26,0,0,0,0
484,6.480,0,58,0,0,0,0,0,52,0,6,26,0,0,0,0
485,25.118,0,58,0,0,0,0,0,52,0,6,26,0,0,0,0
486,0.864,0,58,0,0,0,0,0,52,0,6,26,0,0,0,0
487,1.723,0,58,0,0,0,0,0,52,0,6,26,0,0,0,0
488,5.492,0,58,0,0,0,0,0,52,0,6,26,0,0,0,0
489,25.499,0,58,0,0,0,0,0,52,0,6,26,0,0,0,0
490,0.881,0,58,0,0,0,0,0,52,0,6,26,0,0,0,0
491,0.799,0,58,0,0,0,0,0,52,0,6,26,0,0,0,0
492,6.260,0,58,0,0,0,0,0,52,0,6,26,0,0,0,0
493,25.227,0,58,0,0,0,0,0,52,0,6,26,0,0,0,0
494,0.889,0,58,0,0,0,0,0,52,0,6,26,0,0,0,0
495,0.717,0,58,0,0,0,0,0,52,0,6,26,0,0,0,0
496,6.491,0,58,0,0,0,0,0,52,0,6,26,0,0,0,0
497,25.213,0,58,0,0,0,0,0,52,0,6,26,0,0,0,0
498,0.993,0,58,0,0,0,0,0,52,0,6,26,0,0,0,0
499,0.736,0,58,0,0,0,0,0,52,0,6,26,0,0,0,0
500,6.510,0,58,0,0,0,0,0,52,0,6,26,0,0,0,0
501,25.010,0,58,0,0,0,0,0,52,0,6,26,0,0,0,0
502,0.843,0,58,0,0,0,0,0,52,0,6,26,0,0,0,0
503,0.650,0,58,0,0,0,0,0,52,0,6,26,0,0,0,0
504,6.760,0,58,0,0,0,0,0,52,0,6,26,0,0,0,0
505,25.080,0,58,0,0,0,0,0,52,0,6,26,0,0,0,0
506,0.943,0,58,0,0,0,0,0,52,0,6,26,0,0,0,0
507,0.804,0,58,0,0,0,0,0,52,0,6,26,0,0,0,0
508,6.574,0,58,0,0,0,0,0,52,0,6,26,0,0,0,0
509,25.139,0,58,0,0,0,0,0,52,0,6,26,0,0,0,0
510,0.888,0,58,0,0,0,0,0,52,0,6,26,0,0,0,0
511,0.842,0,58,0,0,0,0,0,52,0,6,26,0,0,0,0
512,6.433,0,58,0,0,0,0,0,52,0,6,26,0,0,0,0
513,25.325,0,58,0,0,0,0,0,52,0,6,26,0,0,0,0
514,1.024,0,58,0,0,0,0,0,52,0,6,26,0,0,0,0
515,0.937,0,58,0,0,0,0,0,52,0,6,26,0,0,0,0
516,5.907,0,58,0,0,0,0,0,52,0,6,26,0,0,0,0
517,25.202,0,58,0,0,0,0,0,52,0,6,26,0,0,0,0
518,0.910,0,58,0,0,0,0,0,52,0,6,26,0,0,0,0
519,0.742,0,58,0,0,0,0,0,52,0,6,26,0,0,0,0
520,6.455,0,58,0,0,0,0,0,52,0,6,26,0,0,0,0
521,25.178,0,58,0,0,0,0,0,52,0,6,26,0,0,0,0
522,0.935,0,58,0,0,0,0,0,52,0,6,26,0,0,0,0
523,0.729,0,58,0,0,0,0,0,52,0,6,26,0,0,0,0
524,6.601,0,58,0,0,0,0,0,52,0,6,26,0,0,0,0
525,25.208,0,58,0,0,0,0,0,52,0,6,26,0,0,0,0
526,0.818,0,58,0,0,0,0,0,52,0,6,26,0,0,0,0
527,0.739,0,58,0,0,0,0,0,52,0,6,26,0,0,0,0
528,6.454,0,58,0,0,0,0,0,52,0,6,26,0,0,0,0
529,25.305,0,58,0,0,0,0,0,52,0,6,26,0,0,0,0
530,0.881,0,58,0,0,0,0,0,52,0,6,26,0,0,0,0
531,0.662,0,58,0,0,0,0,0,52,0,6,26,0,0,0,0
532,6.579,0,58,0,0,0,0,0,52,0,6,26,0,0,0,0
533,25.139,0,58,0,0,0,0,0,52,0,6,26,0,0,0,0
534,0.834,0,58,0,0,0,0,0,52,0,6,26,0,0,0,0
535,0.712,0,58,0,0,0,0,0,52,0,6,26,0,0,0,0
536,6.745,0,58,0,0,0,0,0,52,0,6,26,0,0,0,0
537,25.047,0,58,0,0,0,0,0,52,0,6,26,0,0,0,0
538,0.880,0,58,0,0,0,0,0,52,0,6,26,0,0,0,0
539,0.810,0,58,0,0,0,0,0,52,0,6,26,0,0,0,0
540,6.461,0,58,0,0,0,0,0,52,0,6,26,0,0,0,0
541,25.142,0,58,0,0,0,0,0,52,0,6,26,0,0,0,0
542,0.884,0,58,0,0,0,0,0,52,0,6,26,0,0,0,0
543,0.764,0,58,0,0,0,0,0,52,0,6,26,0,0,0,0
544,6.650,0,58,0,0,0,0,0,52,0,6,26,0,0,0,0
545,25.142,0,58,0,0,0,0,0,52,0,6,26,0,0,0,0
546,0.873,0,58,0,0,0,0,0,52,0,6,26,0,0,0,0
547,0.773,0,58,0,0,0,0,0,52,0,6,26,0,0,0,0
548,6.513,0,58,0,0,0,0,0,52,0,6,26,0,0,0,0
549,25.141,0,58,0,0,0,0,0,52,0,6,26,0,0,0,0
550,0.828,0,58,0,0,0,0,0,52,0,6,26,0,0,0,0
551,0.772,0,58,0,0,0,0,0,52,0,6,26,0,0,0,0
552,6.650,0,58,0,0,0,0,0,52,0,6,26,0,0,0,0
553,25.010,0,58,0,0,0,0,0,52,0,6,26,0,0,0,0
554,1.000,0,58,0,0,0,0,0,52,0,6,26,0,0,0,0
555,0.714,0,58,0,0,0,0,0,52,0,6,26,0,0,0,0
556,6.636,0,58,0,0,0,0,0,52,0,6,26,0,0,0,0
557,24.981,0,58,0,0,0,0,0,52,0,6,26,0,0,0,0
558,0.943,0,58,0,0,0,0,0,52,0,6,26,0,0,0,0
559,0.785,0,58,0,0,0,0,0,52,0,6,26,0,0,0,0
560,6.577,0,58,0,0,0,0,0,52,0,6,26,0,0,0,0
561,25.118,0,58,0,0,0,0,0,52,0,6,26,0,0,0,0
562,0.912,0,58,0,0,0,0,0,52,0,6,26,0,0,0,0
563,0.928,0,58,0,0,0,0,0,52,0,6,26,0,0,0,0
564,6.411,0,58,0,0,0,0,0,52,0,6,26,0,0,0,0
565,24.997,0,58,0,0,0,0,0,52,0,6,26,0,0,0,0
566,0.865,0,58,0,0,0,0,0,52,0,6,26,0,0,0,0
567,1.577,0,58,0,0,0,0,0,52,0,6,26,0,0,0,0
568,5.918,0,58,0,0,0,0,0,52,0,6,26,0,0,0,0
569,24.956,0,58,0,0,0,0,0,52,0,6,26,0,0,0,0
570,0.817,0,58,0,0,0,0,0,52,0,6,26,0,0,0,0
571,0.678,0,58,0,0,0,0,0,52,0,6,26,0,0,0,0
572,6.642,0,58,0,0,0,0,0,52,0,6,26,0,0,0,0
573,25.278,0,58,0,0,0,0,0,52,0,6,26,0,0,0,0
574,0.839,0,58,0,0,0,0,0,52,0,6,26,0,0,0,0
575,0.748,0,58,0,0,0,0,0,52,0,6,26,0,0,0,0
576,6.616,0,58,0,0,0,0,0,52,0,6,26,0,0,0,0
577,25.109,0,58,0,0,0,0,0,52,0,6,26,0,0,0,0
578,0.831,0,58,0,0,0,0,0,52,0,6,26,0,0,0,0
579,0.736,0,58,0,0,0,0,0,52,0,6,26,0,0,0,0
580,6.532,0,58,0,0,0,0,0,52,0,6,26,0,0,0,0
581,25.060,0,58,0,0,0,0,0,52,0,6,26,0,0,0,0
582,0.828,0,58,0,0,0,0,0,52,0,6,26,0,0,0,0
583,0.704,0,58,0,0,0,0,0,52,0,6,26,0,0,0,0
584,6.710,0,58,0,0,0,0,0,52,0,6,26,0,0,0,0
585,25.200,0,58,0,0,0,0,0,52,0,6,26,0,0,0,0
586,1.001,0,58,0,0,0,0,0,52,0,6,26,0,0,0,0
587,0.791,0,58,0,0,0,0,0,52,0,6,26,0,0,0,0
588,6.397,0,58,0,0,0,0,0,52,0,6,26,0,0,0,0
589,25.099,0,58,0,0,0,0,0,52,0,6,26,0,0,0,0
590,0.929,0,58,0,0,0,0,0,52,0,6,26,0,0,0,0
591,2.032,0,58,0,0,0,0,0,52,0,6,26,0,0,0,0
592,5.417,0,58,0,0,0,0,0,52,0,6,26,0,0,0,0
593,24.921,0,58,0,0,0,0,0,52,0,6,26,0,0,0,0
594,0.920,0,58,0,0,0,0,0,52,0,6,26,0,0,0,0
595,0.728,0,58,0,0,0,0,0,52,0,6,26,0,0,0,0
596,6.689,0,58,0,0,0,0,0,52,0,6,26,0,0,0,0
597,25.123,0,58,0,0,0,0,0,52,0,6,26,0,0,0,0
598,0.898,0,58,0,0,0,0,0,52,0,6,26,0,0,0,0
599,0.741,0,58,0,0,0,0,0,52,0,6,26,0,0,0,0
600,6.504,0,58,0,0,0,0,0,52,0,6,26,0,0,0,0
601,25.208,0,58,0,0,0,0,0,52,0,6,26,0,0,0,0
602,0.907,0,58,0,0,0,0,0,52,0,6,26,0,0,0,0
603,0.682,0,58,0,0,0,0,0,52,0,6,26,0,0,0,0
604,6.628,0,58,0,0,0,0,0,52,0,6,26,0,0,0,0
605,25.298,0,58,0,0,0,0,0,52,0,6,26,0,0,0,0
606,0.805,0,58,0,0,0,0,0,52,0,6,26,0,0,0,0
607,0.747,0,58,0,0,0,0,0,52,0,6,26,0,0,0,0
608,6.606,0,58,0,0,0,0,0,52,0,6,26,0,0,0,0
609,24.891,0,58,0,0,0,0,0,52,0,6,26,0,0,0,0
610,0.991,0,58,0,0,0,0,0,52,0,6,26,0,0,0,0
611,0.716,0,58,0,0,0,0,0,52,0,6,26,0,0,0,0
612,6.634,0,58,0,0,0,0,0,52,0,6,26,0,0,0,0
613,25.031,0,58,0,0,0,0,0,52,0,6,26,0,0,0,0
614,0.883,0,58,0,0,0,0,0,52,0,6,26,0,0,0,0
615,0.718,0,58,0,0,0,0,0,52,0,6,26,0,0,0,0
616,6.567,0,58,0,0,0,0,0,52,0,6,26,0,0,0,0
617,25.156,0,58,0,0,0,0,0,52,0,6,26,0,0,0,0
618,0.918,0,58,0,0,0,0,0,52,0,6,26,0,0,0,0
619,0.740,0,58,0,0,0,0,0,52,0,6,26,0,0,0,0
620,6.522,0,58,0,0,0,0,0,52,0,6,26,0,0,0,0
621,25.174,0,58,0,0,0,0,0,52,0,6,26,0,0,0,0
622,0.913,0,58,0,0,0,0,0,52,0,6,26,0,0,0,0
623,0.714,0,58,0,0,0,0,0,52,0,6,26,0,0,0,0
624,6.524,0,58,0,0,0,0,0,52,0,6,26,0,0,0,0
625,25.190,0,58,0,0,0,0,0,52,0,6,26,0,0,0,0
626,0.879,0,58,0,0,0,0,0,52,0,6,26,0,0,0,0
627,0.719,0,58,0,0,0,0,0,52,0,6,26,0,0,0,0
628,6.538,0,58,0,0,0,0,0,52,0,6,26,0,0,0,0
629,25.189,0,58,0,0,0,0,0,52,0,6,26,0,0,0,0
630,0.950,0,58,0,0,0,0,0,52,0,6,26,0,0,0,0
631,0.876,0,58,0,0,0,0,0,52,0,6,26,0,0,0,0
632,6.366,0,58,0,0,0,0,0,52,0,6,26,0,0,0,0
633,25.187,0,58,0,0,0,0,0,52,0,6,26,0,0,0,0
634,0.982,0,58,0,0,0,0,0,52,0,6,26,0,0,0,0
635,0.783,0,58,0,0,0,0,0,52,0,6,26,0,0,0,0
636,6.538,0,58,0,0,0,0,0,52,0,6,26,0,0,0,0
637,24.960,0,58,0,0,0,0,0,52,0,6,26,0,0,0,0
638,1.078,0,58,0,0,0,0,0,52,0,6,26,0,0,0,0
639,0.749,0,58,0,0,0,0,0,52,0,6,26,0,0,0,0
640,6.383,0,58,0,0,0,0,0,52,0,6,26,0,0,0,0
641,25.172,0,58,0,0,0,0,0,52,0,6,26,0,0,0,0
642,0.871,0,58,0,0,0,0,0,52,0,6,26,0,0,0,0
643,0.711,0,58,0,0,0,0,0,52,0,6,26,0,0,0,0
644,6.632,0,58,0,0,0,0,0,52,0,6,26,0,0,0,0
645,25.008,0,58,0,0,0,0,0,52,0,6,26,0,0,0,0
646,0.967,0,58,0,0,0,0,0,52,0,6,26,0,0,0,0
647,1.670,0,58,0,0,0,0,0,52,0,6,26,0,0,0,0
648,5.740,0,58,0,0,0,0,0,52,0,6,26,0,0,0,0
649,25.015,0,58,0,0,0,0,0,52,0,6,26,0,0,0,0
650,0.855,0,58,0,0,0,0,0,52,0,6,26,0,0,0,0
651,0.741,0,58,0,0,0,0,0,52,0,6,26,0,0,0,0
652,6.600,0,58,0,0,0,0,0,52,0,6,26,0,0,0,0
653,25.154,0,58,0,0,0,0,0,52,0,6,26,0,0,0,0
654,0.896,0,58,0,0,0,0,0,52,0,6,26,0,0,0,0
655,0.700,0,58,0,0,0,0,0,52,0,6,26,0,0,0,0
656,6.604,0,58,0,0,0,0,0,52,0,6,26,0,0,0,0
657,25.145,0,58,0,0,0,0,0,52,0,6,26,0,0,0,0
658,0.862,0,58,0,0,0,0,0,52,0,6,26,0,0,0,0
659,0.744,0,58,0,0,0,0,0,52,0,6,26,0,0,0,0
660,6.578,0,58,0,0,0,0,0,52,0,6,26,0,0,0,0
661,25.168,0,58,0,0,0,0,0,52,0,6,26,0,0,0,0
662,0.893,0,58,0,0,0,0,0,52,0,6,26,0,0,0,0
663,0.787,0,58,0,0,0,0,0,52,0,6,26,0,0,0,0
664,6.519,0,58,0,0,0,0,0,52,0,6,26,0,0,0,0
665,25.131,0,58,0,0,0,0,0,52,0,6,26,0,0,0,0
666,0.804,0,58,0,0,0,0,0,52,0,6,26,0,0,0,0
667,0.745,0,58,0,0,0,0,0,52,0,6,26,0,0,0,0
668,6.621,0,58,0,0,0,0,0,52,0,6,26,0,0,0,0
669,25.079,0,58,0,0,0,0,0,52,0,6,26,0,0,0,0
670,0.860,0,58,0,0,0,0,0,52,0,6,26,0,0,0,0
671,0.682,0,58,0,0,0,0,0,52,0,6,26,0,0,0,0
672,6.663,0,58,0,0,0,0,0,52,0,6,26,0,0,0,0
673,25.205,0,58,0,0,0,0,0,52,0,6,26,0,0,0,0
674,0.883,0,58,0,0,0,0,0,52,0,6,26,0,0,0,0
675,1.290,0,58,0,0,0,0,0,52,0,6,26,0,0,0,0
676,5.963,0,58,0,0,0,0,0,52,0,6,26,0,0,0,0
677,25.065,0,58,0,0,0,0,0,52,0,6,26,0,0,0,0
678,0.947,0,58,0,0,0,0,0,52,0,6,26,0,0,0,0
679,0.741,0,58,0,0,0,0,0,52,0,6,26,0,0,0,0
680,6.615,0,58,0,0,0,0,0,52,0,6,26,0,0,0,0
681,24.960,0,58,0,0,0,0,0,52,0,6,26,0,0,0,0
682,0.830,0,58,0,0,0,0,0,52,0,6,26,0,0,0,0
683,0.681,0,58,0,0,0,0,0,52,0,6,26,0,0,0,0
684,6.787,0,58,0,0,0,0,0,52,0,6,26,0,0,0,0
685,25.267,0,58,0,0,0,0,0,52,0,6,26,0,0,0,0
686,0.814,0,58,0,0,0,0,0,52,0,6,26,0,0,0,0
687,0.679,0,58,0,0,0,0,0,52,0,6,26,0,0,0,0
688,6.830,0,58,0,0,0,0,0,52,0,6,26,0,0,0,0
689,24.751,0,58,0,0,0,0,0,52,0,6,26,0,0,0,0
690,0.879,0,58,0,0,0,0,0,52,0,6,26,0,0,0,0
691,0.693,0,58,0,0,0,0,0,52,0,6,26,0,0,0,0
692,6.866,0,58,0,0,0,0,0,52,0,6,26,0,0,0,0
693,25.109,0,58,0,0,0,0,0,52,0,6,26,0,0,0,0
694,0.781,0,58,0,0,0,0,0,52,0,6,26,0,0,0,0
695,0.669,0,58,0,0,0,0,0,52,0,6,26,0,0,0,0
696,6.778,0,58,0,0,0,0,0,52,0,6,26,0,0,0,0
697,25.141,0,58,0,0,0,0,0,52,0,6,26,0,0,0,0
698,0.942,0,58,0,0,0,0,0,52,0,6,26,0,0,0,0
699,1.064,0,58,0,0,0,0,0,52,0,6,26,0,0,0,0
700,6.036,0,58,0,0,0,0,0,52,0,6,26,0,0,0,0
701,25.490,0,58,0,0,0,0,0,52,0,6,26,0,0,0,0
702,0.963,0,58,0,0,0,0,0,52,0,6,26,0,0,0,0
703,0.732,0,58,0,0,0,0,0,52,0,6,26,0,0,0,0
704,6.295,0,58,0,0,0,0,0,52,0,6,26,0,0,0,0
705,24.916,0,58,0,0,0,0,0,52,0,6,26,0,0,0,0
706,0.959,0,58,0,0,0,0,0,52,0,6,26,0,0,0,0
707,0.706,0,58,0,0,0,0,0,52,0,6,26,0,0,0,0
708,6.691,0,58,0,0,0,0,0,52,0,6,26,0,0,0,0
709,25.116,0,58,0,0,0,0,0,52,0,6,26,0,0,0,0
710,0.941,0,58,0,0,0,0,0,52,0,6,26,0,0,0,0
711,0.734,0,58,0,0,0,0,0,52,0,6,26,0,0,0,0
712,6.623,0,58,0,0,0,0,0,52,0,6,26,0,0,0,0
713,25.082,0,58,0,0,0,0,0,52,0,6,26,0,0,0,0
714,0.857,0,58,0,0,0,0,0,52,0,6,26,0,0,0,0
715,0.766,0,58,0,0,0,0,0,52,0,6,26,0,0,0,0
716,6.765,0,58,0,0,0,0,0,52,0,6,26,0,0,0,0
717,24.748,0,58,0,0,0,0,0,52,0,6,26,0,0,0,0
718,1.012,0,58,0,0,0,0,0,52,0,6,26,0,0,0,0
719,0.781,0,58,0,0,0,0,0,52,0,6,26,0,0,0,0
720,6.444,0,58,0,0,0,0,0,52,0,6,26,0,0,0,0
721,25.276,0,58,0,0,0,0,0,52,0,6,26,0,0,0,0
722,0.879,0,58,0,0,0,0,0,52,0,6,26,0,0,0,0
723,1.106,0,58,0,0,0,0,0,52,0,6,26,0,0,0,0
724,6.070,0,58,0,0,0,0,0,52,0,6,26,0,0,0,0
725,25.203,0,58,0,0,0,0,0,52,0,6,26,0,0,0,0
726,0.905,0,58,0,0,0,0,0,52,0,6,26,0,0,0,0
727,0.716,0,58,0,0,0,0,0,52,0,6,26,0,0,0,0
728,6.401,0,58,0,0,0,0,0,52,0,6,26,0,0,0,0
729,25.258,0,58,0,0,0,0,0,52,0,6,26,0,0,0,0
730,0.840,0,58,0,0,0,0,0,52,0,6,26,0,0,0,0
731,0.710,0,58,0,0,0,0,0,52,0,6,26,0,0,0,0
732,6.776,0,58,0,0,0,0,0,52,0,6,26,0,0,0,0
733,24.958,0,58,0,0,0,0,0,52,0,6,26,0,0,0,0
734,1.002,0,58,0,0,0,0,0,52,0,6,26,0,0,0,0
735,0.723,0,58,0,0,0,0,0,52,0,6,26,0,0,0,0
736,6.559,0,58,0,0,0,0,0,52,0,6,26,0,0,0,0
737,25.032,0,58,0,0,0,0,0,52,0,6,26,0,0,0,0
738,1.061,0,58,0,0,0,0,0,52,0,6,26,0,0,0,0
739,0.744,0,58,0,0,0,0,0,52,0,6,26,0,0,0,0
740,6.663,0,58,0,0,0,0,0,52,0,6,26,0,0,0,0
741,25.153,0,58,0,0,0,0,0,52,0,6,26,0,0,0,0
742,0.924,0,58,0,0,0,0,0,52,0,6,26,0,0,0,0
743,0.745,0,58,0,0,0,0,0,52,0,6,26,0,0,0,0
744,6.283,0,58,0,0,0,0,0,52,0,6,26,0,0,0,0
745,25.038,0,58,0,0,0,0,0,52,0,6,26,0,0,0,0
746,0.954,0,58,0,0,0,0,0,52,0,6,26,0,0,0,0
747,0.662,0,58,0,0,0,0,0,52,0,6,26,0,0,0,0
748,6.676,0,58,0,0,0,0,0,52,0,6,26,0,0,0,0
749,25.248,0,58,0,0,0,0,0,52,0,6,26,0,0,0,0
750,0.883,0,58,0,0,0,0,0,52,0,6,26,0,0,0,0
751,1.635,0,58,0,0,0,0,0,52,0,6,26,0,0,0,0
752,5.515,0,58,0,0,0,0,0,52,0,6,26,0,0,0,0
753,25.413,0,58,0,0,0,0,0,52,0,6,26,0,0,0,0
754,1.042,0,58,0,0,0,0,0,52,0,6,26,0,0,0,0
755,0.731,0,58,0,0,0,0,0,52,0,6,26,0,0,0,0
756,6.178,0,58,0,0,0,0,0,52,0,6,26,0,0,0,0
757,25.128,0,58,0,0,0,0,0,52,0,6,26,0,0,0,0
758,0.967,0,58,0,0,0,0,0,52,0,6,26,0,0,0,0
759,0.700,0,58,0,0,0,0,0,52,0,6,26,0,0,0,0
760,6.582,0,58,0,0,0,0,0,52,0,6,26,0,0,0,0
761,25.039,0,58,0,0,0,0,0,52,0,6,26,0,0,0,0
762,0.990,0,58,0,0,0,0,0,52,0,6,26,0,0,0,0
763,0.707,0,58,0,0,0,0,0,52,0,6,26,0,0,0,0
764,6.735,0,58,0,0,0,0,0,52,0,6,26,0,0,0,0
765,24.925,0,58,0,0,0,0,0,52,0,6,26,0,0,0,0
766,0.971,0,58,0,0,0,0,0,52,0,6,26,0,0,0,0
767,0.691,0,58,0,0,0,0,0,52,0,6,26,0,0,0,0
768,6.680,0,58,0,0,0,0,0,52,0,6,26,0,0,0,0
769,25.077,0,58,0,0,0,0,0,52,0,6,26,0,0,0,0
770,0.941,0,58,0,0,0,0,0,52,0,6,26,0,0,0,0
771,0.742,0,58,0,0,0,0,0,52,0,6,26,0,0,0,0
772,6.425,0,58,0,0,0,0,0,52,0,6,26,0,0,0,0
773,25.248,0,58,0,0,0,0,0,52,0,6,26,0,0,0,0
774,0.913,0,58,0,0,0,0,0,52,0,6,26,0,0,0,0
775,0.711,0,58,0,0,0,0,0,52,0,6,26,0,0,0,0
776,6.719,0,58,0,0,0,0,0,52,0,6,26,0,0,0,0
777,25.033,0,58,0,0,0,0,0,52,0,6,26,0,0,0,0
778,0.800,0,58,0,0,0,0,0,52,0,6,26,0,0,0,0
779,0.676,0,58,0,0,0,0,0,52,0,6,26,0,0,0,0
780,6.725,0,58,0,0,0,0,0,52,0,6,26,0,0,0,0
781,25.020,0,58,0,0,0,0,0,52,0,6,26,0,0,0,0
782,0.942,0,58,0,0,0,0,0,52,0,6,26,0,0,0,0
783,0.785,0,58,0,0,0,0,0,52,0,6,26,0,0,0,0
784,6.576,0,58,0,0,0,1,0,53,0,5,26,0,0,0,0
785,25.053,0,58,0,0,0,0,0,53,0,5,26,0,0,0,0
786,0.981,0,58,0,0,0,0,0,53,0,5,26,0,0,0,0
787,0.777,0,58,0,0,0,0,0,53,0,5,26,0,0,0,0
788,6.515,0,58,0,0,0,0,0,53,0,5,26,0,0,0,0
789,25.027,0,58,0,0,0,0,0,53,0,5,26,0,0,0,0
790,0.972,0,58,0,0,0,0,0,53,0,5,26,0,0,0,0
791,0.748,0,58,0,0,0,0,0,53,0,5,26,0,0,0,0
792,6.504,0,58,0,0,0,0,0,53,0,5,26,0,0,0,0
793,25.154,0,58,0,0,0,0,0,53,0,5,26,0,0,0,0
794,1.050,0,58,0,0,0,0,0,53,0,5,26,0,0,0,0
795,0.737,0,58,0,0,0,0,0,53,0,5,26,0,0,0,0
796,6.392,0,58,0,0,0,0,0,53,0,5,26,0,0,0,0
797,25.078,0,58,0,0,0,0,0,53,0,5,26,0,0,0,0
798,0.928,0,58,0,0,0,0,0,53,0,5,26,0,0,0,0
799,0.792,0,58,0,0,0,0,0,53,0,5,26,0,0,0,0
800,6.484,0,58,0,0,0,0,0,53,0,5,26,0,0,0,0
801,25.155,0,58,0,0,0,0,0,53,0,5,26,0,0,0,0
802,0.890,0,58,0,0,0,0,0,53,0,5,26,0,0,0,0
803,0.834,0,58,0,0,0,0,0,53,0,5,26,0,0,0,0
804,6.545,0,58,0,0,0,0,0,53,0,5,26,0,0,0,0
805,25.031,0,58,0,0,0,0,0,53,0,5,26,0,0,0,0
806,0.827,0,58,0,0,0,0,0,53,0,5,26,0,0,0,0
807,0.672,0,58,0,0,0,0,0,53,0,5,26,0,0,0,0
808,6.808,0,58,0,0,0,0,0,53,0,5,26,0,0,0,0
809,25.221,0,58,0,0,0,0,0,53,0,5,26,0,0,0,0
810,0.829,0,58,0,0,0,0,0,53,0,5,26,0,0,0,0
811,0.695,0,58,0,0,0,0,0,53,0,5,26,0,0,0,0
812,6.571,0,58,0,0,0,0,0,53,0,5,26,0,0,0,0
813,25.026,0,58,0,0,0,0,0,53,0,5,26,0,0,0,0
814,0.890,0,58,0,0,0,0,0,53,0,5,26,0,0,0,0
815,0.691,0,58,0,0,0,0,0,53,0,5,26,0,0,0,0
816,6.726,0,58,0,0,0,0,0,53,0,5,26,0,0,0,0
817,24.997,0,58,0,0,0,0,0,53,0,5,26,0,0,0,0
818,0.953,0,58,0,0,0,0,0,53,0,5,26,0,0,0,0
819,0.730,0,58,0,0,0,0,0,53,0,5,26,0,0,0,0
820,6.684,0,58,0,0,0,0,0,53,0,5,26,0,0,0,0
821,25.015,0,58,0,0,0,0,0,53,0,5,26,0,0,0,0
822,0.840,0,58,0,0,0,0,0,53,0,5,26,0,0,0,0
823,0.709,0,58,0,0,0,0,0,53,0,5,26,0,0,0,0
824,6.699,0,58,0,0,0,0,0,53,0,5,26,0,0,0,0
825,25.238,0,58,0,0,0,0,0,53,0,5,26,0,0,0,0
826,0.888,0,58,0,0,0,0,0,53,0,5,26,0,0,0,0
827,1.462,0,58,0,0,0,0,0,53,0,5,26,0,0,0,0
828,5.822,0,58,0,0,0,0,0,53,0,5,26,0,0,0,0
829,25.118,0,58,0,0,0,0,0,53,0,5,26,0,0,0,0
830,0.901,0,58,0,0,0,0,0,53,0,5,26,0,0,0,0
831,0.768,0,58,0,0,0,0,0,53,0,5,26,0,0,0,0
832,6.491,0,58,0,0,0,0,0,53,0,5,26,0,0,0,0
833,25.035,0,58,0,0,0,0,0,53,0,5,26,0,0,0,0
834,0.845,0,58,0,0,0,0,0,53,0,5,26,0,0,0,0
835,0.743,0,58,0,0,0,0,0,53,0,5,26,0,0,0,0
836,6.708,0,58,0,0,0,0,0,53,0,5,26,0,0,0,0
837,24.993,0,58,0,0,0,0,0,53,0,5,26,0,0,0,0
838,0.923,0,58,0,0,0,0,0,53,0,5,26,0,0,0,0
839,0.710,0,58,0,0,0,0,0,53,0,5,26,0,0,0,0
840,6.744,0,58,0,0,0,0,0,53,0,5,26,0,0,0,0
841,24.963,0,58,0,0,0,0,0,53,0,5,26,0,0,0,0
842,0.996,0,58,0,0,0,0,0,53,0,5,26,0,0,0,0
843,0.680,0,58,0,0,0,0,0,53,0,5,26,0,0,0,0
844,6.975,0,58,0,0,0,0,0,53,0,5,26,0,0,0,0
845,24.701,0,58,0,0,0,0,0,53,0,5,26,0,0,0,0
846,0.966,0,58,0,0,0,0,0,53,0,5,26,0,0,0,0
847,0.697,0,58,0,0,0,0,0,53,0,5,26,0,0,0,0
848,6.583,0,58,0,0,0,0,0,53,0,5,26,0,0,0,0
849,25.122,0,58,0,0,0,0,0,53,0,5,26,0,0,0,0
850,0.934,0,58,0,0,0,0,0,53,0,5,26,0,0,0,0
851,0.729,0,58,0,0,0,0,0,53,0,5,26,0,0,0,0
852,6.738,0,58,0,0,0,0,0,53,0,5,26,0,0,0,0
853,24.919,0,58,0,0,0,0,0,53,0,5,26,0,0,0,0
854,1.012,0,58,0,0,0,0,0,53,0,5,26,0,0,0,0
855,1.812,0,58,0,0,0,0,0,53,0,5,26,0,0,0,0
856,5.526,0,58,0,0,0,0,0,53,0,5,26,0,0,0,0
857,25.104,0,58,0,0,0,0,0,53,0,5,26,0,0,0,0
858,0.873,0,58,0,0,0,0,0,53,0,5,26,0,0,0,0
859,1.709,0,58,0,0,0,0,0,53,0,5,26,0,0,0,0
860,5.594,0,58,0,0,0,0,0,53,0,5,26,0,0,0,0
861,24.976,0,58,0,0,0,0,0,53,0,5,26,0,0,0,0
862,0.938,0,58,0,0,0,0,0,53,0,5,26,0,0,0,0
863,0.701,0,58,0,0,0,0,0,53,0,5,26,0,0,0,0
864,6.852,0,58,0,0,0,0,0,53,0,5,26,0,0,0,0
865,24.859,0,58,0,0,0,0,0,53,0,5,26,0,0,0,0
866,0.918,0,58,0,0,0,0,0,53,0,5,26,0,0,0,0
867,0.680,0,58,0,0,0,0,0,53,0,5,26,0,0,0,0
868,6.708,0,58,0,0,0,0,0,53,0,5,26,0,0,0,0
869,25.043,0,58,0,0,0,0,0,53,0,5,26,0,0,0,0
870,0.834,0,58,0,0,0,0,0,53,0,5,26,0,0,0,0
871,0.671,0,58,0,0,0,0,0,53,0,5,26,0,0,0,0
872,6.872,0,58,0,0,0,0,0,53,0,5,26,0,0,0,0
873,24.968,0,58,0,0,0,0,0,53,0,5,26,0,0,0,0
874,0.962,0,58,0,0,0,0,0,53,0,5,26,0,0,0,0
875,0.733,0,58,0,0,0,0,0,53,0,5,26,0,0,0,0
876,6.547,0,58,0,0,0,0,0,53,0,5,26,0,0,0,0
877,25.221,0,58,0,0,0,0,0,53,0,5,26,0,0,0,0
878,0.881,0,58,0,0,0,0,0,53,0,5,26,0,0,0,0
879,0.778,0,58,0,0,0,0,0,53,0,5,26,0,0,0,0
880,6.442,0,58,0,0,0,0,0,53,0,5,26,0,0,0,0
881,25.305,0,58,0,0,0,0,0,53,0,5,26,0,0,0,0
882,0.827,0,58,0,0,0,0,0,53,0,5,26,0,0,0,0
883,1.854,0,58,0,0,0,0,0,53,0,5,26,0,0,0,0
884,5.410,0,58,0,0,0,0,0,53,0,5,26,0,0,0,0
885,25.162,0,58,0,0,0,0,0,53,0,5,26,0,0,0,0
886,1.020,0,58,0,0,0,0,0,53,0,5,26,0,0,0,0
887,0.714,0,58,0,0,0,0,0,53,0,5,26,0,0,0,0
888,6.498,0,58,0,0,0,0,0,53,0,5,26,0,0,0,0
889,25.124,0,58,0,0,0,0,0,53,0,5,26,0,0,0,0
890,0.851,0,58,0,0,0,0,0,53,0,5,26,0,0,0,0
891,0.700,0,58,0,0,0,0,0,53,0,5,26,0,0,0,0
892,6.632,0,58,0,0,0,0,0,53,0,5,26,0,0,0,0
893,25.037,0,58,0,0,0,0,0,53,0,5,26,0,0,0,0
894,0.873,0,58,0,0,0,0,0,53,0,5,26,0,0,0,0
895,0.702,0,58,0,0,0,0,0,53,0,5,26,0,0,0,0
896,6.611,0,58,0,0,0,0,0,53,0,5,26,0,0,0,0
897,25.276,0,58,0,0,0,0,0,53,0,5,26,0,0,0,0
898,0.904,0,58,0,0,0,0,0,53,0,5,26,0,0,0,0
899,0.720,0,58,0,0,0,0,0,53,0,5,26,0,0,0,0
900,6.484,0,58,0,0,0,0,0,53,0,5,26,0,0,0,0
901,25.070,0,58,0,0,0,0,0,53,0,5,26,0,0,0,0
902,0.833,0,58,0,0,0,0,0,53,0,5,26,0,0,0,0
903,0.669,0,58,0,0,0,0,0,53,0,5,26,0,0,0,0
904,6.821,0,58,0,0,0,0,0,53,0,5,26,0,0,0,0
905,25.037,0,58,0,0,0,0,0,53,0,5,26,0,0,0,0
906,0.953,0,58,0,0,0,0,0,53,0,5,26,0,0,0,0
907,1.369,0,58,0,0,0,0,0,53,0,5,26,0,0,0,0
908,5.994,0,58,0,0,0,0,0,53,0,5,26,0,0,0,0
909,25.006,0,58,0,0,0,0,0,53,0,5,26,0,0,0,0
910,0.863,0,58,0,0,0,0,0,53,0,5,26,0,0,0,0
911,0.759,0,58,0,0,0,0,0,53,0,5,26,0,0,0,0
912,6.597,0,58,0,0,0,0,0,53,0,5,26,0,0,0,0
913,25.101,0,58,0,0,0,0,0,53,0,5,26,0,0,0,0
914,0.893,0,58,0,0,0,0,0,53,0,5,26,0,0,0,0
915,0.657,0,58,0,0,0,0,0,53,0,5,26,0,0,0,0
916,6.969,0,58,0,0,0,0,0,53,0,5,26,0,0,0,0
917,24.905,0,58,0,0,0,0,0,53,0,5,26,0,0,0,0
918,0.890,0,58,0,0,0,0,0,53,0,5,26,0,0,0,0
919,0.710,0,58,0,0,0,0,0,53,0,5,26,0,0,0,0
920,6.533,0,58,0,0,0,0,0,53,0,5,26,0,0,0,0
921,25.122,0,58,0,0,0,0,0,53,0,5,26,0,0,0,0
922,0.850,0,58,0,0,0,0,0,53,0,5,26,0,0,0,0
923,0.683,0,58,0,0,0,0,0,53,0,5,26,0,0,0,0
924,6.798,0,58,0,0,0,0,0,53,0,5,26,0,0,0,0
925,24.918,0,58,0,0,0,0,0,53,0,5,26,0,0,0,0
926,0.795,0,58,0,0,0,0,0,53,0,5,26,0,0,0,0
927,0.636,0,58,0,0,0,0,0,53,0,5,26,0,0,0,0
928,6.904,0,58,0,0,0,0,0,53,0,5,26,0,0,0,0
929,25.002,0,58,0,0,0,0,0,53,0,5,26,0,0,0,0
930,0.874,0,58,0,0,0,0,0,53,0,5,26,0,0,0,0
931,0.717,0,58,0,0,0,0,0,53,0,5,26,0,0,0,0
932,6.761,0,58,0,0,0,0,0,53,0,5,26,0,0,0,0
933,25.244,0,58,0,0,0,0,0,53,0,5,26,0,0,0,0
934,0.871,0,58,0,0,0,0,0,53,0,5,26,0,0,0,0
935,1.158,0,58,0,0,0,0,0,53,0,5,26,0,0,0,0
936,6.034,0,58,0,0,0,0,0,53,0,5,26,0,0,0,0
937,25.046,0,58,0,0,0,0,0,53,0,5,26,0,0,0,0
938,0.857,0,58,0,0,0,0,0,53,0,5,26,0,0,0,0
939,0.690,0,58,0,0,0,0,0,53,0,5,26,0,0,0,0
940,6.706,0,58,0,0,0,0,0,53,0,5,26,0,0,0,0
941,25.050,0,58,0,0,0,0,0,53,0,5,26,0,0,0,0
942,0.886,0,58,0,0,0,0,0,53,0,5,26,0,0,0,0
943,0.638,0,58,0,0,0,0,0,53,0,5,26,0,0,0,0
944,6.767,0,58,0,0,0,0,0,53,0,5,26,0,0,0,0
945,25.112,0,58,0,0,0,0,0,53,0,5,26,0,0,0,0
946,0.822,0,58,0,0,0,0,0,53,0,5,26,0,0,0,0
947,0.791,0,58,0,0,0,0,0,53,0,5,26,0,0,0,0
948,6.815,0,58,0,0,0,0,0,53,0,5,26,0,0,0,0
949,24.933,0,58,0,0,0,0,0,53,0,5,26,0,0,0,0
950,0.817,0,58,0,0,0,0,0,53,0,5,26,0,0,0,0
951,0.684,0,58,0,0,0,0,0,53,0,5,26,0,0,0,0
952,6.764,0,58,0,0,0,0,0,53,0,5,26,0,0,0,0
953,24.946,0,58,0,0,0,0,0,53,0,5,26,0,0,0,0
954,0.966,0,58,0,0,0,0,0,53,0,5,26,0,0,0,0
955,0.755,0,58,0,0,0,0,0,53,0,5,26,0,0,0,0
956,6.591,0,58,0,0,0,0,0,53,0,5,26,0,0,0,0
957,25.106,0,58,0,0,0,0,0,53,0,5,26,0,0,0,0
958,0.950,0,58,0,0,0,0,0,53,0,5,26,0,0,0,0
959,0.647,0,58,0,0,0,0,0,53,0,5,26,0,0,0,0
960,6.636,0,58,0,0,0,0,0,53,0,5,26,0,0,0,0
961,25.257,0,58,0,0,0,0,0,53,0,5,26,0,0,0,0
962,0.986,0,58,0,0,0,0,0,53,0,5,26,0,0,0,0
963,0.737,0,58,0,0,0,0,0,53,0,5,26,0,0,0,0
964,6.400,0,58,0,0,0,0,0,53,0,5,26,0,0,0,0
965,25.104,0,58,0,0,0,0,0,53,0,5,26,0,0,0,0
966,0.987,0,58,0,0,0,0,0,53,0,5,26,0,0,0,0
967,0.666,0,58,0,0,0,0,0,53,0,5,26,0,0,0,0
968,6.499,0,58,0,0,0,0,0,53,0,5,26,0,0,0,0
969,25.291,0,58,0,0,0,0,0,53,0,5,26,0,0,0,0
970,0.836,0,58,0,0,0,0,0,53,0,5,26,0,0,0,0
971,0.754,0,58,0,0,0,0,0,53,0,5,26,0,0,0,0
972,6.524,0,58,0,0,0,0,0,53,0,5,26,0,0,0,0
973,25.007,0,58,0,0,0,0,0,53,0,5,26,0,0,0,0
974,0.898,0,58,0,0,0,0,0,53,0,5,26,0,0,0,0
975,0.761,0,58,0,0,0,0,0,53,0,5,26,0,0,0,0
976,6.761,0,58,0,0,0,0,0,53,0,5,26,0,0,0,0
977,24.914,0,58,0,0,0,0,0,53,0,5,26,0,0,0,0
978,1.025,0,58,0,0,0,0,0,53,0,5,26,0,0,0,0
979,0.760,0,58,0,0,0,0,0,53,0,5,26,0,0,0,0
980,6.580,0,58,0,0,0,0,0,53,0,5,26,0,0,0,0
981,24.941,0,58,8,8,0,0,0,53,0,13,26,0,0,0,0
982,0.978,0,58,8,8,0,0,0,53,0,13,26,0,6,0,0
983,1.196,0,59,7,8,1,0,0,53,0,13,26,0,3,0,0
984,6.228,0,64,2,7,5,0,0,53,0,13,26,0,5,0,0
985,25.259,0,66,0,2,2,0,0,53,0,13,26,0,2,0,0
986,1.017,0,66,0,0,0,0,0,53,0,13,26,0,0,0,0
987,4.332,0,66,0,0,0,0,0,53,0,13,26,0,0,0,0
988,2.514,0,66,0,0,0,0,0,53,0,13,26,0,0,0,0
989,25.247,0,66,0,0,0,0,0,53,0,13,26,0,0,0,0
990,0.855,0,66,0,0,0,0,0,53,0,13,26,0,0,0,0
991,1.572,0,66,0,0,0,0,0,53,0,13,26,0,0,0,0
992,5.735,0,66,0,0,0,0,0,53,0,13,26,0,0,0,0
993,25.189,0,66,0,0,0,0,0,53,0,13,26,0,0,0,0
994,0.824,0,66,0,0,0,0,0,53,0,13,26,0,0,0,0
995,0.705,0,66,0,0,0,0,0,53,0,13,26,0,0,0,0
996,6.706,0,66,0,0,0,0,0,53,0,13,26,0,0,0,0
997,25.113,0,66,0,0,0,2,0,54,0,12,26,0,0,0,0
998,0.938,0,66,0,0,0,0,0,54,0,12,26,0,0,0,0
999,0.850,0,66,0,0,0,0,0,54,0,12,26,0,0,0,0
1000,6.410,0,66,0,0,0,0,0,54,0,12,26,0,0,0,0
1001,25.139,0,66,0,0,0,0,0,54,0,12,26,0,0,0,0
1002,0.952,0,66,0,0,0,0,0,54,0,12,26,0,0,0,0
1003,0.723,0,66,0,0,0,0,0,54,0,12,26,0,0,0,0
1004,6.631,0,66,0,0,0,0,0,54,0,12,26,0,0,0,0
1005,24.912,0,66,0,0,0,1,0,55,0,11,26,0,0,0,0
1006,1.145,0,66,0,0,0,0,0,55,0,11,26,0,0,0,0
1007,0.857,0,66,0,0,0,0,0,55,0,11,26,0,0,0,0
1008,6.271,0,66,0,0,0,0,0,55,0,11,26,0,0,0,0
1009,25.129,0,66,0,0,0,0,0,55,0,11,26,0,0,0,0
1010,1.033,0,66,0,0,0,0,0,55,0,11,26,0,0,0,0
1011,1.845,0,66,0,0,0,0,0,55,0,11,26,0,0,0,0
1012,5.365,0,66,0,0,0,0,0,55,0,11,26,0,0,0,0
1013,25.137,0,66,8,8,0,0,0,55,0,19,26,0,0,0,0
1014,0.897,0,66,8,8,0,0,0,55,0,19,26,0,6,0,0
1015,0.908,0,67,7,8,1,0,0,55,0,19,26,0,3,0,0
1016,6.302,0,74,0,7,7,0,0,55,0,19,26,0,7,0,0
1017,25.216,0,74,0,0,0,0,0,55,0,19,26,0,0,0,0
1018,1.039,0,74,0,0,0,0,0,55,0,19,26,0,0,0,0
1019,0.711,0,74,0,0,0,0,0,55,0,19,26,0,0,0,0
1020,6.507,0,74,0,0,0,0,0,55,0,19,26,0,0,0,0
1021,24.998,0,74,0,0,0,2,0,56,0,18,26,0,0,0,0
1022,0.870,0,74,0,0,0,0,0,56,0,18,26,0,0,0,0
1023,0.869,0,74,0,0,0,0,0,56,0,18,26,0,0,0,0
1024,6.585,0,74,0,0,0,0,0,56,0,18,26,0,0,0,0
1025,24.987,0,74,0,0,0,0,0,56,0,18,26,0,0,0,0
1026,1.063,0,74,0,0,0,0,0,56,0,18,26,0,0,0,0
1027,0.700,0,74,0,0,0,0,0,56,0,18,26,0,0,0,0
1028,6.483,0,74,0,0,0,0,0,56,0,18,26,0,0,0,0
1029,24.996,0,74,0,0,0,1,0,57,0,17,26,0,0,0,0
1030,0.886,0,74,0,0,0,0,0,57,0,17,26,0,0,0,0
1031,0.875,0,74,0,0,0,0,0,57,0,17,26,0,0,0,0
1032,6.519,0,74,0,0,0,0,0,57,0,17,26,0,0,0,0
1033,25.185,0,74,0,0,0,0,0,57,0,17,26,0,0,0,0
1034,1.031,0,74,0,0,0,0,0,57,0,17,26,0,0,0,0
1035,1.432,0,74,0,0,0,0,0,57,0,17,26,0,0,0,0
1036,5.707,0,74,0,0,0,0,0,57,0,17,26,0,0,0,0
1037,25.091,0,74,0,0,0,0,0,57,0,17,26,0,0,0,0
1038,0.955,0,74,0,0,0,0,0,57,0,17,26,0,0,0,0
1039,0.730,0,74,0,0,0,0,0,57,0,17,26,0,0,0,0
1040,6.607,0,74,0,0,0,0,0,57,0,17,26,0,0,0,0
1041,25.025,0,74,0,0,0,1,0,58,0,16,26,0,0,0,0
1042,0.893,0,74,0,0,0,0,0,58,0,16,26,0,0,0,0
1043,0.801,0,74,0,0,0,0,0,58,0,16,26,0,0,0,0
1044,6.711,0,74,0,0,0,0,0,58,0,16,26,0,0,0,0
1045,24.993,0,74,0,0,0,1,0,58,0,16,26,0,0,0,0
1046,0.893,0,74,0,0,0,0,0,58,0,16,26,0,0,0,0
1047,0.691,0,74,0,0,0,0,0,58,0,16,26,0,0,0,0
1048,6.699,0,74,0,0,0,0,0,58,0,16,26,0,0,0,0
1049,25.007,0,74,8,8,0,0,0,58,0,24,26,0,0,0,0
1050,0.898,0,74,8,8,0,0,0,58,0,24,26,0,6,0,0
1051,0.858,0,74,8,8,0,0,0,58,0,24,26,0,2,0,0
1052,6.554,0,80,2,8,6,0,0,58,0,24,26,0,6,0,0
1053,25.025,0,82,0,2,2,0,0,58,0,24,26,0,2,0,0
1054,0.955,0,82,0,0,0,0,0,58,0,24,26,0,0,0,0
1055,0.740,0,82,0,0,0,0,0,58,0,24,26,0,0,0,0
1056,6.595,0,82,0,0,0,0,0,58,0,24,26,0,0,0,0
1057,25.110,0,82,8,8,0,0,0,58,0,32,26,0,0,0,0
1058,0.931,0,82,8,8,0,0,0,58,0,32,26,0,8,0,0
1059,0.775,0,83,7,8,1,0,0,58,0,32,26,0,1,0,0
1060,6.492,0,89,1,7,6,0,0,58,0,32,26,0,6,0,0
1061,25.280,0,90,0,1,1,0,0,58,0,32,26,0,1,0,0
1062,1.181,0,90,0,0,0,0,0,58,0,32,26,0,0,0,0
1063,1.040,0,90,0,0,0,0,0,58,0,32,26,0,0,0,0
1064,5.890,0,90,0,0,0,0,0,58,0,32,26,0,0,0,0
1065,25.059,0,90,0,0,0,0,0,58,0,32,26,0,0,0,0
1066,0.846,0,90,0,0,0,0,0,58,0,32,26,0,0,0,0
1067,0.659,0,90,0,0,0,0,0,58,0,32,26,0,0,0,0
1068,6.679,0,90,0,0,0,0,0,58,0,32,26,0,0,0,0
1069,25.083,0,90,0,0,0,0,0,58,0,32,26,0,0,0,0
1070,0.806,0,90,0,0,0,0,0,58,0,32,26,0,0,0,0
1071,0.726,0,90,0,0,0,0,0,58,0,32,26,0,0,0,0
1072,6.749,0,90,0,0,0,0,0,58,0,32,26,0,0,0,0
1073,25.128,0,90,0,0,0,0,0,58,0,32,26,0,0,0,0
1074,1.088,0,90,0,0,0,0,0,58,0,32,26,0,0,0,0
1075,0.728,0,90,0,0,0,0,0,58,0,32,26,0,0,0,0
1076,6.515,0,90,0,0,0,0,0,58,0,32,26,0,0,0,0
1077,24.968,0,90,8,8,0,0,0,58,0,40,26,0,0,0,0
1078,0.910,0,90,8,8,0,0,0,58,0,40,26,0,7,0,0
1079,0.998,0,90,8,8,0,0,0,58,0,40,26,0,1,0,0
1080,6.470,0,96,2,8,6,0,0,58,0,40,26,0,6,0,0
1081,24.936,0,98,8,10,2,0,0,58,0,48,26,0,2,0,0
1082,0.948,0,98,8,8,0,0,0,58,0,48,26,0,8,0,0
1083,0.822,0,100,6,8,2,0,0,58,0,48,26,0,2,0,0
1084,6.593,0,105,1,6,5,0,0,58,0,48,26,0,5,0,0
1085,25.019,0,106,16,17,1,0,0,58,0,64,26,0,1,0,0
1086,0.989,0,106,16,16,0,0,0,58,0,64,26,0,7,0,0
1087,1.461,0,106,16,16,0,0,0,58,0,64,26,0,8,0,0
1088,6.083,0,113,9,16,7,0,0,58,0,64,26,0,8,0,0
1089,24.830,0,122,0,9,9,0,0,58,0,64,26,0,9,0,0
1090,1.586,0,122,0,0,0,0,0,58,0,64,26,0,0,0,0
1091,0.854,0,122,0,0,0,0,0,58,0,64,26,0,0,0,0
1092,5.847,0,122,0,0,0,0,0,58,0,64,26,0,0,0,0
1093,25.042,0,122,8,8,0,0,0,58,0,72,26,0,0,0,0
1094,0.997,0,122,8,8,0,0,0,58,0,72,26,0,7,0,0
1095,0.817,0,122,8,8,0,0,0,58,0,72,26,0,1,0,0
1096,6.499,0,129,1,8,7,0,0,58,0,72,26,0,7,0,0
1097,25.007,0,130,0,1,1,0,0,58,0,72,26,0,1,0,0
1098,0.998,0,130,0,0,0,0,0,58,0,72,26,0,0,0,0
1099,0.674,0,130,0,0,0,0,0,58,0,72,26,0,0,0,0
1100,6.568,0,130,0,0,0,0,0,58,0,72,26,0,0,0,0
1101,24.953,0,130,0,0,0,0,0,58,0,72,26,0,0,0,0
1102,0.825,0,130,0,0,0,0,0,58,0,72,26,0,0,0,0
1103,0.658,0,130,0,0,0,0,0,58,0,72,26,0,0,0,0
1104,6.921,0,130,0,0,0,0,0,58,0,72,26,0,0,0,0
1105,24.983,0,130,0,0,0,0,0,58,0,72,26,0,0,0,0
1106,0.911,0,130,0,0,0,0,0,58,0,72,26,0,0,0,0
1107,0.709,0,130,0,0,0,0,0,58,0,72,26,0,0,0,0
1108,6.592,0,130,8,8,0,0,0,58,0,80,26,0,0,0,0
1109,25.067,0,130,8,8,0,0,0,58,0,80,26,0,8,0,0
1110,0.968,0,132,6,8,2,0,0,58,0,80,26,0,2,0,0
1111,1.499,0,136,2,6,4,0,0,58,0,80,26,0,4,0,0
1112,5.813,0,138,8,10,2,0,0,58,0,88,26,0,2,0,0
1113,25.190,0,138,16,16,0,0,0,58,0,96,26,0,8,0,0
1114,1.007,0,138,16,16,0,0,0,58,0,96,26,0,2,0,0
1115,2.283,0,138,16,16,0,0,0,58,0,96,26,0,5,0,0
1116,4.847,0,144,10,16,6,0,0,58,0,96,26,0,7,0,0
1117,25.255,0,154,0,10,10,0,0,58,0,96,26,0,10,0,0
1118,1.010,0,154,0,0,0,0,0,58,0,96,26,0,0,0,0
1119,0.822,0,154,0,0,0,0,0,58,0,96,26,0,0,0,0
1120,6.298,0,154,0,0,0,0,0,58,0,96,26,0,0,0,0
1121,25.071,0,154,0,0,0,0,0,58,0,96,26,0,0,0,0
1122,0.840,0,154,0,0,0,0,0,58,0,96,26,0,0,0,0
1123,0.604,0,154,0,0,0,0,0,58,0,96,26,0,0,0,0
1124,6.893,0,154,0,0,0,0,0,58,0,96,26,0,0,0,0
1125,24.959,0,154,12,12,0,0,0,58,0,108,26,0,0,0,0
1126,0.825,0,154,12,12,0,0,0,58,0,108,26,0,9,0,0
1127,0.823,0,154,12,12,0,0,0,58,0,108,26,0,2,0,0
1128,7.075,0,162,4,12,8,0,0,58,0,108,26,0,9,0,0
1129,24.776,0,166,0,4,4,0,0,58,0,108,26,0,4,0,0
1130,1.104,0,166,0,0,0,0,0,58,0,108,26,0,0,0,0
1131,0.850,0,166,0,0,0,0,0,58,0,108,26,0,0,0,0
1132,6.307,0,166,0,0,0,0,0,58,0,108,26,0,0,0,0
1133,25.018,0,166,0,0,0,0,0,58,0,108,26,0,0,0,0
1134,0.912,0,166,0,0,0,0,0,58,0,108,26,0,0,0,0
1135,0.782,0,166,0,0,0,0,0,58,0,108,26,0,0,0,0
1136,6.412,0,166,0,0,0,0,0,58,0,108,26,0,0,0,0
1137,25.201,0,166,8,8,0,0,0,58,0,116,26,0,0,0,0
1138,0.965,0,166,8,8,0,0,0,58,0,116,26,0,7,0,0
1139,1.918,0,166,8,8,0,0,0,58,0,116,26,0,1,0,0
1140,5.183,0,172,2,8,6,0,0,58,0,116,26,0,6,0,0
1141,25.321,0,174,2,4,2,0,0,58,0,118,26,0,2,0,0
1142,0.913,0,174,2,2,0,0,0,58,0,118,26,0,2,0,0
1143,1.460,0,174,2,2,0,0,0,58,0,118,26,0,0,0,0
1144,5.709,0,176,0,2,2,0,0,58,0,118,26,0,2,0,0
1145,25.061,0,176,0,0,0,0,0,58,0,118,26,0,0,0,0
1146,0.837,0,176,0,0,0,0,0,58,0,118,26,0,0,0,0
1147,0.659,0,176,0,0,0,0,0,58,0,118,26,0,0,0,0
1148,6.753,0,176,0,0,0,0,0,58,0,118,26,0,0,0,0
1149,25.069,0,176,8,8,0,0,0,58,0,126,26,0,0,0,0
1150,0.848,0,176,8,8,0,0,0,58,0,126,26,0,7,0,0
1151,0.771,0,176,8,8,0,0,0,58,0,126,26,0,1,0,0
1152,6.779,0,184,0,8,8,0,0,58,0,126,26,0,8,0,0
1153,25.057,0,184,0,0,0,0,0,58,0,126,26,0,0,0,0
1154,0.927,0,184,0,0,0,0,0,58,0,126,26,0,0,0,0
1155,0.662,0,184,0,0,0,0,0,58,0,126,26,0,0,0,0
1156,6.529,0,184,0,0,0,0,0,58,0,126,26,0,0,0,0
1157,25.106,0,184,8,8,0,0,0,58,0,134,26,0,0,0,0
1158,0.874,0,184,8,8,0,0,0,58,0,134,26,0,4,0,0
1159,0.853,0,184,8,8,0,0,0,58,0,134,26,0,4,0,0
1160,6.497,0,191,1,8,7,0,0,58,0,134,26,0,7,0,0
1161,25.168,0,192,0,1,1,0,0,58,0,134,26,0,1,0,0
1162,0.975,0,192,0,0,0,0,0,58,0,134,26,0,0,0,0
1163,0.670,0,192,0,0,0,0,0,58,0,134,26,0,0,0,0
1164,6.482,0,192,0,0,0,0,0,58,0,134,26,0,0,0,0
1165,25.047,0,192,8,8,0,0,0,58,0,142,26,0,0,0,0
1166,0.851,0,192,8,8,0,0,0,58,0,142,26,0,8,0,0
1167,0.995,0,193,7,8,1,0,0,58,0,142,26,0,1,0,0
1168,6.489,0,199,1,7,6,0,0,58,0,142,26,0,6,0,0
1169,25.120,0,200,24,25,1,0,0,58,0,166,26,0,1,0,0
1170,1.038,0,200,24,24,0,0,0,58,1,166,26,0,12,0,0
1171,1.766,0,200,24,24,0,0,0,58,0,166,26,0,10,0,0
1172,5.498,0,207,17,24,7,0,0,58,0,166,26,0,9,0,0
1173,25.523,0,219,5,17,12,0,0,58,5,166,26,0,12,0,0
1174,0.888,0,224,0,5,5,0,0,58,0,166,26,0,5,0,0
1175,0.810,0,224,0,0,0,0,0,58,0,166,26,0,0,0,0
1176,6.004,0,224,0,0,0,0,0,58,0,166,26,0,0,0,0
1177,25.061,0,224,8,8,0,0,0,58,0,174,26,0,0,0,0
1178,0.836,0,224,8,8,0,0,0,58,0,174,26,0,8,0,0
1179,1.160,0,224,8,8,0,0,0,58,0,174,26,0,0,0,0
1180,6.239,0,232,0,8,8,0,0,58,0,174,26,0,8,0,0
1181,25.180,0,232,8,8,0,0,0,58,0,182,26,0,0,0,0
1182,0.959,0,232,8,8,0,0,0,58,0,182,26,0,8,0,0
1183,0.727,0,232,8,8,0,0,0,58,0,182,26,0,0,0,0
1184,6.663,0,240,0,8,8,0,0,58,0,182,26,0,8,0,0
1185,25.033,0,240,0,0,0,0,0,58,0,182,26,0,0,0,0
1186,0.926,0,240,0,0,0,0,0,58,0,182,26,0,0,0,0
1187,0.742,0,240,0,0,0,0,0,58,0,182,26,0,0,0,0
1188,6.604,0,240,0,0,0,0,0,58,0,182,26,0,0,0,0
1189,25.066,0,240,0,0,0,0,0,58,0,182,26,0,0,0,0
1190,0.808,0,240,0,0,0,0,0,58,0,182,26,0,0,0,0
1191,0.672,0,240,0,0,0,0,0,58,0,182,26,0,0,0,0
1192,6.665,0,240,0,0,0,0,0,58,0,182,26,0,0,0,0
1193,25.087,0,240,0,0,0,0,0,58,0,182,26,0,0,0,0
1194,0.871,0,240,0,0,0,0,0,58,0,182,26,0,0,0,0
1195,0.758,0,240,0,0,0,0,0,58,0,182,26,0,0,0,0
1196,6.520,0,240,0,0,0,0,0,58,0,182,26,0,0,0,0
1197,25.267,0,240,0,0,0,0,0,58,0,182,26,0,0,0,0
1198,0.996,0,240,0,0,0,0,0,58,0,182,26,0,0,0,0
1199,1.565,0,240,0,0,0,0,0,58,0,182,26,0,0,0,0
1200,5.623,0,240,0,0,0,0,0,58,0,182,26,0,0,0,0
1201,25.054,0,240,0,0,0,0,0,58,0,182,26,0,0,0,0
1202,0.807,0,240,0,0,0,0,0,58,0,182,26,0,0,0,0
1203,0.646,0,240,0,0,0,0,0,58,0,182,26,0,0,0,0
1204,6.835,0,240,0,0,0,0,0,58,0,182,26,0,0,0,0
1205,25.013,0,240,0,0,0,0,0,58,0,182,26,0,0,0,0
1206,0.835,0,240,0,0,0,0,0,58,0,182,26,0,0,0,0
1207,0.797,0,240,0,0,0,0,0,58,0,182,26,0,0,0,0
1208,6.673,0,240,0,0,0,0,0,58,0,182,26,0,0,0,0
1209,24.990,0,240,0,0,0,0,0,58,0,182,26,0,0,0,0
1210,0.815,0,240,0,0,0,0,0,58,0,182,26,0,0,0,0
1211,0.675,0,240,0,0,0,0,0,58,0,182,26,0,0,0,0
1212,6.996,0,240,0,0,0,0,0,58,0,182,26,0,0,0,0
1213,24.917,0,240,0,0,0,0,0,58,0,182,26,0,0,0,0
1214,0.952,0,240,0,0,0,0,0,58,0,182,26,0,0,0,0
1215,0.698,0,240,0,0,0,0,0,58,0,182,26,0,0,0,0
1216,6.649,0,240,0,0,0,0,0,58,0,182,26,0,0,0,0
1217,24.985,0,240,0,0,0,0,0,58,0,182,26,0,0,0,0
1218,0.807,0,240,0,0,0,0,0,58,0,182,26,0,0,0,0
1219,0.809,0,240,0,0,0,0,0,58,0,182,26,0,0,0,0
1220,6.681,0,240,0,0,0,0,0,58,0,182,26,0,0,0,0
1221,24.978,0,240,0,0,0,0,0,58,0,182,26,0,0,0,0
1222,0.966,0,240,0,0,0,0,0,58,0,182,26,0,0,0,0
1223,0.662,0,240,0,0,0,0,0,58,0,182,26,0,0,0,0
1224,6.759,0,240,0,0,0,0,0,58,0,182,26,0,0,0,0
1225,25.097,0,240,0,0,0,0,0,58,0,182,26,0,0,0,0
1226,0.835,0,240,0,0,0,0,0,58,0,182,26,0,0,0,0
1227,1.785,0,240,0,0,0,0,0,58,0,182,26,0,0,0,0
1228,5.631,0,240,0,0,0,0,0,58,0,182,26,0,0,0,0
1229,25.008,0,240,0,0,0,0,0,58,0,182,26,0,0,0,0
1230,0.774,0,240,0,0,0,0,0,58,0,182,26,0,0,0,0
1231,0.738,0,240,0,0,0,0,0,58,0,182,26,0,0,0,0
1232,6.784,0,240,0,0,0,0,0,58,0,182,26,0,0,0,0
1233,24.989,0,240,0,0,0,0,0,58,0,182,26,0,0,0,0
1234,0.993,0,240,0,0,0,0,0,58,0,182,26,0,0,0,0
1235,0.630,0,240,0,0,0,0,0,58,0,182,26,0,0,0,0
1236,6.695,0,240,0,0,0,0,0,58,0,182,26,0,0,0,0
1237,25.172,0,240,0,0,0,0,0,58,0,182,26,0,0,0,0
1238,0.905,0,240,0,0,0,0,0,58,0,182,26,0,0,0,0
1239,0.692,0,240,0,0,0,0,0,58,0,182,26,0,0,0,0
1240,6.590,0,240,0,0,0,0,0,58,0,182,26,0,0,0,0
1241,25.081,0,240,0,0,0,0,0,58,0,182,26,0,0,0,0
1242,0.846,0,240,0,0,0,0,0,58,0,182,26,0,0,0,0
1243,0.785,0,240,0,0,0,0,0,58,0,182,26,0,0,0,0
1244,6.666,0,240,0,0,0,0,0,58,0,182,26,0,0,0,0
1245,25.079,0,240,0,0,0,0,0,58,0,182,26,0,0,0,0
1246,0.769,0,240,0,0,0,0,0,58,0,182,26,0,0,0,0
1247,0.742,0,240,0,0,0,0,0,58,0,182,26,0,0,0,0
1248,6.641,0,240,0,0,0,0,0,58,0,182,26,0,0,0,0
1249,25.101,0,240,0,0,0,0,0,58,0,182,26,0,0,0,0
1250,1.007,0,240,0,0,0,0,0,58,0,182,26,0,0,0,0
1251,0.676,0,240,0,0,0,0,0,58,0,182,26,0,0,0,0
1252,6.623,0,240,0,0,0,0,0,58,0,182,26,0,0,0,0
1253,25.080,0,240,0,0,0,0,0,58,0,182,26,0,0,0,0
1254,0.846,0,240,0,0,0,0,0,58,0,182,26,0,0,0,0
1255,0.758,0,240,0,0,0,0,0,58,0,182,26,0,0,0,0
1256,6.585,0,240,0,0,0,0,0,58,0,182,26,0,0,0,0
1257,25.053,0,240,0,0,0,0,0,58,0,182,26,0,0,0,0
1258,0.796,0,240,0,0,0,0,0,58,0,182,26,0,0,0,0
1259,0.775,0,240,0,0,0,0,0,58,0,182,26,0,0,0,0
1260,6.702,0,240,0,0,0,0,0,58,0,182,26,0,0,0,0
1261,25.123,0,240,0,0,0,0,0,58,0,182,26,0,0,0,0
1262,0.763,0,240,0,0,0,0,0,58,0,182,26,0,0,0,0
1263,0.647,0,240,0,0,0,0,0,58,0,182,26,0,0,0,0
1264,6.680,0,240,0,0,0,0,0,58,0,182,26,0,0,0,0
1265,25.269,0,240,0,0,0,0,0,58,0,182,26,0,0,0,0
1266,0.930,0,240,0,0,0,0,0,58,0,182,26,0,0,0,0
1267,0.707,0,240,0,0,0,0,0,58,0,182,26,0,0,0,0
1268,6.564,0,240,0,0,0,0,0,58,0,182,26,0,0,0,0
1269,25.156,0,240,0,0,0,0,0,58,0,182,26,0,0,0,0
1270,0.850,0,240,0,0,0,0,0,58,0,182,26,0,0,0,0
1271,0.726,0,240,0,0,0,0,0,58,0,182,26,0,0,0,0
1272,6.736,0,240,0,0,0,0,0,58,0,182,26,0,0,0,0
1273,25.047,0,240,0,0,0,0,0,58,0,182,26,0,0,0,0
1274,0.999,0,240,0,0,0,0,0,58,0,182,26,0,0,0,0
1275,0.807,0,240,0,0,0,0,0,58,0,182,26,0,0,0,0
1276,6.380,0,240,0,0,0,0,0,58,0,182,26,0,0,0,0
1277,25.023,0,240,0,0,0,0,0,58,0,182,26,0,0,0,0
1278,1.026,0,240,0,0,0,0,0,58,0,182,26,0,0,0,0
1279,0.668,0,240,0,0,0,0,0,58,0,182,26,0,0,0,0
1280,6.548,0,240,0,0,0,0,0,58,0,182,26,0,0,0,0
1281,25.079,0,240,0,0,0,0,0,58,0,182,26,0,0,0,0
1282,0.815,0,240,0,0,0,0,0,58,0,182,26,0,0,0,0
1283,2.100,0,240,0,0,0,0,0,58,0,182,26,0,0,0,0
1284,5.335,0,240,0,0,0,0,0,58,0,182,26,0,0,0,0
1285,25.131,0,240,0,0,0,0,0,58,0,182,26,0,0,0,0
1286,0.960,0,240,0,0,0,0,0,58,0,182,26,0,0,0,0
1287,0.651,0,240,0,0,0,0,0,58,0,182,26,0,0,0,0
1288,6.549,0,240,0,0,0,0,0,58,0,182,26,0,0,0,0
1289,25.383,0,240,0,0,0,0,0,58,0,182,26,0,0,0,0
1290,0.862,0,240,0,0,0,0,0,58,0,182,26,0,0,0,0
1291,0.788,0,240,0,0,0,0,0,58,0,182,26,0,0,0,0
1292,6.343,0,240,0,0,0,0,0,58,0,182,26,0,0,0,0
1293,25.029,0,240,0,0,0,0,0,58,0,182,26,0,0,0,0
1294,1.011,0,240,0,0,0,0,0,58,0,182,26,0,0,0,0
1295,0.668,0,240,0,0,0,0,0,58,0,182,26,0,0,0,0
1296,6.596,0,240,0,0,0,0,0,58,0,182,26,0,0,0,0
1297,25.111,0,240,0,0,0,0,0,58,0,182,26,0,0,0,0
1298,0.830,0,240,0,0,0,0,0,58,0,182,26,0,0,0,0
1299,0.736,0,240,0,0,0,0,0,58,0,182,26,0,0,0,0
1300,6.671,0,240,0,0,0,0,0,58,0,182,26,0,0,0,0
1301,25.005,0,240,0,0,0,0,0,58,0,182,26,0,0,0,0
1302,0.870,0,240,0,0,0,0,0,58,0,182,26,0,0,0,0
1303,0.734,0,240,0,0,0,0,0,58,0,182,26,0,0,0,0
1304,6.730,0,240,0,0,0,0,0,58,0,182,26,0,0,0,0
1305,25.006,0,240,0,0,0,0,0,58,0,182,26,0,0,0,0
1306,0.852,0,240,0,0,0,0,0,58,0,182,26,0,0,0,0
1307,0.684,0,240,0,0,0,0,0,58,0,182,26,0,0,0,0
1308,6.796,0,240,0,0,0,0,0,58,0,182,26,0,0,0,0
1309,25.127,0,240,0,0,0,0,0,58,0,182,26,0,0,0,0
1310,0.883,0,240,0,0,0,0,0,58,0,182,26,0,0,0,0
1311,0.997,0,240,0,0,0,0,0,58,0,182,26,0,0,0,0
1312,6.363,0,240,0,0,0,0,0,58,0,182,26,0,0,0,0
1313,25.006,0,240,0,0,0,0,0,58,0,182,26,0,0,0,0
1314,0.844,0,240,0,0,0,0,0,58,0,182,26,0,0,0,0
1315,0.763,0,240,0,0,0,0,0,58,0,182,26,0,0,0,0
1316,6.646,0,240,0,0,0,0,0,58,0,182,26,0,0,0,0
1317,25.014,0,240,0,0,0,0,0,58,0,182,26,0,0,0,0
1318,0.881,0,240,0,0,0,0,0,58,0,182,26,0,0,0,0
1319,0.670,0,240,0,0,0,0,0,58,0,182,26,0,0,0,0
1320,6.773,0,240,0,0,0,0,0,58,0,182,26,0,0,0,0
1321,24.994,0,240,0,0,0,0,0,58,0,182,26,0,0,0,0
1322,0.862,0,240,0,0,0,0,0,58,0,182,26,0,0,0,0
1323,0.687,0,240,0,0,0,0,0,58,0,182,26,0,0,0,0
1324,6.823,0,240,0,0,0,0,0,58,0,182,26,0,0,0,0
1325,24.975,0,240,0,0,0,0,0,58,0,182,26,0,0,0,0
1326,0.781,0,240,0,0,0,0,0,58,0,182,26,0,0,0,0
1327,0.654,0,240,0,0,0,0,0,58,0,182,26,0,0,0,0
1328,7.005,0,240,0,0,0,0,0,58,0,182,26,0,0,0,0
1329,24.950,0,240,0,0,0,0,0,58,0,182,26,0,0,0,0
1330,0.811,0,240,0,0,0,0,0,58,0,182,26,0,0,0,0
1331,0.696,0,240,0,0,0,0,0,58,0,182,26,0,0,0,0
1332,6.735,0,240,0,0,0,0,0,58,0,182,26,0,0,0,0
1333,25.111,0,240,0,0,0,0,0,58,0,182,26,0,0,0,0
1334,0.819,0,240,0,0,0,0,0,58,0,182,26,0,0,0,0
1335,0.650,0,240,0,0,0,0,0,58,0,182,26,0,0,0,0
1336,6.816,0,240,0,0,0,0,0,58,0,182,26,0,0,0,0
1337,25.140,0,240,0,0,0,0,0,58,0,182,26,0,0,0,0
1338,0.834,0,240,0,0,0,0,0,58,0,182,26,0,0,0,0
1339,2.337,0,240,0,0,0,0,0,58,0,182,26,0,0,0,0
1340,4.963,0,240,0,0,0,0,0,58,0,182,26,0,0,0,0
1341,24.980,0,240,0,0,0,0,0,58,0,182,26,0,0,0,0
1342,0.917,0,240,0,0,0,0,0,58,0,182,26,0,0,0,0
1343,0.694,0,240,0,0,0,0,0,58,0,182,26,0,0,0,0
1344,6.806,0,240,0,0,0,0,0,58,0,182,26,0,0,0,0
1345,25.098,0,240,0,0,0,0,0,58,0,182,26,0,0,0,0
1346,0.883,0,240,0,0,0,0,0,58,0,182,26,0,0,0,0
1347,0.804,0,240,0,0,0,0,0,58,0,182,26,0,0,0,0
1348,6.498,0,240,0,0,0,0,0,58,0,182,26,0,0,0,0
1349,25.132,0,240,0,0,0,0,0,58,0,182,26,0,0,0,0
1350,0.877,0,240,0,0,0,0,0,58,0,182,26,0,0,0,0
1351,0.799,0,240,0,0,0,0,0,58,0,182,26,0,0,0,0
1352,6.708,0,240,0,0,0,0,0,58,0,182,26,0,0,0,0
1353,24.901,0,240,0,0,0,0,0,58,0,182,26,0,0,0,0
1354,0.842,0,240,0,0,0,0,0,58,0,182,26,0,0,0,0
1355,0.947,0,240,0,0,0,0,0,58,0,182,26,0,0,0,0
1356,6.666,0,240,0,0,0,0,0,58,0,182,26,0,0,0,0
1357,24.956,0,240,0,0,0,0,0,58,0,182,26,0,0,0,0
1358,0.819,0,240,0,0,0,0,0,58,0,182,26,0,0,0,0
1359,0.878,0,240,0,0,0,0,0,58,0,182,26,0,0,0,0
1360,6.376,0,240,0,0,0,0,0,58,0,182,26,0,0,0,0
1361,25.208,0,240,0,0,0,0,0,58,0,182,26,0,0,0,0
1362,0.783,0,240,0,0,0,0,0,58,0,182,26,0,0,0,0
1363,0.710,0,240,0,0,0,0,0,58,0,182,26,0,0,0,0
1364,6.687,0,240,0,0,0,0,0,58,0,182,26,0,0,0,0
1365,25.082,0,240,0,0,0,0,0,58,0,182,26,0,0,0,0
1366,0.820,0,240,0,0,0,0,0,58,0,182,26,0,0,0,0
1367,1.801,0,240,0,0,0,0,0,58,0,182,26,0,0,0,0
1368,5.763,0,240,0,0,0,0,0,58,0,182,26,0,0,0,0
1369,24.993,0,240,0,0,0,0,0,58,0,182,26,0,0,0,0
1370,0.932,0,240,0,0,0,0,0,58,0,182,26,0,0,0,0
1371,0.653,0,240,0,0,0,0,0,58,0,182,26,0,0,0,0
1372,6.688,0,240,0,0,0,0,0,58,0,182,26,0,0,0,0
1373,25.096,0,240,0,0,0,0,0,58,0,182,26,0,0,0,0
1374,0.963,0,240,0,0,0,0,0,58,0,182,26,0,0,0,0
1375,0.714,0,240,0,0,0,0,0,58,0,182,26,0,0,0,0
1376,6.536,0,240,0,0,0,0,0,58,0,182,26,0,0,0,0
1377,25.126,0,240,0,0,0,0,0,58,0,182,26,0,0,0,0
1378,0.825,0,240,0,0,0,0,0,58,0,182,26,0,0,0,0
1379,0.685,0,240,0,0,0,0,0,58,0,182,26,0,0,0,0
1380,6.855,0,240,0,0,0,0,0,58,0,182,26,0,0,0,0
1381,24.871,0,240,0,0,0,0,0,58,0,182,26,0,0,0,0
1382,0.908,0,240,0,0,0,0,0,58,0,182,26,0,0,0,0
1383,0.634,0,240,0,0,0,0,0,58,0,182,26,0,0,0,0
1384,6.832,0,240,0,0,0,0,0,58,0,182,26,0,0,0,0
1385,25.057,0,240,0,0,0,0,0,58,0,182,26,0,0,0,0
1386,0.767,0,240,0,0,0,0,0,58,0,182,26,0,0,0,0
1387,0.828,0,240,0,0,0,0,0,58,0,182,26,0,0,0,0
1388,6.530,0,240,0,0,0,0,0,58,0,182,26,0,0,0,0
1389,25.133,0,240,0,0,0,0,0,58,0,182,26,0,0,0,0
1390,0.862,0,240,0,0,0,0,0,58,0,182,26,0,0,0,0
1391,0.746,0,240,0,0,0,0,0,58,0,182,26,0,0,0,0
1392,6.654,0,240,0,0,0,0,0,58,0,182,26,0,0,0,0
1393,25.290,0,240,0,0,0,0,0,58,0,182,26,0,0,0,0
1394,1.025,0,240,0,0,0,0,0,58,0,182,26,0,0,0,0
1395,1.046,0,240,0,0,0,0,0,58,0,182,26,0,0,0,0
1396,5.974,0,240,0,0,0,0,0,58,0,182,26,0,0,0,0
1397,25.051,0,240,0,0,0,0,0,58,0,182,26,0,0,0,0
1398,0.867,0,240,0,0,0,0,0,58,0,182,26,0,0,0,0
1399,0.723,0,240,0,0,0,0,0,58,0,182,26,0,0,0,0
1400,6.727,0,240,0,0,0,0,0,58,0,182,26,0,0,0,0
1401,25.109,0,240,0,0,0,0,0,58,0,182,26,0,0,0,0
1402,0.878,0,240,0,0,0,0,0,58,0,182,26,0,0,0,0
1403,0.672,0,240,0,0,0,0,0,58,0,182,26,0,0,0,0
1404,6.908,0,240,0,0,0,0,0,58,0,182,26,0,0,0,0
1405,24.860,0,240,0,0,0,0,0,58,0,182,26,0,0,0,0
1406,0.778,0,240,0,0,0,0,0,58,0,182,26,0,0,0,0
1407,0.832,0,240,0,0,0,0,0,58,0,182,26,0,0,0,0
1408,6.759,0,240,0,0,0,0,0,58,0,182,26,0,0,0,0
1409,24.879,0,240,0,0,0,0,0,58,0,182,26,0,0,0,0
1410,0.864,0,240,0,0,0,0,0,58,0,182,26,0,0,0,0
1411,0.750,0,240,0,0,0,0,0,58,0,182,26,0,0,0,0
1412,6.636,0,240,0,0,0,0,0,58,0,182,26,0,0,0,0
1413,25.002,0,240,0,0,0,0,0,58,0,182,26,0,0,0,0
1414,0.861,0,240,0,0,0,0,0,58,0,182,26,0,0,0,0
1415,0.689,0,240,0,0,0,0,0,58,0,182,26,0,0,0,0
1416,6.949,0,240,0,0,0,0,0,58,0,182,26,0,0,0,0
1417,24.961,0,240,0,0,0,0,0,58,0,182,26,0,0,0,0
1418,0.849,0,240,0,0,0,0,0,58,0,182,26,0,0,0,0
1419,0.773,0,240,0,0,0,0,0,58,0,182,26,0,0,0,0
1420,6.591,0,240,0,0,0,0,0,58,0,182,26,0,0,0,0
1421,25.182,0,240,0,0,0,0,0,58,0,182,26,0,0,0,0
1422,0.969,0,240,0,0,0,0,0,58,0,182,26,0,0,0,0
1423,1.525,0,240,0,0,0,0,0,58,0,182,26,0,0,0,0
1424,5.835,0,240,0,0,0,0,0,58,0,182,26,0,0,0,0
1425,25.537,0,240,0,0,0,0,0,58,0,182,26,0,0,0,0
1426,0.874,0,240,0,0,0,0,0,58,0,182,26,0,0,0,0
1427,0.633,0,240,0,0,0,0,0,58,0,182,26,0,0,0,0
1428,6.047,0,240,0,0,0,0,0,58,0,182,26,0,0,0,0
1429,25.128,0,240,0,0,0,0,0,58,0,182,26,0,0,0,0
1430,0.856,0,240,0,0,0,0,0,58,0,182,26,0,0,0,0
1431,0.778,0,240,0,0,0,0,0,58,0,182,26,0,0,0,0
1432,6.721,0,240,0,0,0,0,0,58,0,182,26,0,0,0,0
1433,24.926,0,240,0,0,0,0,0,58,0,182,26,0,0,0,0
1434,0.941,0,240,0,0,0,0,0,58,0,182,26,0,0,0,0
1435,0.783,0,240,0,0,0,0,0,58,0,182,26,0,0,0,0
1436,6.578,0,240,0,0,0,0,0,58,0,182,26,0,0,0,0
1437,25.021,0,240,0,0,0,0,0,58,0,182,26,0,0,0,0
1438,0.894,0,240,0,0,0,0,0,58,0,182,26,0,0,0,0
1439,0.688,0,240,0,0,0,0,0,58,0,182,26,0,0,0,0
1440,6.694,0,240,0,0,0,0,0,58,0,182,26,0,0,0,0
1441,25.077,0,240,0,0,0,0,0,58,0,182,26,0,0,0,0
1442,0.807,0,240,0,0,0,0,0,58,0,182,26,0,0,0,0
1443,0.728,0,240,0,0,0,0,0,58,0,182,26,0,0,0,0
1444,6.749,0,240,0,0,0,0,0,58,0,182,26,0,0,0,0
1445,24.994,0,240,0,0,0,0,0,58,0,182,26,0,0,0,0
1446,0.826,0,240,0,0,0,0,0,58,0,182,26,0,0,0,0
1447,1.469,0,240,0,0,0,0,0,58,0,182,26,0,0,0,0
1448,5.936,0,240,0,0,0,0,0,58,0,182,26,0,0,0,0
1449,25.143,0,240,0,0,0,0,0,58,0,182,26,0,0,0,0
1450,0.932,0,240,0,0,0,0,0,58,0,182,26,0,0,0,0
1451,0.650,0,240,0,0,0,0,0,58,0,182,26,0,0,0,0
1452,6.686,0,240,0,0,0,0,0,58,0,182,26,0,0,0,0
1453,25.100,0,240,0,0,0,0,0,58,0,182,26,0,0,0,0
1454,0.819,0,240,0,0,0,0,0,58,0,182,26,0,0,0,0
1455,0.790,0,240,0,0,0,0,0,58,0,182,26,0,0,0,0
1456,6.648,0,240,0,0,0,0,0,58,0,182,26,0,0,0,0
1457,25.092,0,240,0,0,0,0,0,58,0,182,26,0,0,0,0
1458,0.838,0,240,0,0,0,0,0,58,0,182,26,0,0,0,0
1459,0.658,0,240,0,0,0,0,0,58,0,182,26,0,0,0,0
1460,6.778,0,240,0,0,0,0,0,58,0,182,26,0,0,0,0
1461,25.018,0,240,0,0,0,0,0,58,0,182,26,0,0,0,0
1462,0.864,0,240,0,0,0,0,0,58,0,182,26,0,0,0,0
1463,0.632,0,240,0,0,0,0,0,58,0,182,26,0,0,0,0
1464,6.913,0,240,0,0,0,0,0,58,0,182,26,0,0,0,0
1465,24.908,0,240,0,0,0,0,0,58,0,182,26,0,0,0,0
1466,0.805,0,240,0,0,0,0,0,58,0,182,26,0,0,0,0
1467,0.685,0,240,0,0,0,0,0,58,0,182,26,0,0,0,0
1468,6.778,0,240,0,0,0,0,0,58,0,182,26,0,0,0,0
1469,25.056,0,240,0,0,0,0,0,58,0,182,26,0,0,0,0
1470,0.799,0,240,0,0,0,0,0,58,0,182,26,0,0,0,0
1471,0.665,0,240,0,0,0,0,0,58,0,182,26,0,0,0,0
1472,6.874,0,240,0,0,0,0,0,58,0,182,26,0,0,0,0
1473,25.012,0,240,0,0,0,0,0,58,0,182,26,0,0,0,0
1474,0.842,0,240,0,0,0,0,0,58,0,182,26,0,0,0,0
1475,1.537,0,240,0,0,0,0,0,58,0,182,26,0,0,0,0
1476,5.966,0,240,0,0,0,0,0,58,0,182,26,0,0,0,0
1477,25.089,0,240,0,0,0,0,0,58,0,182,26,0,0,0,0
1478,0.798,0,240,0,0,0,0,0,58,0,182,26,0,0,0,0
1479,0.666,0,240,0,0,0,0,0,58,0,182,26,0,0,0,0
1480,6.883,0,240,0,0,0,0,0,58,0,182,26,0,0,0,0
1481,24.921,0,240,0,0,0,0,0,58,0,182,26,0,0,0,0
1482,0.880,0,240,0,0,0,0,0,58,0,182,26,0,0,0,0
1483,0.653,0,240,0,0,0,0,0,58,0,182,26,0,0,0,0
1484,6.694,0,240,0,0,0,0,0,58,0,182,26,0,0,0,0
1485,25.162,0,240,0,0,0,0,0,58,0,182,26,0,0,0,0
1486,0.796,0,240,0,0,0,0,0,58,0,182,26,0,0,0,0
1487,0.700,0,240,0,0,0,0,0,58,0,182,26,0,0,0,0
1488,6.847,0,240,0,0,0,0,0,58,0,182,26,0,0,0,0
1489,24.941,0,240,0,0,0,0,0,58,0,182,26,0,0,0,0
1490,0.808,0,240,0,0,0,0,0,58,0,182,26,0,0,0,0
1491,0.787,0,240,0,0,0,0,0,58,0,182,26,0,0,0,0
1492,6.644,0,240,0,0,0,0,0,58,0,182,26,0,0,0,0
1493,25.046,0,240,0,0,0,0,0,58,0,182,26,0,0,0,0
1494,0.963,0,240,0,0,0,0,0,58,0,182,26,0,0,0,0
1495,0.679,0,240,0,0,0,0,0,58,0,182,26,0,0,0,0
1496,6.745,0,240,0,0,0,0,0,58,0,182,26,0,0,0,0
1497,25.026,0,240,0,0,0,0,0,58,0,182,26,0,0,0,0
1498,1.095,0,240,0,0,0,0,0,58,0,182,26,0,0,0,0
1499,0.665,0,240,0,0,0,0,0,58,0,182,26,0,0,0,0
1500,6.412,0,240,0,0,0,0,0,58,0,182,26,0,0,0,0
1501,25.170,0,240,0,0,0,0,0,58,0,182,26,0,0,0,0
1502,0.806,0,240,0,0,0,0,0,58,0,182,26,0,0,0,0
1503,1.254,0,240,0,0,0,0,0,58,0,182,26,0,0,0,0
1504,6.055,0,240,0,0,0,0,0,58,0,182,26,0,0,0,0
1505,25.173,0,240,0,0,0,0,0,58,0,182,26,0,0,0,0
1506,0.876,0,240,0,0,0,0,0,58,0,182,26,0,0,0,0
1507,0.658,0,240,0,0,0,0,0,58,0,182,26,0,0,0,0
1508,6.758,0,240,0,0,0,0,0,58,0,182,26,0,0,0,0
1509,24.980,0,240,0,0,0,0,0,58,0,182,26,0,0,0,0
1510,0.848,0,240,0,0,0,0,0,58,0,182,26,0,0,0,0
1511,0.688,0,240,0,0,0,0,0,58,0,182,26,0,0,0,0
1512,6.675,0,240,0,0,0,0,0,58,0,182,26,0,0,0,0
1513,25.159,0,240,0,0,0,0,0,58,0,182,26,0,0,0,0
1514,0.833,0,240,0,0,0,0,0,58,0,182,26,0,0,0,0
1515,0.656,0,240,0,0,0,0,0,58,0,182,26,0,0,0,0
1516,6.767,0,240,0,0,0,0,0,58,0,182,26,0,0,0,0
1517,25.150,0,240,0,0,0,0,0,58,0,182,26,0,0,0,0
1518,0.872,0,240,0,0,0,0,0,58,0,182,26,0,0,0,0
1519,0.691,0,240,0,0,0,0,0,58,0,182,26,0,0,0,0
1520,6.692,0,240,0,0,0,0,0,58,0,182,26,0,0,0,0
1521,24.959,0,240,0,0,0,0,0,58,0,182,26,0,0,0,0
1522,0.798,0,240,0,0,0,0,0,58,0,182,26,0,0,0,0
1523,0.727,0,240,0,0,0,0,0,58,0,182,26,0,0,0,0
1524,6.883,0,240,0,0,0,0,0,58,0,182,26,0,0,0,0
1525,25.129,0,240,0,0,0,0,0,58,0,182,26,0,0,0,0
1526,1.046,0,240,0,0,0,0,0,58,0,182,26,0,0,0,0
1527,0.936,0,240,0,0,0,0,0,58,0,182,26,0,0,0,0
1528,6.065,0,240,0,0,0,0,0,58,0,182,26,0,0,0,0
1529,25.125,0,240,0,0,0,0,0,58,0,182,26,0,0,0,0
1530,0.833,0,240,0,0,0,0,0,58,0,182,26,0,0,0,0
1531,0.739,0,240,0,0,0,0,0,58,0,182,26,0,0,0,0
1532,6.648,0,240,0,0,0,0,0,58,0,182,26,0,0,0,0
1533,25.288,0,240,0,0,0,0,0,58,0,182,26,0,0,0,0
1534,0.901,0,240,0,0,0,0,0,58,0,182,26,0,0,0,0
1535,0.714,0,240,0,0,0,0,0,58,0,182,26,0,0,0,0
1536,6.448,0,240,0,0,0,0,0,58,0,182,26,0,0,0,0
1537,25.039,0,240,0,0,0,0,0,58,0,182,26,0,0,0,0
1538,0.996,0,240,0,0,0,0,0,58,0,182,26,0,0,0,0
1539,0.662,0,240,0,0,0,0,0,58,0,182,26,0,0,0,0
1540,6.742,0,240,0,0,0,0,0,58,0,182,26,0,0,0,0
1541,25.203,0,240,0,0,0,0,0,58,0,182,26,0,0,0,0
1542,0.899,0,240,0,0,0,0,0,58,0,182,26,0,0,0,0
1543,0.656,0,240,0,0,0,0,0,58,0,182,26,0,0,0,0
1544,6.481,0,240,0,0,0,0,0,58,0,182,26,0,0,0,0
1545,25.012,0,240,0,0,0,0,0,58,0,182,26,0,0,0,0
1546,0.870,0,240,0,0,0,0,0,58,0,182,26,0,0,0,0
1547,0.652,0,240,0,0,0,0,0,58,0,182,26,0,0,0,0
1548,6.859,0,240,0,0,0,0,0,58,0,182,26,0,0,0,0
1549,24.943,0,240,0,0,0,0,0,58,0,182,26,0,0,0,0
1550,0.871,0,240,0,0,0,0,0,58,0,182,26,0,0,0,0
1551,0.630,0,240,0,0,0,0,0,58,0,182,26,0,0,0,0
1552,6.743,0,240,0,0,0,0,0,58,0,182,26,0,0,0,0
1553,24.996,0,240,0,0,0,0,0,58,0,182,26,0,0,0,0
1554,0.849,0,240,0,0,0,0,0,58,0,182,26,0,0,0,0
1555,0.712,0,240,0,0,0,0,0,58,0,182,26,0,0,0,0
1556,6.785,0,240,0,0,0,0,0,58,0,182,26,0,0,0,0
1557,25.223,0,240,0,0,0,0,0,58,0,182,26,0,0,0,0
1558,0.780,0,240,0,0,0,0,0,58,0,182,26,0,0,0,0
1559,0.748,0,240,0,0,0,0,0,58,0,182,26,0,0,0,0
1560,6.696,0,240,0,0,0,0,0,58,0,182,26,0,0,0,0
1561,25.018,0,240,0,0,0,0,0,58,0,182,26,0,0,0,0
1562,0.898,0,240,0,0,0,0,0,58,0,182,26,0,0,0,0
1563,0.722,0,240,0,0,0,0,0,58,0,182,26,0,0,0,0
1564,6.561,0,240,0,0,0,0,0,58,0,182,26,0,0,0,0
1565,25.149,0,240,0,0,0,0,0,58,0,182,26,0,0,0,0
1566,0.776,0,240,0,0,0,0,0,58,0,182,26,0,0,0,0
1567,0.760,0,240,0,0,0,0,0,58,0,182,26,0,0,0,0
1568,6.838,0,240,0,0,0,0,0,58,0,182,26,0,0,0,0
1569,24.992,0,240,0,0,0,0,0,58,0,182,26,0,0,0,0
1570,0.852,0,240,0,0,0,0,0,58,0,182,26,0,0,0,0
1571,0.625,0,240,0,0,0,0,0,58,0,182,26,0,0,0,0
1572,6.756,0,240,0,0,0,0,0,58,0,182,26,0,0,0,0
1573,25.104,0,240,0,0,0,0,0,58,0,182,26,0,0,0,0
1574,0.813,0,240,0,0,0,0,0,58,0,182,26,0,0,0,0
1575,0.639,0,240,0,0,0,0,0,58,0,182,26,0,0,0,0
1576,6.716,0,240,0,0,0,0,0,58,0,182,26,0,0,0,0
1577,24.944,0,240,0,0,0,0,0,58,0,182,26,0,0,0,0
1578,0.910,0,240,0,0,0,0,0,58,0,182,26,0,0,0,0
1579,0.582,0,240,0,0,0,0,0,58,0,182,26,0,0,0,0
1580,6.811,0,240,0,0,0,0,0,58,0,182,26,0,0,0,0
1581,25.671,0,240,0,0,0,0,0,58,0,182,26,0,0,0,0
1582,1.202,0,240,0,0,0,0,0,58,0,182,26,0,0,0,0
1583,2.009,0,240,0,0,0,0,0,58,0,182,26,0,0,0,0
1584,4.510,0,240,0,0,0,0,0,58,0,182,26,0,0,0,0
1585,24.853,0,240,0,0,0,0,0,58,0,182,26,0,0,0,0
1586,0.721,0,240,0,0,0,0,0,58,0,182,26,0,0,0,0
1587,0.761,0,240,0,0,0,0,0,58,0,182,26,0,0,0,0
1588,6.644,0,240,0,0,0,0,0,58,0,182,26,0,0,0,0
1589,25.238,0,240,0,0,0,0,0,58,0,182,26,0,0,0,0
1590,0.826,0,240,0,0,0,0,0,58,0,182,26,0,0,0,0
1591,0.576,0,240,0,0,0,0,0,58,0,182,26,0,0,0,0
1592,6.642,0,240,0,0,0,0,0,58,0,182,26,0,0,0,0
1593,25.296,0,240,0,0,0,0,0,58,0,182,26,0,0,0,0
1594,0.788,0,240,0,0,0,0,0,58,0,182,26,0,0,0,0
1595,0.629,0,240,0,0,0,0,0,58,0,182,26,0,0,0,0
1596,6.721,0,240,0,0,0,0,0,58,0,182,26,0,0,0,0
1597,25.145,0,240,0,0,0,0,0,58,0,182,26,0,0,0,0
1598,0.777,0,240,0,0,0,0,0,58,0,182,26,0,0,0,0
1599,0.679,0,240,0,0,0,0,0,58,0,182,26,0,0,0,0
1600,6.741,0,240,0,0,0,0,0,58,0,182,26,0,0,0,0
1601,25.152,0,240,0,0,0,0,0,58,0,182,26,0,0,0,0
1602,0.730,0,240,0,0,0,0,0,58,0,182,26,0,0,0,0
1603,0.825,0,240,0,0,0,0,0,58,0,182,26,0,0,0,0
1604,6.747,0,240,0,0,0,0,0,58,0,182,26,0,0,0,0
1605,25.114,0,240,0,0,0,0,0,58,0,182,26,0,0,0,0
1606,0.883,0,240,0,0,0,0,0,58,0,182,26,0,0,0,0
1607,0.640,0,240,0,0,0,0,0,58,0,182,26,0,0,0,0
1608,7.148,0,240,0,0,0,0,0,58,0,182,26,0,0,0,0
1609,24.725,0,240,0,0,0,0,0,58,0,182,26,0,0,0,0
1610,0.871,0,240,0,0,0,0,0,58,0,182,26,0,0,0,0
1611,0.843,0,240,0,0,0,0,0,58,0,182,26,0,0,0,0
1612,6.274,0,240,0,0,0,0,0,58,0,182,26,0,0,0,0
1613,25.142,0,240,0,0,0,0,0,58,0,182,26,0,0,0,0
1614,0.902,0,240,0,0,0,0,0,58,0,182,26,0,0,0,0
1615,0.654,0,240,0,0,0,0,0,58,0,182,26,0,0,0,0
1616,6.627,0,240,0,0,0,0,0,58,0,182,26,0,0,0,0
1617,25.399,0,240,0,0,0,0,0,58,0,182,26,0,0,0,0
1618,0.961,0,240,0,0,0,0,0,58,0,182,26,0,0,0,0
1619,0.662,0,240,0,0,0,0,0,58,0,182,26,0,0,0,0
1620,6.437,0,240,0,0,0,0,0,58,0,182,26,0,0,0,0
1621,25.088,0,240,0,0,0,0,0,58,0,182,26,0,0,0,0
1622,0.817,0,240,0,0,0,0,0,58,0,182,26,0,0,0,0
1623,0.607,0,240,0,0,0,0,0,58,0,182,26,0,0,0,0
1624,7.150,0,240,0,0,0,0,0,58,0,182,26,0,0,0,0
1625,24.709,0,240,0,0,0,0,0,58,0,182,26,0,0,0,0
1626,0.884,0,240,0,0,0,0,0,58,0,182,26,0,0,0,0
1627,0.655,0,240,0,0,0,0,0,58,0,182,26,0,0,0,0
1628,6.978,0,240,0,0,0,0,0,58,0,182,26,0,0,0,0
1629,24.893,0,240,0,0,0,0,0,58,0,182,26,0,0,0,0
1630,0.983,0,240,0,0,0,0,0,58,0,182,26,0,0,0,0
1631,0.653,0,240,0,0,0,0,0,58,0,182,26,0,0,0,0
1632,6.519,0,240,0,0,0,0,0,58,0,182,26,0,0,0,0
1633,25.433,0,240,0,0,0,0,0,58,0,182,26,0,0,0,0
1634,0.922,0,240,0,0,0,0,0,58,0,182,26,0,0,0,0
1635,1.319,0,240,0,0,0,0,0,58,0,182,26,0,0,0,0
1636,5.658,0,240,0,0,0,0,0,58,0,182,26,0,0,0,0
1637,25.203,0,240,0,0,0,0,0,58,0,182,26,0,0,0,0
1638,0.890,0,240,0,0,0,0,0,58,0,182,26,0,0,0,0
1639,0.717,0,240,0,0,0,0,0,58,0,182,26,0,0,0,0
1640,6.580,0,240,0,0,0,0,0,58,0,182,26,0,0,0,0
1641,25.206,0,240,0,0,0,0,0,58,0,182,26,0,0,0,0
1642,0.808,0,240,0,0,0,0,0,58,0,182,26,0,0,0,0
1643,0.621,0,240,0,0,0,0,0,58,0,182,26,0,0,0,0
1644,6.846,0,240,0,0,0,0,0,58,0,182,26,0,0,0,0
1645,24.998,0,240,0,0,0,0,0,58,0,182,26,0,0,0,0
1646,0.896,0,240,0,0,0,0,0,58,0,182,26,0,0,0,0
1647,0.758,0,240,0,0,0,0,0,58,0,182,26,0,0,0,0
1648,6.417,0,240,0,0,0,0,0,58,0,182,26,0,0,0,0
1649,25.199,0,240,0,0,0,0,0,58,0,182,26,0,0,0,0
1650,0.771,0,240,0,0,0,0,0,58,0,182,26,0,0,0,0
1651,0.590,0,240,0,0,0,0,0,58,0,182,26,0,0,0,0
1652,6.801,0,240,0,0,0,0,0,58,0,182,26,0,0,0,0
1653,25.221,0,240,0,0,0,0,0,58,0,182,26,0,0,0,0
1654,0.788,0,240,0,0,0,0,0,58,0,182,26,0,0,0,0
1655,0.793,0,240,0,0,0,0,0,58,0,182,26,0,0,0,0
1656,6.470,0,240,0,0,0,0,0,58,0,182,26,0,0,0,0
1657,25.245,0,240,0,0,0,0,0,58,0,182,26,0,0,0,0
1658,0.907,0,240,0,0,0,0,0,58,0,182,26,0,0,0,0
1659,0.670,0,240,0,0,0,0,0,58,0,182,26,0,0,0,0
1660,6.489,0,240,0,0,0,0,0,58,0,182,26,0,0,0,0
1661,25.171,0,240,0,0,0,0,0,58,0,182,26,0,0,0,0
1662,0.808,0,240,0,0,0,0,0,58,0,182,26,0,0,0,0
1663,0.606,0,240,0,0,0,0,0,58,0,182,26,0,0,0,0
1664,6.840,0,240,0,0,0,0,0,58,0,182,26,0,0,0,0
1665,25.159,0,240,0,0,0,0,0,58,0,182,26,0,0,0,0
1666,0.851,0,240,0,0,0,0,0,58,0,182,26,0,0,0,0
1667,0.772,0,240,0,0,0,0,0,58,0,182,26,0,0,0,0
1668,6.514,0,240,0,0,0,0,0,58,0,182,26,0,0,0,0
1669,25.291,0,240,0,0,0,0,0,58,0,182,26,0,0,0,0
1670,0.727,0,240,0,0,0,0,0,58,0,182,26,0,0,0,0
1671,0.669,0,240,0,0,0,0,0,58,0,182,26,0,0,0,0
1672,6.724,0,240,0,0,0,0,0,58,0,182,26,0,0,0,0
1673,25.101,0,240,0,0,0,0,0,58,0,182,26,0,0,0,0
1674,0.763,0,240,0,0,0,0,0,58,0,182,26,0,0,0,0
1675,0.680,0,240,0,0,0,0,0,58,0,182,26,0,0,0,0
1676,6.823,0,240,0,0,0,0,0,58,0,182,26,0,0,0,0
1677,25.089,0,240,0,0,0,0,0,58,0,182,26,0,0,0,0
1678,0.775,0,240,0,0,0,0,0,58,0,182,26,0,0,0,0
1679,0.794,0,240,0,0,0,0,0,58,0,182,26,0,0,0,0
1680,6.663,0,240,0,0,0,0,0,58,0,182,26,0,0,0,0
1681,25.041,0,240,0,0,0,0,0,58,0,182,26,0,0,0,0
1682,0.889,0,240,0,0,0,0,0,58,0,182,26,0,0,0,0
1683,0.622,0,240,0,0,0,0,0,58,0,182,26,0,0,0,0
1684,6.816,0,240,0,0,0,0,0,58,0,182,26,0,0,0,0
1685,25.222,0,240,0,0,0,0,0,58,0,182,26,0,0,0,0
1686,0.891,0,240,0,0,0,0,0,58,0,182,26,0,0,0,0
1687,1.680,0,240,0,0,0,0,0,58,0,182,26,0,0,0,0
1688,5.306,0,240,0,0,0,0,0,58,0,182,26,0,0,0,0
1689,25.284,0,240,0,0,0,0,0,58,0,182,26,0,0,0,0
1690,0.854,0,240,0,0,0,0,0,58,0,182,26,0,0,0,0
1691,0.742,0,240,0,0,0,0,0,58,0,182,26,0,0,0,0
1692,6.654,0,240,0,0,0,0,0,58,0,182,26,0,0,0,0
1693,25.099,0,240,0,0,0,0,0,58,0,182,26,0,0,0,0
1694,0.921,0,240,0,0,0,0,0,58,0,182,26,0,0,0,0
1695,0.638,0,240,0,0,0,0,0,58,0,182,26,0,0,0,0
1696,6.590,0,240,0,0,0,0,0,58,0,182,26,0,0,0,0
1697,25.198,0,240,0,0,0,0,0,58,0,182,26,0,0,0,0
1698,0.887,0,240,0,0,0,0,0,58,0,182,26,0,0,0,0
1699,0.783,0,240,0,0,0,0,0,58,0,182,26,0,0,0,0
1700,6.728,0,240,0,0,0,0,0,58,0,182,26,0,0,0,0
1701,24.966,0,240,0,0,0,0,0,58,0,182,26,0,0,0,0
1702,0.793,0,240,0,0,0,0,0,58,0,182,26,0,0,0,0
1703,0.736,0,240,0,0,0,0,0,58,0,182,26,0,0,0,0
1704,6.478,0,240,0,0,0,0,0,58,0,182,26,0,0,0,0
1705,25.309,0,240,0,0,0,0,0,58,0,182,26,0,0,0,0
1706,0.789,0,240,0,0,0,0,0,58,0,182,26,0,0,0,0
1707,0.876,0,240,0,0,0,0,0,58,0,182,26,0,0,0,0
1708,6.611,0,240,0,0,0,0,0,58,0,182,26,0,0,0,0
1709,24.905,0,240,0,0,0,0,0,58,0,182,26,0,0,0,0
1710,0.821,0,240,0,0,0,0,0,58,0,182,26,0,0,0,0
1711,1.780,0,240,0,0,0,0,0,58,0,182,26,0,0,0,0
1712,5.681,0,240,0,0,0,0,0,58,0,182,26,0,0,0,0
1713,25.258,0,240,0,0,0,0,0,58,0,182,26,0,0,0,0
1714,0.774,0,240,0,0,0,0,0,58,0,182,26,0,0,0,0
1715,1.270,0,240,0,0,0,0,0,58,0,182,26,0,0,0,0
1716,5.973,0,240,0,0,0,0,0,58,0,182,26,0,0,0,0
1717,25.134,0,240,0,0,0,0,0,58,0,182,26,0,0,0,0
1718,0.799,0,240,0,0,0,0,0,58,0,182,26,0,0,0,0
1719,0.811,0,240,0,0,0,0,0,58,0,182,26,0,0,0,0
1720,6.609,0,240,0,0,0,0,0,58,0,182,26,0,0,0,0
1721,25.126,0,240,0,0,0,0,0,58,0,182,26,0,0,0,0
1722,0.890,0,240,0,0,0,0,0,58,0,182,26,0,0,0,0
1723,0.654,0,240,0,0,0,0,0,58,0,182,26,0,0,0,0
1724,6.692,0,240,0,0,0,0,0,58,0,182,26,0,0,0,0
1725,25.074,0,240,0,0,0,0,0,58,0,182,26,0,0,0,0
1726,0.760,0,240,0,0,0,0,0,58,0,182,26,0,0,0,0
1727,0.774,0,240,0,0,0,0,0,58,0,182,26,0,0,0,0
1728,6.725,0,240,0,0,0,0,0,58,0,182,26,0,0,0,0
1729,25.099,0,240,0,0,0,0,0,58,0,182,26,0,0,0,0
1730,0.779,0,240,0,0,0,0,0,58,0,182,26,0,0,0,0
1731,0.670,0,240,0,0,0,0,0,58,0,182,26,0,0,0,0
1732,6.878,0,240,0,0,0,0,0,58,0,182,26,0,0,0,0
1733,24.938,0,240,0,0,0,0,0,58,0,182,26,0,0,0,0
1734,0.991,0,240,0,0,0,0,0,58,0,182,26,0,0,0,0
1735,1.950,0,240,0,0,0,0,0,58,0,182,26,0,0,0,0
1736,5.384,0,240,0,0,0,0,0,58,0,182,26,0,0,0,0
1737,25.212,0,240,0,0,0,0,0,58,0,182,26,0,0,0,0
1738,0.769,0,240,0,0,0,0,0,58,0,182,26,0,0,0,0
1739,1.226,0,240,0,0,0,0,0,58,0,182,26,0,0,0,0
1740,6.058,0,240,0,0,0,0,0,58,0,182,26,0,0,0,0
1741,25.252,0,240,0,0,0,0,0,58,0,182,26,0,0,0,0
1742,0.773,0,240,0,0,0,0,0,58,0,182,26,0,0,0,0
1743,0.635,0,240,0,0,0,0,0,58,0,182,26,0,0,0,0
1744,6.702,0,240,0,0,0,0,0,58,0,182,26,0,0,0,0
1745,25.267,0,240,0,0,0,0,0,58,0,182,26,0,0,0,0
1746,0.790,0,240,0,0,0,0,0,58,0,182,26,0,0,0,0
1747,0.751,0,240,0,0,0,0,0,58,0,182,26,0,0,0,0
1748,6.439,0,240,0,0,0,0,0,58,0,182,26,0,0,0,0
1749,25.306,0,240,0,0,0,0,0,58,0,182,26,0,0,0,0
1750,0.829,0,240,0,0,0,0,0,58,0,182,26,0,0,0,0
1751,0.614,0,240,0,0,0,0,0,58,0,182,26,0,0,0,0
1752,6.766,0,240,0,0,0,0,0,58,0,182,26,0,0,0,0
1753,25.026,0,240,0,0,0,0,0,58,0,182,26,0,0,0,0
1754,0.772,0,240,0,0,0,0,0,58,0,182,26,0,0,0,0
1755,0.641,0,240,0,0,0,0,0,58,0,182,26,0,0,0,0
1756,6.820,0,240,0,0,0,0,0,58,0,182,26,0,0,0,0
1757,25.115,0,240,0,0,0,0,0,58,0,182,26,0,0,0,0
1758,0.910,0,240,0,0,0,0,0,58,0,182,26,0,0,0,0
1759,0.729,0,240,0,0,0,0,0,58,0,182,26,0,0,0,0
1760,6.666,0,240,0,0,0,0,0,58,0,182,26,0,0,0,0
1761,25.404,0,240,0,0,0,0,0,58,0,182,26,0,0,0,0
1762,1.021,0,240,0,0,0,0,0,58,0,182,26,0,0,0,0
1763,1.804,0,240,0,0,0,0,0,58,0,182,26,0,0,0,0
1764,5.020,0,240,0,0,0,0,0,58,0,182,26,0,0,0,0
1765,25.374,0,240,0,0,0,0,0,58,0,182,26,0,0,0,0
1766,0.820,0,240,0,0,0,0,0,58,0,182,26,0,0,0,0
1767,0.837,0,240,0,0,0,0,0,58,0,182,26,0,0,0,0
1768,6.231,0,240,0,0,0,0,0,58,0,182,26,0,0,0,0
1769,25.147,0,240,0,0,0,0,0,58,0,182,26,0,0,0,0
1770,0.794,0,240,0,0,0,0,0,58,0,182,26,0,0,0,0
1771,0.838,0,240,0,0,0,0,0,58,0,182,26,0,0,0,0
1772,6.547,0,240,0,0,0,0,0,58,0,182,26,0,0,0,0
1773,25.135,0,240,0,0,0,0,0,58,0,182,26,0,0,0,0
1774,0.836,0,240,0,0,0,0,0,58,0,182,26,0,0,0,0
1775,0.631,0,240,0,0,0,0,0,58,0,182,26,0,0,0,0
1776,6.669,0,240,0,0,0,0,0,58,0,182,26,0,0,0,0
1777,25.145,0,240,0,0,0,0,0,58,0,182,26,0,0,0,0
1778,1.014,0,240,0,0,0,0,0,58,0,182,26,0,0,0,0
1779,0.588,0,240,0,0,0,0,0,58,0,182,26,0,0,0,0
1780,6.698,0,240,0,0,0,0,0,58,0,182,26,0,0,0,0
1781,25.291,0,240,0,0,0,0,0,58,0,182,26,0,0,0,0
1782,0.869,0,240,0,0,0,0,0,58,0,182,26,0,0,0,0
1783,0.712,0,240,0,0,0,0,0,58,0,182,26,0,0,0,0
1784,6.530,0,240,0,0,0,0,0,58,0,182,26,0,0,0,0
1785,25.025,0,240,0,0,0,0,0,58,0,182,26,0,0,0,0
1786,0.852,0,240,0,0,0,0,0,58,0,182,26,0,0,0,0
1787,1.839,0,240,0,0,0,0,0,58,0,182,26,0,0,0,0
1788,5.613,0,240,0,0,0,0,0,58,0,182,26,0,0,0,0
1789,25.198,0,240,0,0,0,0,0,58,0,182,26,0,0,0,0
1790,0.818,0,240,0,0,0,0,0,58,0,182,26,0,0,0,0
1791,0.688,0,240,0,0,0,0,0,58,0,182,26,0,0,0,0
1792,6.527,0,240,0,0,0,0,0,58,0,182,26,0,0,0,0
1793,25.125,0,240,0,0,0,0,0,58,0,182,26,0,0,0,0
1794,0.823,0,240,0,0,0,0,0,58,0,182,26,0,0,0,0
1795,0.738,0,240,0,0,0,0,0,58,0,182,26,0,0,0,0
1796,6.671,0,240,0,0,0,0,0,58,0,182,26,0,0,0,0
1797,25.274,0,240,0,0,0,0,0,58,0,182,26,0,0,0,0
1798,0.808,0,240,0,0,0,0,0,58,0,182,26,0,0,0,0
1799,0.659,0,240,0,0,0,0,0,58,0,182,26,0,0,0,0
1800,6.784,0,240,0,0,0,0,0,58,0,182,26,0,0,0,0
1801,25.029,0,240,0,0,0,0,0,58,0,182,26,0,0,0,0
1802,0.845,0,240,0,0,0,0,0,58,0,182,26,0,0,0,0
1803,0.595,0,240,0,0,0,0,0,58,0,182,26,0,0,0,0
1804,6.651,0,240,0,0,0,0,0,58,0,182,26,0,0,0,0
1805,25.204,0,240,0,0,0,0,0,58,0,182,26,0,0,0,0
1806,0.811,0,240,0,0,0,0,0,58,0,182,26,0,0,0,0
1807,0.702,0,240,0,0,0,0,0,58,0,182,26,0,0,0,0
1808,6.936,0,240,0,0,0,0,0,58,0,182,26,0,0,0,0
1809,25.035,0,240,0,0,0,0,0,58,0,182,26,0,0,0,0
1810,0.870,0,240,0,0,0,0,0,58,0,182,26,0,0,0,0
1811,0.626,0,240,0,0,0,0,0,58,0,182,26,0,0,0,0
1812,6.665,0,240,0,0,0,0,0,58,0,182,26,0,0,0,0
1813,25.122,0,240,0,0,0,0,0,58,0,182,26,0,0,0,0
1814,0.736,0,240,0,0,0,0,0,58,0,182,26,0,0,0,0
1815,1.167,0,240,0,0,0,0,0,58,0,182,26,0,0,0,0
1816,6.232,0,240,0,0,0,0,0,58,0,182,26,0,0,0,0
1817,25.100,0,240,0,0,0,0,0,58,0,182,26,0,0,0,0
1818,0.746,0,240,0,0,0,0,0,58,0,182,26,0,0,0,0
1819,0.758,0,240,0,0,0,0,0,58,0,182,26,0,0,0,0
1820,6.759,0,240,0,0,0,0,0,58,0,182,26,0,0,0,0
1821,25.088,0,240,0,0,0,0,0,58,0,182,26,0,0,0,0
1822,0.795,0,240,0,0,0,0,0,58,0,182,26,0,0,0,0
1823,0.776,0,240,0,0,0,0,0,58,0,182,26,0,0,0,0
1824,6.540,0,240,0,0,0,0,0,58,0,182,26,0,0,0,0
1825,25.068,0,240,0,0,0,0,0,58,0,182,26,0,0,0,0
1826,0.821,0,240,0,0,0,0,0,58,0,182,26,0,0,0,0
1827,0.771,0,240,0,0,0,0,0,58,0,182,26,0,0,0,0
1828,6.671,0,240,0,0,0,0,0,58,0,182,26,0,0,0,0
1829,25.194,0,240,0,0,0,0,0,58,0,182,26,0,0,0,0
1830,0.787,0,240,0,0,0,0,0,58,0,182,26,0,0,0,0
1831,0.641,0,240,0,0,0,0,0,58,0,182,26,0,0,0,0
1832,6.766,0,240,0,0,0,0,0,58,0,182,26,0,0,0,0
1833,25.102,0,240,0,0,0,0,0,58,0,182,26,0,0,0,0
1834,0.823,0,240,0,0,0,0,0,58,0,182,26,0,0,0,0
1835,0.718,0,240,0,0,0,0,0,58,0,182,26,0,0,0,0
1836,6.700,0,240,0,0,0,0,0,58,0,182,26,0,0,0,0
1837,25.032,0,240,0,0,0,0,0,58,0,182,26,0,0,0,0
1838,0.874,0,240,0,0,0,0,0,58,0,182,26,0,0,0,0
1839,0.711,0,240,0,0,0,0,0,58,0,182,26,0,0,0,0
1840,6.592,0,240,0,0,0,0,0,58,0,182,26,0,0,0,0
1841,25.165,0,240,0,0,0,0,0,58,0,182,26,0,0,0,0
1842,0.781,0,240,0,0,0,0,0,58,0,182,26,0,0,0,0
1843,1.439,0,240,0,0,0,0,0,58,0,182,26,0,0,0,0
1844,5.944,0,240,0,0,0,0,0,58,0,182,26,0,0,0,0
1845,25.222,0,240,0,0,0,0,0,58,0,182,26,0,0,0,0
1846,0.811,0,240,0,0,0,0,0,58,0,182,26,0,0,0,0
1847,0.624,0,240,0,0,0,0,0,58,0,182,26,0,0,0,0
1848,6.621,0,240,0,0,0,0,0,58,0,182,26,0,0,0,0
1849,25.365,0,240,0,0,0,0,0,58,0,182,26,0,0,0,0
1850,0.828,0,240,0,0,0,0,0,58,0,182,26,0,0,0,0
1851,0.617,0,240,0,0,0,0,0,58,0,182,26,0,0,0,0
1852,6.675,0,240,0,0,0,0,0,58,0,182,26,0,0,0,0
1853,24.968,0,240,0,0,0,0,0,58,0,182,26,0,0,0,0
1854,0.776,0,240,0,0,0,0,0,58,0,182,26,0,0,0,0
1855,0.653,0,240,0,0,0,0,0,58,0,182,26,0,0,0,0
1856,6.946,0,240,0,0,0,0,0,58,0,182,26,0,0,0,0
1857,25.055,0,240,0,0,0,0,0,58,0,182,26,0,0,0,0
1858,0.790,0,240,0,0,0,0,0,58,0,182,26,0,0,0,0
1859,0.695,0,240,0,0,0,0,0,58,0,182,26,0,0,0,0
1860,6.822,0,240,0,0,0,0,0,58,0,182,26,0,0,0,0
1861,24.975,0,240,0,0,0,0,0,58,0,182,26,0,0,0,0
1862,0.979,0,240,0,0,0,0,0,58,0,182,26,0,0,0,0
1863,0.711,0,240,0,0,0,0,0,58,0,182,26,0,0,0,0
1864,6.554,0,240,0,0,0,0,0,58,0,182,26,0,0,0,0
1865,25.143,0,240,0,0,0,0,0,58,0,182,26,0,0,0,0
1866,0.812,0,240,0,0,0,0,0,58,0,182,26,0,0,0,0
1867,0.706,0,240,0,0,0,0,0,58,0,182,26,0,0,0,0
1868,6.788,0,240,0,0,0,0,0,58,0,182,26,0,0,0,0
1869,25.062,0,240,0,0,0,0,0,58,0,182,26,0,0,0,0
1870,0.897,0,240,0,0,0,0,0,58,0,182,26,0,0,0,0
1871,0.634,0,240,0,0,0,0,0,58,0,182,26,0,0,0,0
1872,6.542,0,240,0,0,0,0,0,58,0,182,26,0,0,0,0
1873,25.339,0,240,0,0,0,0,0,58,0,182,26,0,0,0,0
1874,0.858,0,240,0,0,0,0,0,58,0,182,26,0,0,0,0
1875,0.733,0,240,0,0,0,0,0,58,0,182,26,0,0,0,0
1876,6.659,0,240,0,0,0,0,0,58,0,182,26,0,0,0,0
1877,25.082,0,240,0,0,0,0,0,58,0,182,26,0,0,0,0
1878,0.719,0,240,0,0,0,0,0,58,0,182,26,0,0,0,0
1879,0.686,0,240,0,0,0,0,0,58,0,182,26,0,0,0,0
1880,6.822,0,240,0,0,0,0,0,58,0,182,26,0,0,0,0
1881,24.880,0,240,0,0,0,0,0,58,0,182,26,0,0,0,0
1882,0.880,0,240,0,0,0,0,0,58,0,182,26,0,0,0,0
1883,0.682,0,240,0,0,0,0,0,58,0,182,26,0,0,0,0
1884,6.929,0,240,0,0,0,0,0,58,0,182,26,0,0,0,0
1885,24.957,0,240,0,0,0,0,0,58,0,182,26,0,0,0,0
1886,0.884,0,240,0,0,0,0,0,58,0,182,26,0,0,0,0
1887,2.061,0,240,0,0,0,0,0,58,0,182,26,0,0,0,0
1888,5.213,0,240,0,0,0,0,0,58,0,182,26,0,0,0,0
1889,25.240,0,240,0,0,0,0,0,58,0,182,26,0,0,0,0
1890,0.867,0,240,0,0,0,0,0,58,0,182,26,0,0,0,0
1891,0.613,0,240,0,0,0,0,0,58,0,182,26,0,0,0,0
1892,6.523,0,240,0,0,0,0,0,58,0,182,26,0,0,0,0
1893,25.413,0,240,0,0,0,0,0,58,0,182,26,0,0,0,0
1894,0.827,0,240,0,0,0,0,0,58,0,182,26,0,0,0,0
1895,0.655,0,240,0,0,0,0,0,58,0,182,26,0,0,0,0
1896,6.490,0,240,0,0,0,0,0,58,0,182,26,0,0,0,0
1897,25.229,0,240,0,0,0,0,0,58,0,182,26,0,0,0,0
1898,0.874,0,240,0,0,0,0,0,58,0,182,26,0,0,0,0
1899,0.784,0,240,0,0,0,0,0,58,0,182,26,0,0,0,0
1900,6.694,0,240,0,0,0,0,0,58,0,182,26,0,0,0,0
1901,24.770,0,240,0,0,0,0,0,58,0,182,26,0,0,0,0
1902,0.804,0,240,0,0,0,0,0,58,0,182,26,0,0,0,0
1903,0.660,0,240,0,0,0,0,0,58,0,182,26,0,0,0,0
1904,6.923,0,240,0,0,0,0,0,58,0,182,26,0,0,0,0
1905,25.170,0,240,0,0,0,0,0,58,0,182,26,0,0,0,0
1906,0.884,0,240,0,0,0,0,0,58,0,182,26,0,0,0,0
1907,0.707,0,240,0,0,0,0,0,58,0,182,26,0,0,0,0
1908,6.653,0,240,0,0,0,0,0,58,0,182,26,0,0,0,0
1909,25.045,0,240,0,0,0,0,0,58,0,182,26,0,0,0,0
1910,0.961,0,240,0,0,0,0,0,58,0,182,26,0,0,0,0
1911,1.337,0,240,0,0,0,0,0,58,0,182,26,0,0,0,0
1912,5.862,0,240,0,0,0,0,0,58,0,182,26,0,0,0,0
1913,25.101,0,240,0,0,0,0,0,58,0,182,26,0,0,0,0
1914,0.860,0,240,0,0,0,0,0,58,0,182,26,0,0,0,0
1915,0.629,0,240,0,0,0,0,0,58,0,182,26,0,0,0,0
1916,6.838,0,240,0,0,0,0,0,58,0,182,26,0,0,0,0
1917,24.977,0,240,0,0,0,0,0,58,0,182,26,0,0,0,0
1918,0.797,0,240,0,0,0,0,0,58,0,182,26,0,0,0,0
1919,0.803,0,240,0,0,0,0,0,58,0,182,26,0,0,0,0
1920,6.666,0,240,0,0,0,0,0,58,0,182,26,0,0,0,0
1921,25.192,0,240,0,0,0,0,0,58,0,182,26,0,0,0,0
1922,0.763,0,240,0,0,0,0,0,58,0,182,26,0,0,0,0
1923,0.730,0,240,0,0,0,0,0,58,0,182,26,0,0,0,0
1924,6.616,0,240,0,0,0,0,0,58,0,182,26,0,0,0,0
1925,25.048,0,240,0,0,0,0,0,58,0,182,26,0,0,0,0
1926,0.951,0,240,0,0,0,0,0,58,0,182,26,0,0,0,0
1927,0.607,0,240,0,0,0,0,0,58,0,182,26,0,0,0,0
1928,6.723,0,240,0,0,0,0,0,58,0,182,26,0,0,0,0
1929,25.108,0,240,0,0,0,0,0,58,0,182,26,0,0,0,0
1930,1.004,0,240,0,0,0,0,0,58,0,182,26,0,0,0,0
1931,0.740,0,240,0,0,0,0,0,58,0,182,26,0,0,0,0
1932,6.524,0,240,0,0,0,0,0,58,0,182,26,0,0,0,0
1933,25.279,0,240,0,0,0,0,0,58,0,182,26,0,0,0,0
1934,0.850,0,240,0,0,0,0,0,58,0,182,26,0,0,0,0
1935,1.240,0,240,0,0,0,0,0,58,0,182,26,0,0,0,0
1936,5.861,0,240,0,0,0,0,0,58,0,182,26,0,0,0,0
1937,25.446,0,240,0,0,0,0,0,58,0,182,26,0,0,0,0
1938,0.802,0,240,0,0,0,0,0,58,0,182,26,0,0,0,0
1939,0.783,0,240,0,0,0,0,0,58,0,182,26,0,0,0,0
1940,6.354,0,240,0,0,0,0,0,58,0,182,26,0,0,0,0
1941,25.064,0,240,0,0,0,0,0,58,0,182,26,0,0,0,0
1942,0.856,0,240,0,0,0,0,0,58,0,182,26,0,0,0,0
1943,0.672,0,240,0,0,0,0,0,58,0,182,26,0,0,0,0
1944,6.665,0,240,0,0,0,0,0,58,0,182,26,0,0,0,0
1945,25.254,0,240,0,0,0,0,0,58,0,182,26,0,0,0,0
1946,0.823,0,240,0,0,0,0,0,58,0,182,26,0,0,0,0
1947,0.741,0,240,0,0,0,0,0,58,0,182,26,0,0,0,0
1948,6.674,0,240,0,0,0,0,0,58,0,182,26,0,0,0,0
1949,25.094,0,240,0,0,0,0,0,58,0,182,26,0,0,0,0
1950,0.693,0,240,0,0,0,0,0,58,0,182,26,0,0,0,0
1951,0.938,0,240,0,0,0,0,0,58,0,182,26,0,0,0,0
1952,6.639,0,240,0,0,0,0,0,58,0,182,26,0,0,0,0
1953,24.975,0,240,0,0,0,0,0,58,0,182,26,0,0,0,0
1954,0.783,0,240,0,0,0,0,0,58,0,182,26,0,0,0,0
1955,0.731,0,240,0,0,0,0,0,58,0,182,26,0,0,0,0
1956,6.823,0,240,0,0,0,0,0,58,0,182,26,0,0,0,0
1957,25.103,0,240,0,0,0,0,0,58,0,182,26,0,0,0,0
1958,0.838,0,240,0,0,0,0,0,58,0,182,26,0,0,0,0
1959,0.687,0,240,0,0,0,0,0,58,0,182,26,0,0,0,0
1960,6.690,0,240,0,0,0,0,0,58,0,182,26,0,0,0,0
1961,25.084,0,240,0,0,0,0,0,58,0,182,26,0,0,0,0
1962,0.866,0,240,0,0,0,0,0,58,0,182,26,0,0,0,0
1963,1.951,0,240,0,0,0,0,0,58,0,182,26,0,0,0,0
1964,5.482,0,240,0,0,0,0,0,58,0,182,26,0,0,0,0
1965,25.010,0,240,0,0,0,0,0,58,0,182,26,0,0,0,0
1966,0.919,0,240,0,0,0,0,0,58,0,182,26,0,0,0,0
1967,1.115,0,240,0,0,0,0,0,58,0,182,26,0,0,0,0
1968,6.218,0,240,0,0,0,0,0,58,0,182,26,0,0,0,0
1969,25.091,0,240,0,0,0,0,0,58,0,182,26,0,0,0,0
1970,0.796,0,240,0,0,0,0,0,58,0,182,26,0,0,0,0
1971,0.668,0,240,0,0,0,0,0,58,0,182,26,0,0,0,0
1972,6.653,0,240,0,0,0,0,0,58,0,182,26,0,0,0,0
1973,25.228,0,240,0,0,0,0,0,58,0,182,26,0,0,0,0
1974,0.733,0,240,0,0,0,0,0,58,0,182,26,0,0,0,0
1975,0.811,0,240,0,0,0,0,0,58,0,182,26,0,0,0,0
1976,6.533,0,240,0,0,0,0,0,58,0,182,26,0,0,0,0
1977,25.283,0,240,0,0,0,0,0,58,0,182,26,0,0,0,0
1978,0.848,0,240,0,0,0,0,0,58,0,182,26,0,0,0,0
1979,0.669,0,240,0,0,0,0,0,58,0,182,26,0,0,0,0
1980,6.853,0,240,0,0,0,0,0,58,0,182,26,0,0,0,0
1981,24.939,0,240,0,0,0,0,0,58,0,182,26,0,0,0,0
1982,0.835,0,240,0,0,0,0,0,58,0,182,26,0,0,0,0
1983,0.701,0,240,0,0,0,0,0,58,0,182,26,0,0,0,0
1984,6.630,0,240,0,0,0,0,0,58,0,182,26,0,0,0,0
1985,25.276,0,240,0,0,0,0,0,58,0,182,26,0,0,0,0
1986,0.895,0,240,0,0,0,0,0,58,0,182,26,0,0,0,0
1987,0.656,0,240,0,0,0,0,0,58,0,182,26,0,0,0,0
1988,6.525,0,240,0,0,0,0,0,58,0,182,26,0,0,0,0
1989,25.052,0,240,0,0,0,0,0,58,0,182,26,0,0,0,0
1990,0.852,0,240,0,0,0,0,0,58,0,182,26,0,0,0,0
1991,1.327,0,240,0,0,0,0,0,58,0,182,26,0,0,0,0
1992,5.985,0,240,0,0,0,0,0,58,0,182,26,0,0,0,0
1993,25.428,0,240,0,0,0,0,0,58,0,182,26,0,0,0,0
1994,1.018,0,240,0,0,0,0,0,58,0,182,26,0,0,0,0
1995,0.696,0,240,0,0,0,0,0,58,0,182,26,0,0,0,0
1996,6.531,0,240,0,0,0,0,0,58,0,182,26,0,0,0,0
1997,24.810,0,240,0,0,0,0,0,58,0,182,26,0,0,0,0
1998,0.911,0,240,0,0,0,0,0,58,0,182,26,0,0,0,0
1999,0.646,0,240,0,0,0,0,0,58,0,182,26,0,0,0,0
2000,6.611,0,240,0,0,0,0,0,58,0,182,26,0,0,0,0
2001,25.481,0,240,0,0,0,0,0,58,0,182,26,0,0,0,0
2002,0.847,0,240,0,0,0,0,0,58,0,182,26,0,0,0,0
2003,0.991,0,240,0,0,0,0,0,58,0,182,26,0,0,0,0
2004,6.236,0,240,0,0,0,0,0,58,0,182,26,0,0,0,0
2005,25.279,0,240,0,0,0,0,0,58,0,182,26,0,0,0,0
2006,0.985,0,240,0,0,0,0,0,58,0,182,26,0,0,0,0
2007,0.841,0,240,0,0,0,0,0,58,0,182,26,0,0,0,0
2008,6.556,0,240,0,0,0,0,0,58,0,182,26,0,0,0,0
2009,24.800,0,240,0,0,0,0,0,58,0,182,26,0,0,0,0
2010,0.835,0,240,0,0,0,0,0,58,0,182,26,0,0,0,0
2011,0.632,0,240,0,0,0,0,0,58,0,182,26,0,0,0,0
2012,6.704,0,240,0,0,0,0,0,58,0,182,26,0,0,0,0
2013,24.911,0,240,0,0,0,0,0,58,0,182,26,0,0,0,0
2014,0.730,0,240,0,0,0,0,0,58,0,182,26,0,0,0,0
2015,0.824,0,240,0,0,0,0,0,58,0,182,26,0,0,0,0
2016,6.804,0,240,0,0,0,0,0,58,0,182,26,0,0,0,0
2017,25.964,0,240,0,0,0,0,0,58,0,182,26,0,0,0,0
2018,1.002,0,240,0,0,0,0,0,58,0,182,26,0,0,0,0
2019,1.652,0,240,0,0,0,0,0,58,0,182,26,0,0,0,0
2020,4.502,0,240,0,0,0,0,0,58,0,182,26,0,0,0,0
2021,25.271,0,240,0,0,0,0,0,58,0,182,26,0,0,0,0
2022,0.723,0,240,0,0,0,0,0,58,0,182,26,0,0,0,0
2023,0.846,0,240,0,0,0,0,0,58,0,182,26,0,0,0,0
2024,6.538,0,240,0,0,0,0,0,58,0,182,26,0,0,0,0
2025,25.196,0,240,0,0,0,0,0,58,0,182,26,0,0,0,0
2026,0.869,0,240,0,0,0,0,0,58,0,182,26,0,0,0,0
2027,0.664,0,240,0,0,0,0,0,58,0,182,26,0,0,0,0
2028,6.600,0,240,0,0,0,0,0,58,0,182,26,0,0,0,0
2029,25.538,0,240,0,0,0,0,0,58,0,182,26,0,0,0,0
2030,0.933,0,240,0,0,0,0,0,58,0,182,26,0,0,0,0
2031,0.769,0,240,0,0,0,0,0,58,0,182,26,0,0,0,0
2032,6.084,0,240,0,0,0,0,0,58,0,182,26,0,0,0,0
2033,25.271,0,240,0,0,0,0,0,58,0,182,26,0,0,0,0
2034,0.842,0,240,0,0,0,0,0,58,0,182,26,0,0,0,0
2035,0.709,0,240,0,0,0,0,0,58,0,182,26,0,0,0,0
2036,6.786,0,240,0,0,0,0,0,58,0,182,26,0,0,0,0
2037,25.104,0,240,0,0,0,0,0,58,0,182,26,0,0,0,0
2038,0.854,0,240,0,0,0,0,0,58,0,182,26,0,0,0,0
2039,0.806,0,240,0,0,0,0,0,58,0,182,26,0,0,0,0
2040,6.487,0,240,0,0,0,0,0,58,0,182,26,0,0,0,0
2041,25.052,0,240,0,0,0,0,0,58,0,182,26,0,0,0,0
2042,0.958,0,240,0,0,0,0,0,58,0,182,26,0,0,0,0
2043,1.036,0,240,0,0,0,0,0,58,0,182,26,0,0,0,0
2044,6.276,0,240,0,0,0,0,0,58,0,182,26,0,0,0,0
2045,25.169,0,240,0,0,0,0,0,58,0,182,26,0,0,0,0
2046,0.818,0,240,0,0,0,0,0,58,0,182,26,0,0,0,0
2047,0.689,0,240,0,0,0,0,0,58,0,182,26,0,0,0,0
2048,6.424,0,240,0,0,0,0,0,58,0,182,26,0,0,0,0
2049,25.234,0,240,0,0,0,0,0,58,0,182,26,0,0,0,0
2050,0.846,0,240,0,0,0,0,0,58,0,182,26,0,0,0,0
2051,0.704,0,240,0,0,0,0,0,58,0,182,26,0,0,0,0
2052,6.729,0,240,0,0,0,0,0,58,0,182,26,0,0,0,0
2053,25.165,0,240,0,0,0,0,0,58,0,182,26,0,0,0,0
2054,0.751,0,240,0,0,0,0,0,58,0,182,26,0,0,0,0
2055,0.712,0,240,0,0,0,0,0,58,0,182,26,0,0,0,0
2056,6.608,0,240,0,0,0,0,0,58,0,182,26,0,0,0,0
2057,25.370,0,240,0,0,0,0,0,58,0,182,26,0,0,0,0
2058,0.822,0,240,0,0,0,0,0,58,0,182,26,0,0,0,0
2059,0.643,0,240,0,0,0,0,0,58,0,182,26,0,0,0,0
2060,6.716,0,240,0,0,0,0,0,58,0,181,26,1,0,0,0
2061,24.934,0,240,0,0,0,0,0,58,0,180,26,2,0,0,0
2062,0.746,0,240,0,0,0,0,0,58,0,180,26,2,0,0,0
2063,0.692,0,240,0,0,0,0,0,58,0,180,26,2,0,0,0
2064,7.084,0,240,0,0,0,0,0,58,0,179,26,3,0,0,0
2065,24.891,0,240,0,0,0,0,0,58,0,179,26,3,0,0,0
2066,0.824,0,240,0,0,0,0,0,58,0,179,26,3,0,0,0
2067,0.643,0,240,0,0,0,0,0,58,0,179,26,3,0,0,0
2068,6.716,0,240,0,0,0,0,0,58,0,179,26,3,0,0,0
2069,25.237,0,240,0,0,0,0,0,58,0,178,26,4,0,0,0
2070,0.768,0,240,0,0,0,0,0,58,0,178,26,4,0,0,0
2071,0.796,0,240,0,0,0,0,0,58,0,178,26,4,0,0,0
2072,6.396,0,240,0,0,0,0,0,58,0,178,26,4,0,0,0
2073,25.268,0,240,0,0,0,0,0,58,0,178,26,4,0,0,0
2074,0.759,0,240,0,0,0,0,0,58,0,178,26,4,0,0,0
2075,0.714,0,240,0,0,0,0,0,58,0,178,26,4,0,0,0
2076,6.700,0,240,0,0,0,0,0,58,0,178,26,4,0,0,0
2077,25.136,0,240,0,0,0,0,0,58,0,177,26,5,0,0,0
2078,0.866,0,240,0,0,0,0,0,58,0,177,26,5,0,0,0
2079,0.636,0,240,0,0,0,0,0,58,0,177,26,5,0,0,0
2080,6.660,0,240,0,0,0,0,0,58,0,177,26,5,0,0,0
2081,25.247,0,240,0,0,0,0,0,58,0,177,26,5,0,0,0
2082,0.801,0,240,0,0,0,0,0,58,0,177,26,5,0,0,0
2083,0.651,0,240,0,0,0,0,0,58,0,177,26,5,0,0,0
2084,6.651,0,240,0,0,0,0,0,58,0,177,26,5,0,0,0
2085,25.183,0,240,0,0,0,0,0,58,0,177,26,5,0,0,0
2086,0.809,0,240,0,0,0,0,0,58,0,177,26,5,0,0,0
2087,0.673,0,240,0,0,0,0,0,58,0,177,26,5,0,0,0
2088,6.681,0,240,0,0,0,0,0,58,0,177,26,5,0,0,0
2089,25.159,0,240,0,0,0,0,0,58,0,177,26,5,0,0,0
2090,0.847,0,240,0,0,0,0,0,58,0,177,26,5,0,0,0
2091,0.640,0,240,0,0,0,0,0,58,0,177,26,5,0,0,0
2092,6.658,0,240,0,0,0,0,0,58,0,177,26,5,0,0,0
2093,25.174,0,240,0,0,0,0,0,58,0,177,26,5,0,0,0
2094,0.910,0,240,0,0,0,0,0,58,0,177,26,5,0,0,0
2095,0.657,0,240,0,0,0,0,0,58,0,177,26,5,0,0,0
2096,6.741,0,240,0,0,0,0,0,58,0,177,26,5,0,0,0
2097,25.058,0,240,0,0,0,0,0,58,0,177,26,5,0,0,0
2098,0.780,0,240,0,0,0,0,0,58,0,177,26,5,0,0,0
2099,1.431,0,240,0,0,0,0,0,58,0,177,26,5,0,0,0
2100,5.888,0,240,0,0,0,0,0,58,0,177,26,5,0,0,0
2101,25.258,0,240,0,0,0,0,0,58,0,177,26,5,0,0,0
2102,0.736,0,240,0,0,0,0,0,58,0,177,26,5,0,0,0
2103,0.619,0,240,0,0,0,0,0,58,0,177,26,5,0,0,0
2104,6.727,0,240,0,0,0,0,0,58,0,177,26,5,0,0,0
2105,25.242,0,240,0,0,0,0,0,58,0,177,26,5,0,0,0
2106,0.842,0,240,0,0,0,0,0,58,0,177,26,5,0,0,0
2107,0.628,0,240,0,0,0,0,0,58,0,177,26,5,0,0,0
2108,6.626,0,240,0,0,0,0,0,58,0,177,26,5,0,0,0
2109,25.093,0,240,0,0,0,0,0,58,0,177,26,5,0,0,0
2110,0.933,0,240,0,0,0,0,0,58,0,177,26,5,0,0,0
2111,0.649,0,240,0,0,0,0,0,58,0,177,26,5,0,0,0
2112,6.656,0,240,0,0,0,0,0,58,0,177,26,5,0,0,0
2113,25.281,0,240,0,0,0,0,0,58,0,177,26,5,0,0,0
2114,0.913,0,240,0,0,0,0,0,58,0,177,26,5,0,0,0
2115,0.658,0,240,0,0,0,0,0,58,0,177,26,5,0,0,0
2116,6.604,0,240,0,0,0,0,0,58,0,177,26,5,0,0,0
2117,25.006,0,240,0,0,0,0,0,58,0,177,26,5,0,0,0
2118,0.898,0,240,0,0,0,0,0,58,0,177,26,5,0,0,0
2119,0.633,0,240,0,0,0,0,0,58,0,177,26,5,0,0,0
2120,6.821,0,240,0,0,0,0,0,58,0,177,26,5,0,0,0
2121,25.013,0,240,0,0,0,0,0,58,0,177,26,5,0,0,0
2122,1.134,0,240,0,0,0,0,0,58,0,177,26,5,0,0,0
2123,0.635,0,240,0,0,0,0,0,58,0,177,26,5,0,0,0
2124,6.459,0,240,0,0,0,0,0,58,0,177,26,5,0,0,0
2125,25.261,0,240,0,0,0,0,0,58,0,177,26,5,0,0,0
2126,0.850,0,240,0,0,0,0,0,58,0,177,26,5,0,0,0
2127,1.289,0,240,0,0,0,0,0,58,0,177,26,5,0,0,0
2128,5.910,0,240,0,0,0,0,0,58,0,177,26,5,0,0,0
2129,25.152,0,240,0,0,0,0,0,58,0,177,26,5,0,0,0
2130,0.917,0,240,0,0,0,0,0,58,0,177,26,5,0,0,0
2131,0.716,0,240,0,0,0,0,0,58,0,177,26,5,0,0,0
2132,6.565,0,240,0,0,0,0,0,58,0,177,26,5,0,0,0
2133,25.189,0,240,0,0,0,0,0,58,0,177,26,5,0,0,0
2134,0.929,0,240,0,0,0,0,0,58,0,177,26,5,0,0,0
2135,0.671,0,240,0,0,0,0,0,58,0,177,26,5,0,0,0
2136,6.558,0,240,0,0,0,0,0,58,0,177,26,5,0,0,0
2137,25.199,0,240,0,0,0,0,0,58,0,177,26,5,0,0,0
2138,0.909,0,240,0,0,0,0,0,58,0,177,26,5,0,0,0
2139,0.696,0,240,0,0,0,0,0,58,0,177,26,5,0,0,0
2140,6.591,0,240,0,0,0,0,0,58,0,177,26,5,0,0,0
2141,25.002,0,240,0,0,0,0,0,58,0,177,26,5,0,0,0
2142,0.946,0,240,0,0,0,0,0,58,0,177,26,5,0,0,0
2143,0.629,0,240,0,0,0,0,0,58,0,177,26,5,0,0,0
2144,6.655,0,240,0,0,0,0,0,58,0,177,26,5,0,0,0
2145,25.136,0,240,0,0,0,0,0,58,0,177,26,5,0,0,0
2146,0.941,0,240,0,0,0,0,0,58,0,177,26,5,0,0,0
2147,0.677,0,240,0,0,0,0,0,58,0,177,26,5,0,0,0
2148,6.659,0,240,0,0,0,0,0,58,0,177,26,5,0,0,0
2149,25.464,0,240,0,0,0,0,0,58,0,177,26,5,0,0,0
2150,1.033,0,240,0,0,0,0,0,58,0,177,26,5,0,0,0
2151,1.558,0,240,0,0,0,0,0,58,0,177,26,5,0,0,0
2152,5.200,0,240,0,0,0,0,0,58,0,177,26,5,0,0,0
2153,25.073,0,240,0,0,0,0,0,58,0,177,26,5,0,0,0
2154,0.842,0,240,0,0,0,0,0,58,0,177,26,5,0,0,0
2155,0.722,0,240,0,0,0,0,0,58,0,177,26,5,0,0,0
2156,6.634,0,240,0,0,0,0,0,58,0,177,26,5,0,0,0
2157,25.104,0,240,0,0,0,0,0,58,0,177,26,5,0,0,0
2158,0.716,0,240,0,0,0,0,0,58,0,177,26,5,0,0,0
2159,0.778,0,240,0,0,0,0,0,58,0,177,26,5,0,0,0
2160,6.726,0,240,0,0,0,0,0,58,0,177,26,5,0,0,0
2161,25.367,0,240,0,0,0,0,0,58,0,177,26,5,0,0,0
2162,0.797,0,240,0,0,0,0,0,58,0,177,26,5,0,0,0
2163,0.767,0,240,0,0,0,0,0,58,0,177,26,5,0,0,0
2164,6.417,0,240,0,0,0,0,0,58,0,177,26,5,0,0,0
2165,25.181,0,240,0,0,0,0,0,58,0,177,26,5,0,0,0
2166,0.829,0,240,0,0,0,0,0,58,0,177,26,5,0,0,0
2167,0.779,0,240,0,0,0,0,0,58,0,177,26,5,0,0,0
2168,6.688,0,240,0,0,0,0,0,58,0,177,26,5,0,0,0
2169,25.013,0,240,0,0,0,0,0,58,0,177,26,5,0,0,0
2170,0.785,0,240,0,0,0,0,0,58,0,177,26,5,0,0,0
2171,0.869,0,240,0,0,0,0,0,58,0,177,26,5,0,0,0
2172,6.600,0,240,0,0,0,0,0,58,0,177,26,5,0,0,0
2173,25.036,0,240,0,0,0,0,0,58,0,177,26,5,0,0,0
2174,0.881,0,240,0,0,0,0,0,58,0,177,26,5,0,0,0
2175,0.626,0,240,0,0,0,0,0,58,0,177,26,5,0,0,0
2176,6.822,0,240,0,0,0,0,0,58,0,177,26,5,0,0,0
2177,25.257,0,240,0,0,0,0,0,58,0,177,26,5,0,0,0
2178,0.866,0,240,0,0,0,0,0,58,0,177,26,5,0,0,0
2179,2.644,0,240,0,0,0,0,0,58,0,177,26,5,0,0,0
2180,4.842,0,240,0,0,0,0,0,58,0,177,26,5,0,0,0
2181,24.896,0,240,0,0,0,0,0,58,0,177,26,5,0,0,0
2182,0.889,0,240,0,0,0,0,0,58,0,177,26,5,0,0,0
2183,1.145,0,240,0,0,0,0,0,58,0,177,26,5,0,0,0
2184,6.045,0,240,0,0,0,0,0,58,0,177,26,5,0,0,0
2185,25.169,0,240,0,0,0,0,0,58,0,177,26,5,0,0,0
2186,0.933,0,240,0,0,0,0,0,58,0,177,26,5,0,0,0
2187,0.694,0,240,0,0,0,0,0,58,0,177,26,5,0,0,0
2188,6.637,0,240,0,0,0,0,0,58,0,177,26,5,0,0,0
2189,25.020,0,240,0,0,0,0,0,58,0,177,26,5,0,0,0
2190,0.875,0,240,0,0,0,0,0,58,0,177,26,5,0,0,0
2191,0.625,0,240,0,0,0,0,0,58,0,177,26,5,0,0,0
2192,6.612,0,240,0,0,0,0,0,58,0,177,26,5,0,0,0
2193,25.209,0,240,0,0,0,0,0,58,0,177,26,5,0,0,0
2194,0.935,0,240,0,0,0,0,0,58,0,177,26,5,0,0,0
2195,0.623,0,240,0,0,0,0,0,58,0,177,26,5,0,0,0
2196,6.768,0,240,0,0,0,0,0,58,0,177,26,5,0,0,0
2197,24.960,0,240,0,0,0,0,0,58,0,177,26,5,0,0,0
2198,0.881,0,240,0,0,0,0,0,58,0,177,26,5,0,0,0
2199,0.748,0,240,0,0,0,0,0,58,0,177,26,5,0,0,0
2200,6.705,0,240,0,0,0,0,0,58,0,177,26,5,0,0,0
2201,25.204,0,240,0,0,0,0,0,58,0,177,26,5,0,0,0
2202,0.744,0,240,0,0,0,0,0,58,0,177,26,5,0,0,0
2203,0.827,0,240,0,0,0,0,0,58,0,177,26,5,0,0,0
2204,6.461,0,240,0,0,0,0,0,58,0,177,26,5,0,0,0
2205,25.108,0,240,0,0,0,0,0,58,0,177,26,5,0,0,0
2206,0.944,0,240,0,0,0,0,0,58,0,177,26,5,0,0,0
2207,0.730,0,240,0,0,0,0,0,58,0,177,26,5,0,0,0
2208,6.509,0,240,0,0,0,0,0,58,0,177,26,5,0,0,0
2209,25.409,0,240,0,0,0,0,0,58,0,177,26,5,0,0,0
2210,1.038,0,240,0,0,0,0,0,58,0,177,26,5,0,0,0
2211,0.712,0,240,0,0,0,0,0,58,0,177,26,5,0,0,0
2212,6.224,0,240,0,0,0,0,0,58,0,177,26,5,0,0,0
2213,25.095,0,240,0,0,0,0,0,58,0,177,26,5,0,0,0
2214,0.905,0,240,0,0,0,0,0,58,0,177,26,5,0,0,0
2215,0.649,0,240,0,0,0,0,0,58,0,177,26,5,0,0,0
2216,6.784,0,240,0,0,0,0,0,58,0,177,26,5,0,0,0
2217,24.942,0,240,0,0,0,0,0,58,0,177,26,5,0,0,0
2218,0.928,0,240,0,0,0,0,0,58,0,177,26,5,0,0,0
2219,0.703,0,240,0,0,0,0,0,58,0,177,26,5,0,0,0
2220,6.698,0,240,0,0,0,0,0,58,0,177,26,5,0,0,0
2221,25.078,0,240,0,0,0,0,0,58,0,177,26,5,0,0,0
2222,0.831,0,240,0,0,0,0,0,58,0,177,26,5,0,0,0
2223,0.829,0,240,0,0,0,0,0,58,0,177,26,5,0,0,0
2224,6.443,0,240,0,0,0,0,0,58,0,177,26,5,0,0,0
2225,25.317,0,240,0,0,0,0,0,58,0,177,26,5,0,0,0
2226,0.945,0,240,0,0,0,0,0,58,0,177,26,5,0,0,0
2227,0.712,0,240,0,0,0,0,0,58,0,177,26,5,0,0,0
2228,6.395,0,240,0,0,0,0,0,58,0,177,26,5,0,0,0
2229,25.182,0,240,0,0,0,0,0,58,0,177,26,5,0,0,0
2230,0.843,0,240,0,0,0,0,0,58,0,177,26,5,0,0,0
2231,0.649,0,240,0,0,0,0,0,58,0,177,26,5,0,0,0
2232,6.733,0,240,0,0,0,0,0,58,0,177,26,5,0,0,0
2233,25.398,0,240,0,0,0,0,0,58,0,177,26,5,0,0,0
2234,0.926,0,240,0,0,0,0,0,58,0,177,26,5,0,0,0
2235,1.831,0,240,0,0,0,0,0,58,0,177,26,5,0,0,0
2236,5.115,0,240,0,0,0,0,0,58,0,177,26,5,0,0,0
2237,25.212,0,240,0,0,0,0,0,58,0,177,26,5,0,0,0
2238,0.887,0,240,0,0,0,0,0,58,0,177,26,5,0,0,0
2239,0.575,0,240,0,0,0,0,0,58,0,177,26,5,0,0,0
2240,6.614,0,240,0,0,0,0,0,58,0,177,26,5,0,0,0
2241,25.316,0,240,0,0,0,0,0,58,0,177,26,5,0,0,0
2242,0.921,0,240,0,0,0,0,0,58,0,177,26,5,0,0,0
2243,0.652,0,240,0,0,0,0,0,58,0,177,26,5,0,0,0
2244,6.707,0,240,0,0,0,0,0,58,0,177,26,5,0,0,0
2245,25.148,0,240,0,0,0,0,0,58,0,177,26,5,0,0,0
2246,0.905,0,240,0,0,0,0,0,58,0,177,26,5,0,0,0
2247,2.089,0,240,0,0,0,0,0,58,0,177,26,5,0,0,0
2248,5.314,0,240,0,0,0,0,0,58,0,177,26,5,0,0,0
2249,24.997,0,240,0,0,0,0,0,58,0,177,26,5,0,0,0
2250,0.798,0,240,0,0,0,0,0,58,0,177,26,5,0,0,0
2251,0.675,0,240,0,0,0,0,0,58,0,177,26,5,0,0,0
2252,6.641,0,240,0,0,0,0,0,58,0,177,26,5,0,0,0
2253,25.059,0,240,0,0,0,0,0,58,0,177,26,5,0,0,0
2254,0.814,0,240,0,0,0,0,0,58,0,177,26,5,0,0,0
2255,0.686,0,240,0,0,0,0,0,58,0,177,26,5,0,0,0
2256,6.854,0,240,0,0,0,0,0,58,0,177,26,5,0,0,0
2257,25.042,0,240,0,0,0,0,0,58,0,177,26,5,0,0,0
2258,0.682,0,240,0,0,0,0,0,58,0,177,26,5,0,0,0
2259,0.922,0,240,0,0,0,0,0,58,0,177,26,5,0,0,0
2260,6.522,0,240,0,0,0,0,0,58,0,177,26,5,0,0,0
2261,25.131,0,240,0,0,0,0,0,58,0,177,26,5,0,0,0
2262,0.888,0,240,0,0,0,0,0,58,0,177,26,5,0,0,0
2263,1.972,0,240,0,0,0,0,0,58,0,177,26,5,0,0,0
2264,5.232,0,240,0,0,0,0,0,58,0,177,26,5,0,0,0
2265,25.303,0,240,0,0,0,0,0,58,0,177,26,5,0,0,0
2266,0.896,0,240,0,0,0,0,0,58,0,177,26,5,0,0,0
2267,0.681,0,240,0,0,0,0,0,58,0,177,26,5,0,0,0
2268,6.496,0,240,0,0,0,0,0,58,0,177,26,5,0,0,0
2269,25.260,0,240,0,0,0,0,0,58,0,177,26,5,0,0,0
2270,0.889,0,240,0,0,0,0,0,58,0,177,26,5,0,0,0
2271,0.747,0,240,0,0,0,0,0,58,0,177,26,5,0,0,0
2272,6.453,0,240,0,0,0,0,0,58,0,177,26,5,0,0,0
2273,25.149,0,240,0,0,0,0,0,58,0,177,26,5,0,0,0
2274,0.991,0,240,0,0,0,0,0,58,0,177,26,5,0,0,0
2275,0.628,0,240,0,0,0,0,0,58,0,177,26,5,0,0,0
2276,6.681,0,240,0,0,0,0,0,58,0,177,26,5,0,0,0
2277,25.011,0,240,0,0,0,0,0,58,0,177,26,5,0,0,0
2278,0.811,0,240,0,0,0,0,0,58,0,177,26,5,0,0,0
2279,0.665,0,240,0,0,0,0,0,58,0,177,26,5,0,0,0
2280,6.746,0,240,0,0,0,0,0,58,0,177,26,5,0,0,0
2281,25.198,0,240,0,0,0,0,0,58,0,177,26,5,0,0,0
2282,0.867,0,240,0,0,0,0,0,58,0,177,26,5,0,0,0
2283,0.651,0,240,0,0,0,0,0,58,0,177,26,5,0,0,0
2284,6.885,0,240,0,0,0,0,0,58,0,177,26,5,0,0,0
2285,24.928,0,240,0,0,0,0,0,58,0,177,26,5,0,0,0
2286,0.937,0,240,0,0,0,0,0,58,0,177,26,5,0,0,0
2287,0.804,0,240,0,0,0,0,0,58,0,177,26,5,0,0,0
2288,6.427,0,240,0,0,0,0,0,58,0,177,26,5,0,0,0
2289,25.305,0,240,0,0,0,0,0,58,0,177,26,5,0,0,0
2290,0.869,0,240,0,0,0,0,0,58,0,177,26,5,0,0,0
2291,1.588,0,240,0,0,0,0,0,58,0,177,26,5,0,0,0
2292,5.522,0,240,0,0,0,0,0,58,0,177,26,5,0,0,0
2293,25.127,0,240,0,0,0,0,0,58,0,177,26,5,0,0,0
2294,0.820,0,240,0,0,0,0,0,58,0,177,26,5,0,0,0
2295,0.775,0,240,0,0,0,0,0,58,0,177,26,5,0,0,0
2296,6.569,0,240,0,0,0,0,0,58,0,177,26,5,0,0,0
2297,25.474,0,240,0,0,0,0,0,58,0,177,26,5,0,0,0
2298,0.913,0,240,0,0,0,0,0,58,0,177,26,5,0,0,0
2299,0.658,0,240,0,0,0,0,0,58,0,177,26,5,0,0,0
2300,6.511,0,240,0,0,0,0,0,58,0,177,26,5,0,0,0
2301,25.029,0,240,0,0,0,0,0,58,0,177,26,5,0,0,0
2302,0.787,0,240,0,0,0,0,0,58,0,177,26,5,0,0,0
2303,0.906,0,240,0,0,0,0,0,58,0,177,26,5,0,0,0
2304,6.408,0,240,0,0,0,0,0,58,0,177,26,5,0,0,0
2305,25.229,0,240,0,0,0,0,0,58,0,177,26,5,0,0,0
2306,0.948,0,240,0,0,0,0,0,58,0,177,26,5,0,0,0
2307,0.685,0,240,0,0,0,0,0,58,0,177,26,5,0,0,0
2308,6.727,0,240,0,0,0,0,0,58,0,177,26,5,0,0,0
2309,24.934,0,240,0,0,0,0,0,58,0,177,26,5,0,0,0
2310,0.825,0,240,0,0,0,0,0,58,0,177,26,5,0,0,0
2311,0.702,0,240,0,0,0,0,0,58,0,177,26,5,0,0,0
2312,6.728,0,240,0,0,0,0,0,58,0,177,26,5,0,0,0
2313,25.314,0,240,0,0,0,0,0,58,0,177,26,5,0,0,0
2314,0.974,0,240,0,0,0,0,0,58,0,177,26,5,0,0,0
2315,0.915,0,240,0,0,0,0,0,58,0,177,26,5,0,0,0
2316,6.438,0,240,0,0,0,0,0,58,0,177,26,5,0,0,0
2317,24.864,0,240,0,0,0,0,0,58,0,177,26,5,0,0,0
2318,0.707,0,240,0,0,0,0,0,58,0,177,26,5,0,0,0
2319,1.877,0,240,0,0,0,0,0,58,0,177,26,5,0,0,0
2320,5.619,0,240,0,0,0,0,0,58,0,177,26,5,0,0,0
2321,25.241,0,240,0,0,0,0,0,58,0,177,26,5,0,0,0
2322,0.790,0,240,0,0,0,0,0,58,0,177,26,5,0,0,0
2323,0.648,0,240,0,0,0,0,0,58,0,177,26,5,0,0,0
2324,6.667,0,240,0,0,0,0,0,58,0,177,26,5,0,0,0
2325,25.014,0,240,0,0,0,0,0,58,0,177,26,5,0,0,0
2326,0.842,0,240,0,0,0,0,0,58,0,177,26,5,0,0,0
2327,0.615,0,240,0,0,0,0,0,58,0,177,26,5,0,0,0
2328,6.850,0,240,0,0,0,0,0,58,0,177,26,5,0,0,0
2329,25.013,0,240,0,0,0,0,0,58,0,177,26,5,0,0,0
2330,0.794,0,240,0,0,0,0,0,58,0,177,26,5,0,0,0
2331,0.655,0,240,0,0,0,0,0,58,0,177,26,5,0,0,0
2332,6.716,0,240,0,0,0,0,0,58,0,177,26,5,0,0,0
2333,25.167,0,240,0,0,0,0,0,58,0,177,26,5,0,0,0
2334,0.852,0,240,0,0,0,0,0,58,0,177,26,5,0,0,0
2335,0.653,0,240,0,0,0,0,0,58,0,177,26,5,0,0,0
2336,6.634,0,240,0,0,0,0,0,58,0,177,26,5,0,0,0
2337,25.224,0,240,0,0,0,0,0,58,0,177,26,5,0,0,0
2338,0.770,0,240,0,0,0,0,0,58,0,177,26,5,0,0,0
2339,0.689,0,240,0,0,0,0,0,58,0,177,26,5,0,0,0
2340,6.822,0,240,0,0,0,0,0,58,0,177,26,5,0,0,0
2341,25.047,0,240,0,0,0,0,0,58,0,177,26,5,0,0,0
2342,0.879,0,240,0,0,0,0,0,58,0,177,26,5,0,0,0
2343,0.681,0,240,0,0,0,0,0,58,0,177,26,5,0,0,0
2344,6.644,0,240,0,0,0,0,0,58,0,177,26,5,0,0,0
2345,25.093,0,240,0,0,0,0,0,58,0,177,26,5,0,0,0
2346,0.752,0,240,0,0,0,0,0,58,0,177,26,5,0,0,0
2347,1.921,0,240,0,0,0,0,0,58,0,177,26,5,0,0,0
2348,5.456,0,240,0,0,0,0,0,58,0,177,26,5,0,0,0
2349,25.245,0,240,0,0,0,0,0,58,0,177,26,5,0,0,0
2350,0.775,0,240,0,0,0,0,0,58,0,177,26,5,0,0,0
2351,1.073,0,240,0,0,0,0,0,58,0,177,26,5,0,0,0
2352,6.165,0,240,0,0,0,0,0,58,0,177,26,5,0,0,0
2353,25.262,0,240,0,0,0,0,0,58,0,177,26,5,0,0,0
2354,0.701,0,240,0,0,0,0,0,58,0,177,26,5,0,0,0
2355,0.777,0,240,0,0,0,0,0,58,0,177,26,5,0,0,0
2356,6.793,0,240,0,0,0,0,0,58,0,177,26,5,0,0,0
2357,25.136,0,240,0,0,0,0,0,58,0,177,26,5,0,0,0
2358,0.743,0,240,0,0,0,0,0,58,0,177,26,5,0,0,0
2359,0.585,0,240,0,0,0,0,0,58,0,177,26,5,0,0,0
2360,6.729,0,240,0,0,0,0,0,58,0,177,26,5,0,0,0
2361,25.258,0,240,0,0,0,0,0,58,0,177,26,5,0,0,0
2362,0.918,0,240,0,0,0,0,0,58,0,177,26,5,0,0,0
2363,0.584,0,240,0,0,0,0,0,58,0,177,26,5,0,0,0
2364,6.730,0,240,0,0,0,0,0,58,0,177,26,5,0,0,0
2365,25.095,0,240,0,0,0,0,0,58,0,177,26,5,0,0,0
2366,0.749,0,240,0,0,0,0,0,58,0,177,26,5,0,0,0
2367,0.775,0,240,0,0,0,0,0,58,0,177,26,5,0,0,0
2368,6.727,0,240,0,0,0,0,0,58,0,177,26,5,0,0,0
2369,25.036,0,240,0,0,0,0,0,58,0,177,26,5,0,0,0
2370,0.939,0,240,0,0,0,0,0,58,0,177,26,5,0,0,0
2371,0.669,0,240,0,0,0,0,0,58,0,177,26,5,0,0,0
2372,6.631,0,240,0,0,0,0,0,58,0,177,26,5,0,0,0
2373,25.006,0,240,0,0,0,0,0,58,0,177,26,5,0,0,0
2374,0.909,0,240,0,0,0,0,0,58,0,177,26,5,0,0,0
2375,1.856,0,240,0,0,0,0,0,58,0,177,26,5,0,0,0
2376,5.614,0,240,0,0,0,0,0,58,0,177,26,5,0,0,0
2377,24.980,0,240,0,0,0,0,0,58,0,177,26,5,0,0,0
2378,1.073,0,240,0,0,0,0,0,58,0,177,26,5,0,0,0
2379,0.796,0,240,0,0,0,0,0,58,0,177,26,5,0,0,0
2380,6.527,0,240,0,0,0,0,0,58,0,177,26,5,0,0,0
2381,25.098,0,240,0,0,0,0,0,58,0,177,26,5,0,0,0
2382,0.798,0,240,0,0,0,0,0,58,0,177,26,5,0,0,0
2383,0.739,0,240,0,0,0,0,0,58,0,177,26,5,0,0,0
2384,6.510,0,240,0,0,0,0,0,58,0,177,26,5,0,0,0
2385,25.236,0,240,0,0,0,0,0,58,0,177,26,5,0,0,0
2386,0.781,0,240,0,0,0,0,0,58,0,177,26,5,0,0,0
2387,0.666,0,240,0,0,0,0,0,58,0,177,26,5,0,0,0
2388,6.598,0,240,0,0,0,0,0,58,0,177,26,5,0,0,0
2389,25.177,0,240,0,0,0,0,0,58,0,177,26,5,0,0,0
2390,0.793,0,240,0,0,0,0,0,58,0,177,26,5,0,0,0
2391,0.633,0,240,0,0,0,0,0,58,0,177,26,5,0,0,0
2392,6.719,0,240,0,0,0,0,0,58,0,177,26,5,0,0,0
2393,25.278,0,240,0,0,0,0,0,58,0,177,26,5,0,0,0
2394,0.911,0,240,0,0,0,0,0,58,0,177,26,5,0,0,0
2395,0.645,0,240,0,0,0,0,0,58,0,177,26,5,0,0,0
2396,6.559,0,240,0,0,0,0,0,58,0,177,26,5,0,0,0
2397,25.111,0,240,0,0,0,0,0,58,0,177,26,5,0,0,0
2398,0.841,0,240,0,0,0,0,0,58,0,177,26,5,0,0,0
2399,1.877,0,240,0,0,0,0,0,58,0,177,26,5,0,0,0
2400,5.620,0,240,0,0,0,0,0,58,0,177,26,5,0,0,0
2401,25.067,0,240,0,0,0,1,0,59,0,176,26,5,0,0,0
2402,0.868,0,240,0,0,0,0,0,59,0,176,26,5,0,0,0
2403,0.927,0,240,0,0,0,0,0,59,0,176,26,5,0,0,0
2404,6.474,0,240,0,0,0,1,0,60,0,175,26,5,0,0,0
2405,25.270,0,240,0,0,0,0,0,60,0,175,26,5,0,0,0
2406,0.836,0,240,0,0,0,0,0,60,0,175,26,5,0,0,0
2407,0.692,0,240,0,0,0,0,0,60,0,175,26,5,0,0,0
2408,6.386,0,240,0,0,0,0,0,60,0,175,26,5,0,0,0
2409,25.151,0,240,0,0,0,1,0,60,0,175,26,5,0,0,0
2410,0.865,0,240,0,0,0,0,0,60,0,175,26,5,0,0,0
2411,0.813,0,240,0,0,0,0,0,60,0,175,26,5,0,0,0
2412,6.917,0,240,0,0,0,1,0,61,0,174,26,5,0,0,0
2413,24.810,0,240,0,0,0,0,0,61,0,174,26,5,0,0,0
2414,0.922,0,240,0,0,0,0,0,61,0,174,26,5,0,0,0
2415,0.648,0,240,0,0,0,0,0,61,0,174,26,5,0,0,0
2416,6.665,0,240,0,0,0,0,0,61,0,174,26,5,0,0,0
2417,25.071,0,240,0,0,0,0,0,61,0,174,26,5,0,0,0
2418,0.951,0,240,0,0,0,0,0,61,0,174,26,5,0,0,0
2419,0.747,0,240,0,0,0,0,0,61,0,174,26,5,0,0,0
2420,6.680,0,240,0,0,0,0,0,61,0,174,26,5,0,0,0
2421,25.097,0,240,0,0,0,1,0,62,0,173,26,5,0,0,0
2422,0.801,0,240,0,0,0,0,0,62,0,173,26,5,0,0,0
2423,1.578,0,240,0,0,0,0,0,62,0,173,26,5,0,0,0
2424,5.759,0,240,0,0,0,0,0,62,0,173,26,5,0,0,0
2425,24.963,0,240,0,0,0,0,0,62,0,173,26,5,0,0,0
2426,0.885,0,240,0,0,0,0,0,62,0,173,26,5,0,0,0
2427,0.643,0,240,0,0,0,0,0,62,0,173,26,5,0,0,0
2428,6.714,0,240,0,0,0,0,0,62,0,173,26,5,0,0,0
2429,25.184,0,240,0,0,0,0,0,62,0,173,26,5,0,0,0
2430,0.728,0,240,0,0,0,0,0,62,0,173,26,5,0,0,0
2431,0.689,0,240,0,0,0,0,0,62,0,173,26,5,0,0,0
2432,6.712,0,240,0,0,0,1,0,62,0,173,26,5,0,0,0
2433,25.305,0,240,0,0,0,0,0,62,0,173,26,5,0,0,0
2434,0.879,0,240,0,0,0,0,0,62,0,173,26,5,0,0,0
2435,0.660,0,240,0,0,0,0,0,62,0,173,26,5,0,0,0
2436,6.589,0,240,0,0,0,0,0,62,0,173,26,5,0,0,0
2437,25.031,0,240,0,0,0,0,0,62,0,173,26,5,0,0,0
2438,0.863,0,240,0,0,0,0,0,62,0,173,26,5,0,0,0
2439,0.700,0,240,0,0,0,0,0,62,0,173,26,5,0,0,0
2440,6.749,0,240,0,0,0,0,0,62,0,173,26,5,0,0,0
2441,25.021,0,240,0,0,0,0,0,62,0,173,26,5,0,0,0
2442,0.896,0,240,0,0,0,0,0,62,0,173,26,5,0,0,0
2443,0.849,0,240,0,0,0,0,0,62,0,173,26,5,0,0,0
2444,6.685,0,240,0,0,0,1,0,63,0,172,26,5,0,0,0
2445,24.889,0,240,0,0,0,2,0,65,0,170,26,5,0,0,0
2446,0.988,0,240,0,0,0,0,0,65,0,170,26,5,0,0,0
2447,1.661,0,240,0,0,0,0,0,65,0,170,26,5,0,0,0
2448,5.594,0,240,0,0,0,0,0,65,0,170,26,5,0,0,0
2449,25.314,0,240,0,0,0,1,0,66,0,169,26,5,0,0,0
2450,0.946,0,240,0,0,0,0,0,66,0,169,26,5,0,0,0
2451,0.757,0,240,0,0,0,0,0,66,0,169,26,5,0,0,0
2452,6.386,0,240,0,0,0,0,0,66,0,169,26,5,0,0,0
2453,25.106,0,240,0,0,0,1,0,67,0,168,26,5,0,0,0
2454,0.842,0,240,0,0,0,0,0,67,0,168,26,5,0,0,0
2455,0.948,0,240,0,0,0,0,0,67,0,168,26,5,0,0,0
2456,6.557,0,240,0,0,0,1,0,68,0,167,26,5,0,0,0
2457,24.951,0,240,0,0,0,0,0,68,0,167,26,5,0,0,0
2458,0.991,0,240,0,0,0,0,0,68,0,167,26,5,0,0,0
2459,0.707,0,240,0,0,0,0,0,68,0,167,26,5,0,0,0
2460,6.486,0,240,0,0,0,0,0,68,0,167,26,5,0,0,0
2461,25.113,0,240,0,0,0,0,0,68,0,167,26,5,0,0,0
2462,0.849,0,240,0,0,0,0,0,68,0,167,26,5,0,0,0
2463,0.689,0,240,0,0,0,0,0,68,0,167,26,5,0,0,0
2464,6.744,0,240,0,0,0,0,0,68,0,167,26,5,0,0,0
2465,25.056,0,240,0,0,0,0,0,68,0,167,26,5,0,0,0
2466,0.790,0,240,0,0,0,0,0,68,0,167,26,5,0,0,0
2467,0.733,0,240,0,0,0,0,0,68,0,167,26,5,0,0,0
2468,6.789,0,240,0,0,0,0,0,68,0,167,26,5,0,0,0
2469,25.054,0,240,0,0,0,0,0,68,0,167,26,5,0,0,0
2470,0.765,0,240,0,0,0,1,0,69,0,166,26,5,0,0,0
2471,1.982,0,240,0,0,0,0,0,69,0,166,26,5,0,0,0
2472,5.559,0,240,0,0,0,0,0,69,0,166,26,5,0,0,0
2473,25.226,0,240,0,0,0,0,0,69,0,166,26,5,0,0,0
2474,0.804,0,240,0,0,0,0,0,69,0,166,26,5,0,0,0
2475,0.884,0,240,0,0,0,0,0,69,0,166,26,5,0,0,0
2476,6.288,0,240,0,0,0,0,0,69,0,166,26,5,0,0,0
2477,25.212,0,240,0,0,0,0,0,69,0,166,26,5,0,0,0
2478,0.852,0,240,0,0,0,0,0,69,0,166,26,5,0,0,0
2479,0.658,0,240,0,0,0,0,0,69,0,166,26,5,0,0,0
2480,6.757,0,240,0,0,0,0,0,69,0,166,26,5,0,0,0
2481,25.035,0,240,0,0,0,0,0,69,0,166,26,5,0,0,0
2482,0.855,0,240,0,0,0,0,0,69,0,166,26,5,0,0,0
2483,0.627,0,240,0,0,0,0,0,69,0,166,26,5,0,0,0
2484,6.713,0,240,0,0,0,0,0,69,0,166,26,5,0,0,0
2485,24.993,0,240,0,0,0,1,0,70,0,165,26,5,0,0,0
2486,0.832,0,240,0,0,0,0,0,70,0,165,26,5,0,0,0
2487,0.810,0,240,0,0,0,0,0,70,0,165,26,5,0,0,0
2488,6.859,0,240,0,0,0,0,0,70,0,165,26,5,0,0,0
2489,24.981,0,240,0,0,0,1,0,71,0,164,26,5,0,0,0
2490,0.894,0,240,0,0,0,0,0,71,0,164,26,5,0,0,0
2491,0.733,0,240,0,0,0,0,0,71,0,164,26,5,0,0,0
2492,6.657,0,240,0,0,0,0,0,71,0,164,26,5,0,0,0
2493,25.135,0,240,0,0,0,1,0,72,0,163,26,5,0,0,0
2494,0.746,0,240,0,0,0,0,0,72,0,163,26,5,0,0,0
2495,1.636,0,240,0,0,0,0,0,72,0,163,26,5,0,0,0
2496,5.553,0,240,0,0,0,0,0,72,0,163,26,5,0,0,0
2497,25.206,0,240,0,0,0,0,0,72,0,163,26,5,0,0,0
2498,0.774,0,240,0,0,0,0,0,72,0,163,26,5,0,0,0
2499,0.739,0,240,0,0,0,0,0,72,0,163,26,5,0,0,0
2500,6.696,0,240,0,0,0,0,0,72,0,163,26,5,0,0,0
2501,25.227,0,240,0,0,0,2,0,74,0,161,26,5,0,0,0
2502,0.913,0,240,0,0,0,0,0,74,0,161,26,5,0,0,0
2503,1.052,0,240,0,0,0,0,0,74,0,161,26,5,0,0,0
2504,6.042,0,240,0,0,0,0,0,74,0,161,26,5,0,0,0
2505,25.284,0,240,0,0,0,0,0,74,0,161,26,5,0,0,0
2506,0.809,0,240,0,0,0,0,0,74,0,161,26,5,0,0,0
2507,0.649,0,240,0,0,0,0,0,74,0,161,26,5,0,0,0
2508,6.680,0,240,0,0,0,0,0,74,0,161,26,5,0,0,0
2509,25.172,0,240,0,0,0,0,0,74,0,161,26,5,0,0,0
2510,0.855,0,240,0,0,0,0,0,74,0,161,26,5,0,0,0
2511,0.691,0,240,0,0,0,0,0,74,0,161,26,5,0,0,0
2512,6.798,0,240,0,0,0,0,0,74,0,161,26,5,0,0,0
2513,24.970,0,240,0,0,0,0,0,74,0,161,26,5,0,0,0
2514,1.051,0,240,0,0,0,0,0,74,0,161,26,5,0,0,0
2515,0.823,0,240,0,0,0,0,0,74,0,161,26,5,0,0,0
2516,6.511,0,240,0,0,0,0,0,74,0,161,26,5,0,0,0
2517,25.061,0,240,0,0,0,0,0,74,0,161,26,5,0,0,0
2518,0.754,0,240,0,0,0,0,0,74,0,161,26,5,0,0,0
2519,0.762,0,240,0,0,0,0,0,74,0,161,26,5,0,0,0
2520,6.392,0,240,0,0,0,0,0,74,0,161,26,5,0,0,0
2521,25.344,0,240,0,0,0,0,0,74,0,161,26,5,0,0,0
2522,0.807,0,240,0,0,0,0,0,74,0,161,26,5,0,0,0
2523,1.009,0,240,0,0,0,0,0,74,0,161,26,5,0,0,0
2524,6.334,0,240,0,0,0,0,0,74,0,161,26,5,0,0,0
2525,25.273,0,240,0,0,0,0,0,74,0,161,26,5,0,0,0
2526,0.792,0,240,0,0,0,0,0,74,0,161,26,5,0,0,0
2527,0.749,0,240,0,0,0,0,0,74,0,161,26,5,0,0,0
2528,6.460,0,240,0,0,0,0,0,74,0,161,26,5,0,0,0
2529,25.151,0,240,0,0,0,1,0,75,0,160,26,5,0,0,0
2530,0.828,0,240,0,0,0,0,0,75,0,160,26,5,0,0,0
2531,0.757,0,240,0,0,0,0,0,75,0,160,26,5,0,0,0
2532,6.644,0,240,0,0,0,0,0,75,0,160,26,5,0,0,0
2533,25.149,0,240,0,0,0,0,0,75,0,160,26,5,0,0,0
2534,0.987,0,240,0,0,0,0,0,75,0,160,26,5,0,0,0
2535,0.709,0,240,0,0,0,0,0,75,0,160,26,5,0,0,0
2536,6.567,0,240,0,0,0,0,0,75,0,160,26,5,0,0,0
2537,25.108,0,240,0,0,0,1,0,75,0,160,26,5,0,0,0
2538,0.952,0,240,0,0,0,0,0,75,0,160,26,5,0,0,0
2539,0.695,0,240,0,0,0,0,0,75,0,160,26,5,0,0,0
2540,7.005,0,240,0,0,0,2,0,75,0,160,26,5,0,0,0
2541,24.791,0,240,0,0,0,0,0,75,0,160,26,5,0,0,0
2542,1.088,0,240,0,0,0,0,0,75,0,160,26,5,0,0,0
2543,0.929,0,240,0,0,0,0,0,75,0,160,26,5,0,0,0
2544,6.009,0,240,0,0,0,0,0,75,0,160,26,5,0,0,0
2545,25.128,0,240,0,0,0,1,0,75,0,160,26,5,0,0,0
2546,0.781,0,240,0,0,0,0,0,75,0,160,26,5,0,0,0
2547,1.458,0,240,0,0,0,0,0,75,0,160,26,5,0,0,0
2548,5.911,0,240,0,0,0,0,0,75,0,160,26,5,0,0,0
2549,25.195,0,240,0,0,0,0,0,75,0,160,26,5,0,0,0
2550,0.847,0,240,0,0,0,0,0,75,0,160,26,5,0,0,0
2551,0.590,0,240,0,0,0,0,0,75,0,160,26,5,0,0,0
2552,6.698,0,240,0,0,0,0,0,75,0,160,26,5,0,0,0
2553,25.170,0,240,0,0,0,1,0,75,0,160,26,5,0,0,0
2554,0.887,0,240,0,0,0,0,0,75,0,160,26,5,0,0,0
2555,0.618,0,240,0,0,0,0,0,75,0,160,26,5,0,0,0
2556,6.710,0,240,0,0,0,0,0,75,0,160,26,5,0,0,0
2557,25.093,0,240,0,0,0,1,0,75,0,160,26,5,0,0,0
2558,0.828,0,240,0,0,0,0,0,75,0,160,26,5,0,0,0
2559,0.691,0,240,0,0,0,0,0,75,0,160,26,5,0,0,0
2560,6.849,0,240,0,0,0,0,0,75,0,160,26,5,0,0,0
2561,25.098,0,240,0,0,0,0,0,75,0,160,26,5,0,0,0
2562,0.801,0,240,0,0,0,0,0,75,0,160,26,5,0,0,0
2563,0.783,0,240,0,0,0,0,0,75,0,160,26,5,0,0,0
2564,6.614,0,240,0,0,0,0,0,75,0,160,26,5,0,0,0
2565,25.029,0,240,0,0,0,1,0,76,0,159,26,5,0,0,0
2566,0.912,0,240,0,0,0,0,0,76,0,159,26,5,0,0,0
2567,2.441,0,240,0,0,0,0,0,76,0,159,26,5,0,0,0
2568,4.713,0,240,0,0,0,0,0,76,0,159,26,5,0,0,0
2569,25.338,0,240,0,0,0,0,0,76,0,159,26,5,0,0,0
2570,0.764,0,240,0,0,0,0,0,76,0,159,26,5,0,0,0
2571,0.722,0,240,0,0,0,0,0,76,0,159,26,5,0,0,0
2572,6.576,0,240,0,0,0,0,0,76,0,159,26,5,0,0,0
2573,25.252,0,240,0,0,0,0,0,76,0,159,26,5,0,0,0
2574,0.815,0,240,0,0,0,0,0,76,0,159,26,5,0,0,0
2575,0.754,0,240,0,0,0,0,0,76,0,159,26,5,0,0,0
2576,6.563,0,240,0,0,0,0,0,76,0,159,26,5,0,0,0
2577,25.160,0,240,0,0,0,1,0,77,0,158,26,5,0,0,0
2578,0.778,0,240,0,0,0,0,0,77,0,158,26,5,0,0,0
2579,1.022,0,240,0,0,0,0,0,77,0,158,26,5,0,0,0
2580,6.499,0,240,0,0,0,0,0,77,0,158,26,5,0,0,0
2581,24.999,0,240,0,0,0,0,0,77,0,158,26,5,0,0,0
2582,0.944,0,240,0,0,0,0,0,77,0,158,26,5,0,0,0
2583,0.703,0,240,0,0,0,0,0,77,0,158,26,5,0,0,0
2584,6.553,0,240,0,0,0,0,0,77,0,158,26,5,0,0,0
2585,25.321,0,240,0,0,0,0,0,77,0,158,26,5,0,0,0
2586,0.881,0,240,0,0,0,0,0,77,0,158,26,5,0,0,0
2587,0.661,0,240,0,0,0,0,0,77,0,158,26,5,0,0,0
2588,6.528,0,240,0,0,0,0,0,77,0,158,26,5,0,0,0
2589,25.140,0,240,0,0,0,1,0,78,0,157,26,5,0,0,0
2590,0.913,0,240,0,0,0,0,0,78,0,157,26,5,0,0,0
2591,1.887,0,240,0,0,0,0,0,78,0,157,26,5,0,0,0
2592,5.234,0,240,0,0,0,0,0,78,0,157,26,5,0,0,0
2593,25.388,0,240,0,0,0,0,0,78,0,157,26,5,0,0,0
2594,0.801,0,240,0,0,0,0,0,78,0,157,26,5,0,0,0
2595,0.678,0,240,0,0,0,0,0,78,0,157,26,5,0,0,0
2596,6.559,0,240,0,0,0,0,0,78,0,157,26,5,0,0,0
2597,25.221,0,240,0,0,0,0,0,78,0,157,26,5,0,0,0
2598,0.792,0,240,0,0,0,0,0,78,0,157,26,5,0,0,0
2599,0.630,0,240,0,0,0,0,0,78,0,157,26,5,0,0,0
2600,6.869,0,240,0,0,0,0,0,78,0,157,26,5,0,0,0
2601,25.017,0,240,0,0,0,1,0,79,0,156,26,5,0,0,0
2602,0.916,0,240,0,0,0,0,0,79,0,156,26,5,0,0,0
2603,0.758,0,240,0,0,0,0,0,79,0,156,26,5,0,0,0
2604,6.630,0,240,0,0,0,0,0,79,0,156,26,5,0,0,0
2605,24.944,0,240,0,0,0,0,0,79,0,156,26,5,0,0,0
2606,0.929,0,240,0,0,0,0,0,79,0,156,26,5,0,0,0
2607,0.639,0,240,0,0,0,0,0,79,0,156,26,5,0,0,0
2608,6.671,0,240,0,0,0,0,0,79,0,156,26,5,0,0,0
2609,25.177,0,240,0,0,0,0,0,79,0,156,26,5,0,0,0
2610,0.856,0,240,0,0,0,0,0,79,0,156,26,5,0,0,0
2611,0.702,0,240,0,0,0,0,0,79,0,156,26,5,0,0,0
2612,6.570,0,240,0,0,0,0,0,79,0,156,26,5,0,0,0
2613,25.240,0,240,0,0,0,1,0,80,0,155,26,5,0,0,0
2614,0.855,0,240,0,0,0,0,0,80,0,155,26,5,0,0,0
2615,0.859,0,240,0,0,0,0,0,80,0,155,26,5,0,0,0
2616,6.568,0,240,0,0,0,0,0,80,0,155,26,5,0,0,0
2617,24.944,0,240,0,0,0,0,0,80,0,155,26,5,0,0,0
2618,0.862,0,240,0,0,0,0,0,80,0,155,26,5,0,0,0
2619,1.859,0,240,0,0,0,0,0,80,0,155,26,5,0,0,0
2620,5.532,0,240,0,0,0,0,0,80,0,155,26,5,0,0,0
2621,25.062,0,240,0,0,0,0,0,80,0,155,26,5,0,0,0
2622,1.060,0,240,0,0,0,0,0,80,0,155,26,5,0,0,0
2623,0.778,0,240,0,0,0,0,0,80,0,155,26,5,0,0,0
2624,6.628,0,240,0,0,0,0,0,80,0,155,26,5,0,0,0
2625,25.073,0,240,0,0,0,1,0,81,0,154,26,5,0,0,0
2626,0.861,0,240,0,0,0,0,0,81,0,154,26,5,0,0,0
2627,0.742,0,240,0,0,0,0,0,81,0,154,26,5,0,0,0
2628,6.546,0,240,0,0,0,0,0,81,0,154,26,5,0,0,0
2629,25.086,0,240,0,0,0,0,0,81,0,154,26,5,0,0,0
2630,0.824,0,240,0,0,0,0,0,81,0,154,26,5,0,0,0
2631,0.577,0,240,0,0,0,0,0,81,0,154,26,5,0,0,0
2632,6.812,0,240,0,0,0,0,0,81,0,154,26,5,0,0,0
2633,25.240,0,240,0,0,0,0,0,81,0,154,26,5,0,0,0
2634,0.891,0,240,0,0,0,0,0,81,0,154,26,5,0,0,0
2635,0.642,0,240,0,0,0,0,0,81,0,154,26,5,0,0,0
2636,6.781,0,240,0,0,0,0,0,81,0,154,26,5,0,0,0
2637,24.948,0,240,0,0,0,1,0,82,0,153,26,5,0,0,0
2638,0.934,0,240,0,0,0,0,0,82,0,153,26,5,0,0,0
2639,0.755,0,240,0,0,0,0,0,82,0,153,26,5,0,0,0
2640,6.487,0,240,0,0,0,0,0,82,0,153,26,5,0,0,0
2641,24.944,0,240,0,0,0,0,0,82,0,153,26,5,0,0,0
2642,0.761,0,240,0,0,0,0,0,82,0,153,26,5,0,0,0
2643,0.628,0,240,0,0,0,0,0,82,0,153,26,5,0,0,0
2644,6.917,0,240,0,0,0,0,0,82,0,153,26,5,0,0,0
2645,25.098,0,240,0,0,0,0,0,82,0,153,26,5,0,0,0
2646,0.774,0,240,0,0,0,0,0,82,0,153,26,5,0,0,0
2647,1.892,0,240,0,0,0,0,0,82,0,153,26,5,0,0,0
2648,5.489,0,240,0,0,0,0,0,82,0,153,26,5,0,0,0
2649,25.300,0,240,0,0,0,0,0,82,0,153,26,5,0,0,0
2650,1.032,0,240,0,0,0,0,0,82,0,153,26,5,0,0,0
2651,0.623,0,240,0,0,0,0,0,82,0,153,26,5,0,0,0
2652,6.367,0,240,0,0,0,0,0,82,0,153,26,5,0,0,0
2653,25.126,0,240,0,0,0,0,0,82,0,153,26,5,0,0,0
2654,0.818,0,240,0,0,0,0,0,82,0,153,26,5,0,0,0
2655,0.600,0,240,0,0,0,0,0,82,0,153,26,5,0,0,0
2656,6.773,0,240,0,0,0,1,0,83,0,152,26,5,0,0,0
2657,25.326,0,240,0,0,0,0,0,83,0,152,26,5,0,0,0
2658,0.915,0,240,0,0,0,0,0,83,0,152,26,5,0,0,0
2659,1.052,0,240,0,0,0,0,0,83,0,152,26,5,0,0,0
2660,6.371,0,240,0,0,0,0,0,83,0,152,26,5,0,0,0
2661,24.815,0,240,0,0,0,0,0,83,0,152,26,5,0,0,0
2662,0.847,0,240,0,0,0,0,0,83,0,152,26,5,0,0,0
2663,0.740,0,240,0,0,0,0,0,83,0,152,26,5,0,0,0
2664,6.675,0,240,0,0,0,0,0,83,0,152,26,5,0,0,0
2665,25.097,0,240,0,0,0,0,0,83,0,152,26,5,0,0,0
2666,0.823,0,240,0,0,0,0,0,83,0,152,26,5,0,0,0
2667,0.692,0,240,0,0,0,0,0,83,0,152,26,5,0,0,0
2668,6.787,0,240,0,0,0,0,0,83,0,152,26,5,0,0,0
2669,25.271,0,240,0,0,0,0,0,83,0,152,26,5,0,0,0
2670,1.029,0,240,0,0,0,0,0,83,0,152,26,5,0,0,0
2671,2.192,0,240,0,0,0,0,0,83,0,152,26,5,0,0,0
2672,4.673,0,240,0,0,0,0,0,83,0,152,26,5,0,0,0
2673,25.176,0,240,0,0,0,1,0,83,0,152,26,5,0,0,0
2674,0.828,0,240,0,0,0,0,0,83,0,152,26,5,0,0,0
2675,0.609,0,240,0,0,0,0,0,83,0,152,26,5,0,0,0
2676,6.732,0,240,0,0,0,0,0,83,0,152,26,5,0,0,0
2677,25.199,0,240,0,0,0,0,0,83,0,152,26,5,0,0,0
2678,0.856,0,240,0,0,0,0,0,83,0,152,26,5,0,0,0
2679,0.620,0,240,0,0,0,0,0,83,0,152,26,5,0,0,0
2680,6.721,0,240,0,0,0,0,0,83,0,152,26,5,0,0,0
2681,25.135,0,240,0,0,0,0,0,83,0,152,26,5,0,0,0
2682,0.818,0,240,0,0,0,0,0,83,0,152,26,5,0,0,0
2683,0.664,0,240,0,0,0,0,0,83,0,152,26,5,0,0,0
2684,7.024,0,240,0,0,0,0,0,83,0,152,26,5,0,0,0
2685,24.755,0,240,0,0,0,1,0,83,0,152,26,5,0,0,0
2686,0.860,0,240,0,0,0,0,0,83,0,152,26,5,0,0,0
2687,0.685,0,240,0,0,0,0,0,83,0,152,26,5,0,0,0
2688,6.850,0,240,0,0,0,0,0,83,0,152,26,5,0,0,0
2689,24.992,0,240,0,0,0,0,0,83,0,152,26,5,0,0,0
2690,0.917,0,240,0,0,0,0,0,83,0,152,26,5,0,0,0
2691,0.761,0,240,0,0,0,0,0,83,0,152,26,5,0,0,0
2692,6.679,0,240,0,0,0,0,0,83,0,152,26,5,0,0,0
2693,25.171,0,240,0,0,0,1,0,83,0,152,26,5,0,0,0
2694,0.751,0,240,0,0,0,0,0,83,0,152,26,5,0,0,0
2695,1.550,0,240,0,0,0,0,0,83,0,152,26,5,0,0,0
2696,5.578,0,240,0,0,0,0,0,83,0,152,26,5,0,0,0
2697,25.249,0,240,0,0,0,0,0,83,0,152,26,5,0,0,0
2698,0.901,0,240,0,0,0,0,0,83,0,152,26,5,0,0,0
2699,0.801,0,240,0,0,0,0,0,83,0,152,26,5,0,0,0
2700,6.443,0,240,0,0,0,0,0,83,0,152,26,5,0,0,0
2701,25.242,0,240,0,0,0,0,0,83,0,152,26,5,0,0,0
2702,0.870,0,240,0,0,0,0,0,83,0,152,26,5,0,0,0
2703,0.596,0,240,0,0,0,0,0,83,0,152,26,5,0,0,0
2704,6.662,0,240,0,0,0,1,0,83,0,152,26,5,0,0,0
2705,25.304,0,240,0,0,0,0,0,83,0,152,26,5,0,0,0
2706,0.994,0,240,0,0,0,0,0,83,0,152,26,5,0,0,0
2707,0.666,0,240,0,0,0,0,0,83,0,152,26,5,0,0,0
2708,6.497,0,240,0,0,0,0,0,83,0,152,26,5,0,0,0
2709,24.982,0,240,0,0,0,0,0,83,0,152,26,5,0,0,0
2710,0.818,0,240,0,0,0,0,0,83,0,152,26,5,0,0,0
2711,0.624,0,240,0,0,0,0,0,83,0,152,26,5,0,0,0
2712,6.917,0,240,0,0,0,0,0,83,0,152,26,5,0,0,0
2713,25.070,0,240,0,0,0,0,0,83,0,152,26,5,0,0,0
2714,0.949,0,240,0,0,0,0,0,83,0,152,26,5,0,0,0
2715,0.674,0,240,0,0,0,0,0,83,0,152,26,5,0,0,0
2716,6.547,0,240,0,0,0,0,0,83,0,152,26,5,0,0,0
2717,25.122,0,240,0,0,0,1,0,83,0,152,26,5,0,0,0
2718,0.860,0,240,0,0,0,0,0,83,0,152,26,5,0,0,0
2719,2.138,0,240,0,0,0,0,0,83,0,152,26,5,0,0,0
2720,5.204,0,240,0,0,0,0,0,83,0,152,26,5,0,0,0
2721,25.317,0,240,0,0,0,0,0,83,0,152,26,5,0,0,0
2722,0.819,0,240,0,0,0,0,0,83,0,152,26,5,0,0,0
2723,0.697,0,240,0,0,0,0,0,83,0,152,26,5,0,0,0
2724,6.465,0,240,0,0,0,0,0,83,0,152,26,5,0,0,0
2725,25.172,0,240,0,0,0,0,0,83,0,152,26,5,0,0,0
2726,0.797,0,240,0,0,0,0,0,83,0,152,26,5,0,0,0
2727,0.893,0,240,0,0,0,0,0,83,0,152,26,5,0,0,0
2728,6.437,0,240,0,0,0,0,0,83,0,152,26,5,0,0,0
2729,25.212,0,240,0,0,0,1,0,83,0,152,26,5,0,0,0
2730,0.742,0,240,0,0,0,0,0,83,0,152,26,5,0,0,0
2731,0.770,0,240,0,0,0,0,0,83,0,152,26,5,0,0,0
2732,6.641,0,240,0,0,0,0,0,83,0,152,26,5,0,0,0
2733,25.202,0,240,0,0,0,0,0,83,0,152,26,5,0,0,0
2734,0.712,0,240,0,0,0,0,0,83,0,152,26,5,0,0,0
2735,0.823,0,240,0,0,0,0,0,83,0,152,26,5,0,0,0
2736,6.647,0,240,0,0,0,0,0,83,0,152,26,5,0,0,0
2737,25.204,0,240,0,0,0,0,0,83,0,152,26,5,0,0,0
2738,0.838,0,240,0,0,0,0,0,83,0,152,26,5,0,0,0
2739,0.682,0,240,0,0,0,0,0,83,0,152,26,5,0,0,0
2740,6.710,0,240,0,0,0,0,0,83,0,152,26,5,0,0,0
2741,25.038,0,240,0,0,0,1,0,83,0,152,26,5,0,0,0
2742,0.823,0,240,0,0,0,0,0,83,0,152,26,5,0,0,0
2743,2.031,0,240,0,0,0,0,0,83,0,152,26,5,0,0,0
2744,5.309,0,240,0,0,0,0,0,83,0,152,26,5,0,0,0
2745,25.321,0,240,0,0,0,0,0,83,0,152,26,5,0,0,0
2746,0.980,0,240,0,0,0,0,0,83,0,152,26,5,0,0,0
2747,0.862,0,240,0,0,0,0,0,83,0,152,26,5,0,0,0
2748,6.247,0,240,0,0,0,0,0,83,0,152,26,5,0,0,0
2749,25.134,0,240,0,0,0,0,0,83,0,152,26,5,0,0,0
2750,0.890,0,240,0,0,0,0,0,83,0,152,26,5,0,0,0
2751,0.946,0,240,0,0,0,0,0,83,0,152,26,5,0,0,0
2752,6.259,0,240,0,0,0,0,0,83,0,152,26,5,0,0,0
2753,25.182,0,240,0,0,0,0,0,83,0,152,26,5,0,0,0
2754,0.926,0,240,0,0,0,0,0,83,0,152,26,5,0,0,0
2755,0.795,0,240,0,0,0,0,0,83,0,152,26,5,0,0,0
2756,6.448,0,240,0,0,0,0,0,83,0,152,26,5,0,0,0
2757,25.064,0,240,0,0,0,1,0,83,0,152,26,5,0,0,0
2758,0.785,0,240,0,0,0,0,0,83,0,152,26,5,0,0,0
2759,0.859,0,240,0,0,0,0,0,83,0,152,26,5,0,0,0
2760,6.632,0,240,0,0,0,0,0,83,0,152,26,5,0,0,0
2761,25.191,0,240,0,0,0,1,0,83,0,152,26,5,0,0,0
2762,0.829,0,240,0,0,0,0,0,83,0,152,26,5,0,0,0
2763,0.625,0,240,0,0,0,0,0,83,0,152,26,5,0,0,0
2764,6.829,0,240,0,0,0,0,0,83,0,152,26,5,0,0,0
2765,25.000,0,240,0,0,0,1,0,84,0,151,26,5,0,0,0
2766,0.952,0,240,0,0,0,0,0,84,0,151,26,5,0,0,0
2767,1.867,0,240,0,0,0,0,0,84,0,151,26,5,0,0,0
2768,5.409,0,240,0,0,0,0,0,84,0,151,26,5,0,0,0
2769,25.236,0,240,0,0,0,1,0,84,0,151,26,5,0,0,0
2770,0.773,0,240,0,0,0,0,0,84,0,151,26,5,0,0,0
2771,0.634,0,240,0,0,0,0,0,84,0,151,26,5,0,0,0
2772,6.651,0,240,0,0,0,0,0,84,0,151,26,5,0,0,0
2773,25.118,0,240,0,0,0,1,0,84,0,151,26,5,0,0,0
2774,0.815,0,240,0,0,0,0,0,84,0,151,26,5,0,0,0
2775,0.643,0,240,0,0,0,0,0,84,0,151,26,5,0,0,0
2776,6.831,0,240,0,0,0,0,0,84,0,151,26,5,0,0,0
2777,25.089,0,240,0,0,0,0,0,84,0,151,26,5,0,0,0
2778,0.828,0,240,0,0,0,0,0,84,0,151,26,5,0,0,0
2779,0.757,0,240,0,0,0,0,0,84,0,151,26,5,0,0,0
2780,6.880,0,240,0,0,0,0,0,84,0,151,26,5,0,0,0
2781,24.779,0,240,0,0,0,0,0,84,0,151,26,5,0,0,0
2782,0.750,0,240,0,0,0,0,0,84,0,151,26,5,0,0,0
2783,0.700,0,240,0,0,0,0,0,84,0,151,26,5,0,0,0
2784,6.815,0,240,0,0,0,0,0,84,0,151,26,5,0,0,0
2785,25.157,0,240,0,0,0,0,0,84,0,151,26,5,0,0,0
2786,0.788,0,240,0,0,0,0,0,84,0,151,26,5,0,0,0
2787,0.688,0,240,0,0,0,0,0,84,0,151,26,5,0,0,0
2788,6.670,0,240,0,0,0,0,0,84,0,151,26,5,0,0,0
2789,25.171,0,240,0,0,0,1,0,85,0,150,26,5,0,0,0
2790,0.791,0,240,0,0,0,0,0,85,0,150,26,5,0,0,0
2791,2.267,0,240,0,0,0,0,0,85,0,150,26,5,0,0,0
2792,5.042,0,240,0,0,0,0,0,85,0,150,26,5,0,0,0
2793,25.363,0,240,0,0,0,0,0,85,0,150,26,5,0,0,0
2794,0.917,0,240,0,0,0,0,0,85,0,150,26,5,0,0,0
2795,0.679,0,240,0,0,0,0,0,85,0,150,26,5,0,0,0
2796,6.457,0,240,0,0,0,0,0,85,0,150,26,5,0,0,0
2797,25.033,0,240,0,0,0,0,0,85,0,150,26,5,0,0,0
2798,0.795,0,240,0,0,0,0,0,85,0,150,26,5,0,0,0
2799,0.716,0,240,0,0,0,0,0,85,0,150,26,5,0,0,0
2800,6.815,0,240,0,0,0,0,0,85,0,150,26,5,0,0,0
2801,25.127,0,240,0,0,0,0,0,85,0,150,26,5,0,0,0
2802,0.915,0,240,0,0,0,0,0,85,0,150,26,5,0,0,0
2803,0.671,0,240,0,0,0,0,0,85,0,150,26,5,0,0,0
2804,6.782,0,240,0,0,0,0,0,85,0,150,26,5,0,0,0
2805,24.941,0,240,0,0,0,1,0,86,0,149,26,5,0,0,0
2806,0.835,0,240,0,0,0,0,0,86,0,149,26,5,0,0,0
2807,0.731,0,240,0,0,0,0,0,86,0,149,26,5,0,0,0
2808,7.050,0,240,0,0,0,1,0,87,0,148,26,5,0,0,0
2809,24.714,0,240,0,0,0,0,0,87,0,148,26,5,0,0,0
2810,0.900,0,240,0,0,0,0,0,87,0,148,26,5,0,0,0
2811,0.638,0,240,0,0,0,0,0,87,0,148,26,5,0,0,0
2812,6.652,0,240,0,0,0,0,0,87,0,148,26,5,0,0,0
2813,25.116,0,240,0,0,0,0,0,87,0,148,26,5,0,0,0
2814,1.003,0,240,0,0,0,0,0,87,0,148,26,5,0,0,0
2815,0.814,0,240,0,0,0,0,0,87,0,148,26,5,0,0,0
2816,6.381,0,240,0,0,0,0,0,87,0,148,26,5,0,0,0
2817,25.259,0,240,0,0,0,1,0,88,0,147,26,5,0,0,0
2818,0.843,0,240,0,0,0,0,0,88,0,147,26,5,0,0,0
2819,0.964,0,240,0,0,0,0,0,88,0,147,26,5,0,0,0
2820,6.330,0,240,0,0,0,0,0,88,0,147,26,5,0,0,0
2821,25.097,0,240,0,0,0,0,0,88,0,147,26,5,0,0,0
2822,0.805,0,240,0,0,0,0,0,88,0,147,26,5,0,0,0
2823,0.699,0,240,0,0,0,0,0,88,0,147,26,5,0,0,0
2824,6.712,0,240,0,0,0,0,0,88,0,147,26,5,0,0,0
2825,25.089,0,240,0,0,0,0,0,88,0,147,26,5,0,0,0
2826,0.825,0,240,0,0,0,0,0,88,0,147,26,5,0,0,0
2827,0.737,0,240,0,0,0,0,0,88,0,147,26,5,0,0,0
2828,6.873,0,240,0,0,0,0,0,88,0,147,26,5,0,0,0
2829,24.951,0,240,0,0,0,1,0,89,0,146,26,5,0,0,0
2830,0.856,0,240,0,0,0,0,0,89,0,146,26,5,0,0,0
2831,0.924,0,240,0,0,0,1,0,90,0,145,26,5,0,0,0
2832,6.583,0,240,0,0,0,0,0,90,0,145,26,5,0,0,0
2833,24.933,0,240,0,0,0,0,0,90,0,145,26,5,0,0,0
2834,0.891,0,240,0,0,0,0,0,90,0,145,26,5,0,0,0
2835,0.703,0,240,0,0,0,0,0,90,0,145,26,5,0,0,0
2836,6.718,0,240,0,0,0,0,0,90,0,145,26,5,0,0,0
2837,24.918,0,240,0,0,0,0,0,90,0,145,26,5,0,0,0
2838,0.778,0,240,0,0,0,0,0,90,0,145,26,5,0,0,0
2839,0.642,0,240,0,0,0,0,0,90,0,145,26,5,0,0,0
2840,6.867,0,240,0,0,0,0,0,90,0,145,26,5,0,0,0
2841,25.078,0,240,0,0,0,1,0,91,0,144,26,5,0,0,0
2842,0.872,0,240,0,0,0,0,0,91,0,144,26,5,0,0,0
2843,0.760,0,240,0,0,0,0,0,91,0,144,26,5,0,0,0
2844,6.531,0,240,0,0,0,0,0,91,0,144,26,5,0,0,0
2845,25.174,0,240,0,0,0,0,0,91,0,144,26,5,0,0,0
2846,0.801,0,240,0,0,0,0,0,91,0,144,26,5,0,0,0
2847,0.644,0,240,0,0,0,0,0,91,0,144,26,5,0,0,0
2848,6.743,0,240,0,0,0,0,0,91,0,144,26,5,0,0,0
2849,25.175,0,240,0,0,0,0,0,91,0,144,26,5,0,0,0
2850,0.860,0,240,0,0,0,0,0,91,0,144,26,5,0,0,0
2851,0.759,0,240,0,0,0,0,0,91,0,144,26,5,0,0,0
2852,6.565,0,240,0,0,0,0,0,91,0,144,26,5,0,0,0
2853,25.166,0,240,0,0,0,1,0,92,0,143,26,5,0,0,0
2854,0.695,0,240,0,0,0,0,0,92,0,143,26,5,0,0,0
2855,1.069,0,240,0,0,0,0,0,92,0,143,26,5,0,0,0
2856,6.366,0,240,0,0,0,0,0,92,0,143,26,5,0,0,0
2857,25.240,0,240,0,0,0,0,0,92,0,143,26,5,0,0,0
2858,0.831,0,240,0,0,0,0,0,92,0,143,26,5,0,0,0
2859,0.963,0,240,0,0,0,0,0,92,0,143,26,5,0,0,0
2860,6.466,0,240,0,0,0,0,0,92,0,143,26,5,0,0,0
2861,25.005,0,240,0,0,0,1,0,93,0,142,26,5,0,0,0
2862,0.819,0,240,0,0,0,0,0,93,0,142,26,5,0,0,0
2863,1.629,0,240,0,0,0,0,0,93,0,142,26,5,0,0,0
2864,5.687,0,240,0,0,0,0,0,93,0,142,26,5,0,0,0
2865,25.256,0,240,0,0,0,0,0,93,0,142,26,5,0,0,0
2866,0.793,0,240,0,0,0,0,0,93,0,142,26,5,0,0,0
2867,0.649,0,240,0,0,0,0,0,93,0,142,26,5,0,0,0
2868,6.622,0,240,0,0,0,0,0,93,0,142,26,5,0,0,0
2869,25.207,0,240,0,0,0,1,0,94,0,141,26,5,0,0,0
2870,0.821,0,240,0,0,0,0,0,94,0,141,26,5,0,0,0
2871,0.907,0,240,0,0,0,0,0,94,0,141,26,5,0,0,0
2872,6.531,0,240,0,0,0,1,0,95,0,140,26,5,0,0,0
2873,25.069,0,240,0,0,0,0,0,95,0,140,26,5,0,0,0
2874,0.912,0,240,0,0,0,0,0,95,0,140,26,5,0,0,0
2875,0.662,0,240,0,0,0,0,0,95,0,140,26,5,0,0,0
2876,6.596,0,240,0,0,0,0,0,95,0,140,26,5,0,0,0
2877,25.193,0,240,0,0,0,0,0,95,0,140,26,5,0,0,0
2878,0.773,0,240,0,0,0,0,0,95,0,140,26,5,0,0,0
2879,0.771,0,240,0,0,0,0,0,95,0,140,26,5,0,0,0
2880,6.661,0,240,0,0,0,0,0,95,0,140,26,5,0,0,0
2881,25.145,0,240,0,0,0,0,0,95,0,140,26,5,0,0,0
2882,1.058,0,240,0,0,0,0,0,95,0,140,26,5,0,0,0
2883,0.743,0,240,0,0,0,0,0,95,0,140,26,5,0,0,0
2884,6.267,0,240,0,0,0,0,0,95,0,140,26,5,0,0,0
2885,25.163,0,240,0,0,0,0,0,95,0,140,26,5,0,0,0
2886,0.805,0,240,0,0,0,0,0,95,0,140,26,5,0,0,0
2887,1.302,0,240,0,0,0,0,0,95,0,140,26,5,0,0,0
2888,6.047,0,240,0,0,0,0,0,95,0,140,26,5,0,0,0
2889,25.192,0,240,0,0,0,0,0,95,0,140,26,5,0,0,0
2890,0.815,0,240,0,0,0,0,0,95,0,140,26,5,0,0,0
2891,0.589,0,240,0,0,0,0,0,95,0,140,26,5,0,0,0
2892,6.767,0,240,0,0,0,0,0,95,0,140,26,5,0,0,0
2893,25.213,0,240,0,0,0,0,0,95,0,140,26,5,0,0,0
2894,0.861,0,240,0,0,0,0,0,95,0,140,26,5,0,0,0
2895,0.612,0,240,0,0,0,0,0,95,0,140,26,5,0,0,0
2896,6.653,0,240,0,0,0,0,0,95,0,140,26,5,0,0,0
2897,25.320,0,240,0,0,0,0,0,95,0,140,26,5,0,0,0
2898,0.866,0,240,0,0,0,0,0,95,0,140,26,5,0,0,0
2899,0.864,0,240,0,0,0,0,0,95,0,140,26,5,0,0,0
2900,6.372,0,240,0,0,0,0,0,95,0,140,26,5,0,0,0
2901,25.142,0,240,0,0,0,0,0,95,0,140,26,5,0,0,0
2902,0.884,0,240,0,0,0,0,0,95,0,140,26,5,0,0,0
2903,0.676,0,240,0,0,0,0,0,95,0,140,26,5,0,0,0
2904,6.533,0,240,0,0,0,0,0,95,0,140,26,5,0,0,0
2905,25.179,0,240,0,0,0,2,0,97,0,138,26,5,0,0,0
2906,0.885,0,240,0,0,0,0,0,97,0,138,26,5,0,0,0
2907,0.788,0,240,0,0,0,0,0,97,0,138,26,5,0,0,0
2908,6.657,0,240,0,0,0,0,0,97,0,138,26,5,0,0,0
2909,25.302,0,240,0,0,0,0,0,97,0,138,26,5,0,0,0
2910,0.899,0,240,0,0,0,0,0,97,0,138,26,5,0,0,0
2911,1.791,0,240,0,0,0,0,0,97,0,138,26,5,0,0,0
2912,5.103,0,240,0,0,0,0,0,97,0,138,26,5,0,0,0
2913,25.223,0,240,0,0,0,0,0,97,0,138,26,5,0,0,0
2914,1.081,0,240,0,0,0,0,0,97,0,138,26,5,0,0,0
2915,1.289,0,240,0,0,0,0,0,97,0,138,26,5,0,0,0
2916,5.865,0,240,0,0,0,0,0,97,0,138,26,5,0,0,0
2917,25.059,0,240,0,0,0,0,0,97,0,138,26,5,0,0,0
2918,0.932,0,240,0,0,0,0,0,97,0,138,26,5,0,0,0
2919,0.624,0,240,0,0,0,0,0,97,0,138,26,5,0,0,0
2920,6.580,0,240,0,0,0,0,0,97,0,138,26,5,0,0,0
2921,25.259,0,240,0,0,0,0,0,97,0,138,26,5,0,0,0
2922,0.851,0,240,0,0,0,0,0,97,0,138,26,5,0,0,0
2923,0.629,0,240,0,0,0,0,0,97,0,138,26,5,0,0,0
2924,6.699,0,240,0,0,0,0,0,97,0,138,26,5,0,0,0
2925,25.144,0,240,0,0,0,0,0,97,0,138,26,5,0,0,0
2926,0.967,0,240,0,0,0,0,0,97,0,138,26,5,0,0,0
2927,0.638,0,240,0,0,0,0,0,97,0,138,26,5,0,0,0
2928,6.619,0,240,0,0,0,0,0,97,0,138,26,5,0,0,0
2929,25.141,0,240,0,0,0,0,0,97,0,138,26,5,0,0,0
2930,0.897,0,240,0,0,0,0,0,97,0,138,26,5,0,0,0
2931,0.664,0,240,0,0,0,0,0,97,0,138,26,5,0,0,0
2932,6.624,0,240,0,0,0,0,0,97,0,138,26,5,0,0,0
2933,24.973,0,240,0,0,0,0,0,97,0,138,26,5,0,0,0
2934,0.804,0,240,0,0,0,0,0,97,0,138,26,5,0,0,0
2935,0.884,0,240,0,0,0,0,0,97,0,138,26,5,0,0,0
2936,6.685,0,240,0,0,0,0,0,97,0,138,26,5,0,0,0
2937,25.125,0,240,0,0,0,0,0,97,0,138,26,5,0,0,0
2938,0.874,0,240,0,0,0,0,0,97,0,138,26,5,0,0,0
2939,0.656,0,240,0,0,0,0,0,97,0,138,26,5,0,0,0
2940,6.583,0,240,0,0,0,0,0,97,0,138,26,5,0,0,0
2941,25.278,0,240,0,0,0,0,0,97,0,138,26,5,0,0,0
2942,0.816,0,240,0,0,0,0,0,97,0,138,26,5,0,0,0
2943,0.677,0,240,0,0,0,0,0,97,0,138,26,5,0,0,0
2944,6.473,0,240,0,0,0,0,0,97,0,138,26,5,0,0,0
2945,25.253,0,240,0,0,0,1,0,97,0,138,26,5,0,0,0
2946,0.811,0,240,0,0,0,0,0,97,0,138,26,5,0,0,0
2947,0.750,0,240,0,0,0,0,0,97,0,138,26,5,0,0,0
2948,6.726,0,240,0,0,0,0,0,97,0,138,26,5,0,0,0
2949,25.135,0,240,0,0,0,1,0,98,0,137,26,5,0,0,0
2950,0.790,0,240,0,0,0,0,0,98,0,137,26,5,0,0,0
2951,0.834,0,240,0,0,0,0,0,98,0,137,26,5,0,0,0
2952,6.684,0,240,0,0,0,0,0,98,0,137,26,5,0,0,0
2953,24.910,0,240,0,0,0,0,0,98,0,137,26,5,0,0,0
2954,1.059,0,240,0,0,0,0,0,98,0,137,26,5,0,0,0
2955,0.665,0,240,0,0,0,0,0,98,0,137,26,5,0,0,0
2956,6.665,0,240,0,0,0,0,0,98,0,137,26,5,0,0,0
2957,24.959,0,240,0,0,0,0,0,98,0,137,26,5,0,0,0
2958,1.033,0,240,0,0,0,0,0,98,0,137,26,5,0,0,0
2959,0.678,0,240,0,0,0,0,0,98,0,137,26,5,0,0,0
2960,6.513,0,240,0,0,0,0,0,98,0,137,26,5,0,0,0
2961,25.217,0,240,0,0,0,0,0,98,0,137,26,5,0,0,0
2962,0.931,0,240,0,0,0,0,0,98,0,137,26,5,0,0,0
2963,1.921,0,240,0,0,0,0,0,98,0,137,26,5,0,0,0
2964,5.217,0,240,0,0,0,0,0,98,0,137,26,5,0,0,0
2965,25.148,0,240,0,0,0,0,0,98,0,136,26,7,0,0,0
2966,0.767,0,240,0,0,0,0,0,98,0,136,26,7,0,0,0
2967,0.822,0,240,0,0,0,0,0,98,0,136,26,7,0,0,0
2968,6.586,0,240,0,0,0,0,0,98,0,136,26,7,0,0,0
2969,25.129,0,240,0,0,0,0,0,98,0,136,26,7,0,0,0
2970,0.835,0,240,0,0,0,0,0,98,0,136,26,7,0,0,0
2971,0.772,0,240,0,0,0,0,0,98,0,136,26,7,0,0,0
2972,6.682,0,240,0,0,0,0,0,98,0,136,26,7,0,0,0
2973,25.808,0,240,0,0,0,0,0,98,0,136,26,7,0,0,0
2974,0.939,0,240,0,0,0,0,0,98,0,136,26,7,0,0,0
2975,0.752,0,240,0,0,0,0,0,98,0,136,26,7,0,0,0
2976,5.876,0,240,0,0,0,0,0,98,0,136,26,7,0,0,0
2977,24.930,0,240,0,0,0,0,0,98,0,136,26,7,0,0,0
2978,0.765,0,240,0,0,0,0,0,98,0,136,26,7,0,0,0
2979,0.759,0,240,0,0,0,0,0,98,0,136,26,7,0,0,0
2980,6.873,0,240,0,0,0,0,0,98,0,136,26,8,0,0,0
2981,24.975,0,240,0,0,0,0,0,98,0,136,26,8,0,0,0
2982,0.811,0,240,0,0,0,0,0,98,0,136,26,8,0,0,0
2983,0.590,0,240,0,0,0,0,0,98,0,136,26,8,0,0,0
2984,6.857,0,240,0,0,0,1,0,99,0,135,26,8,0,0,0
2985,26.617,0,240,0,0,0,0,0,99,0,135,26,8,0,0,0
2986,0.991,0,240,0,0,0,0,0,99,0,135,26,8,0,0,0
2987,0.962,0,240,0,0,0,0,0,99,0,135,26,8,0,0,0
2988,4.653,0,240,0,0,0,0,0,99,0,135,26,8,0,0,0
2989,25.304,0,240,0,0,0,1,0,99,0,135,26,8,0,0,0
2990,0.855,0,240,0,0,0,0,0,99,0,135,26,8,0,0,0
2991,0.744,0,240,0,0,0,0,0,99,0,135,26,8,0,0,0
2992,6.450,0,240,0,0,0,0,0,99,0,135,26,8,0,0,0
2993,25.185,0,240,0,0,0,1,0,99,0,135,26,8,0,0,0
2994,1.024,0,240,0,0,0,0,0,99,0,135,26,8,0,0,0
2995,0.657,0,240,0,0,0,0,0,99,0,135,26,8,0,0,0
2996,6.666,0,240,0,0,0,0,0,99,0,135,26,8,0,0,0
2997,25.059,0,240,0,0,0,1,0,99,0,135,26,8,0,0,0
2998,0.800,0,240,0,0,0,0,0,99,0,135,26,8,0,0,0
2999,0.648,0,240,0,0,0,0,0,99,0,135,26,8,0,0,0
3000,6.629,0,240,0,0,0,0,0,99,0,135,26,8,0,0,0
3001,25.209,0,240,0,0,0,1,0,99,0,135,26,8,0,0,0
3002,0.854,0,240,0,0,0,0,0,99,0,135,26,8,0,0,0
3003,0.678,0,240,0,0,0,0,0,99,0,135,26,8,0,0,0
3004,6.667,0,240,0,0,0,0,0,99,0,135,26,8,0,0,0
3005,25.058,0,240,0,0,0,0,0,99,0,135,26,8,0,0,0
3006,0.864,0,240,0,0,0,0,0,99,0,135,26,8,0,0,0
3007,0.673,0,240,0,0,0,0,0,99,0,135,26,8,0,0,0
3008,6.751,0,240,0,0,0,0,0,99,0,135,26,8,0,0,0
3009,25.179,0,240,0,0,0,0,0,99,0,135,26,8,0,0,0
3010,1.091,0,240,0,0,0,0,0,99,0,135,26,8,0,0,0
3011,0.657,0,240,0,0,0,0,0,99,0,135,26,8,0,0,0
3012,6.408,0,240,0,0,0,0,0,99,0,135,26,8,0,0,0
3013,25.170,0,240,0,0,0,0,0,99,0,135,26,8,0,0,0
3014,0.972,0,240,0,0,0,0,0,99,0,135,26,8,0,0,0
3015,0.956,0,240,0,0,0,0,0,99,0,135,26,8,0,0,0
3016,6.114,0,240,0,0,0,0,0,99,0,135,26,8,0,0,0
3017,25.262,0,240,0,0,0,0,0,99,0,135,26,8,0,0,0
3018,0.751,0,240,0,0,0,0,0,99,0,135,26,8,0,0,0
3019,0.762,0,240,0,0,0,0,0,99,0,135,26,8,0,0,0
3020,6.737,0,240,0,0,0,0,0,99,0,135,26,8,0,0,0
3021,25.046,0,240,0,0,0,1,0,99,0,134,26,9,0,0,0
3022,0.746,0,240,0,0,0,0,0,99,0,134,26,9,0,0,0
3023,0.869,0,240,0,0,0,0,0,99,0,134,26,9,0,0,0
3024,6.471,0,240,0,0,0,0,0,99,0,134,26,9,0,0,0
3025,25.200,0,240,0,0,0,0,0,99,0,134,26,10,0,0,0
3026,0.850,0,240,0,0,0,0,0,99,0,134,26,10,0,0,0
3027,0.647,0,240,0,0,0,0,0,99,0,134,26,10,0,0,0
3028,6.834,0,240,0,0,0,0,0,99,0,134,26,10,0,0,0
3029,25.043,0,240,0,0,0,0,0,99,0,134,26,10,0,0,0
3030,0.895,0,240,0,0,0,0,0,99,0,134,26,10,0,0,0
3031,0.886,0,240,0,0,0,0,0,99,0,134,26,10,0,0,0
3032,6.568,0,240,0,0,0,0,0,99,0,134,26,10,0,0,0
3033,24.898,0,240,0,0,0,0,0,99,0,134,26,10,0,0,0
3034,0.809,0,240,0,0,0,0,0,99,0,134,26,10,0,0,0
3035,0.714,0,240,0,0,0,0,0,99,0,134,26,10,0,0,0
3036,6.977,0,240,0,0,0,0,0,99,0,134,26,10,0,0,0
3037,24.991,0,240,0,0,0,0,0,99,0,134,26,10,0,0,0
3038,0.963,0,240,0,0,0,0,0,99,0,134,26,10,0,0,0
3039,0.952,0,240,0,0,0,0,0,99,0,134,26,10,0,0,0
3040,6.243,0,240,0,0,0,0,0,99,0,134,26,10,0,0,0
3041,25.155,0,240,0,0,0,0,0,99,0,134,26,10,0,0,0
3042,0.729,0,240,0,0,0,0,0,99,0,134,26,10,0,0,0
3043,0.723,0,240,0,0,0,0,0,99,0,134,26,10,0,0,0
3044,6.770,0,240,0,0,0,0,0,99,0,134,26,10,0,0,0
3045,25.165,0,240,0,0,0,2,0,101,0,132,26,10,0,0,0
3046,0.775,0,240,0,0,0,0,0,101,0,132,26,10,0,0,0
3047,0.966,0,240,0,0,0,0,0,101,0,132,26,10,0,0,0
3048,6.319,0,240,0,0,0,0,0,101,0,132,26,10,0,0,0
3049,25.164,0,240,0,0,0,0,0,101,0,132,26,10,0,0,0
3050,0.980,0,240,0,0,0,0,0,101,0,132,26,10,0,0,0
3051,0.576,0,240,0,0,0,0,0,101,0,132,26,10,0,0,0
3052,6.715,0,240,0,0,0,0,0,101,0,132,26,10,0,0,0
3053,25.017,0,240,0,0,0,0,0,101,0,132,26,10,0,0,0
3054,0.889,0,240,0,0,0,0,0,101,0,132,26,10,0,0,0
3055,0.589,0,240,0,0,0,0,0,101,0,132,26,10,0,0,0
3056,6.862,0,240,0,0,0,0,0,101,0,132,26,10,0,0,0
3057,25.009,0,240,0,0,0,1,0,102,0,131,26,10,0,0,0
3058,0.835,0,240,0,0,0,0,0,102,0,131,26,10,0,0,0
3059,1.626,0,240,0,0,0,0,0,102,0,131,26,10,0,0,0
3060,5.879,0,240,0,0,0,1,0,103,0,130,26,10,0,0,0
3061,24.970,0,240,0,0,0,1,0,104,0,129,26,10,0,0,0
3062,1.014,0,240,0,0,0,0,0,104,0,129,26,10,0,0,0
3063,0.778,0,240,0,0,0,0,0,104,0,129,26,10,0,0,0
3064,6.443,0,240,0,0,0,0,0,104,0,129,26,10,0,0,0
3065,25.086,0,240,0,0,0,0,0,104,0,129,26,10,0,0,0
3066,0.787,0,240,0,0,0,0,0,104,0,129,26,10,0,0,0
3067,0.739,0,240,0,0,0,0,0,104,0,129,26,10,0,0,0
3068,6.725,0,240,0,0,0,0,0,104,0,129,26,10,0,0,0
3069,25.104,0,240,0,0,0,0,0,104,0,129,26,10,0,0,0
3070,0.947,0,240,0,0,0,0,0,104,0,129,26,10,0,0,0
3071,0.649,0,240,0,0,0,0,0,104,0,129,26,10,0,0,0
3072,6.716,0,240,0,0,0,0,0,104,0,129,26,10,0,0,0
3073,25.096,0,240,0,0,0,0,0,104,0,129,26,10,0,0,0
3074,0.806,0,240,0,0,0,0,0,104,0,129,26,10,0,0,0
3075,0.693,0,240,0,0,0,0,0,104,0,129,26,10,0,0,0
3076,6.686,0,240,0,0,0,0,0,104,0,129,26,10,0,0,0
3077,25.004,0,240,0,0,0,0,0,104,0,129,26,10,0,0,0
3078,0.857,0,240,0,0,0,0,0,104,0,129,26,10,0,0,0
3079,0.777,0,240,0,0,0,0,0,104,0,129,26,10,0,0,0
3080,6.788,0,240,0,0,0,0,0,104,0,129,26,10,0,0,0
3081,25.028,0,240,0,0,0,0,0,104,0,129,26,10,0,0,0
3082,0.912,0,240,0,0,0,0,0,104,0,129,26,10,0,0,0
3083,0.903,0,240,0,0,0,0,0,104,0,129,26,10,0,0,0
3084,6.368,0,240,0,0,0,0,0,104,0,129,26,10,0,0,0
3085,25.178,0,240,0,0,0,1,0,105,0,128,26,10,0,0,0
3086,0.831,0,240,0,0,0,0,0,105,0,128,26,10,0,0,0
3087,0.813,0,240,0,0,0,0,0,105,0,128,26,10,0,0,0
3088,6.348,0,240,0,0,0,0,0,105,0,128,26,10,0,0,0
3089,25.340,0,240,0,0,0,0,0,105,0,128,26,10,0,0,0
3090,0.860,0,240,0,0,0,0,0,105,0,128,26,10,0,0,0
3091,0.600,0,240,0,0,0,0,0,105,0,128,26,10,0,0,0
3092,6.631,0,240,0,0,0,0,0,105,0,128,26,10,0,0,0
3093,25.209,0,240,0,0,0,0,0,105,0,128,26,10,0,0,0
3094,0.915,0,240,0,0,0,0,0,105,0,128,26,10,0,0,0
3095,0.669,0,240,0,0,0,0,0,105,0,128,26,10,0,0,0
3096,6.749,0,240,0,0,0,0,0,105,0,128,26,10,0,0,0
3097,25.001,0,240,0,0,0,0,0,105,0,128,26,10,0,0,0
3098,0.876,0,240,0,0,0,0,0,105,0,128,26,10,0,0,0
3099,0.707,0,240,0,0,0,0,0,105,0,128,26,10,0,0,0
3100,6.542,0,240,0,0,0,0,0,105,0,128,26,10,0,0,0
3101,25.138,0,240,0,0,0,0,0,105,0,128,26,10,0,0,0
3102,0.852,0,240,0,0,0,0,0,105,0,128,26,10,0,0,0
3103,0.772,0,240,0,0,0,0,0,105,0,128,26,10,0,0,0
3104,6.547,0,240,0,0,0,0,0,105,0,128,26,10,0,0,0
3105,25.246,0,240,0,0,0,0,0,105,0,128,26,10,0,0,0
3106,0.795,0,240,0,0,0,0,0,105,0,128,26,10,0,0,0
3107,1.418,0,240,0,0,0,0,0,105,0,128,26,10,0,0,0
3108,5.882,0,240,0,0,0,0,0,105,0,128,26,10,0,0,0
3109,25.167,0,240,0,0,0,0,0,105,0,128,26,10,0,0,0
3110,0.878,0,240,0,0,0,0,0,105,0,128,26,10,0,0,0
3111,0.645,0,240,0,0,0,0,0,105,0,128,26,10,0,0,0
3112,6.639,0,240,0,0,0,0,0,105,0,128,26,10,0,0,0
3113,25.237,0,240,0,0,0,0,0,105,0,128,26,10,0,0,0
3114,0.779,0,240,0,0,0,0,0,105,0,128,26,10,0,0,0
3115,0.604,0,240,0,0,0,0,0,105,0,128,26,10,0,0,0
3116,6.854,0,240,0,0,0,0,0,105,0,128,26,10,0,0,0
3117,25.027,0,240,0,0,0,0,0,105,0,128,26,10,0,0,0
3118,0.773,0,240,0,0,0,0,0,105,0,128,26,10,0,0,0
3119,0.745,0,240,0,0,0,0,0,105,0,128,26,10,0,0,0
3120,6.938,0,240,0,0,0,1,0,106,0,127,26,10,0,0,0
3121,24.925,0,240,0,0,0,1,0,107,0,126,26,10,0,0,0
3122,0.947,0,240,0,0,0,0,0,107,0,126,26,10,0,0,0
3123,0.792,0,240,0,0,0,0,0,107,0,126,26,10,0,0,0
3124,6.506,0,240,0,0,0,0,0,107,0,126,26,10,0,0,0
3125,24.965,0,240,0,0,0,1,0,108,0,125,26,10,0,0,0
3126,0.758,0,240,0,0,0,0,0,108,0,125,26,10,0,0,0
3127,1.118,0,240,0,0,0,0,0,108,0,125,26,10,0,0,0
3128,6.360,0,240,0,0,0,0,0,108,0,125,26,10,0,0,0
3129,25.187,0,240,0,0,0,0,0,108,0,125,26,10,0,0,0
3130,0.786,0,240,0,0,0,0,0,108,0,125,26,10,0,0,0
3131,1.674,0,240,0,0,0,0,0,108,0,125,26,10,0,0,0
3132,5.727,0,240,0,0,0,0,0,108,0,125,26,10,0,0,0
3133,25.134,0,240,0,0,0,0,0,108,0,125,26,10,0,0,0
3134,0.905,0,240,0,0,0,0,0,108,0,125,26,10,0,0,0
3135,0.723,0,240,0,0,0,0,0,108,0,125,26,10,0,0,0
3136,6.544,0,240,0,0,0,0,0,108,0,125,26,10,0,0,0
3137,25.247,0,240,0,0,0,0,0,108,0,125,26,10,0,0,0
3138,0.923,0,240,0,0,0,0,0,108,0,125,26,10,0,0,0
3139,0.670,0,240,0,0,0,0,0,108,0,125,26,10,0,0,0
3140,6.691,0,240,0,0,0,0,0,108,0,125,26,10,0,0,0
3141,25.001,0,240,0,0,0,0,0,108,0,125,26,10,0,0,0
3142,0.870,0,240,0,0,0,0,0,108,0,125,26,10,0,0,0
3143,0.659,0,240,0,0,0,0,0,108,0,125,26,10,0,0,0
3144,6.584,0,240,0,0,0,0,0,108,0,125,26,10,0,0,0
3145,25.179,0,240,0,0,0,0,0,108,0,125,26,10,0,0,0
3146,0.845,0,240,0,0,0,0,0,108,0,125,26,10,0,0,0
3147,0.612,0,240,0,0,0,0,0,108,0,125,26,10,0,0,0
3148,6.729,0,240,0,0,0,0,0,108,0,125,26,10,0,0,0
3149,25.203,0,240,0,0,0,0,0,108,0,125,26,10,0,0,0
3150,0.873,0,240,0,0,0,0,0,108,0,125,26,10,0,0,0
3151,0.673,0,240,0,0,0,0,0,108,0,125,26,10,0,0,0
3152,6.714,0,240,0,0,0,0,0,108,0,125,26,10,0,0,0
3153,25.008,0,240,0,0,0,0,0,108,0,125,26,10,0,0,0
3154,0.781,0,240,0,0,0,0,0,108,0,125,26,10,0,0,0
3155,0.948,0,240,0,0,0,0,0,108,0,125,26,10,0,0,0
3156,6.427,0,240,0,0,0,0,0,108,0,125,26,10,0,0,0
3157,25.173,0,240,0,0,0,0,0,108,0,125,26,10,0,0,0
3158,0.872,0,240,0,0,0,0,0,108,0,125,26,10,0,0,0
3159,0.763,0,240,0,0,0,0,0,108,0,125,26,10,0,0,0
3160,6.428,0,240,0,0,0,0,0,108,0,125,26,10,0,0,0
3161,25.252,0,240,0,0,0,0,0,108,0,125,26,10,0,0,0
3162,0.794,0,240,0,0,0,0,0,108,0,125,26,10,0,0,0
3163,0.683,0,240,0,0,0,0,0,108,0,125,26,10,0,0,0
3164,6.646,0,240,0,0,0,0,0,108,0,125,26,10,0,0,0
3165,25.207,0,240,0,0,0,0,0,108,0,125,26,10,0,0,0
3166,0.949,0,240,0,0,0,0,0,108,0,125,26,10,0,0,0
3167,0.627,0,240,0,0,0,0,0,108,0,125,26,10,0,0,0
3168,6.614,0,240,0,0,0,0,0,108,0,125,26,10,0,0,0
3169,25.194,0,240,0,0,0,0,0,108,0,125,26,10,0,0,0
3170,0.878,0,240,0,0,0,0,0,108,0,125,26,10,0,0,0
3171,0.657,0,240,0,0,0,0,0,108,0,125,26,10,0,0,0
3172,6.587,0,240,0,0,0,0,0,108,0,125,26,10,0,0,0
3173,25.244,0,240,0,0,0,1,0,109,0,124,26,10,0,0,0
3174,0.771,0,240,0,0,0,0,0,109,0,124,26,10,0,0,0
3175,0.829,0,240,0,0,0,0,0,109,0,124,26,10,0,0,0
3176,6.761,0,240,0,0,0,1,0,110,0,124,26,10,0,0,0
3177,24.953,0,240,0,0,0,0,0,110,0,124,26,10,0,0,0
3178,0.879,0,240,0,0,0,0,0,110,0,124,26,10,0,0,0
3179,0.818,0,240,0,0,0,0,0,110,0,124,26,10,0,0,0
3180,6.520,0,240,0,0,0,0,0,110,0,124,26,10,0,0,0
3181,25.220,0,240,0,0,0,2,0,112,0,122,26,10,0,0,0
3182,0.833,0,240,0,0,0,0,0,112,0,122,26,10,0,0,0
3183,2.608,0,240,0,0,0,0,0,112,0,122,26,10,0,0,0
3184,4.784,0,240,0,0,0,0,0,112,0,122,26,10,0,0,0
3185,24.887,0,240,0,0,0,0,0,112,0,122,26,10,0,0,0
3186,0.804,0,240,0,0,0,0,0,112,0,122,26,10,0,0,0
3187,0.897,0,240,0,0,0,0,0,112,0,122,26,10,0,0,0
3188,6.610,0,240,0,0,0,0,0,112,0,122,26,10,0,0,0
3189,25.027,0,240,0,0,0,0,0,112,0,122,26,10,0,0,0
3190,0.835,0,240,0,0,0,0,0,112,0,122,26,10,0,0,0
3191,0.661,0,240,0,0,0,0,0,112,0,122,26,10,0,0,0
3192,6.811,0,240,0,0,0,0,0,112,0,122,26,10,0,0,0
3193,25.165,0,240,0,0,0,0,0,112,0,122,26,10,0,0,0
3194,0.840,0,240,0,0,0,0,0,112,0,122,26,10,0,0,0
3195,0.697,0,240,0,0,0,0,0,112,0,122,26,10,0,0,0
3196,6.734,0,240,0,0,0,0,0,112,0,122,26,10,0,0,0
3197,24.908,0,240,0,0,0,0,0,112,0,122,26,10,0,0,0
3198,0.800,0,240,0,0,0,0,0,112,0,122,26,10,0,0,0
3199,0.702,0,240,0,0,0,0,0,112,0,122,26,10,0,0,0
3200,6.785,0,240,0,0,0,0,0,112,0,122,26,10,0,0,0
3201,25.068,0,240,0,0,0,0,0,112,0,122,26,10,0,0,0
3202,0.884,0,240,0,0,0,0,0,112,0,122,26,10,0,0,0
3203,0.720,0,240,0,0,0,0,0,112,0,122,26,10,0,0,0
3204,6.706,0,240,0,0,0,0,0,112,0,122,26,10,0,0,0
3205,25.046,0,240,0,0,0,0,0,112,0,122,26,10,0,0,0
3206,0.862,0,240,0,0,0,0,0,112,0,122,26,10,0,0,0
3207,0.855,0,240,0,0,0,0,0,112,0,122,26,10,0,0,0
3208,6.393,0,240,0,0,0,0,0,112,0,122,26,10,0,0,0
3209,25.305,0,240,0,0,0,0,0,112,0,122,26,10,0,0,0
3210,0.901,0,240,0,0,0,0,0,112,0,122,26,10,0,0,0
3211,0.596,0,240,0,0,0,0,0,112,0,122,26,10,0,0,0
3212,6.665,0,240,0,0,0,0,0,112,0,122,26,10,0,0,0
3213,24.999,0,240,0,0,0,0,0,112,0,122,26,10,0,0,0
3214,0.852,0,240,0,0,0,0,0,112,0,122,26,10,0,0,0
3215,0.722,0,240,0,0,0,0,0,112,0,122,26,10,0,0,0
3216,6.923,0,240,0,0,0,0,0,112,0,122,26,10,0,0,0
3217,25.029,0,240,0,0,0,0,0,112,0,122,26,10,0,0,0
3218,0.868,0,240,0,0,0,0,0,112,0,122,26,10,0,0,0
3219,0.618,0,240,0,0,0,0,0,112,0,122,26,10,0,0,0
3220,6.583,0,240,0,0,0,0,0,112,0,122,26,10,0,0,0
3221,25.227,0,240,0,0,0,0,0,112,0,122,26,10,0,0,0
3222,0.802,0,240,0,0,0,0,0,112,0,122,26,10,0,0,0
3223,0.645,0,240,0,0,0,0,0,112,0,122,26,10,0,0,0
3224,6.855,0,240,0,0,0,0,0,112,0,122,26,10,0,0,0
3225,24.838,0,240,0,0,0,0,0,112,0,122,26,10,0,0,0
3226,0.790,0,240,0,0,0,0,0,112,0,122,26,10,0,0,0
3227,0.776,0,240,0,0,0,0,0,112,0,122,26,10,0,0,0
3228,6.777,0,240,0,0,0,0,0,112,0,122,26,10,0,0,0
3229,25.143,0,240,0,0,0,1,0,112,0,122,26,10,0,0,0
3230,0.798,0,240,0,0,0,0,0,112,0,122,26,10,0,0,0
3231,0.820,0,240,0,0,0,0,0,112,0,122,26,10,0,0,0
3232,6.502,0,240,0,0,0,0,0,112,0,122,26,10,0,0,0
3233,25.277,0,240,0,0,0,0,0,112,0,122,26,10,0,0,0
3234,0.867,0,240,0,0,0,0,0,112,0,122,26,10,0,0,0
3235,1.085,0,240,0,0,0,0,0,112,0,122,26,10,0,0,0
3236,6.157,0,240,0,0,0,0,0,112,0,122,26,10,0,0,0
3237,25.097,0,240,0,0,0,0,0,112,0,122,26,10,0,0,0
3238,0.887,0,240,0,0,0,0,0,112,0,122,26,10,0,0,0
3239,0.679,0,240,0,0,0,0,0,112,0,122,26,10,0,0,0
3240,6.537,0,240,0,0,0,0,0,112,0,122,26,10,0,0,0
3241,25.262,0,240,0,0,0,0,0,112,0,122,26,10,0,0,0
3242,0.888,0,240,0,0,0,0,0,112,0,122,26,10,0,0,0
3243,0.659,0,240,0,0,0,0,0,112,0,122,26,10,0,0,0
3244,6.578,0,240,0,0,0,0,0,112,0,122,26,10,0,0,0
3245,25.297,0,240,0,0,0,1,0,112,0,122,26,10,0,0,0
3246,0.801,0,240,0,0,0,0,0,112,0,122,26,10,0,0,0
3247,0.683,0,240,0,0,0,0,0,112,0,122,26,10,0,0,0
3248,6.558,0,240,0,0,0,0,0,112,0,122,26,10,0,0,0
3249,25.110,0,240,0,0,0,1,0,113,0,121,26,10,0,0,0
3250,0.779,0,240,0,0,0,0,0,113,0,121,26,10,0,0,0
3251,0.897,0,240,0,0,0,0,0,113,0,121,26,10,0,0,0
3252,6.731,0,240,0,0,0,0,0,113,0,121,26,10,0,0,0
3253,25.047,0,240,0,0,0,1,0,113,0,121,26,10,0,0,0
3254,0.768,0,240,0,0,0,0,0,113,0,121,26,10,0,0,0
3255,0.948,0,240,0,0,0,0,0,113,0,121,26,10,0,0,0
3256,6.439,0,240,0,0,0,1,0,113,0,121,26,10,0,0,0
3257,25.352,0,240,0,0,0,1,0,114,0,120,26,10,0,0,0
3258,0.955,0,240,0,0,0,0,0,114,0,120,26,10,0,0,0
3259,1.256,0,240,0,0,0,0,0,114,0,120,26,10,0,0,0
3260,6.025,0,240,0,0,0,1,0,114,0,120,26,10,0,0,0
3261,24.930,0,240,0,0,0,1,0,114,0,120,26,10,0,0,0
3262,0.807,0,240,0,0,0,0,0,114,0,120,26,10,0,0,0
3263,0.718,0,240,0,0,0,0,0,114,0,120,26,10,0,0,0
3264,6.525,0,240,0,0,0,0,0,114,0,120,26,10,0,0,0
3265,25.223,0,240,0,0,0,0,0,114,0,120,26,10,0,0,0
3266,0.795,0,240,0,0,0,0,0,114,0,120,26,10,0,0,0
3267,0.673,0,240,0,0,0,0,0,114,0,120,26,10,0,0,0
3268,6.825,0,240,0,0,0,0,0,114,0,120,26,10,0,0,0
3269,25.037,0,240,0,0,0,3,0,115,0,119,26,10,0,0,0
3270,1.044,0,240,0,0,0,0,0,115,0,119,26,10,0,0,0
3271,0.756,0,240,0,0,0,0,0,115,0,119,26,10,0,0,0
3272,6.385,0,240,0,0,0,0,0,115,0,119,26,10,0,0,0
3273,25.084,0,240,0,0,0,0,0,115,0,119,26,10,0,0,0
3274,0.986,0,240,0,0,0,0,0,115,0,119,26,10,0,0,0
3275,0.614,0,240,0,0,0,0,0,115,0,119,26,10,0,0,0
3276,6.835,0,240,0,0,0,0,0,115,0,119,26,10,0,0,0
3277,24.974,0,240,0,0,0,0,0,115,0,119,26,10,0,0,0
3278,0.865,0,240,0,0,0,0,0,115,0,119,26,10,0,0,0
3279,1.845,0,240,0,0,0,0,0,115,0,119,26,10,0,0,0
3280,5.441,0,240,0,0,0,0,0,115,0,119,26,10,0,0,0
3281,25.297,0,240,0,0,0,3,0,115,0,119,26,10,0,0,0
3282,0.899,0,240,0,0,0,0,0,115,0,119,26,10,0,0,0
3283,0.724,0,240,0,0,0,0,0,115,0,119,26,10,0,0,0
3284,6.392,0,240,0,0,0,0,0,115,0,119,26,10,0,0,0
3285,25.126,0,240,0,0,0,0,0,115,0,119,26,10,0,0,0
3286,0.793,0,240,0,0,0,0,0,115,0,119,26,10,0,0,0
3287,0.717,0,240,0,0,0,0,0,115,0,119,26,10,0,0,0
3288,6.769,0,240,0,0,0,0,0,115,0,119,26,10,0,0,0
3289,25.129,0,240,0,0,0,0,0,115,0,119,26,10,0,0,0
3290,0.799,0,240,0,0,0,0,0,115,0,119,26,10,0,0,0
3291,0.678,0,240,0,0,0,0,0,115,0,119,26,10,0,0,0
3292,6.714,0,240,0,0,0,0,0,115,0,119,26,10,0,0,0
3293,25.116,0,240,0,0,0,0,0,115,0,119,26,10,0,0,0
3294,0.771,0,240,0,0,0,0,0,115,0,119,26,10,0,0,0
3295,0.651,0,240,0,0,0,0,0,115,0,119,26,10,0,0,0
3296,6.804,0,240,0,0,0,0,0,115,0,119,26,10,0,0,0
3297,24.985,0,240,0,0,0,0,0,115,0,119,26,10,0,0,0
3298,0.810,0,240,0,0,0,0,0,115,0,119,26,10,0,0,0
3299,0.598,0,240,0,0,0,0,0,115,0,119,26,10,0,0,0
3300,7.005,0,240,0,0,0,0,0,115,0,119,26,10,0,0,0
3301,24.997,0,240,0,0,0,0,0,115,0,119,26,10,0,0,0
3302,0.982,0,240,0,0,0,0,0,115,0,119,26,10,0,0,0
3303,0.703,0,240,0,0,0,0,0,115,0,119,26,10,0,0,0
3304,6.604,0,240,0,0,0,0,0,115,0,119,26,10,0,0,0
3305,25.165,0,240,0,0,0,0,0,115,0,119,26,10,0,0,0
3306,0.807,0,240,0,0,0,0,0,115,0,119,26,10,0,0,0
3307,1.283,0,240,0,0,0,0,0,115,0,119,26,10,0,0,0
3308,5.992,0,240,0,0,0,0,0,115,0,119,26,10,0,0,0
3309,25.213,0,240,0,0,0,0,0,115,0,119,26,10,0,0,0
3310,0.797,0,240,0,0,0,0,0,115,0,119,26,10,0,0,0
3311,0.680,0,240,0,0,0,0,0,115,0,119,26,10,0,0,0
3312,6.612,0,240,0,0,0,0,0,115,0,119,26,10,0,0,0
3313,25.356,0,240,0,0,0,0,0,115,0,119,26,10,0,0,0
3314,0.777,0,240,0,0,0,0,0,115,0,119,26,10,0,0,0
3315,0.609,0,240,0,0,0,0,0,115,0,119,26,10,0,0,0
3316,6.595,0,240,0,0,0,0,0,115,0,119,26,10,0,0,0
3317,25.162,0,240,0,0,0,0,0,115,0,119,26,10,0,0,0
3318,0.821,0,240,0,0,0,0,0,115,0,119,26,10,0,0,0
3319,0.650,0,240,0,0,0,0,0,115,0,119,26,10,0,0,0
3320,6.845,0,240,0,0,0,0,0,115,0,119,26,10,0,0,0
3321,24.905,0,240,0,0,0,0,0,115,0,119,26,10,0,0,0
3322,0.874,0,240,0,0,0,0,0,115,0,119,26,10,0,0,0
3323,0.621,0,240,0,0,0,0,0,115,0,119,26,10,0,0,0
3324,6.837,0,240,0,0,0,0,0,115,0,119,26,10,0,0,0
3325,25.218,0,240,0,0,0,0,0,115,0,119,26,10,0,0,0
3326,0.806,0,240,0,0,0,0,0,115,0,119,26,10,0,0,0
3327,0.644,0,240,0,0,0,0,0,115,0,119,26,10,0,0,0
3328,6.872,0,240,0,0,0,0,0,115,0,119,26,10,0,0,0
3329,24.891,0,240,0,0,0,1,0,115,0,119,26,10,0,0,0
3330,0.929,0,240,0,0,0,0,0,115,0,119,26,10,0,0,0
3331,0.714,0,240,0,0,0,0,0,115,0,119,26,10,0,0,0
3332,6.894,0,240,0,0,0,0,0,115,0,119,26,10,0,0,0
3333,24.903,0,240,0,0,0,0,0,115,0,119,26,10,0,0,0
3334,0.914,0,240,0,0,0,0,0,115,0,119,26,10,0,0,0
3335,0.687,0,240,0,0,0,0,0,115,0,119,26,10,0,0,0
3336,6.773,0,240,0,0,0,0,0,115,0,119,26,10,0,0,0
3337,24.910,0,240,0,0,0,1,0,115,0,119,26,10,0,0,0
3338,0.874,0,240,0,0,0,0,0,115,0,119,26,10,0,0,0
3339,0.790,0,240,0,0,0,0,0,115,0,119,26,10,0,0,0
3340,6.667,0,240,0,0,0,0,0,115,0,119,26,10,0,0,0
3341,25.051,0,240,0,0,0,0,0,115,0,119,26,10,0,0,0
3342,0.868,0,240,0,0,0,0,0,115,0,119,26,10,0,0,0
3343,0.759,0,240,0,0,0,0,0,115,0,119,26,10,0,0,0
3344,6.779,0,240,0,0,0,1,0,115,0,119,26,10,0,0,0
3345,24.878,0,240,0,0,0,0,0,115,0,119,26,10,0,0,0
3346,0.860,0,240,0,0,0,0,0,115,0,119,26,10,0,0,0
3347,0.702,0,240,0,0,0,0,0,115,0,119,26,10,0,0,0
3348,6.681,0,240,0,0,0,0,0,115,0,119,26,10,0,0,0
3349,24.978,0,240,0,0,0,2,0,115,0,119,26,10,0,0,0
3350,0.780,0,240,0,0,0,0,0,115,0,119,26,10,0,0,0
3351,0.707,0,240,0,0,0,0,0,115,0,119,26,10,0,0,0
3352,6.807,0,240,0,0,0,1,0,115,0,119,26,10,0,0,0
3353,25.136,0,240,0,0,0,0,0,115,0,119,26,10,0,0,0
3354,0.746,0,240,0,0,0,0,0,115,0,119,26,10,0,0,0
3355,0.625,0,240,0,0,0,0,0,115,0,119,26,10,0,0,0
3356,6.789,0,240,0,0,0,0,0,115,0,119,26,10,0,0,0
3357,25.034,0,240,0,0,0,0,0,115,0,119,26,10,0,0,0
3358,0.805,0,240,0,0,0,0,0,115,0,119,26,10,0,0,0
3359,0.691,0,240,0,0,0,0,0,115,0,119,26,10,0,0,0
3360,6.747,0,240,0,0,0,0,0,115,0,119,26,10,0,0,0
3361,25.162,0,240,0,0,0,2,0,116,0,118,26,10,0,0,0
3362,0.789,0,240,0,0,0,0,0,116,0,118,26,10,0,0,0
3363,0.886,0,240,0,0,0,0,0,116,0,118,26,10,0,0,0
3364,6.465,0,240,0,0,0,0,0,116,0,118,26,10,0,0,0
3365,25.237,0,240,0,0,0,1,0,117,0,117,26,10,0,0,0
3366,0.902,0,240,0,0,0,0,0,117,0,117,26,10,0,0,0
3367,0.813,0,240,0,0,0,0,0,117,0,117,26,10,0,0,0
3368,6.452,0,240,0,0,0,0,0,117,0,117,26,10,0,0,0
3369,25.168,0,240,0,0,0,1,0,118,0,116,26,10,0,0,0
3370,0.821,0,240,0,0,0,0,0,118,0,116,26,10,0,0,0
3371,0.722,0,240,0,0,0,0,0,118,0,116,26,10,0,0,0
3372,6.841,0,240,0,0,0,0,0,118,0,116,26,10,0,0,0
3373,24.828,0,240,0,0,0,0,0,118,0,116,26,10,0,0,0
3374,0.865,0,240,0,0,0,0,0,118,0,116,26,10,0,0,0
3375,0.625,0,240,0,0,0,0,0,118,0,116,26,10,0,0,0
3376,6.831,0,240,0,0,0,0,0,118,0,116,26,10,0,0,0
3377,24.992,0,240,0,0,0,1,0,119,0,115,26,10,0,0,0
3378,0.757,0,240,0,0,0,0,0,119,0,115,26,10,0,0,0
3379,0.946,0,240,0,0,0,1,0,120,0,114,26,10,0,0,0
3380,6.754,0,240,0,0,0,0,0,120,0,114,26,10,0,0,0
3381,25.071,0,240,0,0,0,0,0,120,0,114,26,10,0,0,0
3382,0.958,0,240,0,0,0,0,0,120,0,114,26,10,0,0,0
3383,15.788,0,240,0,0,0,0,0,120,0,114,26,10,0,0,0
3384,1.788,0,240,0,0,0,0,0,120,0,114,26,10,0,0,0
3385,14.658,0,240,0,0,0,1,0,121,0,113,26,10,0,0,0
3386,0.774,0,240,0,0,0,0,0,121,0,113,26,10,0,0,0
3387,7.432,0,240,0,0,0,0,0,121,0,113,26,10,0,0,0
3388,0.716,0,240,0,0,0,0,0,121,0,113,26,10,0,0,0
3389,16.004,0,240,0,0,0,0,0,121,0,113,26,10,0,0,0
3390,0.852,0,240,0,0,0,0,0,121,0,113,26,10,0,0,0
3391,15.717,0,240,0,0,0,0,0,121,0,113,26,10,0,0,0
3392,0.768,0,240,0,0,0,0,0,121,0,113,26,10,0,0,0
3393,16.794,0,240,0,0,0,0,0,121,0,113,26,10,0,0,0
3394,0.758,0,240,0,0,0,0,0,121,0,113,26,10,0,0,0
3395,15.263,0,240,0,0,0,0,0,121,0,113,26,10,0,0,0
3396,0.736,0,240,0,0,0,0,0,121,0,113,26,10,0,0,0
3397,15.854,0,240,0,0,0,0,0,121,0,113,26,10,0,0,0
3398,0.877,0,240,0,0,0,0,0,121,0,113,26,10,0,0,0
3399,15.795,0,240,0,0,0,0,0,121,0,113,26,10,0,0,0
3400,0.748,0,240,0,0,0,0,0,121,0,113,26,10,0,0,0
3401,16.416,0,240,0,0,0,1,0,122,0,112,26,10,0,0,0
3402,0.814,0,240,0,0,0,0,0,122,0,112,26,10,0,0,0
3403,15.292,0,240,0,0,0,0,0,122,0,112,26,10,0,0,0
3404,0.852,0,240,0,0,0,0,0,122,0,112,26,10,0,0,0
3405,16.024,0,240,0,0,0,0,0,122,0,112,26,10,0,0,0
3406,0.971,0,240,0,0,0,0,0,122,0,112,26,10,0,0,0
3407,15.577,0,240,0,0,0,0,0,122,0,112,26,10,0,0,0
3408,0.765,0,240,0,0,0,0,0,122,0,112,26,10,0,0,0
3409,15.798,0,240,0,0,0,0,0,122,0,112,26,10,0,0,0
3410,0.884,0,240,0,0,0,0,0,122,0,112,26,10,0,0,0
3411,15.778,0,240,0,0,0,0,0,122,0,112,26,10,0,0,0
3412,0.925,0,240,0,0,0,0,0,122,0,112,26,10,0,0,0
3413,15.615,0,240,0,0,0,0,0,122,0,112,26,10,0,0,0
3414,0.756,0,240,0,0,0,0,0,122,0,112,26,10,0,0,0
3415,15.947,0,240,0,0,0,0,0,122,0,112,26,10,0,0,0
3416,0.800,0,240,0,0,0,0,0,122,0,112,26,10,0,0,0
3417,16.442,0,240,0,0,0,0,0,122,0,112,26,10,0,0,0
3418,0.764,0,240,0,0,0,0,0,122,0,112,26,10,0,0,0
3419,15.468,0,240,0,0,0,1,0,122,0,112,26,10,0,0,0
3420,0.944,0,240,0,0,0,0,0,122,0,112,26,10,0,0,0
3421,15.776,0,240,0,0,0,0,0,122,0,112,26,10,0,0,0
3422,0.947,0,240,0,0,0,0,0,122,0,112,26,10,0,0,0
3423,15.721,0,240,0,0,0,0,0,122,0,112,26,10,0,0,0
3424,0.843,0,240,0,0,0,0,0,122,0,112,26,10,0,0,0
3425,16.155,0,240,0,0,0,0,0,122,0,112,26,10,0,0,0
3426,0.802,0,240,0,0,0,0,0,122,0,112,26,10,0,0,0
3427,15.349,0,240,0,0,0,1,0,122,0,112,26,10,0,0,0
3428,0.777,0,240,0,0,0,0,0,122,0,112,26,10,0,0,0
3429,15.980,0,240,0,0,0,0,0,122,0,112,26,10,0,0,0
3430,0.901,0,240,0,0,0,0,0,122,0,112,26,10,0,0,0
3431,15.825,0,240,0,0,0,0,0,122,0,112,26,10,0,0,0
3432,0.876,0,240,0,0,0,0,0,122,0,112,26,10,0,0,0
3433,16.603,0,240,0,0,0,0,0,122,0,112,26,10,0,0,0
3434,0.761,0,240,0,0,0,0,0,122,0,112,26,10,0,0,0
3435,15.086,0,240,0,0,0,1,0,123,0,111,26,10,0,0,0
3436,0.770,0,240,0,0,0,0,0,123,0,111,26,10,0,0,0
3437,15.895,0,240,0,0,0,0,0,123,0,111,26,10,0,0,0
3438,0.758,0,240,0,0,0,0,0,123,0,111,26,10,0,0,0
3439,15.769,0,240,0,0,0,0,0,123,0,111,26,10,0,0,0
3440,0.743,0,240,0,0,0,0,0,123,0,111,26,10,0,0,0
3441,16.096,0,240,0,0,0,0,0,123,0,111,26,10,0,0,0
3442,0.933,0,240,0,0,0,0,0,123,0,111,26,10,0,0,0
3443,15.648,0,240,0,0,0,0,0,123,0,111,26,10,0,0,0
3444,0.732,0,240,0,0,0,1,0,123,0,111,26,10,0,0,0
3445,15.918,0,240,0,0,0,0,0,123,0,111,26,10,0,0,0
3446,0.783,0,240,0,0,0,0,0,123,0,111,26,10,0,0,0
3447,16.139,0,240,0,0,0,0,0,123,0,111,26,10,0,0,0
3448,0.910,0,240,0,0,0,0,0,123,0,111,26,10,0,0,0
3449,15.637,0,240,0,0,0,0,0,123,0,111,26,10,0,0,0
3450,0.814,0,240,0,0,0,0,0,123,0,111,26,10,0,0,0
3451,15.805,0,240,0,0,0,0,0,123,0,111,26,10,0,0,0
3452,0.794,0,240,0,0,0,0,0,123,0,111,26,10,0,0,0
3453,15.746,0,240,0,0,0,0,0,123,0,111,26,10,0,0,0
3454,0.825,0,240,0,0,0,0,0,123,0,111,26,10,0,0,0
3455,15.925,0,240,0,0,0,0,0,123,0,111,26,10,0,0,0
3456,0.723,0,240,0,0,0,0,0,123,0,111,26,10,0,0,0
3457,15.953,0,240,0,0,0,1,0,123,0,111,26,10,0,0,0
3458,0.816,0,240,0,0,0,0,0,123,0,111,26,10,0,0,0
3459,15.804,0,240,0,0,0,0,0,123,0,111,26,10,0,0,0
3460,0.783,0,240,0,0,0,0,0,123,0,111,26,10,0,0,0
3461,15.859,0,240,0,0,0,0,0,123,0,111,26,10,0,0,0
3462,0.811,0,240,0,0,0,0,0,123,0,111,26,10,0,0,0
3463,15.772,0,240,0,0,0,0,0,123,0,111,26,10,0,0,0
3464,0.855,0,240,0,0,0,0,0,123,0,111,26,10,0,0,0
3465,17.005,0,240,0,0,0,0,0,123,0,111,26,10,0,0,0
3466,0.969,0,240,0,0,0,0,0,123,0,111,26,10,0,0,0
3467,14.635,0,240,0,0,0,1,0,123,0,111,26,10,0,0,0
3468,0.876,0,240,0,0,0,0,0,123,0,111,26,10,0,0,0
3469,15.912,0,240,0,0,0,0,0,123,0,111,26,10,0,0,0
3470,0.800,0,240,0,0,0,0,0,123,0,111,26,10,0,0,0
3471,15.850,0,240,0,0,0,0,0,123,0,111,26,10,0,0,0
3472,0.790,0,240,0,0,0,0,0,123,0,111,26,10,0,0,0
3473,16.137,0,240,0,0,0,0,0,123,0,111,26,10,0,0,0
3474,0.772,0,240,0,0,0,0,0,123,0,111,26,10,0,0,0
3475,15.544,0,240,0,0,0,0,0,123,0,111,26,10,0,0,0
3476,0.807,0,240,0,0,0,0,0,123,0,111,26,10,0,0,0
3477,15.771,0,240,0,0,0,0,0,123,0,111,26,10,0,0,0
3478,0.733,0,240,0,0,0,0,0,123,0,111,26,10,0,0,0
3479,15.915,0,240,0,0,0,1,0,124,0,110,26,10,0,0,0
3480,0.750,0,240,0,0,0,0,0,124,0,110,26,10,0,0,0
3481,15.838,0,240,0,0,0,0,0,124,0,110,26,10,0,0,0
3482,0.891,0,240,0,0,0,0,0,124,0,110,26,10,0,0,0
3483,15.921,0,240,0,0,0,0,0,124,0,110,26,10,0,0,0
3484,0.758,0,240,0,0,0,0,0,124,0,110,26,10,0,0,0
3485,15.931,0,240,0,0,0,0,0,124,0,110,26,10,0,0,0
3486,0.841,0,240,0,0,0,0,0,124,0,110,26,10,0,0,0
3487,15.721,0,240,0,0,0,0,0,124,0,110,26,10,0,0,0
3488,0.824,0,240,0,0,0,0,0,124,0,110,26,10,0,0,0
3489,16.448,0,240,0,0,0,0,0,124,0,110,26,10,0,0,0
3490,0.794,0,240,0,0,0,0,0,124,0,110,26,10,0,0,0
3491,15.282,0,240,0,0,0,0,0,124,0,110,26,10,0,0,0
3492,0.862,0,240,0,0,0,0,0,124,0,110,26,10,0,0,0
3493,15.796,0,240,0,0,0,0,0,124,0,110,26,10,0,0,0
3494,0.816,0,240,0,0,0,0,0,124,0,110,26,10,0,0,0
3495,15.833,0,240,0,0,0,0,0,124,0,110,26,10,0,0,0
3496,0.801,0,240,0,0,0,0,0,124,0,110,26,10,0,0,0
3497,16.393,0,240,0,0,0,0,0,124,0,110,26,10,0,0,0
3498,0.799,0,240,0,0,0,0,0,124,0,110,26,10,0,0,0
3499,15.374,0,240,0,0,0,0,0,124,0,110,26,10,0,0,0
3500,0.843,0,240,0,0,0,0,0,124,0,110,26,10,0,0,0
3501,15.863,0,240,0,0,0,0,0,124,0,110,26,10,0,0,0
3502,0.775,0,240,0,0,0,0,0,124,0,110,26,10,0,0,0
3503,15.810,0,240,0,0,0,0,0,124,0,110,26,10,0,0,0
3504,0.751,0,240,0,0,0,0,0,124,0,110,26,10,0,0,0
3505,15.910,0,240,0,0,0,0,0,124,0,110,26,10,0,0,0
3506,0.820,0,240,0,0,0,0,0,124,0,110,26,10,0,0,0
3507,15.978,0,240,0,0,0,0,0,124,0,110,26,10,0,0,0
3508,0.786,0,240,0,0,0,0,0,124,0,110,26,10,0,0,0
3509,15.768,0,240,0,0,0,0,0,124,0,110,26,10,0,0,0
3510,0.706,0,240,0,0,0,0,0,124,0,110,26,10,0,0,0
3511,15.909,0,240,0,0,0,1,0,124,0,110,26,10,0,0,0
3512,0.742,0,240,0,0,0,0,0,124,0,110,26,10,0,0,0
3513,17.220,0,240,0,0,0,0,0,124,0,110,26,10,0,0,0
3514,0.698,0,240,0,0,0,0,0,124,0,110,26,10,0,0,0
3515,14.774,0,240,0,0,0,0,0,124,0,110,26,10,0,0,0
3516,0.835,0,240,0,0,0,0,0,124,0,110,26,10,0,0,0
3517,15.784,0,240,0,0,0,0,0,124,0,110,26,10,0,0,0
3518,0.819,0,240,0,0,0,0,0,124,0,110,26,10,0,0,0
3519,15.908,0,240,0,0,0,0,0,124,0,110,26,10,0,0,0
3520,0.833,0,240,0,0,0,0,0,124,0,110,26,10,0,0,0
3521,16.502,0,240,0,0,0,1,0,124,0,110,26,10,0,0,0
3522,0.865,0,240,0,0,0,0,0,124,0,110,26,10,0,0,0
3523,15.149,0,240,0,0,0,0,0,124,0,110,26,10,0,0,0
3524,0.782,0,240,0,0,0,0,0,124,0,110,26,10,0,0,0
3525,15.955,0,240,0,0,0,0,0,124,0,110,26,10,0,0,0
3526,0.849,0,240,0,0,0,0,0,124,0,110,26,10,0,0,0
3527,15.671,0,240,0,0,0,0,0,124,0,110,26,10,0,0,0
3528,0.788,0,240,0,0,0,0,0,124,0,110,26,10,0,0,0
3529,16.349,0,240,0,0,0,0,0,124,0,110,26,10,0,0,0
3530,0.841,0,240,0,0,0,0,0,124,0,110,26,10,0,0,0
3531,15.441,0,240,0,0,0,0,0,124,0,110,26,10,0,0,0
3532,0.792,0,240,0,0,0,0,0,124,0,110,26,10,0,0,0
3533,15.781,0,240,0,0,0,0,0,124,0,110,26,10,0,0,0
3534,0.810,0,240,0,0,0,0,0,124,0,110,26,10,0,0,0
3535,15.919,0,240,0,0,0,0,0,124,0,110,26,10,0,0,0
3536,0.796,0,240,0,0,0,0,0,124,0,110,26,10,0,0,0
3537,15.865,0,240,0,0,0,0,0,124,0,110,26,10,0,0,0
3538,0.861,0,240,0,0,0,0,0,124,0,110,26,10,0,0,0
3539,15.829,0,240,0,0,0,0,0,124,0,110,26,10,0,0,0
3540,0.824,0,240,0,0,0,0,0,124,0,110,26,10,0,0,0
3541,15.811,0,240,0,0,0,1,0,125,0,109,26,10,0,0,0
3542,0.840,0,240,0,0,0,0,0,125,0,109,26,10,0,0,0
3543,15.887,0,240,0,0,0,0,0,125,0,109,26,10,0,0,0
3544,0.919,0,240,0,0,0,0,0,125,0,109,26,10,0,0,0
3545,16.249,0,240,0,0,0,0,0,125,0,109,26,10,0,0,0
3546,0.887,0,240,0,0,0,0,0,125,0,109,26,10,0,0,0
3547,15.201,0,240,0,0,0,0,0,125,0,109,26,10,0,0,0
3548,0.780,0,240,0,0,0,0,0,125,0,109,26,10,0,0,0
3549,15.976,0,240,0,0,0,0,0,125,0,109,26,10,0,0,0
3550,0.815,0,240,0,0,0,0,0,125,0,109,26,10,0,0,0
3551,15.591,0,240,0,0,0,0,0,125,0,109,26,10,0,0,0
3552,0.880,0,240,0,0,0,0,0,125,0,109,26,10,0,0,0
3553,15.943,0,240,0,0,0,0,0,125,0,109,26,10,0,0,0
3554,0.829,0,240,0,0,0,0,0,125,0,109,26,10,0,0,0
3555,15.840,0,240,0,0,0,0,0,125,0,109,26,10,0,0,0
3556,0.800,0,240,0,0,0,0,0,125,0,109,26,10,0,0,0
3557,15.778,0,240,0,0,0,0,0,125,0,109,26,10,0,0,0
3558,0.759,0,240,0,0,0,0,0,125,0,109,26,10,0,0,0
3559,16.009,0,240,0,0,0,0,0,125,0,109,26,10,0,0,0
3560,0.734,0,240,0,0,0,0,0,125,0,109,26,10,0,0,0
3561,16.890,0,240,0,0,0,0,0,125,0,109,26,10,0,0,0
3562,0.807,0,240,0,0,0,0,0,125,0,109,26,10,0,0,0
3563,14.837,0,240,0,0,0,0,0,125,0,109,26,10,0,0,0
3564,0.832,0,240,0,0,0,0,0,125,0,109,26,10,0,0,0
3565,15.910,0,240,0,0,0,0,0,125,0,109,26,10,0,0,0
3566,0.790,0,240,0,0,0,0,0,125,0,109,26,10,0,0,0
3567,15.832,0,240,0,0,0,0,0,125,0,109,26,10,0,0,0
3568,0.706,0,240,0,0,0,0,0,125,0,109,26,10,0,0,0
3569,15.958,0,240,0,0,0,0,0,125,0,109,26,10,0,0,0
3570,0.870,0,240,0,0,0,0,0,125,0,109,26,10,0,0,0
3571,15.798,0,240,0,0,0,0,0,125,0,109,26,10,0,0,0
3572,0.861,0,240,0,0,0,0,0,125,0,109,26,10,0,0,0
3573,15.787,0,240,0,0,0,0,0,125,0,109,26,10,0,0,0
3574,0.726,0,240,0,0,0,0,0,125,0,109,26,10,0,0,0
3575,16.037,0,240,0,0,0,0,0,125,0,109,26,10,0,0,0
3576,0.909,0,240,0,0,0,0,0,125,0,109,26,10,0,0,0
3577,16.267,0,240,0,0,0,1,0,125,0,109,26,10,0,0,0
3578,1.032,0,240,0,0,0,0,0,125,0,109,26,10,0,0,0
3579,15.048,0,240,0,0,0,1,0,126,0,108,26,10,0,0,0
3580,0.871,0,240,0,0,0,0,0,126,0,108,26,10,0,0,0
3581,15.727,0,240,0,0,0,0,0,126,0,108,26,10,0,0,0
3582,0.890,0,240,0,0,0,0,0,126,0,108,26,10,0,0,0
3583,16.036,0,240,0,0,0,1,0,127,0,107,26,10,0,0,0
3584,0.738,0,240,0,0,0,0,0,127,0,107,26,10,0,0,0
3585,16.220,0,240,0,0,0,0,0,127,0,107,26,10,0,0,0
3586,0.874,0,240,0,0,0,0,0,127,0,107,26,10,0,0,0
3587,15.426,0,240,0,0,0,0,0,127,0,107,26,10,0,0,0
3588,0.719,0,240,0,0,0,0,0,127,0,107,26,10,0,0,0
3589,15.872,0,240,0,0,0,0,0,127,0,107,26,10,0,0,0
3590,0.883,0,240,0,0,0,0,0,127,0,107,26,10,0,0,0
3591,15.760,0,240,0,0,0,0,0,127,0,107,26,10,0,0,0
3592,0.824,0,240,0,0,0,0,0,127,0,107,26,10,0,0,0
3593,15.909,0,240,0,0,0,0,0,127,0,107,26,10,0,0,0
3594,0.789,0,240,0,0,0,0,0,127,0,107,26,10,0,0,0
3595,15.736,0,240,0,0,0,0,0,127,0,107,26,10,0,0,0
3596,0.705,0,240,0,0,0,0,0,127,0,107,26,10,0,0,0
3597,16.016,0,240,0,0,0,1,0,128,0,106,26,10,0,0,0
3598,0.989,0,240,0,0,0,0,0,128,0,106,26,10,0,0,0
3599,15.682,0,240,0,0,0,0,0,128,0,106,26,10,0,0,0
3600,0.736,0,240,0,0,0,0,0,128,0,106,26,10,0,0,0
3601,16.414,0,240,0,0,0,0,0,128,0,106,26,10,0,0,0
3602,0.808,0,240,0,0,0,0,0,128,0,106,26,10,0,0,0
3603,15.317,0,240,0,0,0,1,0,129,0,105,26,10,0,0,0
3604,0.794,0,240,0,0,0,0,0,129,0,105,26,10,0,0,0
3605,15.919,0,240,0,0,0,0,0,129,0,105,26,10,0,0,0
3606,0.820,0,240,0,0,0,0,0,129,0,105,26,10,0,0,0
3607,15.909,0,240,0,0,0,0,0,129,0,105,26,10,0,0,0
3608,0.816,0,240,0,0,0,0,0,129,0,105,26,10,0,0,0
3609,15.773,0,240,0,0,0,0,0,129,0,105,26,10,0,0,0
3610,0.813,0,240,0,0,0,0,0,129,0,105,26,10,0,0,0
3611,15.828,0,240,0,0,0,0,0,129,0,105,26,10,0,0,0
3612,0.704,0,240,0,0,0,0,0,129,0,105,26,10,0,0,0
3613,16.024,0,240,0,0,0,0,0,129,0,105,26,10,0,0,0
3614,0.868,0,240,0,0,0,0,0,129,0,105,26,10,0,0,0
3615,15.822,0,240,0,0,0,0,0,129,0,105,26,10,0,0,0
3616,0.769,0,240,0,0,0,0,0,129,0,105,26,10,0,0,0
3617,16.332,0,240,0,0,0,1,0,130,0,104,26,10,0,0,0
3618,0.894,0,240,0,0,0,0,0,130,0,104,26,10,0,0,0
3619,15.389,0,240,0,0,0,0,0,130,0,104,26,10,0,0,0
3620,0.808,0,240,0,0,0,0,0,130,0,104,26,10,0,0,0
3621,15.875,0,240,0,0,0,0,0,130,0,104,26,10,0,0,0
3622,0.950,0,240,0,0,0,0,0,130,0,104,26,10,0,0,0
3623,15.586,0,240,0,0,0,0,0,130,0,104,26,10,0,0,0
3624,0.832,0,240,0,0,0,0,0,130,0,104,26,10,0,0,0
3625,16.236,0,240,0,0,0,0,0,130,0,104,26,10,0,0,0
3626,0.876,0,240,0,0,0,0,0,130,0,104,26,10,0,0,0
3627,15.308,0,240,0,0,0,1,0,131,0,103,26,10,0,0,0
3628,0.775,0,240,0,0,0,0,0,131,0,103,26,10,0,0,0
3629,15.930,0,240,0,0,0,0,0,131,0,103,26,10,0,0,0
3630,0.816,0,240,0,0,0,0,0,131,0,103,26,10,0,0,0
3631,15.904,0,240,0,0,0,0,0,131,0,103,26,10,0,0,0
3632,0.872,0,240,0,0,0,0,0,131,0,103,26,10,0,0,0
3633,16.959,0,240,0,0,0,0,0,131,0,103,26,10,0,0,0
3634,0.856,0,240,0,0,0,0,0,131,0,103,26,10,0,0,0
3635,14.614,0,240,0,0,0,1,0,132,0,102,26,10,0,0,0
3636,0.787,0,240,0,0,0,0,0,132,0,102,26,10,0,0,0
3637,15.903,0,240,0,0,0,0,0,132,0,102,26,10,0,0,0
3638,0.859,0,240,0,0,0,0,0,132,0,102,26,10,0,0,0
3639,15.908,0,240,0,0,0,0,0,132,0,102,26,10,0,0,0
3640,0.804,0,240,0,0,0,0,0,132,0,102,26,10,0,0,0
3641,16.848,0,240,0,0,0,0,0,132,0,102,26,10,0,0,0
3642,0.890,0,240,0,0,0,0,0,132,0,102,26,10,0,0,0
3643,14.843,0,240,0,0,0,0,0,132,0,102,26,10,0,0,0
3644,1.015,0,240,0,0,0,0,0,132,0,102,26,10,0,0,0
3645,15.635,0,240,0,0,0,1,0,133,0,101,26,10,0,0,0
3646,0.878,0,240,0,0,0,0,0,133,0,101,26,10,0,0,0
3647,15.818,0,240,0,0,0,0,0,133,0,101,26,10,0,0,0
3648,0.763,0,240,0,0,0,0,0,133,0,101,26,10,0,0,0
3649,15.766,0,240,0,0,0,0,0,133,0,101,26,10,0,0,0
3650,0.919,0,240,0,0,0,0,0,133,0,101,26,10,0,0,0
3651,15.797,0,240,0,0,0,0,0,133,0,101,26,10,0,0,0
3652,0.827,0,240,0,0,0,0,0,133,0,101,26,10,0,0,0
3653,15.816,0,240,0,0,0,0,0,133,0,101,26,10,0,0,0
3654,0.822,0,240,0,0,0,0,0,133,0,101,26,10,0,0,0
3655,15.956,0,240,0,0,0,0,0,133,0,101,26,10,0,0,0
3656,0.814,0,240,0,0,0,0,0,133,0,101,26,10,0,0,0
3657,15.703,0,240,0,0,0,1,0,134,0,100,26,10,0,0,0
3658,0.976,0,240,0,0,0,0,0,134,0,100,26,10,0,0,0
3659,15.745,0,240,0,0,0,0,0,134,0,100,26,10,0,0,0
3660,0.858,0,240,0,0,0,0,0,134,0,100,26,10,0,0,0
3661,15.655,0,240,0,0,0,0,0,134,0,100,26,10,0,0,0
3662,0.833,0,240,0,0,0,0,0,134,0,100,26,10,0,0,0
3663,15.865,0,240,0,0,0,0,0,134,0,100,26,10,0,0,0
3664,0.972,0,240,0,0,0,0,0,134,0,100,26,10,0,0,0
3665,15.711,0,240,0,0,0,0,0,134,0,100,26,10,0,0,0
3666,0.938,0,240,0,0,0,0,0,134,0,100,26,10,0,0,0
3667,15.939,0,240,0,0,0,0,0,134,0,100,26,10,0,0,0
3668,0.818,0,240,0,0,0,0,0,134,0,100,26,10,0,0,0
3669,15.772,0,240,0,0,0,0,0,134,0,100,26,10,0,0,0
3670,0.776,0,240,0,0,0,0,0,134,0,100,26,10,0,0,0
3671,15.813,0,240,0,0,0,0,0,134,0,100,26,10,0,0,0
3672,0.707,0,240,0,0,0,0,0,134,0,100,26,10,0,0,0
3673,16.398,0,240,0,0,0,0,0,134,0,100,26,10,0,0,0
3674,1.030,0,240,0,0,0,0,0,134,0,100,26,10,0,0,0
3675,15.323,0,240,0,0,0,0,0,134,0,100,26,10,0,0,0
3676,0.816,0,240,0,0,0,0,0,134,0,100,26,10,0,0,0
3677,15.691,0,240,0,0,0,0,0,134,0,100,26,10,0,0,0
3678,0.748,0,240,0,0,0,0,0,134,0,100,26,10,0,0,0
3679,16.050,0,240,0,0,0,0,0,134,0,100,26,10,0,0,0
3680,0.822,0,240,0,0,0,0,0,134,0,100,26,10,0,0,0
3681,16.035,0,240,0,0,0,0,0,134,0,100,26,10,0,0,0
3682,1.091,0,240,0,0,0,0,0,134,0,100,26,10,0,0,0
3683,15.179,0,240,0,0,0,0,0,134,0,100,26,10,0,0,0
3684,0.807,0,240,0,0,0,0,0,134,0,100,26,10,0,0,0
3685,16.053,0,240,0,0,0,0,0,134,0,100,26,10,0,0,0
3686,0.829,0,240,0,0,0,0,0,134,0,100,26,10,0,0,0
3687,15.955,0,240,0,0,0,0,0,134,0,100,26,10,0,0,0
3688,0.778,0,240,0,0,0,0,0,134,0,100,26,10,0,0,0
3689,15.584,0,240,0,0,0,0,0,134,0,100,26,10,0,0,0
3690,0.879,0,240,0,0,0,0,0,134,0,100,26,10,0,0,0
3691,15.920,0,240,0,0,0,0,0,134,0,100,26,10,0,0,0
3692,0.835,0,240,0,0,0,0,0,134,0,100,26,10,0,0,0
3693,15.898,0,240,0,0,0,0,0,134,0,100,26,10,0,0,0
3694,0.929,0,240,0,0,0,0,0,134,0,100,26,10,0,0,0
3695,15.649,0,240,0,0,0,0,0,134,0,100,26,10,0,0,0
3696,0.818,0,240,0,0,0,0,0,134,0,100,26,10,0,0,0
3697,15.775,0,240,0,0,0,0,0,134,0,100,26,10,0,0,0
3698,0.873,0,240,0,0,0,0,0,134,0,100,26,10,0,0,0
3699,15.874,0,240,0,0,0,0,0,134,0,100,26,10,0,0,0
3700,0.792,0,240,0,0,0,0,0,134,0,100,26,10,0,0,0
3701,15.836,0,240,0,0,0,1,0,135,0,99,26,10,0,0,0
3702,0.909,0,240,0,0,0,0,0,135,0,99,26,10,0,0,0
3703,15.748,0,240,0,0,0,0,0,135,0,99,26,10,0,0,0
3704,0.821,0,240,0,0,0,0,0,135,0,99,26,10,0,0,0
3705,15.874,0,240,0,0,0,0,0,135,0,99,26,10,0,0,0
3706,0.837,0,240,0,0,0,0,0,135,0,99,26,10,0,0,0
3707,15.973,0,240,0,0,0,0,0,135,0,99,26,10,0,0,0
3708,0.817,0,240,0,0,0,0,0,135,0,99,26,10,0,0,0
3709,15.764,0,240,0,0,0,0,0,135,0,99,26,10,0,0,0
3710,0.818,0,240,0,0,0,0,0,135,0,99,26,10,0,0,0
3711,15.901,0,240,0,0,0,0,0,135,0,99,26,10,0,0,0
3712,0.898,0,240,0,0,0,0,0,135,0,99,26,10,0,0,0
3713,15.682,0,240,0,0,0,0,0,135,0,99,26,10,0,0,0
3714,1.164,0,240,0,0,0,0,0,135,0,99,26,10,0,0,0
3715,15.583,0,240,0,0,0,0,0,135,0,99,26,10,0,0,0
3716,0.788,0,240,0,0,0,0,0,135,0,99,26,10,0,0,0
3717,15.798,0,240,0,0,0,0,0,135,0,99,26,10,0,0,0
3718,0.925,0,240,0,0,0,0,0,135,0,99,26,10,0,0,0
3719,15.779,0,240,0,0,0,0,0,135,0,99,26,10,0,0,0
3720,0.776,0,240,0,0,0,0,0,135,0,99,26,10,0,0,0
3721,15.803,0,240,0,0,0,0,0,135,0,99,26,10,0,0,0
3722,0.820,0,240,0,0,0,0,0,135,0,99,26,10,0,0,0
3723,15.935,0,240,0,0,0,0,0,135,0,99,26,10,0,0,0
3724,0.855,0,240,0,0,0,0,0,135,0,99,26,10,0,0,0
3725,15.838,0,240,0,0,0,0,0,135,0,99,26,10,0,0,0
3726,0.890,0,240,0,0,0,0,0,135,0,99,26,10,0,0,0
3727,15.630,0,240,0,0,0,0,0,135,0,99,26,10,0,0,0
3728,0.870,0,240,0,0,0,0,0,135,0,99,26,10,0,0,0
3729,15.902,0,240,0,0,0,0,0,135,0,99,26,10,0,0,0
3730,0.819,0,240,0,0,0,0,0,135,0,99,26,10,0,0,0
3731,15.807,0,240,0,0,0,0,0,135,0,99,26,10,0,0,0
3732,0.820,0,240,0,0,0,0,0,135,0,99,26,10,0,0,0
3733,15.887,0,240,0,0,0,0,0,135,0,99,26,10,0,0,0
3734,0.848,0,240,0,0,0,0,0,135,0,99,26,10,0,0,0
3735,15.767,0,240,0,0,0,0,0,135,0,99,26,10,0,0,0
3736,0.780,0,240,0,0,0,0,0,135,0,99,26,10,0,0,0
3737,17.186,0,240,0,0,0,0,0,135,0,99,26,10,0,0,0
3738,0.793,0,240,0,0,0,0,0,135,0,99,26,10,0,0,0
3739,14.825,0,240,0,0,0,0,0,135,0,99,26,10,0,0,0
3740,0.817,0,240,0,0,0,0,0,135,0,99,26,10,0,0,0
3741,15.780,0,240,0,0,0,1,0,136,0,98,26,10,0,0,0
3742,0.863,0,240,0,0,0,0,0,136,0,98,26,10,0,0,0
3743,15.753,0,240,0,0,0,0,0,136,0,98,26,10,0,0,0
3744,0.791,0,240,0,0,0,0,0,136,0,98,26,10,0,0,0
3745,16.152,0,240,0,0,0,0,0,136,0,98,26,10,0,0,0
3746,0.920,0,240,0,0,0,0,0,136,0,98,26,10,0,0,0
3747,15.443,0,240,0,0,0,0,0,136,0,98,26,10,0,0,0
3748,0.812,0,240,0,0,0,0,0,136,0,98,26,10,0,0,0
3749,15.935,0,240,0,0,0,0,0,136,0,98,26,10,0,0,0
3750,0.795,0,240,0,0,0,0,0,136,0,98,26,10,0,0,0
3751,15.899,0,240,0,0,0,0,0,136,0,98,26,10,0,0,0
3752,0.791,0,240,0,0,0,0,0,136,0,98,26,10,0,0,0
3753,15.689,0,240,0,0,0,0,0,136,0,98,26,10,0,0,0
3754,0.950,0,240,0,0,0,0,0,136,0,98,26,10,0,0,0
3755,15.932,0,240,0,0,0,0,0,136,0,98,26,10,0,0,0
3756,0.862,0,240,0,0,0,0,0,136,0,98,26,10,0,0,0
3757,15.754,0,240,0,0,0,1,0,137,0,97,26,10,0,0,0
3758,0.869,0,240,0,0,0,0,0,137,0,97,26,10,0,0,0
3759,15.786,0,240,0,0,0,0,0,137,0,97,26,10,0,0,0
3760,0.873,0,240,0,0,0,0,0,137,0,97,26,10,0,0,0
3761,17.059,0,240,0,0,0,0,0,137,0,97,26,10,0,0,0
3762,0.853,0,240,0,0,0,0,0,137,0,97,26,10,0,0,0
3763,14.664,0,240,0,0,0,0,0,137,0,97,26,10,0,0,0
3764,0.860,0,240,0,0,0,0,0,137,0,97,26,10,0,0,0
3765,15.565,0,240,0,0,0,0,0,137,0,97,26,10,0,0,0
3766,0.923,0,240,0,0,0,0,0,137,0,97,26,10,0,0,0
3767,15.778,0,240,0,0,0,0,0,137,0,97,26,10,0,0,0
3768,0.827,0,240,0,0,0,0,0,137,0,97,26,10,0,0,0
3769,15.976,0,240,0,0,0,0,0,137,0,97,26,10,0,0,0
3770,0.813,0,240,0,0,0,0,0,137,0,97,26,10,0,0,0
3771,15.604,0,240,0,0,0,0,0,137,0,97,26,10,0,0,0
3772,0.919,0,240,0,0,0,0,0,137,0,97,26,10,0,0,0
3773,15.831,0,240,0,0,0,0,0,137,0,97,26,10,0,0,0
3774,0.992,0,240,0,0,0,0,0,137,0,97,26,10,0,0,0
3775,15.664,0,240,0,0,0,0,0,137,0,97,26,10,0,0,0
3776,0.926,0,240,0,0,0,0,0,137,0,97,26,10,0,0,0
3777,15.821,0,240,0,0,0,0,0,137,0,97,26,10,0,0,0
3778,0.909,0,240,0,0,0,0,0,137,0,97,26,10,0,0,0
3779,15.875,0,240,0,0,0,0,0,137,0,97,26,10,0,0,0
3780,0.828,0,240,0,0,0,0,0,137,0,97,26,10,0,0,0
3781,15.822,0,240,0,0,0,0,0,137,0,97,26,10,0,0,0
3782,0.841,0,240,0,0,0,0,0,137,0,97,26,10,0,0,0
3783,15.615,0,240,0,0,0,0,0,137,0,97,26,10,0,0,0
3784,0.766,0,240,0,0,0,0,0,137,0,97,26,10,0,0,0
3785,15.823,0,240,0,0,0,0,0,137,0,97,26,10,0,0,0
3786,0.825,0,240,0,0,0,0,0,137,0,97,26,10,0,0,0
3787,15.967,0,240,0,0,0,0,0,137,0,97,26,10,0,0,0
3788,0.865,0,240,0,0,0,0,0,137,0,97,26,10,0,0,0
3789,15.781,0,240,0,0,0,0,0,137,0,97,26,10,0,0,0
3790,0.996,0,240,0,0,0,0,0,137,0,97,26,10,0,0,0
3791,15.563,0,240,0,0,0,0,0,137,0,97,26,10,0,0,0
3792,0.868,0,240,0,0,0,0,0,137,0,97,26,10,0,0,0
3793,16.014,0,240,0,0,0,0,0,137,0,97,26,10,0,0,0
3794,1.019,0,240,0,0,0,0,0,137,0,97,26,10,0,0,0
3795,15.559,0,240,0,0,0,0,0,137,0,97,26,10,0,0,0
3796,0.791,0,240,0,0,0,0,0,137,0,97,26,10,0,0,0
3797,15.864,0,240,0,0,0,0,0,137,0,97,26,10,0,0,0
3798,0.809,0,240,0,0,0,0,0,137,0,97,26,10,0,0,0
3799,15.949,0,240,0,0,0,0,0,137,0,97,26,10,0,0,0
3800,0.868,0,240,0,0,0,0,0,137,0,97,26,10,0,0,0
3801,15.688,0,240,0,0,0,0,0,137,0,97,26,10,0,0,0
3802,0.903,0,240,0,0,0,0,0,137,0,97,26,10,0,0,0
3803,15.834,0,240,0,0,0,0,0,137,0,97,26,10,0,0,0
3804,0.793,0,240,0,0,0,0,0,137,0,97,26,10,0,0,0
3805,15.953,0,240,0,0,0,0,0,137,0,97,26,10,0,0,0
3806,0.870,0,240,0,0,0,0,0,137,0,97,26,10,0,0,0
3807,15.686,0,240,0,0,0,0,0,137,0,97,26,10,0,0,0
3808,0.824,0,240,0,0,0,0,0,137,0,97,26,10,0,0,0
3809,15.870,0,240,0,0,0,0,0,137,0,97,26,10,0,0,0
3810,0.916,0,240,0,0,0,0,0,137,0,97,26,10,0,0,0
3811,15.793,0,240,0,0,0,0,0,137,0,97,26,10,0,0,0
3812,0.833,0,240,0,0,0,0,0,137,0,97,26,10,0,0,0
3813,15.793,0,240,0,0,0,0,0,137,0,97,26,10,0,0,0
3814,0.842,0,240,0,0,0,0,0,137,0,97,26,10,0,0,0
3815,15.953,0,240,0,0,0,0,0,137,0,97,26,10,0,0,0
3816,0.861,0,240,0,0,0,0,0,137,0,97,26,10,0,0,0
3817,15.508,0,240,0,0,0,0,0,137,0,97,26,10,0,0,0
3818,0.874,0,240,0,0,0,0,0,137,0,97,26,10,0,0,0
3819,15.889,0,240,0,0,0,0,0,137,0,97,26,10,0,0,0
3820,0.920,0,240,0,0,0,0,0,137,0,97,26,10,0,0,0
3821,15.923,0,240,0,0,0,0,0,137,0,97,26,10,0,0,0
3822,0.756,0,240,0,0,0,0,0,137,0,97,26,10,0,0,0
3823,15.960,0,240,0,0,0,0,0,137,0,97,26,10,0,0,0
3824,0.794,0,240,0,0,0,0,0,137,0,97,26,10,0,0,0
3825,15.702,0,240,0,0,0,0,0,137,0,97,26,10,0,0,0
3826,0.830,0,240,0,0,0,0,0,137,0,97,26,10,0,0,0
3827,15.733,0,240,0,0,0,0,0,137,0,97,26,10,0,0,0
3828,0.883,0,240,0,0,0,0,0,137,0,97,26,10,0,0,0
3829,15.665,0,240,0,0,0,0,0,137,0,97,26,10,0,0,0
3830,0.894,0,240,0,0,0,0,0,137,0,97,26,10,0,0,0
3831,15.855,0,240,0,0,0,0,0,137,0,97,26,10,0,0,0
3832,0.848,0,240,0,0,0,0,0,137,0,97,26,10,0,0,0
3833,15.807,0,240,0,0,0,0,0,137,0,97,26,10,0,0,0
3834,0.779,0,240,0,0,0,0,0,137,0,97,26,10,0,0,0
3835,15.942,0,240,0,0,0,0,0,137,0,97,26,10,0,0,0
3836,0.862,0,240,0,0,0,0,0,137,0,97,26,10,0,0,0
3837,15.877,0,240,0,0,0,0,0,137,0,97,26,10,0,0,0
3838,0.852,0,240,0,0,0,0,0,137,0,97,26,10,0,0,0
3839,15.808,0,240,0,0,0,0,0,137,0,97,26,10,0,0,0
3840,0.882,0,240,0,0,0,0,0,137,0,97,26,10,0,0,0
3841,15.834,0,240,0,0,0,0,0,137,0,97,26,10,0,0,0
3842,0.863,0,240,0,0,0,0,0,137,0,97,26,10,0,0,0
3843,15.959,0,240,0,0,0,0,0,137,0,97,26,10,0,0,0
3844,0.851,0,240,0,0,0,0,0,137,0,97,26,10,0,0,0
3845,15.586,0,240,0,0,0,0,0,137,0,97,26,10,0,0,0
3846,0.913,0,240,0,0,0,0,0,137,0,97,26,10,0,0,0
3847,15.746,0,240,0,0,0,0,0,137,0,97,26,10,0,0,0
3848,0.796,0,240,0,0,0,0,0,137,0,97,26,10,0,0,0
3849,16.181,0,240,0,0,0,0,0,137,0,97,26,10,0,0,0
3850,0.897,0,240,0,0,0,0,0,137,0,97,26,10,0,0,0
3851,15.386,0,240,0,0,0,0,0,137,0,97,26,10,0,0,0
3852,0.929,0,240,0,0,0,0,0,137,0,97,26,10,0,0,0
3853,15.667,0,240,0,0,0,0,0,137,0,97,26,10,0,0,0
3854,0.929,0,240,0,0,0,0,0,137,0,97,26,10,0,0,0
3855,15.845,0,240,0,0,0,0,0,137,0,97,26,10,0,0,0
3856,0.942,0,240,0,0,0,0,0,137,0,97,26,10,0,0,0
3857,16.147,0,240,0,0,0,0,0,137,0,97,26,10,0,0,0
3858,0.869,0,240,0,0,0,0,0,137,0,97,26,10,0,0,0
3859,15.285,0,240,0,0,0,0,0,137,0,97,26,10,0,0,0
3860,0.794,0,240,0,0,0,0,0,137,0,97,26,10,0,0,0
3861,15.951,0,240,0,0,0,0,0,137,0,97,26,10,0,0,0
3862,0.844,0,240,0,0,0,0,0,137,0,97,26,10,0,0,0
3863,15.710,0,240,0,0,0,0,0,137,0,97,26,10,0,0,0
3864,1.000,0,240,0,0,0,0,0,137,0,97,26,10,0,0,0
3865,15.876,0,240,0,0,0,0,0,137,0,97,26,10,0,0,0
3866,0.811,0,240,0,0,0,0,0,137,0,97,26,10,0,0,0
3867,15.786,0,240,0,0,0,0,0,137,0,97,26,10,0,0,0
3868,0.865,0,240,0,0,0,0,0,137,0,97,26,10,0,0,0
3869,15.695,0,240,0,0,0,0,0,137,0,97,26,10,0,0,0
3870,0.789,0,240,0,0,0,0,0,137,0,97,26,10,0,0,0
3871,15.855,0,240,0,0,0,0,0,137,0,97,26,10,0,0,0
3872,0.834,0,240,0,0,0,0,0,137,0,97,26,10,0,0,0
3873,15.878,0,240,0,0,0,0,0,137,0,97,26,10,0,0,0
3874,0.852,0,240,0,0,0,0,0,137,0,97,26,10,0,0,0
3875,15.851,0,240,0,0,0,0,0,137,0,97,26,10,0,0,0
3876,0.827,0,240,0,0,0,0,0,137,0,97,26,10,0,0,0
3877,15.935,0,240,0,0,0,0,0,137,0,97,26,10,0,0,0
3878,0.827,0,240,0,0,0,0,0,137,0,97,26,10,0,0,0
3879,15.653,0,240,0,0,0,0,0,137,0,97,26,10,0,0,0
3880,0.824,0,240,0,0,0,0,0,137,0,97,26,10,0,0,0
3881,16.404,0,240,0,0,0,0,0,137,0,97,26,10,0,0,0
3882,0.853,0,240,0,0,0,0,0,137,0,97,26,10,0,0,0
3883,15.335,0,240,0,0,0,0,0,137,0,97,26,10,0,0,0
3884,0.826,0,240,0,0,0,0,0,137,0,97,26,10,0,0,0
3885,15.825,0,240,0,0,0,0,0,137,0,97,26,10,0,0,0
3886,0.818,0,240,0,0,0,0,0,137,0,97,26,10,0,0,0
3887,15.921,0,240,0,0,0,0,0,137,0,97,26,10,0,0,0
3888,0.916,0,240,0,0,0,0,0,137,0,97,26,10,0,0,0
3889,16.635,0,240,0,0,0,0,0,137,0,97,26,10,0,0,0
3890,0.917,0,240,0,0,0,0,0,137,0,97,26,10,0,0,0
3891,14.954,0,240,0,0,0,0,0,137,0,97,26,10,0,0,0
3892,0.884,0,240,0,0,0,0,0,137,0,97,26,10,0,0,0
3893,15.653,0,240,0,0,0,0,0,137,0,97,26,10,0,0,0
3894,0.771,0,240,0,0,0,0,0,137,0,97,26,10,0,0,0
3895,15.843,0,240,0,0,0,0,0,137,0,97,26,10,0,0,0
3896,0.895,0,240,0,0,0,0,0,137,0,97,26,10,0,0,0
3897,15.719,0,240,0,0,0,0,0,137,0,97,26,10,0,0,0
3898,0.908,0,240,0,0,0,0,0,137,0,97,26,10,0,0,0
3899,15.814,0,240,0,0,0,0,0,137,0,97,26,10,0,0,0
3900,0.838,0,240,0,0,0,0,0,137,0,97,26,10,0,0,0
3901,15.752,0,240,0,0,0,0,0,137,0,97,26,10,0,0,0
3902,0.921,0,240,0,0,0,0,0,137,0,97,26,10,0,0,0
3903,15.877,0,240,0,0,0,0,0,137,0,97,26,10,0,0,0
3904,0.862,0,240,0,0,0,0,0,137,0,97,26,10,0,0,0
3905,16.464,0,240,0,0,0,0,0,137,0,97,26,10,0,0,0
3906,1.107,0,240,0,0,0,0,0,137,0,97,26,10,0,0,0
3907,14.907,0,240,0,0,0,0,0,137,0,97,26,10,0,0,0
3908,0.943,0,240,0,0,0,0,0,137,0,97,26,10,0,0,0
3909,15.769,0,240,0,0,0,0,0,137,0,97,26,10,0,0,0
3910,0.860,0,240,0,0,0,0,0,137,0,97,26,10,0,0,0
3911,15.718,0,240,0,0,0,0,0,137,0,97,26,10,0,0,0
3912,0.803,0,240,0,0,0,0,0,137,0,97,26,10,0,0,0
3913,15.946,0,240,0,0,0,0,0,137,0,97,26,10,0,0,0
3914,1.011,0,240,0,0,0,0,0,137,0,97,26,10,0,0,0
3915,15.517,0,240,0,0,0,0,0,137,0,97,26,10,0,0,0
3916,0.909,0,240,0,0,0,0,0,137,0,97,26,10,0,0,0
3917,15.844,0,240,0,0,0,0,0,137,0,97,26,10,0,0,0
3918,0.839,0,240,0,0,0,0,0,137,0,97,26,10,0,0,0
3919,15.773,0,240,0,0,0,0,0,137,0,97,26,10,0,0,0
3920,0.921,0,240,0,0,0,0,0,137,0,97,26,10,0,0,0
3921,15.702,0,240,0,0,0,0,0,137,0,97,26,10,0,0,0
3922,0.815,0,240,0,0,0,0,0,137,0,97,26,10,0,0,0
3923,16.126,0,240,0,0,0,0,0,137,0,97,26,10,0,0,0
3924,0.783,0,240,0,0,0,0,0,137,0,97,26,10,0,0,0
3925,15.769,0,240,0,0,0,0,0,137,0,97,26,10,0,0,0
3926,0.810,0,240,0,0,0,0,0,137,0,97,26,10,0,0,0
3927,15.844,0,240,0,0,0,0,0,137,0,97,26,10,0,0,0
3928,0.870,0,240,0,0,0,0,0,137,0,97,26,10,0,0,0
3929,16.114,0,240,0,0,0,0,0,137,0,97,26,10,0,0,0
3930,0.949,0,240,0,0,0,0,0,137,0,97,26,10,0,0,0
3931,15.298,0,240,0,0,0,0,0,137,0,97,26,10,0,0,0
3932,0.834,0,240,0,0,0,0,0,137,0,97,26,10,0,0,0
3933,15.907,0,240,0,0,0,0,0,137,0,97,26,10,0,0,0
3934,0.921,0,240,0,0,0,0,0,137,0,97,26,10,0,0,0
3935,15.708,0,240,0,0,0,0,0,137,0,97,26,10,0,0,0
3936,0.812,0,240,0,0,0,0,0,137,0,97,26,10,0,0,0
3937,15.854,0,240,0,0,0,0,0,137,0,97,26,10,0,0,0
3938,0.959,0,240,0,0,0,0,0,137,0,97,26,10,0,0,0
3939,15.739,0,240,0,0,0,0,0,137,0,97,26,10,0,0,0
3940,0.855,0,240,0,0,0,0,0,137,0,97,26,10,0,0,0
3941,15.856,0,240,0,0,0,0,0,137,0,97,26,10,0,0,0
3942,0.760,0,240,0,0,0,0,0,137,0,97,26,10,0,0,0
3943,15.859,0,240,0,0,0,0,0,137,0,97,26,10,0,0,0
3944,0.882,0,240,0,0,0,0,0,137,0,97,26,10,0,0,0
3945,16.116,0,240,0,0,0,0,0,137,0,97,26,10,0,0,0
3946,0.907,0,240,0,0,0,0,0,137,0,97,26,10,0,0,0
3947,15.366,0,240,0,0,0,0,0,137,0,97,26,10,0,0,0
3948,0.839,0,240,0,0,0,0,0,137,0,97,26,10,0,0,0
3949,15.712,0,240,0,0,0,0,0,137,0,97,26,10,0,0,0
3950,0.795,0,240,0,0,0,0,0,137,0,97,26,10,0,0,0
3951,15.991,0,240,0,0,0,0,0,137,0,97,26,10,0,0,0
3952,0.776,0,240,0,0,0,0,0,137,0,97,26,10,0,0,0
3953,15.911,0,240,0,0,0,0,0,137,0,97,26,10,0,0,0
3954,0.908,0,240,0,0,0,0,0,137,0,97,26,10,0,0,0
3955,15.654,0,240,0,0,0,0,0,137,0,97,26,10,0,0,0
3956,0.755,0,240,0,0,0,0,0,137,0,97,26,10,0,0,0
3957,15.889,0,240,0,0,0,0,0,137,0,97,26,10,0,0,0
3958,0.778,0,240,0,0,0,0,0,137,0,97,26,10,0,0,0
3959,15.939,0,240,0,0,0,0,0,137,0,97,26,10,0,0,0
3960,0.911,0,240,0,0,0,0,0,137,0,97,26,10,0,0,0
3961,15.750,0,240,0,0,0,0,0,137,0,97,26,10,0,0,0
3962,0.983,0,240,0,0,0,0,0,137,0,97,26,10,0,0,0
3963,15.711,0,240,0,0,0,0,0,137,0,97,26,10,0,0,0
3964,0.872,0,240,0,0,0,0,0,137,0,97,26,10,0,0,0
3965,15.838,0,240,0,0,0,0,0,137,0,97,26,10,0,0,0
3966,0.730,0,240,0,0,0,0,0,137,0,97,26,10,0,0,0
3967,16.007,0,240,0,0,0,0,0,137,0,97,26,10,0,0,0
3968,0.869,0,240,0,0,0,0,0,137,0,97,26,10,0,0,0
3969,15.775,0,240,0,0,0,0,0,137,0,97,26,10,0,0,0
3970,0.955,0,240,0,0,0,0,0,137,0,97,26,10,0,0,0
3971,15.955,0,240,0,0,0,0,0,137,0,97,26,10,0,0,0
3972,0.894,0,240,0,0,0,0,0,137,0,97,26,10,0,0,0
3973,15.485,0,240,0,0,0,0,0,137,0,97,26,10,0,0,0
3974,0.870,0,240,0,0,0,0,0,137,0,97,26,10,0,0,0
3975,15.771,0,240,0,0,0,0,0,137,0,97,26,10,0,0,0
3976,0.778,0,240,0,0,0,0,0,137,0,97,26,10,0,0,0
3977,16.325,0,240,0,0,0,0,0,137,0,97,26,10,0,0,0
3978,0.920,0,240,0,0,0,0,0,137,0,97,26,10,0,0,0
3979,15.297,0,240,0,0,0,0,0,137,0,97,26,10,0,0,0
3980,0.879,0,240,0,0,0,0,0,137,0,97,26,10,0,0,0
3981,15.755,0,240,0,0,0,0,0,137,0,97,26,10,0,0,0
3982,0.955,0,240,0,0,0,0,0,137,0,97,26,10,0,0,0
3983,15.746,0,240,0,0,0,0,0,137,0,97,26,10,0,0,0
3984,0.839,0,240,0,0,0,0,0,137,0,97,26,10,0,0,0
3985,15.907,0,240,0,0,0,0,0,137,0,97,26,10,0,0,0
3986,0.910,0,240,0,0,0,0,0,137,0,97,26,10,0,0,0
3987,15.779,0,240,0,0,0,0,0,137,0,97,26,10,0,0,0
3988,0.843,0,240,0,0,0,0,0,137,0,97,26,10,0,0,0
3989,15.725,0,240,0,0,0,0,0,137,0,97,26,10,0,0,0
3990,0.787,0,240,0,0,0,0,0,137,0,97,26,10,0,0,0
3991,15.950,0,240,0,0,0,0,0,137,0,97,26,10,0,0,0
3992,0.863,0,240,0,0,0,0,0,137,0,97,26,10,0,0,0
3993,15.785,0,240,0,0,0,0,0,137,0,97,26,10,0,0,0
3994,1.265,0,240,0,0,0,0,0,137,0,97,26,10,0,0,0
3995,15.381,0,240,0,0,0,0,0,137,0,97,26,10,0,0,0
3996,0.852,0,240,0,0,0,0,0,137,0,97,26,10,0,0,0
3997,15.916,0,240,0,0,0,0,0,137,0,97,26,10,0,0,0
3998,0.939,0,240,0,0,0,0,0,137,0,97,26,10,0,0,0
3999,15.651,0,240,0,0,0,0,0,137,0,97,26,10,0,0,0
4000,0.836,0,240,0,0,0,0,0,137,0,97,26,10,0,0,0
4001,15.834,0,240,0,0,0,0,0,137,0,97,26,10,0,0,0
4002,0.842,0,240,0,0,0,0,0,137,0,97,26,10,0,0,0
4003,15.707,0,240,0,0,0,0,0,137,0,97,26,10,0,0,0
4004,0.861,0,240,0,0,0,0,0,137,0,97,26,10,0,0,0
4005,15.866,0,240,0,0,0,0,0,137,0,97,26,10,0,0,0
4006,0.891,0,240,0,0,0,0,0,137,0,97,26,10,0,0,0
4007,16.232,0,240,0,0,0,0,0,137,0,97,26,10,0,0,0
4008,0.925,0,240,0,0,0,0,0,137,0,97,26,10,0,0,0
4009,15.217,0,240,0,0,0,0,0,137,0,97,26,10,0,0,0
4010,0.873,0,240,0,0,0,0,0,137,0,97,26,10,0,0,0
4011,15.867,0,240,0,0,0,0,0,137,0,97,26,10,0,0,0
4012,0.826,0,240,0,0,0,0,0,137,0,97,26,10,0,0,0
4013,15.802,0,240,0,0,0,0,0,137,0,97,26,10,0,0,0
4014,0.873,0,240,0,0,0,0,0,137,0,97,26,10,0,0,0
4015,15.724,0,240,0,0,0,0,0,137,0,97,26,10,0,0,0
4016,0.846,0,240,0,0,0,0,0,137,0,97,26,10,0,0,0
4017,15.798,0,240,0,0,0,0,0,137,0,97,26,10,0,0,0
4018,0.826,0,240,0,0,0,0,0,137,0,97,26,10,0,0,0
4019,15.862,0,240,0,0,0,0,0,137,0,97,26,10,0,0,0
4020,0.936,0,240,0,0,0,0,0,137,0,97,26,10,0,0,0
4021,15.966,0,240,0,0,0,0,0,137,0,97,26,10,0,0,0
4022,0.841,0,240,0,0,0,0,0,137,0,97,26,10,0,0,0
4023,15.728,0,240,0,0,0,0,0,137,0,97,26,10,0,0,0
4024,0.802,0,240,0,0,0,0,0,137,0,97,26,10,0,0,0
4025,15.861,0,240,0,0,0,0,0,137,0,97,26,10,0,0,0
4026,0.914,0,240,0,0,0,0,0,137,0,97,26,10,0,0,0
4027,15.759,0,240,0,0,0,0,0,137,0,97,26,10,0,0,0
4028,0.833,0,240,0,0,0,0,0,137,0,97,26,10,0,0,0
4029,15.738,0,240,0,0,0,0,0,137,0,97,26,10,0,0,0
4030,0.960,0,240,0,0,0,0,0,137,0,97,26,10,0,0,0
4031,15.634,0,240,0,0,0,0,0,137,0,97,26,10,0,0,0
4032,0.828,0,240,0,0,0,0,0,137,0,97,26,10,0,0,0
4033,15.988,0,240,0,0,0,0,0,137,0,97,26,10,0,0,0
4034,0.866,0,240,0,0,0,0,0,137,0,97,26,10,0,0,0
4035,15.662,0,240,0,0,0,0,0,137,0,97,26,10,0,0,0
4036,0.967,0,240,0,0,0,0,0,137,0,97,26,10,0,0,0
4037,15.828,0,240,0,0,0,0,0,137,0,97,26,10,0,0,0
4038,0.818,0,240,0,0,0,0,0,137,0,97,26,10,0,0,0
4039,15.896,0,240,0,0,0,0,0,137,0,97,26,10,0,0,0
4040,0.872,0,240,0,0,0,0,0,137,0,97,26,10,0,0,0
4041,16.679,0,240,0,0,0,0,0,137,0,97,26,10,0,0,0
4042,0.814,0,240,0,0,0,0,0,137,0,97,26,10,0,0,0
4043,14.822,0,240,0,0,0,0,0,137,0,97,26,10,0,0,0
4044,1.023,0,240,0,0,0,0,0,137,0,97,26,10,0,0,0
4045,15.804,0,240,0,0,0,0,0,137,0,97,26,11,0,0,0
4046,0.807,0,240,0,0,0,0,0,137,0,97,26,11,0,0,0
4047,15.819,0,240,0,0,0,0,0,137,0,97,26,11,0,0,0
4048,0.790,0,240,0,0,0,0,0,137,0,97,26,11,0,0,0
4049,15.814,0,240,0,0,0,0,0,137,0,97,26,11,0,0,0
4050,0.914,0,240,0,0,0,0,0,137,0,97,26,11,0,0,0
4051,15.716,0,240,0,0,0,0,0,137,0,97,26,11,0,0,0
4052,0.854,0,240,0,0,0,0,0,137,0,97,26,11,0,0,0
4053,15.848,0,240,0,0,0,0,0,137,0,97,26,11,0,0,0
4054,0.877,0,240,0,0,0,0,0,137,0,97,26,11,0,0,0
4055,15.827,0,240,0,0,0,0,0,137,0,97,26,11,0,0,0
4056,0.881,0,240,0,0,0,0,0,137,0,97,26,11,0,0,0
4057,15.757,0,240,0,0,0,0,0,137,0,97,26,11,0,0,0
4058,0.919,0,240,0,0,0,0,0,137,0,97,26,11,0,0,0
4059,15.794,0,240,0,0,0,0,0,137,0,97,26,11,0,0,0
4060,0.798,0,240,0,0,0,0,0,137,0,97,26,11,0,0,0
4061,15.812,0,240,0,0,0,1,0,137,0,97,26,11,0,0,0
4062,0.896,0,240,0,0,0,0,0,137,0,97,26,11,0,0,0
4063,15.783,0,240,0,0,0,0,0,137,0,97,26,11,0,0,0
4064,0.870,0,240,0,0,0,0,0,137,0,97,26,11,0,0,0
4065,15.814,0,240,0,0,0,0,0,137,0,97,26,11,0,0,0
4066,0.829,0,240,0,0,0,0,0,137,0,97,26,11,0,0,0
4067,15.793,0,240,0,0,0,0,0,137,0,97,26,11,0,0,0
4068,0.867,0,240,0,0,0,0,0,137,0,97,26,11,0,0,0
4069,15.899,0,240,0,0,0,0,0,137,0,97,26,11,0,0,0
4070,0.840,0,240,0,0,0,0,0,137,0,97,26,11,0,0,0
4071,15.738,0,240,0,0,0,0,0,137,0,97,26,11,0,0,0
4072,0.773,0,240,0,0,0,0,0,137,0,97,26,11,0,0,0
4073,16.257,0,240,0,0,0,0,0,137,0,97,26,11,0,0,0
4074,1.082,0,240,0,0,0,0,0,137,0,97,26,11,0,0,0
4075,15.203,0,240,0,0,0,0,0,137,0,97,26,11,0,0,0
4076,0.849,0,240,0,0,0,0,0,137,0,97,26,11,0,0,0
4077,15.925,0,240,0,0,0,0,0,137,0,97,26,11,0,0,0
4078,0.822,0,240,0,0,0,0,0,137,0,97,26,11,0,0,0
4079,15.819,0,240,0,0,0,0,0,137,0,97,26,11,0,0,0
4080,0.817,0,240,0,0,0,0,0,137,0,97,26,11,0,0,0
4081,15.842,0,240,0,0,0,0,0,137,0,97,26,11,0,0,0
4082,0.813,0,240,0,0,0,0,0,137,0,97,26,11,0,0,0
4083,15.914,0,240,0,0,0,0,0,137,0,97,26,11,0,0,0
4084,0.847,0,240,0,0,0,0,0,137,0,97,26,11,0,0,0
4085,15.760,0,240,0,0,0,0,0,137,0,97,26,11,0,0,0
4086,0.786,0,240,0,0,0,0,0,137,0,97,26,11,0,0,0
4087,15.842,0,240,0,0,0,0,0,137,0,97,26,11,0,0,0
4088,0.978,0,240,0,0,0,0,0,137,0,97,26,11,0,0,0
4089,15.666,0,240,0,0,0,0,0,137,0,97,26,11,0,0,0
4090,0.765,0,240,0,0,0,0,0,137,0,97,26,11,0,0,0
4091,15.903,0,240,0,0,0,0,0,137,0,97,26,11,0,0,0
4092,0.767,0,240,0,0,0,0,0,137,0,97,26,11,0,0,0
4093,15.766,0,240,0,0,0,0,0,137,0,97,26,11,0,0,0
4094,0.811,0,240,0,0,0,0,0,137,0,97,26,11,0,0,0
4095,15.945,0,240,0,0,0,0,0,137,0,97,26,11,0,0,0
4096,0.936,0,240,0,0,0,0,0,137,0,97,26,11,0,0,0
4097,16.646,0,240,0,0,0,0,0,137,0,97,26,11,0,0,0
4098,0.810,0,240,0,0,0,0,0,137,0,97,26,11,0,0,0
4099,15.086,0,240,0,0,0,0,0,137,0,97,26,11,0,0,0
4100,0.832,0,240,0,0,0,0,0,137,0,97,26,11,0,0,0
4101,15.698,0,240,0,0,0,0,0,137,0,97,26,11,0,0,0
4102,0.866,0,240,0,0,0,0,0,137,0,97,26,11,0,0,0
4103,15.851,0,240,0,0,0,0,0,137,0,97,26,11,0,0,0
4104,0.833,0,240,0,0,0,0,0,137,0,97,26,11,0,0,0
4105,15.787,0,240,0,0,0,0,0,137,0,97,26,11,0,0,0
4106,0.898,0,240,0,0,0,0,0,137,0,97,26,11,0,0,0
4107,15.652,0,240,0,0,0,0,0,137,0,97,26,11,0,0,0
4108,0.859,0,240,0,0,0,0,0,137,0,97,26,11,0,0,0
4109,15.839,0,240,0,0,0,0,0,137,0,97,26,11,0,0,0
4110,0.862,0,240,0,0,0,0,0,137,0,97,26,11,0,0,0
4111,15.925,0,240,0,0,0,0,0,137,0,97,26,11,0,0,0
4112,0.791,0,240,0,0,0,0,0,137,0,97,26,11,0,0,0
4113,16.224,0,240,0,0,0,0,0,137,0,97,26,11,0,0,0
4114,0.809,0,240,0,0,0,0,0,137,0,97,26,11,0,0,0
4115,15.346,0,240,0,0,0,0,0,137,0,97,26,11,0,0,0
4116,0.906,0,240,0,0,0,0,0,137,0,97,26,11,0,0,0
4117,15.762,0,240,0,0,0,0,0,137,0,97,26,11,0,0,0
4118,0.813,0,240,0,0,0,0,0,137,0,97,26,11,0,0,0
4119,16.097,0,240,0,0,0,0,0,137,0,97,26,11,0,0,0
4120,0.885,0,240,0,0,0,0,0,137,0,97,26,11,0,0,0
4121,16.674,0,240,0,0,0,0,0,137,0,97,26,11,0,0,0
4122,0.921,0,240,0,0,0,0,0,137,0,97,26,11,0,0,0
4123,14.812,0,240,0,0,0,0,0,137,0,97,26,11,0,0,0
4124,1.034,0,240,0,0,0,0,0,137,0,97,26,11,0,0,0
4125,15.712,0,240,0,0,0,0,0,137,0,97,26,11,0,0,0
4126,0.853,0,240,0,0,0,0,0,137,0,97,26,11,0,0,0
4127,16.072,0,240,0,0,0,0,0,137,0,97,26,11,0,0,0
4128,0.878,0,240,0,0,0,0,0,137,0,97,26,11,0,0,0
4129,15.494,0,240,0,0,0,0,0,137,0,97,26,11,0,0,0
4130,0.889,0,240,0,0,0,0,0,137,0,97,26,11,0,0,0
4131,15.573,0,240,0,0,0,0,0,137,0,97,26,11,0,0,0
4132,0.780,0,240,0,0,0,0,0,137,0,97,26,11,0,0,0
4133,16.104,0,240,0,0,0,0,0,137,0,97,26,11,0,0,0
4134,0.776,0,240,0,0,0,0,0,137,0,97,26,11,0,0,0
4135,15.735,0,240,0,0,0,0,0,137,0,97,26,11,0,0,0
4136,0.876,0,240,0,0,0,0,0,137,0,97,26,11,0,0,0
4137,16.975,0,240,0,0,0,0,0,137,0,97,26,11,0,0,0
4138,0.899,0,240,0,0,0,0,0,137,0,97,26,11,0,0,0
4139,14.652,0,240,0,0,0,0,0,137,0,97,26,11,0,0,0
4140,0.832,0,240,0,0,0,0,0,137,0,97,26,11,0,0,0
4141,15.720,0,240,0,0,0,0,0,137,0,97,26,11,0,0,0
4142,0.779,0,240,0,0,0,0,0,137,0,97,26,11,0,0,0
4143,16.064,0,240,0,0,0,0,0,137,0,97,26,11,0,0,0
4144,0.821,0,240,0,0,0,0,0,137,0,97,26,11,0,0,0
4145,15.695,0,240,0,0,0,0,0,137,0,97,26,11,0,0,0
4146,0.866,0,240,0,0,0,0,0,137,0,97,26,11,0,0,0
4147,15.751,0,240,0,0,0,0,0,137,0,97,26,11,0,0,0
4148,0.907,0,240,0,0,0,0,0,137,0,97,26,11,0,0,0
4149,15.870,0,240,0,0,0,0,0,137,0,97,26,11,0,0,0
4150,0.825,0,240,0,0,0,0,0,137,0,97,26,11,0,0,0
4151,15.839,0,240,0,0,0,0,0,137,0,97,26,11,0,0,0
4152,0.919,0,240,0,0,0,0,0,137,0,97,26,11,0,0,0
4153,15.799,0,240,0,0,0,0,0,137,0,97,26,11,0,0,0
4154,0.818,0,240,0,0,0,0,0,137,0,97,26,11,0,0,0
4155,16.036,0,240,0,0,0,0,0,137,0,97,26,11,0,0,0
4156,0.797,0,240,0,0,0,0,0,137,0,97,26,11,0,0,0
4157,15.448,0,240,0,0,0,0,0,137,0,97,26,11,0,0,0
4158,0.817,0,240,0,0,0,0,0,137,0,97,26,11,0,0,0
4159,15.928,0,240,0,0,0,0,0,137,0,97,26,11,0,0,0
4160,0.848,0,240,0,0,0,0,0,137,0,97,26,11,0,0,0
4161,16.338,0,240,0,0,0,0,0,137,0,97,26,11,0,0,0
4162,0.800,0,240,0,0,0,0,0,137,0,97,26,11,0,0,0
4163,15.418,0,240,0,0,0,0,0,137,0,97,26,11,0,0,0
4164,0.846,0,240,0,0,0,0,0,137,0,97,26,11,0,0,0
4165,15.828,0,240,0,0,0,0,0,137,0,97,26,11,0,0,0
4166,0.796,0,240,0,0,0,0,0,137,0,97,26,11,0,0,0
4167,15.875,0,240,0,0,0,0,0,137,0,97,26,11,0,0,0
4168,0.970,0,240,0,0,0,0,0,137,0,97,26,11,0,0,0
4169,15.701,0,240,0,0,0,0,0,137,0,97,26,11,0,0,0
4170,0.750,0,240,0,0,0,0,0,137,0,97,26,11,0,0,0
4171,15.937,0,240,0,0,0,0,0,137,0,97,26,11,0,0,0
4172,0.830,0,240,0,0,0,0,0,137,0,97,26,11,0,0,0
4173,15.931,0,240,0,0,0,0,0,137,0,97,26,11,0,0,0
4174,0.837,0,240,0,0,0,0,0,137,0,97,26,11,0,0,0
4175,15.721,0,240,0,0,0,0,0,137,0,97,26,11,0,0,0
4176,0.829,0,240,0,0,0,0,0,137,0,97,26,11,0,0,0
4177,15.860,0,240,0,0,0,0,0,137,0,97,26,11,0,0,0
4178,0.860,0,240,0,0,0,0,0,137,0,97,26,11,0,0,0
4179,15.819,0,240,0,0,0,0,0,137,0,97,26,11,0,0,0
4180,0.869,0,240,0,0,0,0,0,137,0,97,26,11,0,0,0
4181,15.768,0,240,0,0,0,0,0,137,0,97,26,11,0,0,0
4182,0.793,0,240,0,0,0,0,0,137,0,97,26,11,0,0,0
4183,15.914,0,240,0,0,0,0,0,137,0,97,26,11,0,0,0
4184,0.800,0,240,0,0,0,0,0,137,0,97,26,11,0,0,0
4185,15.762,0,240,0,0,0,0,0,137,0,97,26,11,0,0,0
4186,0.842,0,240,0,0,0,0,0,137,0,97,26,11,0,0,0
4187,15.868,0,240,0,0,0,0,0,137,0,97,26,11,0,0,0
4188,0.859,0,240,0,0,0,0,0,137,0,97,26,11,0,0,0
4189,15.719,0,240,0,0,0,0,0,137,0,97,26,11,0,0,0
4190,0.805,0,240,0,0,0,0,0,137,0,97,26,11,0,0,0
4191,16.115,0,240,0,0,0,0,0,137,0,97,26,11,0,0,0
4192,0.847,0,240,0,0,0,0,0,137,0,97,26,11,0,0,0
4193,16.806,0,240,0,0,0,0,0,137,0,97,26,11,0,0,0
4194,0.886,0,240,0,0,0,0,0,137,0,97,26,11,0,0,0
4195,14.661,0,240,0,0,0,0,0,137,0,97,26,11,0,0,0
4196,0.903,0,240,0,0,0,0,0,137,0,97,26,11,0,0,0
4197,15.756,0,240,0,0,0,0,0,137,0,97,26,11,0,0,0
4198,0.857,0,240,0,0,0,0,0,137,0,97,26,11,0,0,0
4199,15.727,0,240,0,0,0,0,0,137,0,97,26,11,0,0,0
4200,0.896,0,240,0,0,0,0,0,137,0,97,26,11,0,0,0
4201,15.813,0,240,0,0,0,0,0,137,0,97,26,11,0,0,0
4202,0.893,0,240,0,0,0,0,0,137,0,97,26,11,0,0,0
4203,15.928,0,240,0,0,0,0,0,137,0,97,26,11,0,0,0
4204,0.801,0,240,0,0,0,0,0,137,0,97,26,11,0,0,0
4205,15.742,0,240,0,0,0,0,0,137,0,97,26,11,0,0,0
4206,1.140,0,240,0,0,0,0,0,137,0,97,26,11,0,0,0
4207,15.564,0,240,0,0,0,0,0,137,0,97,26,11,0,0,0
4208,0.788,0,240,0,0,0,0,0,137,0,97,26,11,0,0,0
4209,15.847,0,240,0,0,0,0,0,137,0,97,26,11,0,0,0
4210,0.888,0,240,0,0,0,0,0,137,0,97,26,11,0,0,0
4211,15.689,0,240,0,0,0,0,0,137,0,97,26,11,0,0,0
4212,0.792,0,240,0,0,0,0,0,137,0,97,26,11,0,0,0
4213,15.900,0,240,0,0,0,0,0,137,0,97,26,11,0,0,0
4214,0.909,0,240,0,0,0,0,0,137,0,97,26,11,0,0,0
4215,15.726,0,240,0,0,0,0,0,137,0,97,26,11,0,0,0
4216,0.924,0,240,0,0,0,0,0,137,0,97,26,11,0,0,0
4217,16.012,0,240,0,0,0,0,0,137,0,97,26,11,0,0,0
4218,1.032,0,240,0,0,0,0,0,137,0,97,26,11,0,0,0
4219,15.395,0,240,0,0,0,0,0,137,0,97,26,11,0,0,0
4220,0.926,0,240,0,0,0,0,0,137,0,97,26,11,0,0,0
4221,15.720,0,240,0,0,0,0,0,137,0,97,26,11,0,0,0
4222,0.855,0,240,0,0,0,0,0,137,0,97,26,11,0,0,0
4223,15.913,0,240,0,0,0,0,0,137,0,97,26,11,0,0,0
4224,0.926,0,240,0,0,0,0,0,137,0,97,26,11,0,0,0
4225,15.747,0,240,0,0,0,0,0,137,0,97,26,11,0,0,0
4226,1.039,0,240,0,0,0,0,0,137,0,97,26,11,0,0,0
4227,15.610,0,240,0,0,0,0,0,137,0,97,26,11,0,0,0
4228,0.806,0,240,0,0,0,0,0,137,0,97,26,11,0,0,0
4229,15.694,0,240,0,0,0,0,0,137,0,97,26,11,0,0,0
4230,0.901,0,240,0,0,0,0,0,137,0,97,26,11,0,0,0
4231,15.755,0,240,0,0,0,0,0,137,0,97,26,11,0,0,0
4232,0.809,0,240,0,0,0,0,0,137,0,97,26,11,0,0,0
4233,16.188,0,240,0,0,0,0,0,137,0,97,26,11,0,0,0
4234,0.865,0,240,0,0,0,0,0,137,0,97,26,11,0,0,0
4235,15.645,0,240,0,0,0,0,0,137,0,97,26,11,0,0,0
4236,0.849,0,240,0,0,0,0,0,137,0,97,26,11,0,0,0
4237,15.789,0,240,0,0,0,0,0,137,0,97,26,11,0,0,0
4238,0.885,0,240,0,0,0,0,0,137,0,97,26,11,0,0,0
4239,15.711,0,240,0,0,0,0,0,137,0,97,26,11,0,0,0
4240,0.945,0,240,0,0,0,0,0,137,0,97,26,11,0,0,0
4241,16.170,0,240,0,0,0,0,0,137,0,97,26,11,0,0,0
4242,0.952,0,240,0,0,0,0,0,137,0,97,26,11,0,0,0
4243,15.205,0,240,0,0,0,0,0,137,0,97,26,11,0,0,0
4244,0.933,0,240,0,0,0,0,0,137,0,97,26,11,0,0,0
4245,15.754,0,240,0,0,0,0,0,137,0,97,26,11,0,0,0
4246,0.870,0,240,0,0,0,0,0,137,0,97,26,11,0,0,0
4247,16.010,0,240,0,0,0,0,0,137,0,97,26,11,0,0,0
4248,0.842,0,240,0,0,0,0,0,137,0,97,26,11,0,0,0
4249,15.726,0,240,0,0,0,0,0,137,0,97,26,11,0,0,0
4250,0.900,0,240,0,0,0,0,0,137,0,97,26,11,0,0,0
4251,15.670,0,240,0,0,0,0,0,137,0,97,26,11,0,0,0
4252,0.850,0,240,0,0,0,0,0,137,0,97,26,11,0,0,0
4253,15.764,0,240,0,0,0,0,0,137,0,97,26,11,0,0,0
4254,0.884,0,240,0,0,0,0,0,137,0,97,26,11,0,0,0
4255,15.925,0,240,0,0,0,0,0,137,0,97,26,11,0,0,0
4256,0.791,0,240,0,0,0,0,0,137,0,97,26,11,0,0,0
4257,16.055,0,240,0,0,0,0,0,137,0,97,26,11,0,0,0
4258,0.828,0,240,0,0,0,0,0,137,0,97,26,11,0,0,0
4259,15.606,0,240,0,0,0,0,0,137,0,97,26,11,0,0,0
4260,0.960,0,240,0,0,0,0,0,137,0,97,26,11,0,0,0
4261,15.763,0,240,0,0,0,0,0,137,0,97,26,11,0,0,0
4262,0.787,0,240,0,0,0,0,0,137,0,97,26,11,0,0,0
4263,15.877,0,240,0,0,0,0,0,137,0,97,26,11,0,0,0
4264,0.933,0,240,0,0,0,0,0,137,0,97,26,11,0,0,0
4265,15.748,0,240,0,0,0,0,0,137,0,97,26,11,0,0,0
4266,0.910,0,240,0,0,0,0,0,137,0,97,26,11,0,0,0
4267,15.736,0,240,0,0,0,0,0,137,0,97,26,11,0,0,0
4268,1.002,0,240,0,0,0,0,0,137,0,97,26,11,0,0,0
4269,15.630,0,240,0,0,0,0,0,137,0,97,26,11,0,0,0
4270,0.839,0,240,0,0,0,0,0,137,0,97,26,11,0,0,0
4271,15.835,0,240,0,0,0,0,0,137,0,97,26,11,0,0,0
4272,0.849,0,240,0,0,0,0,0,137,0,97,26,11,0,0,0
4273,16.189,0,240,0,0,0,0,0,137,0,97,26,11,0,0,0
4274,1.022,0,240,0,0,0,0,0,137,0,97,26,11,0,0,0
4275,15.263,0,240,0,0,0,0,0,137,0,97,26,11,0,0,0
4276,0.919,0,240,0,0,0,0,0,137,0,97,26,11,0,0,0
4277,15.769,0,240,0,0,0,0,0,137,0,97,26,11,0,0,0
4278,0.741,0,240,0,0,0,0,0,137,0,97,26,11,0,0,0
4279,15.873,0,240,0,0,0,0,0,137,0,97,26,11,0,0,0
4280,0.795,0,240,0,0,0,0,0,137,0,97,26,11,0,0,0
4281,16.288,0,240,0,0,0,0,0,137,0,97,26,11,0,0,0
4282,0.884,0,240,0,0,0,0,0,137,0,97,26,11,0,0,0
4283,15.367,0,240,0,0,0,0,0,137,0,97,26,11,0,0,0
4284,0.847,0,240,0,0,0,0,0,137,0,97,26,11,0,0,0
4285,15.820,0,240,0,0,0,0,0,137,0,97,26,11,0,0,0
4286,0.842,0,240,0,0,0,0,0,137,0,97,26,11,0,0,0
4287,15.866,0,240,0,0,0,0,0,137,0,97,26,11,0,0,0
4288,0.952,0,240,0,0,0,0,0,137,0,97,26,11,0,0,0
4289,16.160,0,240,0,0,0,0,0,137,0,97,26,11,0,0,0
4290,0.848,0,240,0,0,0,0,0,137,0,97,26,11,0,0,0
4291,15.510,0,240,0,0,0,0,0,137,0,97,26,11,0,0,0
4292,0.857,0,240,0,0,0,0,0,137,0,97,26,11,0,0,0
4293,15.583,0,240,0,0,0,0,0,137,0,97,26,11,0,0,0
4294,0.774,0,240,0,0,0,0,0,137,0,97,26,11,0,0,0
4295,15.998,0,240,0,0,0,0,0,137,0,97,26,11,0,0,0
4296,0.748,0,240,0,0,0,0,0,137,0,97,26,11,0,0,0
4297,15.860,0,240,0,0,0,0,0,137,0,97,26,11,0,0,0
4298,0.896,0,240,0,0,0,0,0,137,0,97,26,11,0,0,0
4299,15.689,0,240,0,0,0,0,0,137,0,97,26,11,0,0,0
4300,0.901,0,240,0,0,0,0,0,137,0,97,26,11,0,0,0
4301,15.920,0,240,0,0,0,0,0,137,0,97,26,11,0,0,0
4302,0.784,0,240,0,0,0,0,0,137,0,97,26,11,0,0,0
4303,15.859,0,240,0,0,0,0,0,137,0,97,26,11,0,0,0
4304,0.773,0,240,0,0,0,0,0,137,0,97,26,11,0,0,0
4305,15.915,0,240,0,0,0,0,0,137,0,97,26,11,0,0,0
4306,0.844,0,240,0,0,0,0,0,137,0,97,26,11,0,0,0
4307,15.663,0,240,0,0,0,0,0,137,0,97,26,11,0,0,0
4308,0.853,0,240,0,0,0,0,0,137,0,97,26,11,0,0,0
4309,15.946,0,240,0,0,0,0,0,137,0,97,26,11,0,0,0
4310,0.805,0,240,0,0,0,0,0,137,0,97,26,11,0,0,0
4311,15.815,0,240,0,0,0,0,0,137,0,97,26,11,0,0,0
4312,0.829,0,240,0,0,0,0,0,137,0,97,26,11,0,0,0
4313,16.909,0,240,0,0,0,0,0,137,0,97,26,11,0,0,0
4314,0.775,0,240,0,0,0,0,0,137,0,97,26,11,0,0,0
4315,15.189,0,240,0,0,0,0,0,137,0,97,26,11,0,0,0
4316,0.847,0,240,0,0,0,0,0,137,0,97,26,11,0,0,0
4317,15.508,0,240,0,0,0,0,0,137,0,97,26,11,0,0,0
4318,0.885,0,240,0,0,0,0,0,137,0,97,26,11,0,0,0
4319,15.637,0,240,0,0,0,0,0,137,0,97,26,11,0,0,0
4320,0.812,0,240,0,0,0,0,0,137,0,97,26,11,0,0,0
4321,15.824,0,240,0,0,0,0,0,137,0,97,26,11,0,0,0
4322,0.912,0,240,0,0,0,0,0,137,0,97,26,11,0,0,0
4323,15.838,0,240,0,0,0,0,0,137,0,97,26,11,0,0,0
4324,0.872,0,240,0,0,0,0,0,137,0,97,26,11,0,0,0
4325,15.833,0,240,0,0,0,0,0,137,0,97,26,11,0,0,0
4326,0.835,0,240,0,0,0,0,0,137,0,97,26,11,0,0,0
4327,15.877,0,240,0,0,0,0,0,137,0,97,26,11,0,0,0
4328,0.828,0,240,0,0,0,0,0,137,0,97,26,11,0,0,0
4329,15.859,0,240,0,0,0,0,0,137,0,97,26,11,0,0,0
4330,0.895,0,240,0,0,0,0,0,137,0,97,26,11,0,0,0
4331,15.646,0,240,0,0,0,0,0,137,0,97,26,11,0,0,0
4332,0.861,0,240,0,0,0,0,0,137,0,97,26,11,0,0,0
4333,15.788,0,240,0,0,0,0,0,137,0,97,26,11,0,0,0
4334,0.848,0,240,0,0,0,0,0,137,0,97,26,11,0,0,0
4335,15.987,0,240,0,0,0,0,0,137,0,97,26,11,0,0,0
4336,0.828,0,240,0,0,0,0,0,137,0,97,26,11,0,0,0
4337,15.786,0,240,0,0,0,0,0,137,0,97,26,11,0,0,0
4338,0.968,0,240,0,0,0,0,0,137,0,97,26,11,0,0,0
4339,15.771,0,240,0,0,0,0,0,137,0,97,26,11,0,0,0
4340,0.911,0,240,0,0,0,0,0,137,0,97,26,11,0,0,0
4341,15.585,0,240,0,0,0,0,0,137,0,97,26,11,0,0,0
4342,0.873,0,240,0,0,0,0,0,137,0,97,26,11,0,0,0
4343,15.707,0,240,0,0,0,0,0,137,0,97,26,11,0,0,0
4344,0.860,0,240,0,0,0,0,0,137,0,97,26,11,0,0,0
4345,16.469,0,240,0,0,0,0,0,137,0,97,26,11,0,0,0
4346,1.022,0,240,0,0,0,0,0,137,0,97,26,11,0,0,0
4347,15.076,0,240,0,0,0,0,0,137,0,97,26,11,0,0,0
4348,0.862,0,240,0,0,0,0,0,137,0,97,26,11,0,0,0
4349,15.742,0,240,0,0,0,0,0,137,0,97,26,11,0,0,0
4350,0.792,0,240,0,0,0,0,0,137,0,97,26,11,0,0,0
4351,15.864,0,240,0,0,0,0,0,137,0,97,26,11,0,0,0
4352,0.806,0,240,0,0,0,0,0,137,0,97,26,11,0,0,0
4353,16.929,0,240,0,0,0,0,0,137,0,97,26,11,0,0,0
4354,0.822,0,240,0,0,0,0,0,137,0,97,26,11,0,0,0
4355,14.850,0,240,0,0,0,0,0,137,0,97,26,11,0,0,0
4356,0.863,0,240,0,0,0,0,0,137,0,97,26,11,0,0,0
4357,15.795,0,240,0,0,0,0,0,137,0,97,26,11,0,0,0
4358,0.854,0,240,0,0,0,0,0,137,0,97,26,11,0,0,0
4359,15.789,0,240,0,0,0,0,0,137,0,97,26,11,0,0,0
4360,0.875,0,240,0,0,0,0,0,137,0,97,26,11,0,0,0
4361,16.390,0,240,0,0,0,0,0,137,0,97,26,11,0,0,0
4362,0.846,0,240,0,0,0,0,0,137,0,97,26,11,0,0,0
4363,15.224,0,240,0,0,0,0,0,137,0,97,26,11,0,0,0
4364,0.995,0,240,0,0,0,0,0,137,0,97,26,11,0,0,0
4365,15.872,0,240,0,0,0,0,0,137,0,97,26,11,0,0,0
4366,0.818,0,240,0,0,0,0,0,137,0,97,26,11,0,0,0
4367,15.761,0,240,0,0,0,0,0,137,0,97,26,11,0,0,0
4368,0.865,0,240,0,0,0,0,0,137,0,97,26,11,0,0,0
4369,16.085,0,240,0,0,0,0,0,137,0,97,26,11,0,0,0
4370,0.810,0,240,0,0,0,0,0,137,0,97,26,11,0,0,0
4371,15.335,0,240,0,0,0,0,0,137,0,97,26,11,0,0,0
4372,0.873,0,240,0,0,0,0,0,137,0,97,26,11,0,0,0
4373,15.936,0,240,0,0,0,0,0,137,0,97,26,11,0,0,0
4374,0.756,0,240,0,0,0,0,0,137,0,97,26,11,0,0,0
4375,15.809,0,240,0,0,0,0,0,137,0,97,26,11,0,0,0
4376,0.816,0,240,0,0,0,0,0,137,0,97,26,11,0,0,0
4377,16.356,0,240,0,0,0,0,0,137,0,97,26,11,0,0,0
4378,0.840,0,240,0,0,0,0,0,137,0,97,26,11,0,0,0
4379,15.308,0,240,0,0,0,0,0,137,0,97,26,11,0,0,0
4380,0.785,0,240,0,0,0,0,0,137,0,97,26,11,0,0,0
4381,15.829,0,240,0,0,0,0,0,137,0,97,26,11,0,0,0
4382,0.921,0,240,0,0,0,0,0,137,0,97,26,11,0,0,0
4383,15.936,0,240,0,0,0,0,0,137,0,97,26,11,0,0,0
4384,0.819,0,240,0,0,0,0,0,137,0,97,26,11,0,0,0
4385,15.742,0,240,0,0,0,0,0,137,0,97,26,11,0,0,0
4386,0.863,0,240,0,0,0,0,0,137,0,97,26,11,0,0,0
4387,15.822,0,240,0,0,0,0,0,137,0,97,26,11,0,0,0
4388,0.925,0,240,0,0,0,0,0,137,0,97,26,11,0,0,0
4389,15.836,0,240,0,0,0,0,0,137,0,97,26,11,0,0,0
4390,0.967,0,240,0,0,0,0,0,137,0,97,26,11,0,0,0
4391,15.818,0,240,0,0,0,0,0,137,0,97,26,11,0,0,0
4392,0.783,0,240,0,0,0,0,0,137,0,97,26,11,0,0,0
4393,15.888,0,240,0,0,0,0,0,137,0,97,26,11,0,0,0
4394,0.837,0,240,0,0,0,0,0,137,0,97,26,11,0,0,0
4395,15.561,0,240,0,0,0,0,0,137,0,97,26,11,0,0,0
4396,0.782,0,240,0,0,0,0,0,137,0,97,26,11,0,0,0
4397,16.038,0,240,0,0,0,0,0,137,0,97,26,11,0,0,0
4398,0.800,0,240,0,0,0,0,0,137,0,97,26,11,0,0,0
4399,15.804,0,240,0,0,0,0,0,137,0,97,26,11,0,0,0
4400,0.910,0,240,0,0,0,0,0,137,0,97,26,11,0,0,0
4401,16.165,0,240,0,0,0,0,0,137,0,97,26,11,0,0,0
4402,0.984,0,240,0,0,0,0,0,137,0,97,26,11,0,0,0
4403,15.427,0,240,0,0,0,0,0,137,0,97,26,11,0,0,0
4404,0.783,0,240,0,0,0,0,0,137,0,97,26,11,0,0,0
4405,15.854,0,240,0,0,0,0,0,137,0,97,26,11,0,0,0
4406,0.917,0,240,0,0,0,0,0,137,0,97,26,11,0,0,0
4407,15.520,0,240,0,0,0,0,0,137,0,97,26,11,0,0,0
4408,0.762,0,240,0,0,0,0,0,137,0,97,26,11,0,0,0
4409,16.095,0,240,0,0,0,0,0,137,0,97,26,11,0,0,0
4410,0.917,0,240,0,0,0,0,0,137,0,97,26,11,0,0,0
4411,15.849,0,240,0,0,0,0,0,137,0,97,26,11,0,0,0
4412,0.927,0,240,0,0,0,0,0,137,0,97,26,11,0,0,0
4413,15.644,0,240,0,0,0,0,0,137,0,97,26,11,0,0,0
4414,0.880,0,240,0,0,0,0,0,137,0,97,26,11,0,0,0
4415,15.587,0,240,0,0,0,0,0,137,0,97,26,11,0,0,0
4416,0.913,0,240,0,0,0,0,0,137,0,97,26,11,0,0,0
4417,16.128,0,240,0,0,0,0,0,137,0,97,26,11,0,0,0
4418,0.882,0,240,0,0,0,0,0,137,0,97,26,11,0,0,0
4419,15.572,0,240,0,0,0,0,0,137,0,97,26,11,0,0,0
4420,0.852,0,240,0,0,0,0,0,137,0,97,26,11,0,0,0
4421,15.917,0,240,0,0,0,0,0,137,0,97,26,11,0,0,0
4422,0.838,0,240,0,0,0,0,0,137,0,97,26,11,0,0,0
4423,15.650,0,240,0,0,0,0,0,137,0,97,26,11,0,0,0
4424,0.860,0,240,0,0,0,0,0,137,0,97,26,11,0,0,0
4425,17.026,0,240,0,0,0,0,0,137,0,97,26,12,0,0,0
4426,0.822,0,240,0,0,0,0,0,137,0,97,26,12,0,0,0
4427,14.601,0,240,0,0,0,0,0,137,0,97,26,12,0,0,0
4428,0.964,0,240,0,0,0,0,0,137,0,97,26,12,0,0,0
4429,15.819,0,240,0,0,0,0,0,137,0,97,26,12,0,0,0
4430,0.789,0,240,0,0,0,0,0,137,0,97,26,12,0,0,0
4431,15.792,0,240,0,0,0,0,0,137,0,97,26,12,0,0,0
4432,0.841,0,240,0,0,0,0,0,137,0,97,26,12,0,0,0
4433,15.829,0,240,0,0,0,0,0,137,0,97,26,12,0,0,0
4434,0.828,0,240,0,0,0,0,0,137,0,97,26,12,0,0,0
4435,16.013,0,240,0,0,0,0,0,137,0,97,26,12,0,0,0
4436,0.751,0,240,0,0,0,0,0,137,0,97,26,12,0,0,0
4437,15.804,0,240,0,0,0,1,0,137,0,97,26,12,0,0,0
4438,0.824,0,240,0,0,0,0,0,137,0,97,26,12,0,0,0
4439,15.644,0,240,0,0,0,0,0,137,0,97,26,12,0,0,0
4440,0.850,0,240,0,0,0,0,0,137,0,97,26,12,0,0,0
4441,15.905,0,240,0,0,0,0,0,137,0,97,26,12,0,0,0
4442,0.830,0,240,0,0,0,0,0,137,0,97,26,12,0,0,0
4443,15.760,0,240,0,0,0,0,0,137,0,97,26,12,0,0,0
4444,0.861,0,240,0,0,0,0,0,137,0,97,26,12,0,0,0
4445,15.996,0,240,0,0,0,0,0,137,0,97,26,12,0,0,0
4446,0.913,0,240,0,0,0,0,0,137,0,97,26,12,0,0,0
4447,15.778,0,240,0,0,0,0,0,137,0,97,26,12,0,0,0
4448,0.798,0,240,0,0,0,0,0,137,0,97,26,12,0,0,0
4449,15.768,0,240,0,0,0,0,0,137,0,97,26,12,0,0,0
4450,0.996,0,240,0,0,0,0,0,137,0,97,26,12,0,0,0
4451,15.618,0,240,0,0,0,0,0,137,0,97,26,12,0,0,0
4452,0.891,0,240,0,0,0,0,0,137,0,97,26,12,0,0,0
4453,15.792,0,240,0,0,0,1,0,137,0,97,26,12,0,0,0
4454,0.888,0,240,0,0,0,0,0,137,0,97,26,12,0,0,0
4455,15.724,0,240,0,0,0,0,0,137,0,97,26,12,0,0,0
4456,0.822,0,240,0,0,0,0,0,137,0,97,26,12,0,0,0
4457,16.249,0,240,0,0,0,0,0,137,0,97,26,12,0,0,0
4458,0.906,0,240,0,0,0,0,0,137,0,97,26,12,0,0,0
4459,15.432,0,240,0,0,0,0,0,137,0,97,26,12,0,0,0
4460,0.835,0,240,0,0,0,0,0,137,0,97,26,12,0,0,0
4461,15.785,0,240,0,0,0,0,0,137,0,97,26,12,0,0,0
4462,1.036,0,240,0,0,0,0,0,137,0,97,26,12,0,0,0
4463,15.612,0,240,0,0,0,0,0,137,0,97,26,12,0,0,0
4464,0.800,0,240,0,0,0,0,0,137,0,97,26,12,0,0,0
4465,15.842,0,240,0,0,0,0,0,137,0,97,26,12,0,0,0
4466,0.957,0,240,0,0,0,0,0,137,0,97,26,12,0,0,0
4467,15.701,0,240,0,0,0,0,0,137,0,97,26,12,0,0,0
4468,0.817,0,240,0,0,0,0,0,137,0,97,26,12,0,0,0
4469,15.938,0,240,0,0,0,0,0,137,0,97,26,12,0,0,0
4470,0.808,0,240,0,0,0,0,0,137,0,97,26,12,0,0,0
4471,15.894,0,240,0,0,0,0,0,137,0,97,26,12,0,0,0
4472,0.826,0,240,0,0,0,0,0,137,0,97,26,12,0,0,0
4473,16.380,0,240,0,0,0,0,0,137,0,97,26,12,0,0,0
4474,0.887,0,240,0,0,0,0,0,137,0,97,26,12,0,0,0
4475,15.224,0,240,0,0,0,0,0,137,0,97,26,12,0,0,0
4476,0.830,0,240,0,0,0,0,0,137,0,97,26,12,0,0,0
4477,15.762,0,240,0,0,0,0,0,137,0,97,26,12,0,0,0
4478,0.885,0,240,0,0,0,0,0,137,0,97,26,12,0,0,0
4479,15.928,0,240,0,0,0,0,0,137,0,97,26,12,0,0,0
4480,0.855,0,240,0,0,0,0,0,137,0,97,26,12,0,0,0
4481,15.711,0,240,0,0,0,1,0,137,0,97,26,12,0,0,0
4482,0.899,0,240,0,0,0,0,0,137,0,97,26,12,0,0,0
4483,15.836,0,240,0,0,0,0,0,137,0,97,26,12,0,0,0
4484,0.935,0,240,0,0,0,0,0,137,0,97,26,12,0,0,0
4485,15.638,0,240,0,0,0,0,0,137,0,97,26,12,0,0,0
4486,0.834,0,240,0,0,0,0,0,137,0,97,26,12,0,0,0
4487,15.876,0,240,0,0,0,0,0,137,0,97,26,12,0,0,0
4488,0.795,0,240,0,0,0,0,0,137,0,97,26,12,0,0,0
4489,16.828,0,240,0,0,0,0,0,137,0,97,26,12,0,0,0
4490,0.829,0,240,0,0,0,0,0,137,0,97,26,12,0,0,0
4491,14.752,0,240,0,0,0,0,0,137,0,97,26,12,0,0,0
4492,0.899,0,240,0,0,0,0,0,137,0,97,26,12,0,0,0
4493,15.855,0,240,0,0,0,0,0,137,0,97,26,12,0,0,0
4494,0.890,0,240,0,0,0,0,0,137,0,97,26,12,0,0,0
4495,15.946,0,240,0,0,0,0,0,137,0,97,26,12,0,0,0
4496,0.882,0,240,0,0,0,0,0,137,0,97,26,12,0,0,0
4497,15.923,0,240,0,0,0,0,0,137,0,97,26,12,0,0,0
4498,1.023,0,240,0,0,0,0,0,137,0,97,26,12,0,0,0
4499,15.423,0,240,0,0,0,0,0,137,0,97,26,12,0,0,0
4500,0.899,0,240,0,0,0,0,0,137,0,97,26,12,0,0,0
4501,16.144,0,240,0,0,0,0,0,137,0,97,26,12,0,0,0
4502,0.967,0,240,0,0,0,0,0,137,0,97,26,12,0,0,0
4503,15.340,0,240,0,0,0,1,0,138,0,96,26,12,0,0,0
4504,0.768,0,240,0,0,0,0,0,138,0,96,26,12,0,0,0
4505,15.932,0,240,0,0,0,0,0,138,0,96,26,12,0,0,0
4506,0.854,0,240,0,0,0,0,0,138,0,96,26,12,0,0,0
4507,15.639,0,240,0,0,0,0,0,138,0,96,26,12,0,0,0
4508,0.941,0,240,0,0,0,0,0,138,0,96,26,12,0,0,0
4509,15.797,0,240,0,0,0,0,0,138,0,96,26,12,0,0,0
4510,0.767,0,240,0,0,0,0,0,138,0,96,26,12,0,0,0
4511,15.866,0,240,0,0,0,0,0,138,0,96,26,12,0,0,0
4512,0.895,0,240,0,0,0,0,0,138,0,96,26,12,0,0,0
4513,15.770,0,240,0,0,0,0,0,138,0,96,26,12,0,0,0
4514,0.955,0,240,0,0,0,0,0,138,0,96,26,12,0,0,0
4515,15.746,0,240,0,0,0,0,0,138,0,96,26,12,0,0,0
4516,0.850,0,240,0,0,0,0,0,138,0,96,26,12,0,0,0
4517,15.809,0,240,0,0,0,0,0,138,0,96,26,12,0,0,0
4518,0.760,0,240,0,0,0,0,0,138,0,96,26,12,0,0,0
4519,15.746,0,240,0,0,0,0,0,138,0,96,26,12,0,0,0
4520,0.877,0,240,0,0,0,0,0,138,0,96,26,12,0,0,0
4521,16.438,0,240,0,0,0,0,0,138,0,96,26,12,0,0,0
4522,0.897,0,240,0,0,0,0,0,138,0,96,26,12,0,0,0
4523,15.248,0,240,0,0,0,0,0,138,0,96,26,12,0,0,0
4524,0.826,0,240,0,0,0,0,0,138,0,96,26,12,0,0,0
4525,15.850,0,240,0,0,0,0,0,138,0,96,26,12,0,0,0
4526,0.809,0,240,0,0,0,0,0,138,0,96,26,12,0,0,0
4527,15.870,0,240,0,0,0,0,0,138,0,96,26,12,0,0,0
4528,0.876,0,240,0,0,0,0,0,138,0,96,26,12,0,0,0
4529,16.217,0,240,0,0,0,0,0,138,0,96,26,12,0,0,0
4530,0.993,0,240,0,0,0,0,0,138,0,96,26,12,0,0,0
4531,15.208,0,240,0,0,0,0,0,138,0,96,26,12,0,0,0
4532,0.861,0,240,0,0,0,0,0,138,0,96,26,12,0,0,0
4533,15.869,0,240,0,0,0,0,0,138,0,96,26,12,0,0,0
4534,0.845,0,240,0,0,0,0,0,138,0,96,26,12,0,0,0
4535,15.929,0,240,0,0,0,0,0,138,0,96,26,12,0,0,0
4536,0.828,0,240,0,0,0,0,0,138,0,96,26,12,0,0,0
4537,16.059,0,240,0,0,0,0,0,138,0,96,26,12,0,0,0
4538,0.903,0,240,0,0,0,0,0,138,0,96,26,12,0,0,0
4539,15.360,0,240,0,0,0,0,0,138,0,96,26,12,0,0,0
4540,0.828,0,240,0,0,0,0,0,138,0,96,26,12,0,0,0
4541,15.892,0,240,0,0,0,0,0,138,0,96,26,12,0,0,0
4542,0.933,0,240,0,0,0,0,0,138,0,96,26,12,0,0,0
4543,15.782,0,240,0,0,0,0,0,138,0,96,26,12,0,0,0
4544,1.005,0,240,0,0,0,0,0,138,0,96,26,12,0,0,0
4545,15.544,0,240,0,0,0,0,0,138,0,96,26,12,0,0,0
4546,0.881,0,240,0,0,0,0,0,138,0,96,26,12,0,0,0
4547,15.893,0,240,0,0,0,0,0,138,0,96,26,12,0,0,0
4548,0.787,0,240,0,0,0,0,0,138,0,96,26,12,0,0,0
4549,15.926,0,240,0,0,0,0,0,138,0,96,26,12,0,0,0
4550,0.796,0,240,0,0,0,0,0,138,0,96,26,12,0,0,0
4551,15.874,0,240,0,0,0,0,0,138,0,96,26,12,0,0,0
4552,0.855,0,240,0,0,0,0,0,138,0,96,26,12,0,0,0
4553,16.227,0,240,0,0,0,0,0,138,0,96,26,12,0,0,0
4554,0.846,0,240,0,0,0,0,0,138,0,96,26,12,0,0,0
4555,15.302,0,240,0,0,0,0,0,138,0,96,26,12,0,0,0
4556,0.821,0,240,0,0,0,0,0,138,0,96,26,12,0,0,0
4557,15.769,0,240,0,0,0,0,0,138,0,96,26,12,0,0,0
4558,0.859,0,240,0,0,0,0,0,138,0,96,26,12,0,0,0
4559,16.015,0,240,0,0,0,0,0,138,0,96,26,12,0,0,0
4560,0.820,0,240,0,0,0,0,0,138,0,96,26,12,0,0,0
4561,16.216,0,240,0,0,0,0,0,138,0,96,26,12,0,0,0
4562,0.904,0,240,0,0,0,0,0,138,0,96,26,12,0,0,0
4563,15.285,0,240,0,0,0,0,0,138,0,96,26,12,0,0,0
4564,0.816,0,240,0,0,0,0,0,138,0,96,26,12,0,0,0
4565,15.909,0,240,0,0,0,0,0,138,0,96,26,12,0,0,0
4566,0.877,0,240,0,0,0,0,0,138,0,96,26,12,0,0,0
4567,15.731,0,240,0,0,0,0,0,138,0,96,26,12,0,0,0
4568,0.894,0,240,0,0,0,0,0,138,0,96,26,12,0,0,0
4569,15.718,0,240,0,0,0,0,0,138,0,96,26,12,0,0,0
4570,1.058,0,240,0,0,0,0,0,138,0,96,26,12,0,0,0
4571,15.553,0,240,0,0,0,0,0,138,0,96,26,12,0,0,0
4572,0.825,0,240,0,0,0,0,0,138,0,96,26,12,0,0,0
4573,15.880,0,240,0,0,0,0,0,138,0,96,26,12,0,0,0
4574,0.857,0,240,0,0,0,0,0,138,0,96,26,12,0,0,0
4575,15.811,0,240,0,0,0,0,0,138,0,96,26,12,0,0,0
4576,0.831,0,240,0,0,0,0,0,138,0,96,26,12,0,0,0
4577,16.322,0,240,0,0,0,0,0,138,0,96,26,12,0,0,0
4578,0.841,0,240,0,0,0,0,0,138,0,96,26,12,0,0,0
4579,15.381,0,240,0,0,0,0,0,138,0,96,26,12,0,0,0
4580,0.849,0,240,0,0,0,0,0,138,0,96,26,12,0,0,0
4581,15.748,0,240,0,0,0,0,0,138,0,96,26,12,0,0,0
4582,0.737,0,240,0,0,0,0,0,138,0,96,26,12,0,0,0
4583,15.900,0,240,0,0,0,0,0,138,0,96,26,12,0,0,0
4584,0.823,0,240,0,0,0,0,0,138,0,96,26,12,0,0,0
4585,15.878,0,240,0,0,0,0,0,138,0,96,26,12,0,0,0
4586,0.949,0,240,0,0,0,0,0,138,0,96,26,12,0,0,0
4587,15.588,0,240,0,0,0,0,0,138,0,96,26,12,0,0,0
4588,1.083,0,240,0,0,0,0,0,138,0,96,26,12,0,0,0
4589,15.696,0,240,0,0,0,0,0,138,0,96,26,12,0,0,0
4590,0.831,0,240,0,0,0,0,0,138,0,96,26,12,0,0,0
4591,15.786,0,240,0,0,0,0,0,138,0,96,26,12,0,0,0
4592,0.960,0,240,0,0,0,0,0,138,0,96,26,12,0,0,0
4593,15.910,0,240,0,0,0,0,0,138,0,96,26,12,0,0,0
4594,0.900,0,240,0,0,0,0,0,138,0,96,26,12,0,0,0
4595,15.617,0,240,0,0,0,0,0,138,0,96,26,12,0,0,0
4596,0.928,0,240,0,0,0,0,0,138,0,96,26,12,0,0,0
4597,15.651,0,240,0,0,0,0,0,138,0,96,26,12,0,0,0
4598,0.947,0,240,0,0,0,0,0,138,0,96,26,12,0,0,0
4599,15.765,0,240,0,0,0,0,0,138,0,96,26,12,0,0,0
4600,0.830,0,240,0,0,0,0,0,138,0,96,26,12,0,0,0
4601,15.949,0,240,0,0,0,0,0,138,0,96,26,12,0,0,0
4602,1.010,0,240,0,0,0,0,0,138,0,96,26,12,0,0,0
4603,15.597,0,240,0,0,0,0,0,138,0,96,26,12,0,0,0
4604,0.952,0,240,0,0,0,0,0,138,0,96,26,12,0,0,0
4605,15.779,0,240,0,0,0,0,0,138,0,96,26,12,0,0,0
4606,0.891,0,240,0,0,0,0,0,138,0,96,26,12,0,0,0
4607,15.775,0,240,0,0,0,0,0,138,0,96,26,12,0,0,0
4608,0.842,0,240,0,0,0,0,0,138,0,96,26,12,0,0,0
4609,16.108,0,240,0,0,0,0,0,138,0,96,26,12,0,0,0
4610,0.942,0,240,0,0,0,0,0,138,0,96,26,12,0,0,0
4611,15.580,0,240,0,0,0,0,0,138,0,96,26,12,0,0,0
4612,0.852,0,240,0,0,0,0,0,138,0,96,26,12,0,0,0
4613,15.666,0,240,0,0,0,0,0,138,0,96,26,12,0,0,0
4614,0.792,0,240,0,0,0,0,0,138,0,96,26,12,0,0,0
4615,15.927,0,240,0,0,0,0,0,138,0,96,26,12,0,0,0
4616,0.888,0,240,0,0,0,0,0,138,0,96,26,12,0,0,0
4617,15.799,0,240,0,0,0,0,0,138,0,96,26,12,0,0,0
4618,0.825,0,240,0,0,0,0,0,138,0,96,26,12,0,0,0
4619,15.795,0,240,0,0,0,0,0,138,0,96,26,12,0,0,0
4620,0.855,0,240,0,0,0,0,0,138,0,96,26,12,0,0,0
4621,16.187,0,240,0,0,0,0,0,138,0,96,26,12,0,0,0
4622,0.829,0,240,0,0,0,0,0,138,0,96,26,12,0,0,0
4623,15.348,0,240,0,0,0,0,0,138,0,96,26,12,0,0,0
4624,0.959,0,240,0,0,0,0,0,138,0,96,26,12,0,0,0
4625,15.812,0,240,0,0,0,0,0,138,0,96,26,12,0,0,0
4626,0.930,0,240,0,0,0,0,0,138,0,96,26,12,0,0,0
4627,15.611,0,240,0,0,0,0,0,138,0,96,26,12,0,0,0
4628,0.853,0,240,0,0,0,0,0,138,0,96,26,12,0,0,0
4629,16.017,0,240,0,0,0,0,0,138,0,96,26,12,0,0,0
4630,0.799,0,240,0,0,0,0,0,138,0,96,26,12,0,0,0
4631,15.905,0,240,0,0,0,0,0,138,0,96,26,12,0,0,0
4632,0.817,0,240,0,0,0,0,0,138,0,96,26,12,0,0,0
4633,15.680,0,240,0,0,0,0,0,138,0,96,26,12,0,0,0
4634,0.940,0,240,0,0,0,0,0,138,0,96,26,12,0,0,0
4635,15.631,0,240,0,0,0,0,0,138,0,96,26,12,0,0,0
4636,0.844,0,240,0,0,0,0,0,138,0,96,26,12,0,0,0
4637,15.909,0,240,0,0,0,0,0,138,0,96,26,12,0,0,0
4638,1.107,0,240,0,0,0,0,0,138,0,96,26,12,0,0,0
4639,15.505,0,240,0,0,0,0,0,138,0,96,26,12,0,0,0
4640,0.825,0,240,0,0,0,0,0,138,0,96,26,12,0,0,0
4641,16.098,0,240,0,0,0,0,0,138,0,96,26,12,0,0,0
4642,0.984,0,240,0,0,0,0,0,138,0,96,26,12,0,0,0
4643,15.572,0,240,0,0,0,0,0,138,0,96,26,12,0,0,0
4644,0.833,0,240,0,0,0,0,0,138,0,96,26,12,0,0,0
4645,15.726,0,240,0,0,0,0,0,138,0,96,26,12,0,0,0
4646,0.823,0,240,0,0,0,0,0,138,0,96,26,12,0,0,0
4647,16.020,0,240,0,0,0,0,0,138,0,96,26,12,0,0,0
4648,0.870,0,240,0,0,0,0,0,138,0,96,26,12,0,0,0
4649,16.604,0,240,0,0,0,0,0,138,0,96,26,12,0,0,0
4650,0.836,0,240,0,0,0,0,0,138,0,96,26,12,0,0,0
4651,14.872,0,240,0,0,0,0,0,138,0,96,26,12,0,0,0
4652,0.793,0,240,0,0,0,0,0,138,0,96,26,12,0,0,0
4653,16.022,0,240,0,0,0,0,0,138,0,96,26,12,0,0,0
4654,0.833,0,240,0,0,0,0,0,138,0,96,26,12,0,0,0
4655,15.676,0,240,0,0,0,0,0,138,0,96,26,12,0,0,0
4656,0.830,0,240,0,0,0,0,0,138,0,96,26,12,0,0,0
4657,16.034,0,240,0,0,0,0,0,138,0,96,26,12,0,0,0
4658,0.995,0,240,0,0,0,0,0,138,0,96,26,12,0,0,0
4659,15.532,0,240,0,0,0,0,0,138,0,96,26,12,0,0,0
4660,0.789,0,240,0,0,0,0,0,138,0,96,26,12,0,0,0
4661,15.841,0,240,0,0,0,0,0,138,0,96,26,12,0,0,0
4662,0.854,0,240,0,0,0,0,0,138,0,96,26,12,0,0,0
4663,15.677,0,240,0,0,0,0,0,138,0,96,26,12,0,0,0
4664,0.884,0,240,0,0,0,0,0,138,0,96,26,12,0,0,0
4665,15.890,0,240,0,0,0,0,0,138,0,96,26,12,0,0,0
4666,0.934,0,240,0,0,0,0,0,138,0,96,26,12,0,0,0
4667,15.741,0,240,0,0,0,0,0,138,0,96,26,12,0,0,0
4668,0.805,0,240,0,0,0,0,0,138,0,96,26,12,0,0,0
4669,15.803,0,240,0,0,0,0,0,138,0,96,26,12,0,0,0
4670,0.935,0,240,0,0,0,0,0,138,0,96,26,12,0,0,0
4671,15.912,0,240,0,0,0,0,0,138,0,96,26,12,0,0,0
4672,0.843,0,240,0,0,0,0,0,138,0,96,26,12,0,0,0
4673,15.751,0,240,0,0,0,0,0,138,0,96,26,12,0,0,0
4674,0.877,0,240,0,0,0,0,0,138,0,96,26,12,0,0,0
4675,15.683,0,240,0,0,0,0,0,138,0,96,26,12,0,0,0
4676,1.022,0,240,0,0,0,0,0,138,0,96,26,12,0,0,0
4677,15.806,0,240,0,0,0,0,0,138,0,96,26,12,0,0,0
4678,0.771,0,240,0,0,0,0,0,138,0,96,26,12,0,0,0
4679,15.848,0,240,0,0,0,0,0,138,0,96,26,12,0,0,0
4680,0.774,0,240,0,0,0,0,0,138,0,96,26,12,0,0,0
4681,16.114,0,240,0,0,0,0,0,138,0,96,26,12,0,0,0
4682,0.813,0,240,0,0,0,0,0,138,0,96,26,12,0,0,0
4683,15.504,0,240,0,0,0,0,0,138,0,96,26,12,0,0,0
4684,0.871,0,240,0,0,0,0,0,138,0,96,26,12,0,0,0
4685,15.863,0,240,0,0,0,0,0,138,0,96,26,12,0,0,0
4686,0.956,0,240,0,0,0,0,0,138,0,96,26,12,0,0,0
4687,15.609,0,240,0,0,0,0,0,138,0,96,26,12,0,0,0
4688,0.851,0,240,0,0,0,0,0,138,0,96,26,12,0,0,0
4689,15.998,0,240,0,0,0,0,0,138,0,96,26,12,0,0,0
4690,0.884,0,240,0,0,0,0,0,138,0,96,26,12,0,0,0
4691,15.739,0,240,0,0,0,0,0,138,0,96,26,12,0,0,0
4692,0.878,0,240,0,0,0,0,0,138,0,96,26,12,0,0,0
4693,15.701,0,240,0,0,0,0,0,138,0,96,26,12,0,0,0
4694,0.832,0,240,0,0,0,0,0,138,0,96,26,12,0,0,0
4695,15.865,0,240,0,0,0,0,0,138,0,96,26,12,0,0,0
4696,0.850,0,240,0,0,0,0,0,138,0,96,26,12,0,0,0
4697,16.051,0,240,0,0,0,0,0,138,0,96,26,12,0,0,0
4698,0.992,0,240,0,0,0,0,0,138,0,96,26,12,0,0,0
4699,15.522,0,240,0,0,0,0,0,138,0,96,26,12,0,0,0
4700,0.924,0,240,0,0,0,0,0,138,0,96,26,12,0,0,0
4701,15.582,0,240,0,0,0,0,0,138,0,96,26,12,0,0,0
4702,0.834,0,240,0,0,0,0,0,138,0,96,26,12,0,0,0
4703,15.819,0,240,0,0,0,0,0,138,0,96,26,12,0,0,0
4704,0.825,0,240,0,0,0,0,0,138,0,96,26,12,0,0,0
4705,16.011,0,240,0,0,0,0,0,138,0,96,26,12,0,0,0
4706,0.787,0,240,0,0,0,0,0,138,0,96,26,12,0,0,0
4707,15.715,0,240,0,0,0,0,0,138,0,96,26,12,0,0,0
4708,0.777,0,240,0,0,0,0,0,138,0,96,26,12,0,0,0
4709,15.881,0,240,0,0,0,0,0,138,0,96,26,12,0,0,0
4710,0.863,0,240,0,0,0,0,0,138,0,96,26,12,0,0,0
4711,15.838,0,240,0,0,0,0,0,138,0,96,26,12,0,0,0
4712,0.885,0,240,0,0,0,0,0,138,0,96,26,12,0,0,0
4713,15.764,0,240,0,0,0,0,0,138,0,96,26,12,0,0,0
4714,1.010,0,240,0,0,0,0,0,138,0,96,26,12,0,0,0
4715,15.745,0,240,0,0,0,0,0,138,0,96,26,12,0,0,0
4716,0.814,0,240,0,0,0,0,0,138,0,96,26,12,0,0,0
4717,15.770,0,240,0,0,0,0,0,138,0,96,26,12,0,0,0
4718,0.834,0,240,0,0,0,0,0,138,0,96,26,12,0,0,0
4719,15.871,0,240,0,0,0,0,0,138,0,96,26,12,0,0,0
4720,0.831,0,240,0,0,0,0,0,138,0,96,26,12,0,0,0
4721,15.777,0,240,0,0,0,0,0,138,0,96,26,12,0,0,0
4722,0.871,0,240,0,0,0,0,0,138,0,96,26,12,0,0,0
4723,15.778,0,240,0,0,0,0,0,138,0,96,26,12,0,0,0
4724,0.882,0,240,0,0,0,0,0,138,0,96,26,12,0,0,0
4725,15.816,0,240,0,0,0,0,0,138,0,96,26,12,0,0,0
4726,0.836,0,240,0,0,0,0,0,138,0,96,26,12,0,0,0
4727,16.192,0,240,0,0,0,0,0,138,0,96,26,12,0,0,0
4728,0.896,0,240,0,0,0,0,0,138,0,96,26,12,0,0,0
4729,15.429,0,240,0,0,0,0,0,138,0,96,26,12,0,0,0
4730,0.845,0,240,0,0,0,0,0,138,0,96,26,12,0,0,0
4731,15.847,0,240,0,0,0,0,0,138,0,96,26,12,0,0,0
4732,0.850,0,240,0,0,0,0,0,138,0,96,26,12,0,0,0
4733,15.697,0,240,0,0,0,0,0,138,0,96,26,12,0,0,0
4734,0.829,0,240,0,0,0,0,0,138,0,96,26,12,0,0,0
4735,15.849,0,240,0,0,0,0,0,138,0,96,26,12,0,0,0
4736,0.849,0,240,0,0,0,0,0,138,0,96,26,12,0,0,0
4737,16.791,0,240,0,0,0,0,0,138,0,96,26,12,0,0,0
4738,0.800,0,240,0,0,0,0,0,138,0,96,26,12,0,0,0
4739,14.860,0,240,0,0,0,0,0,138,0,96,26,12,0,0,0
4740,0.810,0,240,0,0,0,0,0,138,0,96,26,12,0,0,0
4741,15.975,0,240,0,0,0,0,0,138,0,96,26,12,0,0,0
4742,0.815,0,240,0,0,0,0,0,138,0,96,26,12,0,0,0
4743,15.932,0,240,0,0,0,0,0,138,0,96,26,12,0,0,0
4744,0.805,0,240,0,0,0,0,0,138,0,96,26,12,0,0,0
4745,15.737,0,240,0,0,0,0,0,138,0,96,26,12,0,0,0
4746,0.809,0,240,0,0,0,0,0,138,0,96,26,12,0,0,0
4747,15.856,0,240,0,0,0,0,0,138,0,96,26,12,0,0,0
4748,0.849,0,240,0,0,0,0,0,138,0,96,26,12,0,0,0
4749,16.005,0,240,0,0,0,0,0,138,0,96,26,12,0,0,0
4750,0.786,0,240,0,0,0,0,0,138,0,96,26,12,0,0,0
4751,15.859,0,240,0,0,0,0,0,138,0,96,26,13,0,0,0
4752,0.856,0,240,0,0,0,0,0,138,0,96,26,13,0,0,0
4753,16.150,0,240,0,0,0,0,0,138,0,96,26,13,0,0,0
4754,0.940,0,240,0,0,0,0,0,138,0,96,26,13,0,0,0
4755,15.237,0,240,0,0,0,0,0,138,0,96,26,13,0,0,0
4756,0.849,0,240,0,0,0,0,0,138,0,96,26,13,0,0,0
4757,15.761,0,240,0,0,0,0,0,138,0,96,26,13,0,0,0
4758,0.836,0,240,0,0,0,0,0,138,0,96,26,13,0,0,0
4759,15.983,0,240,0,0,0,0,0,138,0,96,26,13,0,0,0
4760,0.855,0,240,0,0,0,0,0,138,0,96,26,13,0,0,0
4761,16.776,0,240,0,0,0,0,0,138,0,96,26,13,0,0,0
4762,0.781,0,240,0,0,0,0,0,138,0,96,26,13,0,0,0
4763,14.924,0,240,0,0,0,0,0,138,0,96,26,13,0,0,0
4764,0.840,0,240,0,0,0,0,0,138,0,96,26,13,0,0,0
4765,15.731,0,240,0,0,0,0,0,138,0,96,26,13,0,0,0
4766,0.857,0,240,0,0,0,0,0,138,0,96,26,13,0,0,0
4767,15.803,0,240,0,0,0,0,0,138,0,96,26,13,0,0,0
4768,0.942,0,240,0,0,0,0,0,138,0,96,26,13,0,0,0
4769,15.728,0,240,0,0,0,0,0,138,0,96,26,13,0,0,0
4770,0.871,0,240,0,0,0,0,0,138,0,96,26,13,0,0,0
4771,15.945,0,240,0,0,0,0,0,138,0,96,26,13,0,0,0
4772,0.813,0,240,0,0,0,0,0,138,0,96,26,13,0,0,0
4773,15.879,0,240,0,0,0,0,0,138,0,96,26,13,0,0,0
4774,0.986,0,240,0,0,0,0,0,138,0,96,26,13,0,0,0
4775,15.497,0,240,0,0,0,0,0,138,0,96,26,13,0,0,0
4776,0.925,0,240,0,0,0,0,0,138,0,96,26,13,0,0,0
4777,15.810,0,240,0,0,0,0,0,138,0,96,26,13,0,0,0
4778,0.966,0,240,0,0,0,0,0,138,0,96,26,13,0,0,0
4779,15.617,0,240,0,0,0,0,0,138,0,96,26,13,0,0,0
4780,0.891,0,240,0,0,0,0,0,138,0,96,26,13,0,0,0
4781,15.942,0,240,0,0,0,0,0,138,0,96,26,13,0,0,0
4782,0.873,0,240,0,0,0,0,0,138,0,96,26,13,0,0,0
4783,15.569,0,240,0,0,0,0,0,138,0,96,26,13,0,0,0
4784,0.841,0,240,0,0,0,0,0,138,0,96,26,13,0,0,0
4785,16.352,0,240,0,0,0,0,0,138,0,96,26,13,0,0,0
4786,1.011,0,240,0,0,0,0,0,138,0,96,26,13,0,0,0
4787,15.321,0,240,0,0,0,0,0,138,0,96,26,13,0,0,0
4788,0.839,0,240,0,0,0,0,0,138,0,96,26,13,0,0,0
4789,15.663,0,240,0,0,0,0,0,138,0,96,26,13,0,0,0
4790,0.857,0,240,0,0,0,0,0,138,0,96,26,13,0,0,0
4791,16.013,0,240,0,0,0,0,0,138,0,96,26,13,0,0,0
4792,0.827,0,240,0,0,0,0,0,138,0,96,26,13,0,0,0
4793,15.685,0,240,0,0,0,0,0,138,0,96,26,13,0,0,0
4794,0.925,0,240,0,0,0,0,0,138,0,96,26,13,0,0,0
4795,15.864,0,240,0,0,0,0,0,138,0,96,26,13,0,0,0
4796,0.793,0,240,0,0,0,0,0,138,0,96,26,13,0,0,0
4797,15.772,0,240,0,0,0,0,0,138,0,96,26,13,0,0,0
4798,0.846,0,240,0,0,0,0,0,138,0,96,26,13,0,0,0
4799,15.877,0,240,0,0,0,0,0,138,0,96,26,13,0,0,0
4800,0.833,0,240,0,0,0,0,0,138,0,96,26,13,0,0,0
4801,16.131,0,240,0,0,0,0,0,138,0,96,26,13,0,0,0
4802,0.991,0,240,0,0,0,0,0,138,0,96,26,13,0,0,0
4803,15.457,0,240,0,0,0,0,0,138,0,96,26,13,0,0,0
4804,0.826,0,240,0,0,0,0,0,138,0,96,26,13,0,0,0
4805,15.845,0,240,0,0,0,0,0,138,0,96,26,13,0,0,0
4806,0.808,0,240,0,0,0,0,0,138,0,96,26,13,0,0,0
4807,15.689,0,240,0,0,0,0,0,138,0,96,26,13,0,0,0
4808,0.782,0,240,0,0,0,0,0,138,0,96,26,13,0,0,0
4809,15.951,0,240,0,0,0,0,0,138,0,96,26,13,0,0,0
4810,0.782,0,240,0,0,0,0,0,138,0,96,26,13,0,0,0
4811,15.867,0,240,0,0,0,0,0,138,0,96,26,13,0,0,0
4812,0.869,0,240,0,0,0,0,0,138,0,96,26,13,0,0,0
4813,15.848,0,240,0,0,0,0,0,138,0,96,26,13,0,0,0
4814,0.811,0,240,0,0,0,0,0,138,0,96,26,13,0,0,0
4815,15.757,0,240,0,0,0,0,0,138,0,96,26,13,0,0,0
4816,0.783,0,240,0,0,0,0,0,138,0,96,26,13,0,0,0
4817,15.830,0,240,0,0,0,0,0,138,0,96,26,13,0,0,0
4818,0.844,0,240,0,0,0,0,0,138,0,96,26,13,0,0,0
4819,15.975,0,240,0,0,0,0,0,138,0,96,26,13,0,0,0
4820,0.823,0,240,0,0,0,0,0,138,0,96,26,13,0,0,0
4821,15.804,0,240,0,0,0,0,0,138,0,96,26,13,0,0,0
4822,1.082,0,240,0,0,0,0,0,138,0,96,26,13,0,0,0
4823,15.652,0,240,0,0,0,0,0,138,0,96,26,13,0,0,0
4824,0.853,0,240,0,0,0,0,0,138,0,96,26,13,0,0,0
4825,16.049,0,240,0,0,0,0,0,138,0,96,26,13,0,0,0
4826,0.936,0,240,0,0,0,0,0,138,0,96,26,13,0,0,0
4827,15.338,0,240,0,0,0,0,0,138,0,96,26,13,0,0,0
4828,0.945,0,240,0,0,0,0,0,138,0,96,26,13,0,0,0
4829,15.716,0,240,0,0,0,1,0,138,0,96,26,13,0,0,0
4830,0.884,0,240,0,0,0,0,0,138,0,96,26,13,0,0,0
4831,15.886,0,240,0,0,0,0,0,138,0,96,26,13,0,0,0
4832,0.805,0,240,0,0,0,0,0,138,0,96,26,13,0,0,0
4833,15.906,0,240,0,0,0,0,0,138,0,96,26,13,0,0,0
4834,0.887,0,240,0,0,0,0,0,138,0,96,26,13,0,0,0
4835,15.629,0,240,0,0,0,0,0,138,0,96,26,13,0,0,0
4836,0.977,0,240,0,0,0,0,0,138,0,96,26,13,0,0,0
4837,15.671,0,240,0,0,0,0,0,138,0,96,26,13,0,0,0
4838,0.827,0,240,0,0,0,0,0,138,0,96,26,13,0,0,0
4839,16.047,0,240,0,0,0,0,0,138,0,96,26,13,0,0,0
4840,0.833,0,240,0,0,0,0,0,138,0,96,26,13,0,0,0
4841,15.748,0,240,0,0,0,0,0,138,0,96,26,13,0,0,0
4842,0.939,0,240,0,0,0,0,0,138,0,96,26,13,0,0,0
4843,15.766,0,240,0,0,0,0,0,138,0,96,26,13,0,0,0
4844,0.906,0,240,0,0,0,0,0,138,0,96,26,13,0,0,0
4845,15.620,0,240,0,0,0,0,0,138,0,96,26,13,0,0,0
4846,0.850,0,240,0,0,0,0,0,138,0,96,26,13,0,0,0
4847,15.924,0,240,0,0,0,0,0,138,0,96,26,13,0,0,0
4848,0.782,0,240,0,0,0,0,0,138,0,96,26,13,0,0,0
4849,15.798,0,240,0,0,0,0,0,138,0,96,26,13,0,0,0
4850,1.068,0,240,0,0,0,0,0,138,0,96,26,13,0,0,0
4851,15.749,0,240,0,0,0,0,0,138,0,96,26,13,0,0,0
4852,0.835,0,240,0,0,0,0,0,138,0,96,26,13,0,0,0
4853,15.664,0,240,0,0,0,0,0,138,0,96,26,13,0,0,0
4854,0.843,0,240,0,0,0,0,0,138,0,96,26,13,0,0,0
4855,15.781,0,240,0,0,0,0,0,138,0,96,26,13,0,0,0
4856,0.873,0,240,0,0,0,0,0,138,0,96,26,13,0,0,0
4857,15.829,0,240,0,0,0,0,0,138,0,96,26,13,0,0,0
4858,0.998,0,240,0,0,0,0,0,138,0,96,26,13,0,0,0
4859,15.605,0,240,0,0,0,0,0,138,0,96,26,13,0,0,0
4860,0.872,0,240,0,0,0,0,0,138,0,96,26,13,0,0,0
4861,15.812,0,240,0,0,0,0,0,138,0,96,26,13,0,0,0
4862,0.943,0,240,0,0,0,0,0,138,0,96,26,13,0,0,0
4863,15.821,0,240,0,0,0,0,0,138,0,96,26,13,0,0,0
4864,0.949,0,240,0,0,0,0,0,138,0,96,26,13,0,0,0
4865,16.174,0,240,0,0,0,0,0,138,0,96,26,13,0,0,0
4866,0.954,0,240,0,0,0,0,0,138,0,96,26,13,0,0,0
4867,15.144,0,240,0,0,0,0,0,138,0,96,26,13,0,0,0
4868,0.897,0,240,0,0,0,0,0,138,0,96,26,13,0,0,0
4869,15.780,0,240,0,0,0,0,0,138,0,96,26,13,0,0,0
4870,0.827,0,240,0,0,0,0,0,138,0,96,26,13,0,0,0
4871,15.855,0,240,0,0,0,0,0,138,0,96,26,13,0,0,0
4872,0.807,0,240,0,0,0,0,0,138,0,96,26,13,0,0,0
4873,15.909,0,240,0,0,0,0,0,138,0,96,26,13,0,0,0
4874,0.969,0,240,0,0,0,0,0,138,0,96,26,13,0,0,0
4875,15.785,0,240,0,0,0,0,0,138,0,96,26,13,0,0,0
4876,0.798,0,240,0,0,0,0,0,138,0,96,26,13,0,0,0
4877,15.671,0,240,0,0,0,0,0,138,0,96,26,13,0,0,0
4878,0.896,0,240,0,0,0,0,0,138,0,96,26,13,0,0,0
4879,15.746,0,240,0,0,0,0,0,138,0,96,26,13,0,0,0
4880,0.856,0,240,0,0,0,0,0,138,0,96,26,13,0,0,0
4881,16.838,0,240,0,0,0,0,0,138,0,96,26,13,0,0,0
4882,0.857,0,240,0,0,0,0,0,138,0,96,26,13,0,0,0
4883,14.820,0,240,0,0,0,0,0,138,0,96,26,13,0,0,0
4884,0.914,0,240,0,0,0,0,0,138,0,96,26,13,0,0,0
4885,15.717,0,240,0,0,0,0,0,138,0,96,26,13,0,0,0
4886,0.770,0,240,0,0,0,0,0,138,0,96,26,13,0,0,0
4887,16.002,0,240,0,0,0,0,0,138,0,96,26,13,0,0,0
4888,0.945,0,240,0,0,0,0,0,138,0,96,26,13,0,0,0
4889,15.586,0,240,0,0,0,0,0,138,0,96,26,13,0,0,0
4890,1.033,0,240,0,0,0,0,0,138,0,96,26,13,0,0,0
4891,15.762,0,240,0,0,0,0,0,138,0,96,26,13,0,0,0
4892,0.887,0,240,0,0,0,0,0,138,0,96,26,13,0,0,0
4893,15.863,0,240,0,0,0,0,0,138,0,96,26,13,0,0,0
4894,0.878,0,240,0,0,0,0,0,138,0,96,26,13,0,0,0
4895,15.648,0,240,0,0,0,0,0,138,0,96,26,13,0,0,0
4896,0.762,0,240,0,0,0,0,0,138,0,96,26,13,0,0,0
4897,16.057,0,240,0,0,0,0,0,138,0,96,26,13,0,0,0
4898,1.079,0,240,0,0,0,0,0,138,0,96,26,13,0,0,0
4899,15.694,0,240,0,0,0,0,0,138,0,96,26,13,0,0,0
4900,0.884,0,240,0,0,0,0,0,138,0,96,26,13,0,0,0
4901,15.575,0,240,0,0,0,0,0,138,0,96,26,13,0,0,0
4902,0.875,0,240,0,0,0,0,0,138,0,96,26,13,0,0,0
4903,15.929,0,240,0,0,0,0,0,138,0,96,26,13,0,0,0
4904,0.731,0,240,0,0,0,0,0,138,0,96,26,13,0,0,0
4905,15.963,0,240,0,0,0,0,0,138,0,96,26,13,0,0,0
4906,0.862,0,240,0,0,0,0,0,138,0,96,26,13,0,0,0
4907,15.688,0,240,0,0,0,0,0,138,0,96,26,13,0,0,0
4908,0.817,0,240,0,0,0,0,0,138,0,96,26,13,0,0,0
4909,15.896,0,240,0,0,0,0,0,138,0,96,26,13,0,0,0
4910,0.861,0,240,0,0,0,0,0,138,0,96,26,13,0,0,0
4911,15.662,0,240,0,0,0,0,0,138,0,96,26,13,0,0,0
4912,0.939,0,240,0,0,0,0,0,138,0,96,26,13,0,0,0
4913,15.822,0,240,0,0,0,0,0,138,0,96,26,13,0,0,0
4914,0.996,0,240,0,0,0,0,0,138,0,96,26,13,0,0,0
4915,15.721,0,240,0,0,0,0,0,138,0,96,26,13,0,0,0
4916,0.846,0,240,0,0,0,0,0,138,0,96,26,13,0,0,0
4917,15.639,0,240,0,0,0,0,0,138,0,96,26,13,0,0,0
4918,0.921,0,240,0,0,0,0,0,138,0,96,26,13,0,0,0
4919,15.815,0,240,0,0,0,0,0,138,0,96,26,13,0,0,0
4920,0.760,0,240,0,0,0,0,0,138,0,96,26,13,0,0,0
4921,16.409,0,240,0,0,0,0,0,138,0,96,26,13,0,0,0
4922,0.912,0,240,0,0,0,0,0,138,0,96,26,13,0,0,0
4923,15.405,0,240,0,0,0,0,0,138,0,96,26,13,0,0,0
4924,0.800,0,240,0,0,0,0,0,138,0,96,26,13,0,0,0
4925,15.844,0,240,0,0,0,0,0,138,0,96,26,13,0,0,0
4926,0.768,0,240,0,0,0,0,0,138,0,96,26,13,0,0,0
4927,15.864,0,240,0,0,0,0,0,138,0,96,26,13,0,0,0
4928,0.860,0,240,0,0,0,0,0,138,0,96,26,13,0,0,0
4929,15.816,0,240,0,0,0,0,0,138,0,96,26,13,0,0,0
4930,0.850,0,240,0,0,0,0,0,138,0,96,26,13,0,0,0
4931,15.744,0,240,0,0,0,0,0,138,0,96,26,13,0,0,0
4932,0.889,0,240,0,0,0,0,0,138,0,96,26,13,0,0,0
4933,15.799,0,240,0,0,0,0,0,138,0,96,26,13,0,0,0
4934,0.847,0,240,0,0,0,0,0,138,0,96,26,13,0,0,0
4935,15.788,0,240,0,0,0,0,0,138,0,96,26,13,0,0,0
4936,0.926,0,240,0,0,0,0,0,138,0,96,26,13,0,0,0
4937,16.103,0,240,0,0,0,0,0,138,0,96,26,13,0,0,0
4938,0.845,0,240,0,0,0,0,0,138,0,96,26,13,0,0,0
4939,15.514,0,240,0,0,0,0,0,138,0,96,26,13,0,0,0
4940,1.211,0,240,0,0,0,0,0,138,0,96,26,13,0,0,0
4941,15.492,0,240,0,0,0,0,0,138,0,96,26,13,0,0,0
4942,0.817,0,240,0,0,0,0,0,138,0,96,26,13,0,0,0
4943,15.824,0,240,0,0,0,0,0,138,0,96,26,13,0,0,0
4944,0.734,0,240,0,0,0,0,0,138,0,96,26,13,0,0,0
4945,15.837,0,240,0,0,0,0,0,138,0,96,26,13,0,0,0
4946,0.834,0,240,0,0,0,0,0,138,0,96,26,13,0,0,0
4947,15.806,0,240,0,0,0,0,0,138,0,96,26,14,0,0,0
4948,0.872,0,240,0,0,0,0,0,138,0,96,26,14,0,0,0
4949,15.863,0,240,0,0,0,0,0,138,0,96,26,14,0,0,0
4950,0.839,0,240,0,0,0,0,0,138,0,96,26,14,0,0,0
4951,15.775,0,240,0,0,0,0,0,138,0,96,26,14,0,0,0
4952,0.827,0,240,0,0,0,0,0,138,0,96,26,14,0,0,0
4953,16.325,0,240,0,0,0,0,0,138,0,96,26,14,0,0,0
4954,0.928,0,240,0,0,0,0,0,138,0,96,26,14,0,0,0
4955,15.457,0,240,0,0,0,0,0,138,0,96,26,14,0,0,0
4956,0.902,0,240,0,0,0,0,0,138,0,96,26,14,0,0,0
4957,15.657,0,240,0,0,0,0,0,138,0,96,26,14,0,0,0
4958,1.020,0,240,0,0,0,0,0,138,0,96,26,14,0,0,0
4959,15.531,0,240,0,0,0,0,0,138,0,96,26,14,0,0,0
4960,0.770,0,240,0,0,0,0,0,138,0,96,26,14,0,0,0
4961,16.009,0,240,0,0,0,0,0,138,0,96,26,14,0,0,0
4962,0.924,0,240,0,0,0,0,0,138,0,96,26,14,0,0,0
4963,15.739,0,240,0,0,0,0,0,138,0,96,26,14,0,0,0
4964,0.862,0,240,0,0,0,0,0,138,0,96,26,14,0,0,0
4965,15.763,0,240,0,0,0,0,0,138,0,96,26,14,0,0,0
4966,0.991,0,240,0,0,0,0,0,138,0,96,26,14,0,0,0
4967,15.635,0,240,0,0,0,1,0,139,0,95,26,14,0,0,0
4968,0.836,0,240,0,0,0,0,0,139,0,95,26,14,0,0,0
4969,15.985,0,240,0,0,0,0,0,139,0,95,26,15,0,0,0
4970,1.011,0,240,0,0,0,0,0,139,0,95,26,15,0,0,0
4971,15.702,0,240,0,0,0,0,0,139,0,95,26,16,0,0,0
4972,0.788,0,240,0,0,0,0,0,139,0,95,26,16,0,0,0
4973,15.757,0,240,0,0,0,0,0,139,0,95,26,16,0,0,0
4974,0.907,0,240,0,0,0,0,0,139,0,95,26,16,0,0,0
4975,15.625,0,240,0,0,0,0,0,139,0,95,26,16,0,0,0
4976,0.847,0,240,0,0,0,0,0,139,0,95,26,16,0,0,0
4977,15.877,0,240,0,0,0,0,0,139,0,95,26,16,0,0,0
4978,1.023,0,240,0,0,0,0,0,139,0,95,26,16,0,0,0
4979,15.606,0,240,0,0,0,0,0,139,0,95,26,17,0,0,0
4980,0.970,0,240,0,0,0,1,0,140,0,94,26,17,0,0,0
4981,15.626,0,240,0,0,0,0,0,140,0,94,26,17,0,0,0
4982,1.225,0,240,0,0,0,0,0,140,0,94,26,17,0,0,0
4983,15.416,0,240,0,0,0,0,0,140,0,94,26,17,0,0,0
4984,0.820,0,240,0,0,0,0,0,140,0,94,26,17,0,0,0
4985,15.873,0,240,0,0,0,0,0,140,0,94,26,17,0,0,0
4986,0.968,0,240,0,0,0,0,0,140,0,94,26,17,0,0,0
4987,15.746,0,240,0,0,0,1,0,141,0,93,26,17,0,0,0
4988,0.857,0,240,0,0,0,0,0,141,0,93,26,17,0,0,0
4989,15.823,0,240,0,0,0,0,0,141,0,93,26,17,0,0,0
4990,0.880,0,240,0,0,0,0,0,141,0,93,26,17,0,0,0
4991,15.959,0,240,0,0,0,0,0,141,0,93,26,17,0,0,0
4992,0.941,0,240,0,0,0,0,0,141,0,93,26,17,0,0,0
4993,15.474,0,240,0,0,0,0,0,141,0,93,26,17,0,0,0
4994,1.010,0,240,0,0,0,0,0,141,0,93,26,17,0,0,0
4995,15.880,0,240,0,0,0,0,0,141,0,93,26,17,0,0,0
4996,0.798,0,240,0,0,0,0,0,141,0,93,26,17,0,0,0
4997,15.699,0,240,0,0,0,0,0,141,0,93,26,17,0,0,0
4998,0.892,0,240,0,0,0,0,0,141,0,93,26,17,0,0,0
4999,15.812,0,240,0,0,0,0,0,141,0,93,26,17,0,0,0
5000,0.858,0,240,0,0,0,0,0,141,0,93,26,17,0,0,0
5001,16.276,0,240,0,0,0,0,0,141,0,93,26,17,0,0,0
5002,0.851,0,240,0,0,0,0,0,141,0,93,26,17,0,0,0
5003,15.366,0,240,0,0,0,0,0,141,0,93,26,17,0,0,0
5004,0.771,0,240,0,0,0,0,0,141,0,93,26,17,0,0,0
5005,16.059,0,240,0,0,0,0,0,141,0,93,26,17,0,0,0
5006,0.909,0,240,0,0,0,0,0,141,0,93,26,17,0,0,0
5007,15.704,0,240,0,0,0,0,0,141,0,93,26,17,0,0,0
5008,0.858,0,240,0,0,0,0,0,141,0,93,26,17,0,0,0
5009,16.000,0,240,0,0,0,0,0,141,0,93,26,17,0,0,0
5010,0.893,0,240,0,0,0,0,0,141,0,93,26,17,0,0,0
5011,15.479,0,240,0,0,0,0,0,141,0,93,26,17,0,0,0
5012,0.819,0,240,0,0,0,0,0,141,0,93,26,17,0,0,0
5013,15.697,0,240,0,0,0,0,0,141,0,93,26,17,0,0,0
5014,0.818,0,240,0,0,0,0,0,141,0,93,26,17,0,0,0
5015,16.052,0,240,0,0,0,0,0,141,0,93,26,17,0,0,0
5016,0.815,0,240,0,0,0,0,0,141,0,93,26,17,0,0,0
5017,16.166,0,240,0,0,0,0,0,141,0,93,26,17,0,0,0
5018,0.991,0,240,0,0,0,0,0,141,0,93,26,17,0,0,0
5019,15.356,0,240,0,0,0,0,0,141,0,93,26,17,0,0,0
5020,0.815,0,240,0,0,0,0,0,141,0,93,26,17,0,0,0
5021,15.763,0,240,0,0,0,0,0,141,0,93,26,17,0,0,0
5022,0.802,0,240,0,0,0,0,0,141,0,93,26,17,0,0,0
5023,15.948,0,240,0,0,0,0,0,141,0,93,26,17,0,0,0
5024,0.909,0,240,0,0,0,0,0,141,0,93,26,17,0,0,0
5025,15.614,0,240,0,0,0,0,0,141,0,93,26,17,0,0,0
5026,0.978,0,240,0,0,0,0,0,141,0,93,26,17,0,0,0
5027,15.603,0,240,0,0,0,0,0,141,0,93,26,17,0,0,0
5028,0.938,0,240,0,0,0,0,0,141,0,93,26,17,0,0,0
5029,15.786,0,240,0,0,0,0,0,141,0,93,26,17,0,0,0
5030,0.800,0,240,0,0,0,0,0,141,0,93,26,17,0,0,0
5031,15.914,0,240,0,0,0,0,0,141,0,93,26,17,0,0,0
5032,0.845,0,240,0,0,0,0,0,141,0,93,26,17,0,0,0
5033,15.821,0,240,0,0,0,0,0,141,0,93,26,17,0,0,0
5034,0.856,0,240,0,0,0,0,0,141,0,93,26,17,0,0,0
5035,15.861,0,240,0,0,0,0,0,141,0,93,26,17,0,0,0
5036,0.836,0,240,0,0,0,0,0,141,0,93,26,17,0,0,0
5037,15.764,0,240,0,0,0,0,0,141,0,93,26,17,0,0,0
5038,0.830,0,240,0,0,0,0,0,141,0,93,26,17,0,0,0
5039,15.752,0,240,0,0,0,0,0,141,0,93,26,17,0,0,0
5040,0.836,0,240,0,0,0,0,0,141,0,93,26,17,0,0,0
5041,16.032,0,240,0,0,0,0,0,141,0,93,26,18,0,0,0
5042,0.844,0,240,0,0,0,0,0,141,0,93,26,18,0,0,0
5043,15.678,0,240,0,0,0,0,0,141,0,93,26,18,0,0,0
5044,0.813,0,240,0,0,0,0,0,141,0,93,26,18,0,0,0
5045,16.048,0,240,0,0,0,0,0,141,0,93,26,18,0,0,0
5046,0.804,0,240,0,0,0,0,0,141,0,93,26,18,0,0,0
5047,15.679,0,240,0,0,0,0,0,141,0,93,26,18,0,0,0
5048,0.906,0,240,0,0,0,0,0,141,0,93,26,18,0,0,0
5049,15.817,0,240,0,0,0,0,0,141,0,93,26,18,0,0,0
5050,0.872,0,240,0,0,0,0,0,141,0,93,26,18,0,0,0
5051,15.826,0,240,0,0,0,0,0,141,0,93,26,18,0,0,0
5052,0.849,0,240,0,0,0,0,0,141,0,93,26,18,0,0,0
5053,15.716,0,240,0,0,0,0,0,141,0,93,26,18,0,0,0
5054,0.832,0,240,0,0,0,0,0,141,0,93,26,18,0,0,0
5055,15.920,0,240,0,0,0,0,0,141,0,93,26,18,0,0,0
5056,0.978,0,240,0,0,0,0,0,141,0,93,26,18,0,0,0
5057,15.689,0,240,0,0,0,0,0,141,0,93,26,18,0,0,0
5058,0.874,0,240,0,0,0,0,0,141,0,93,26,18,0,0,0
5059,15.814,0,240,0,0,0,0,0,141,0,93,26,18,0,0,0
5060,0.798,0,240,0,0,0,0,0,141,0,93,26,18,0,0,0
5061,15.815,0,240,0,0,0,0,0,141,0,93,26,18,0,0,0
5062,1.013,0,240,0,0,0,0,0,141,0,93,26,18,0,0,0
5063,15.570,0,240,0,0,0,0,0,141,0,93,26,18,0,0,0
5064,0.843,0,240,0,0,0,0,0,141,0,93,26,18,0,0,0
5065,15.928,0,240,0,0,0,0,0,141,0,93,26,18,0,0,0
5066,0.794,0,240,0,0,0,0,0,141,0,93,26,18,0,0,0
5067,15.784,0,240,0,0,0,0,0,141,0,93,26,18,0,0,0
5068,0.754,0,240,0,0,0,0,0,141,0,93,26,18,0,0,0
5069,16.052,0,240,0,0,0,0,0,141,0,93,26,18,0,0,0
5070,0.835,0,240,0,0,0,0,0,141,0,93,26,18,0,0,0
5071,15.729,0,240,0,0,0,0,0,141,0,93,26,18,0,0,0
5072,0.862,0,240,0,0,0,0,0,141,0,93,26,18,0,0,0
5073,15.846,0,240,0,0,0,0,0,141,0,93,26,18,0,0,0
5074,0.881,0,240,0,0,0,0,0,141,0,93,26,18,0,0,0
5075,15.685,0,240,0,0,0,0,0,141,0,93,26,18,0,0,0
5076,0.825,0,240,0,0,0,0,0,141,0,93,26,18,0,0,0
5077,15.904,0,240,0,0,0,0,0,141,0,93,26,18,0,0,0
5078,0.840,0,240,0,0,0,0,0,141,0,93,26,18,0,0,0
5079,15.917,0,240,0,0,0,0,0,141,0,93,26,18,0,0,0
5080,0.922,0,240,0,0,0,0,0,141,0,93,26,18,0,0,0
5081,16.225,0,240,0,0,0,0,0,141,0,93,26,18,0,0,0
5082,0.945,0,240,0,0,0,0,0,141,0,93,26,18,0,0,0
5083,15.216,0,240,0,0,0,0,0,141,0,93,26,18,0,0,0
5084,0.957,0,240,0,0,0,0,0,141,0,93,26,18,0,0,0
5085,15.717,0,240,0,0,0,0,0,141,0,93,26,18,0,0,0
5086,0.852,0,240,0,0,0,0,0,141,0,93,26,18,0,0,0
5087,15.641,0,240,0,0,0,0,0,141,0,93,26,18,0,0,0
5088,0.883,0,240,0,0,0,0,0,141,0,93,26,18,0,0,0
5089,16.160,0,240,0,0,0,0,0,141,0,93,26,18,0,0,0
5090,1.043,0,240,0,0,0,0,0,141,0,93,26,18,0,0,0
5091,15.418,0,240,0,0,0,0,0,141,0,93,26,18,0,0,0
5092,0.825,0,240,0,0,0,0,0,141,0,93,26,18,0,0,0
5093,15.743,0,240,0,0,0,0,0,141,0,93,26,18,0,0,0
5094,0.916,0,240,0,0,0,0,0,141,0,93,26,18,0,0,0
5095,15.867,0,240,0,0,0,0,0,141,0,93,26,18,0,0,0
5096,0.806,0,240,0,0,0,0,0,141,0,93,26,18,0,0,0
5097,15.913,0,240,0,0,0,0,0,141,0,93,26,18,0,0,0
5098,0.878,0,240,0,0,0,0,0,141,0,93,26,18,0,0,0
5099,15.794,0,240,0,0,0,0,0,141,0,93,26,18,0,0,0
5100,0.827,0,240,0,0,0,0,0,141,0,93,26,18,0,0,0
5101,16.003,0,240,0,0,0,0,0,141,0,93,26,18,0,0,0
5102,0.914,0,240,0,0,0,0,0,141,0,93,26,18,0,0,0
5103,15.293,0,240,0,0,0,0,0,141,0,93,26,19,0,0,0
5104,0.981,0,240,0,0,0,0,0,141,0,93,26,19,0,0,0
5105,15.899,0,240,0,0,0,0,0,141,0,93,26,19,0,0,0
5106,0.817,0,240,0,0,0,0,0,141,0,93,26,19,0,0,0
5107,15.686,0,240,0,0,0,0,0,141,0,93,26,19,0,0,0
5108,0.781,0,240,0,0,0,0,0,141,0,93,26,19,0,0,0
5109,16.049,0,240,0,0,0,0,0,141,0,93,26,19,0,0,0
5110,0.793,0,240,0,0,0,0,0,141,0,93,26,19,0,0,0
5111,15.933,0,240,0,0,0,0,0,141,0,93,26,19,0,0,0
5112,0.840,0,240,0,0,0,0,0,141,0,93,26,19,0,0,0
5113,15.721,0,240,0,0,0,0,0,141,0,93,26,19,0,0,0
5114,0.823,0,240,0,0,0,0,0,141,0,93,26,19,0,0,0
5115,15.878,0,240,0,0,0,0,0,141,0,93,26,19,0,0,0
5116,0.782,0,240,0,0,0,0,0,141,0,93,26,19,0,0,0
5117,15.911,0,240,0,0,0,0,0,141,0,93,26,19,0,0,0
5118,0.803,0,240,0,0,0,0,0,141,0,93,26,19,0,0,0
5119,15.785,0,240,0,0,0,0,0,141,0,93,26,19,0,0,0
5120,0.876,0,240,0,0,0,0,0,141,0,93,26,19,0,0,0
5121,16.102,0,240,0,0,0,0,0,141,0,93,26,19,0,0,0
5122,1.053,0,240,0,0,0,0,0,141,0,93,26,19,0,0,0
5123,15.431,0,240,0,0,0,0,0,141,0,93,26,19,0,0,0
5124,0.927,0,240,0,0,0,0,0,141,0,93,26,19,0,0,0
5125,15.628,0,240,0,0,0,0,0,141,0,93,26,19,0,0,0
5126,1.003,0,240,0,0,0,0,0,141,0,93,26,19,0,0,0
5127,15.673,0,240,0,0,0,0,0,141,0,93,26,19,0,0,0
5128,0.943,0,240,0,0,0,0,0,141,0,93,26,19,0,0,0
5129,15.980,0,240,0,0,0,0,0,141,0,93,26,19,0,0,0
5130,0.919,0,240,0,0,0,0,0,141,0,93,26,19,0,0,0
5131,15.362,0,240,0,0,0,0,0,141,0,93,26,19,0,0,0
5132,0.827,0,240,0,0,0,0,0,141,0,93,26,19,0,0,0
5133,15.894,0,240,0,0,0,0,0,141,0,93,26,19,0,0,0
5134,0.825,0,240,0,0,0,0,0,141,0,93,26,19,0,0,0
5135,15.762,0,240,0,0,0,0,0,141,0,93,26,19,0,0,0
5136,0.768,0,240,0,0,0,0,0,141,0,93,26,19,0,0,0
5137,16.236,0,240,0,0,0,0,0,141,0,93,26,19,0,0,0
5138,0.854,0,240,0,0,0,0,0,141,0,93,26,19,0,0,0
5139,15.708,0,240,0,0,0,0,0,141,0,93,26,19,0,0,0
5140,0.776,0,240,0,0,0,0,0,141,0,93,26,19,0,0,0
5141,15.677,0,240,0,0,0,0,0,141,0,93,26,19,0,0,0
5142,0.839,0,240,0,0,0,0,0,141,0,93,26,19,0,0,0
5143,15.861,0,240,0,0,0,0,0,141,0,93,26,19,0,0,0
5144,0.873,0,240,0,0,0,0,0,141,0,93,26,19,0,0,0
5145,15.861,0,240,0,0,0,0,0,141,0,93,26,19,0,0,0
5146,0.934,0,240,0,0,0,0,0,141,0,93,26,19,0,0,0
5147,15.683,0,240,0,0,0,0,0,141,0,93,26,19,0,0,0
5148,0.818,0,240,0,0,0,0,0,141,0,93,26,19,0,0,0
5149,15.894,0,240,0,0,0,0,0,141,0,93,26,19,0,0,0
5150,0.837,0,240,0,0,0,0,0,141,0,93,26,19,0,0,0
5151,15.807,0,240,0,0,0,0,0,141,0,93,26,19,0,0,0
5152,0.901,0,240,0,0,0,0,0,141,0,93,26,19,0,0,0
5153,16.719,0,240,0,0,0,0,0,141,0,93,26,19,0,0,0
5154,0.869,0,240,0,0,0,0,0,141,0,93,26,19,0,0,0
5155,14.800,0,240,0,0,0,0,0,141,0,93,26,19,0,0,0
5156,0.899,0,240,0,0,0,0,0,141,0,93,26,19,0,0,0
5157,15.930,0,240,0,0,0,0,0,141,0,93,26,19,0,0,0
5158,0.786,0,240,0,0,0,0,0,141,0,93,26,19,0,0,0
5159,15.749,0,240,0,0,0,0,0,141,0,93,26,19,0,0,0
5160,0.883,0,240,0,0,0,0,0,141,0,93,26,19,0,0,0
5161,15.821,0,240,0,0,0,0,0,141,0,93,26,19,0,0,0
5162,0.932,0,240,0,0,0,0,0,141,0,93,26,19,0,0,0
5163,15.730,0,240,0,0,0,0,0,141,0,93,26,19,0,0,0
5164,0.823,0,240,0,0,0,0,0,141,0,93,26,19,0,0,0
5165,15.859,0,240,0,0,0,0,0,141,0,93,26,19,0,0,0
5166,0.861,0,240,0,0,0,0,0,141,0,93,26,19,0,0,0
5167,15.763,0,240,0,0,0,0,0,141,0,93,26,19,0,0,0
5168,0.958,0,240,0,0,0,0,0,141,0,93,26,19,0,0,0
5169,16.236,0,240,0,0,0,0,0,141,0,93,26,19,0,0,0
5170,0.964,0,240,0,0,0,0,0,141,0,93,26,19,0,0,0
5171,15.382,0,240,0,0,0,0,0,141,0,93,26,19,0,0,0
5172,0.817,0,240,0,0,0,0,0,141,0,93,26,19,0,0,0
5173,15.731,0,240,0,0,0,0,0,141,0,93,26,19,0,0,0
5174,0.913,0,240,0,0,0,0,0,141,0,93,26,19,0,0,0
5175,15.671,0,240,0,0,0,0,0,141,0,93,26,19,0,0,0
5176,0.877,0,240,0,0,0,0,0,141,0,93,26,19,0,0,0
5177,16.296,0,240,0,0,0,0,0,141,0,93,26,19,0,0,0
5178,1.046,0,240,0,0,0,0,0,141,0,93,26,19,0,0,0
5179,15.223,0,240,0,0,0,0,0,141,0,93,26,19,0,0,0
5180,0.839,0,240,0,0,0,0,0,141,0,93,26,19,0,0,0
5181,15.772,0,240,0,0,0,0,0,141,0,93,26,19,0,0,0
5182,1.182,0,240,0,0,0,0,0,141,0,93,26,19,0,0,0
5183,15.331,0,240,0,0,0,0,0,141,0,93,26,19,0,0,0
5184,0.876,0,240,0,0,0,0,0,141,0,93,26,19,0,0,0
5185,15.672,0,240,0,0,0,0,0,141,0,93,26,19,0,0,0
5186,0.770,0,240,0,0,0,0,0,141,0,93,26,19,0,0,0
5187,15.785,0,240,0,0,0,0,0,141,0,93,26,19,0,0,0
5188,0.832,0,240,0,0,0,0,0,141,0,93,26,19,0,0,0
5189,15.861,0,240,0,0,0,0,0,141,0,93,26,19,0,0,0
5190,0.825,0,240,0,0,0,0,0,141,0,93,26,19,0,0,0
5191,15.917,0,240,0,0,0,0,0,141,0,93,26,19,0,0,0
5192,0.784,0,240,0,0,0,0,0,141,0,93,26,19,0,0,0
5193,17.012,0,240,0,0,0,0,0,141,0,93,26,19,0,0,0
5194,0.750,0,240,0,0,0,0,0,141,0,93,26,19,0,0,0
5195,15.026,0,240,0,0,0,0,0,141,0,93,26,19,0,0,0
5196,0.892,0,240,0,0,0,0,0,141,0,93,26,19,0,0,0
5197,15.355,0,240,0,0,0,0,0,141,0,93,26,19,0,0,0
5198,0.978,0,240,0,0,0,0,0,141,0,93,26,19,0,0,0
5199,15.896,0,240,0,0,0,0,0,141,0,93,26,19,0,0,0
5200,0.788,0,240,0,0,0,0,0,141,0,93,26,19,0,0,0
5201,15.894,0,240,0,0,0,0,0,141,0,93,26,19,0,0,0
5202,0.870,0,240,0,0,0,0,0,141,0,93,26,19,0,0,0
5203,15.743,0,240,0,0,0,0,0,141,0,93,26,19,0,0,0
5204,0.765,0,240,0,0,0,0,0,141,0,93,26,19,0,0,0
5205,15.843,0,240,0,0,0,0,0,141,0,93,26,19,0,0,0
5206,0.811,0,240,0,0,0,0,0,141,0,93,26,19,0,0,0
5207,16.477,0,240,0,0,0,0,0,141,0,93,26,19,0,0,0
5208,0.942,0,240,0,0,0,0,0,141,0,93,26,19,0,0,0
5209,15.251,0,240,0,0,0,0,0,141,0,93,26,19,0,0,0
5210,0.813,0,240,0,0,0,0,0,141,0,93,26,19,0,0,0
5211,15.639,0,240,0,0,0,0,0,141,0,93,26,19,0,0,0
5212,0.809,0,240,0,0,0,0,0,141,0,93,26,19,0,0,0
5213,15.791,0,240,0,0,0,0,0,141,0,93,26,19,0,0,0
5214,0.829,0,240,0,0,0,0,0,141,0,93,26,19,0,0,0
5215,15.974,0,240,0,0,0,0,0,141,0,93,26,19,0,0,0
5216,0.783,0,240,0,0,0,0,0,141,0,93,26,19,0,0,0
5217,16.775,0,240,0,0,0,0,0,141,0,93,26,19,0,0,0
5218,0.782,0,240,0,0,0,0,0,141,0,93,26,19,0,0,0
5219,14.906,0,240,0,0,0,0,0,141,0,93,26,19,0,0,0
5220,0.907,0,240,0,0,0,0,0,141,0,93,26,19,0,0,0
5221,15.808,0,240,0,0,0,0,0,141,0,93,26,19,0,0,0
5222,0.744,0,240,0,0,0,0,0,141,0,93,26,19,0,0,0
5223,16.017,0,240,0,0,0,0,0,141,0,93,26,19,0,0,0
5224,0.812,0,240,0,0,0,0,0,141,0,93,26,19,0,0,0
5225,16.567,0,240,0,0,0,0,0,141,0,93,26,19,0,0,0
5226,0.816,0,240,0,0,0,0,0,141,0,93,26,19,0,0,0
5227,15.004,0,240,0,0,0,0,0,141,0,93,26,19,0,0,0
5228,0.856,0,240,0,0,0,0,0,141,0,93,26,19,0,0,0
5229,15.841,0,240,0,0,0,0,0,141,0,93,26,19,0,0,0
5230,0.759,0,240,0,0,0,0,0,141,0,93,26,19,0,0,0
5231,16.112,0,240,0,0,0,0,0,141,0,93,26,20,0,0,0
5232,1.065,0,240,0,0,0,0,0,141,0,93,26,20,0,0,0
5233,15.395,0,240,0,0,0,0,0,141,0,93,26,20,0,0,0
5234,0.802,0,240,0,0,0,0,0,141,0,93,26,20,0,0,0
5235,15.797,0,240,0,0,0,0,0,141,0,93,26,20,0,0,0
5236,0.820,0,240,0,0,0,0,0,141,0,93,26,20,0,0,0
5237,15.900,0,240,0,0,0,0,0,141,0,93,26,20,0,0,0
5238,0.922,0,240,0,0,0,0,0,141,0,93,26,20,0,0,0
5239,15.756,0,240,0,0,0,0,0,141,0,93,26,20,0,0,0
5240,0.899,0,240,0,0,0,0,0,141,0,93,26,20,0,0,0
5241,15.856,0,240,0,0,0,0,0,141,0,93,26,20,0,0,0
5242,1.003,0,240,0,0,0,0,0,141,0,93,26,20,0,0,0
5243,15.459,0,240,0,0,0,0,0,141,0,93,26,20,0,0,0
5244,0.726,0,240,0,0,0,0,0,141,0,93,26,20,0,0,0
5245,16.126,0,240,0,0,0,0,0,141,0,93,26,20,0,0,0
5246,0.760,0,240,0,0,0,0,0,141,0,93,26,20,0,0,0
5247,15.891,0,240,0,0,0,0,0,141,0,93,26,20,0,0,0
5248,1.016,0,240,0,0,0,0,0,141,0,93,26,20,0,0,0
5249,15.628,0,240,0,0,0,0,0,141,0,93,26,20,0,0,0
5250,0.857,0,240,0,0,0,0,0,141,0,93,26,20,0,0,0
5251,15.681,0,240,0,0,0,0,0,141,0,93,26,20,0,0,0
5252,0.851,0,240,0,0,0,0,0,141,0,93,26,20,0,0,0
5253,15.943,0,240,0,0,0,0,0,141,0,93,26,20,0,0,0
5254,0.812,0,240,0,0,0,0,0,141,0,93,26,20,0,0,0
5255,15.863,0,240,0,0,0,0,0,141,0,93,26,20,0,0,0
5256,0.917,0,240,0,0,0,0,0,141,0,93,26,20,0,0,0
5257,15.678,0,240,0,0,0,0,0,141,0,93,26,20,0,0,0
5258,0.738,0,240,0,0,0,0,0,141,0,93,26,20,0,0,0
5259,16.025,0,240,0,0,0,0,0,141,0,93,26,20,0,0,0
5260,0.800,0,240,0,0,0,0,0,141,0,93,26,20,0,0,0
5261,15.686,0,240,0,0,0,0,0,141,0,93,26,20,0,0,0
5262,0.778,0,240,0,0,0,0,0,141,0,93,26,20,0,0,0
5263,15.981,0,240,0,0,0,0,0,141,0,93,26,20,0,0,0
5264,0.723,0,240,0,0,0,0,0,141,0,93,26,20,0,0,0
5265,15.967,0,240,0,0,0,0,0,141,0,93,26,20,0,0,0
5266,0.776,0,240,0,0,0,0,0,141,0,93,26,20,0,0,0
5267,15.794,0,240,0,0,0,0,0,141,0,93,26,20,0,0,0
5268,0.769,0,240,0,0,0,0,0,141,0,93,26,20,0,0,0
5269,15.960,0,240,0,0,0,0,0,141,0,93,26,20,0,0,0
5270,0.755,0,240,0,0,0,0,0,141,0,93,26,20,0,0,0
5271,15.978,0,240,0,0,0,0,0,141,0,93,26,20,0,0,0
5272,0.946,0,240,0,0,0,0,0,141,0,93,26,20,0,0,0
5273,16.334,0,240,0,0,0,0,0,141,0,93,26,20,0,0,0
5274,0.954,0,240,0,0,0,0,0,141,0,93,26,20,0,0,0
5275,15.042,0,240,0,0,0,0,0,141,0,93,26,20,0,0,0
5276,0.793,0,240,0,0,0,0,0,141,0,93,26,20,0,0,0
5277,15.900,0,240,0,0,0,1,0,141,0,93,26,20,0,0,0
5278,0.766,0,240,0,0,0,0,0,141,0,93,26,20,0,0,0
5279,15.846,0,240,0,0,0,0,0,141,0,93,26,20,0,0,0
5280,0.745,0,240,0,0,0,0,0,141,0,93,26,20,0,0,0
5281,16.086,0,240,0,0,0,0,0,141,0,93,26,20,0,0,0
5282,0.911,0,240,0,0,0,0,0,141,0,93,26,20,0,0,0
5283,15.779,0,240,0,0,0,0,0,141,0,93,26,20,0,0,0
5284,0.813,0,240,0,0,0,0,0,141,0,93,26,20,0,0,0
5285,15.743,0,240,0,0,0,0,0,141,0,93,26,20,0,0,0
5286,0.751,0,240,0,0,0,0,0,141,0,93,26,20,0,0,0
5287,15.933,0,240,0,0,0,0,0,141,0,93,26,20,0,0,0
5288,0.706,0,240,0,0,0,0,0,141,0,93,26,20,0,0,0
5289,16.886,0,240,0,0,0,0,0,141,0,93,26,20,0,0,0
5290,0.816,0,240,0,0,0,0,0,141,0,93,26,20,0,0,0
5291,14.873,0,240,0,0,0,0,0,141,0,93,26,20,0,0,0
5292,0.755,0,240,0,0,0,0,0,141,0,93,26,20,0,0,0
5293,15.904,0,240,0,0,0,0,0,141,0,93,26,20,0,0,0
5294,0.778,0,240,0,0,0,0,0,141,0,93,26,20,0,0,0
5295,15.908,0,240,0,0,0,0,0,141,0,93,26,20,0,0,0
5296,0.763,0,240,0,0,0,0,0,141,0,93,26,20,0,0,0
5297,16.445,0,240,0,0,0,0,0,141,0,93,26,20,0,0,0
5298,0.903,0,240,0,0,0,0,0,141,0,93,26,20,0,0,0
5299,15.462,0,240,0,0,0,0,0,141,0,93,26,20,0,0,0
5300,0.891,0,240,0,0,0,0,0,141,0,93,26,20,0,0,0
5301,15.559,0,240,0,0,0,0,0,141,0,93,26,20,0,0,0
5302,1.034,0,240,0,0,0,0,0,141,0,93,26,20,0,0,0
5303,15.526,0,240,0,0,0,0,0,141,0,93,26,20,0,0,0
5304,0.773,0,240,0,0,0,0,0,141,0,93,26,20,0,0,0
5305,15.846,0,240,0,0,0,0,0,141,0,93,26,20,0,0,0
5306,0.962,0,240,0,0,0,0,0,141,0,93,26,20,0,0,0
5307,15.809,0,240,0,0,0,0,0,141,0,93,26,20,0,0,0
5308,0.915,0,240,0,0,0,0,0,141,0,93,26,20,0,0,0
5309,15.766,0,240,0,0,0,0,0,141,0,93,26,20,0,0,0
5310,0.807,0,240,0,0,0,0,0,141,0,93,26,20,0,0,0
5311,15.763,0,240,0,0,0,0,0,141,0,93,26,20,0,0,0
5312,0.768,0,240,0,0,0,0,0,141,0,93,26,20,0,0,0
5313,16.410,0,240,0,0,0,0,0,141,0,93,26,20,0,0,0
5314,0.877,0,240,0,0,0,0,0,141,0,93,26,20,0,0,0
5315,15.344,0,240,0,0,0,0,0,141,0,93,26,20,0,0,0
5316,0.873,0,240,0,0,0,0,0,141,0,93,26,20,0,0,0
5317,15.926,0,240,0,0,0,0,0,141,0,93,26,20,0,0,0
5318,0.749,0,240,0,0,0,0,0,141,0,93,26,20,0,0,0
5319,15.892,0,240,0,0,0,0,0,141,0,93,26,20,0,0,0
5320,0.772,0,240,0,0,0,0,0,141,0,93,26,20,0,0,0
5321,15.968,0,240,0,0,0,0,0,141,0,93,26,20,0,0,0
5322,0.870,0,240,0,0,0,0,0,141,0,93,26,20,0,0,0
5323,15.520,0,240,0,0,0,0,0,141,0,93,26,20,0,0,0
5324,0.729,0,240,0,0,0,0,0,141,0,93,26,20,0,0,0
5325,16.133,0,240,0,0,0,0,0,141,0,93,26,21,0,0,0
5326,0.766,0,240,0,0,0,0,0,141,0,93,26,21,0,0,0
5327,15.849,0,240,0,0,0,0,0,141,0,93,26,21,0,0,0
5328,0.742,0,240,0,0,0,0,0,141,0,93,26,21,0,0,0
5329,17.208,0,240,0,0,0,0,0,141,0,93,26,21,0,0,0
5330,0.864,0,240,0,0,0,0,0,141,0,93,26,21,0,0,0
5331,14.428,0,240,0,0,0,0,0,141,0,93,26,21,0,0,0
5332,0.787,0,240,0,0,0,0,0,141,0,93,26,21,0,0,0
5333,15.892,0,240,0,0,0,0,0,141,0,93,26,21,0,0,0
5334,0.885,0,240,0,0,0,0,0,141,0,93,26,21,0,0,0
5335,15.827,0,240,0,0,0,0,0,141,0,93,26,21,0,0,0
5336,0.764,0,240,0,0,0,0,0,141,0,93,26,21,0,0,0
5337,15.994,0,240,0,0,0,1,0,141,0,93,26,21,0,0,0
5338,0.889,0,240,0,0,0,0,0,141,0,93,26,21,0,0,0
5339,15.562,0,240,0,0,0,0,0,141,0,93,26,21,0,0,0
5340,0.778,0,240,0,0,0,0,0,141,0,93,26,21,0,0,0
5341,15.982,0,240,0,0,0,0,0,141,0,93,26,21,0,0,0
5342,0.773,0,240,0,0,0,0,0,141,0,93,26,21,0,0,0
5343,15.796,0,240,0,0,0,0,0,141,0,93,26,22,0,0,0
5344,0.786,0,240,0,0,0,0,0,141,0,93,26,22,0,0,0
5345,16.631,0,240,0,0,0,1,0,142,0,92,26,22,0,0,0
5346,0.883,0,240,0,0,0,0,0,142,0,92,26,22,0,0,0
5347,15.613,0,240,0,0,0,0,0,142,0,92,26,22,0,0,0
5348,0.762,0,240,0,0,0,0,0,142,0,92,26,22,0,0,0
5349,15.413,0,240,0,0,0,0,0,142,0,92,26,22,0,0,0
5350,0.748,0,240,0,0,0,0,0,142,0,92,26,22,0,0,0
5351,16.390,0,240,0,0,0,0,0,142,0,92,26,22,0,0,0
5352,0.828,0,240,0,0,0,0,0,142,0,92,26,22,0,0,0
5353,15.699,0,240,0,0,0,0,0,142,0,92,26,22,0,0,0
5354,0.735,0,240,0,0,0,0,0,142,0,92,26,22,0,0,0
5355,15.575,0,240,0,0,0,0,0,142,0,92,26,22,0,0,0
5356,0.895,0,240,0,0,0,0,0,142,0,92,26,22,0,0,0
5357,16.256,0,240,0,0,0,1,0,143,0,91,26,22,0,0,0
5358,0.760,0,240,0,0,0,0,0,143,0,91,26,22,0,0,0
5359,15.430,0,240,0,0,0,0,0,143,0,91,26,22,0,0,0
5360,0.751,0,240,0,0,0,0,0,143,0,91,26,22,0,0,0
5361,15.970,0,240,0,0,0,0,0,143,0,91,26,22,0,0,0
5362,0.789,0,240,0,0,0,0,0,143,0,91,26,22,0,0,0
5363,15.872,0,240,0,0,0,0,0,143,0,91,26,22,0,0,0
5364,0.781,0,240,0,0,0,0,0,143,0,91,26,22,0,0,0
5365,15.893,0,240,0,0,0,0,0,143,0,91,26,22,0,0,0
5366,0.774,0,240,0,0,0,0,0,143,0,91,26,22,0,0,0
5367,15.861,0,240,0,0,0,0,0,143,0,91,26,23,0,0,0
5368,0.738,0,240,0,0,0,0,0,143,0,91,26,23,0,0,0
5369,16.519,0,240,0,0,0,0,0,143,0,91,26,23,0,0,0
5370,0.738,0,240,0,0,0,0,0,143,0,91,26,23,0,0,0
5371,15.352,0,240,0,0,0,0,0,143,0,91,26,23,0,0,0
5372,0.913,0,240,0,0,0,0,0,143,0,91,26,23,0,0,0
5373,15.754,0,240,0,0,0,0,0,143,0,91,26,23,0,0,0
5374,0.805,0,240,0,0,0,0,0,143,0,91,26,23,0,0,0
5375,15.896,0,240,0,0,0,0,0,143,0,91,26,23,0,0,0
5376,0.762,0,240,0,0,0,0,0,143,0,91,26,23,0,0,0
5377,15.827,0,240,0,0,0,0,0,143,0,91,26,23,0,0,0
5378,0.775,0,240,0,0,0,0,0,143,0,91,26,23,0,0,0
5379,15.970,0,240,0,0,0,2,0,144,0,90,26,23,0,0,0
5380,0.805,0,240,0,0,0,0,0,144,0,90,26,23,0,0,0
5381,15.824,0,240,0,0,0,0,0,144,0,90,26,23,0,0,0
5382,0.774,0,240,0,0,0,0,0,144,0,90,26,23,0,0,0
5383,15.864,0,240,0,0,0,0,0,144,0,90,26,23,0,0,0
5384,0.755,0,240,0,0,0,0,0,144,0,90,26,23,0,0,0
5385,15.821,0,240,0,0,0,0,0,144,0,90,26,23,0,0,0
5386,0.841,0,240,0,0,0,0,0,144,0,90,26,23,0,0,0
5387,15.806,0,240,0,0,0,0,0,144,0,90,26,23,0,0,0
5388,0.853,0,240,0,0,0,0,0,144,0,90,26,23,0,0,0
5389,15.800,0,240,0,0,0,0,0,144,0,90,26,23,0,0,0
5390,0.801,0,240,0,0,0,0,0,144,0,90,26,23,0,0,0
5391,15.980,0,240,0,0,0,0,0,144,0,90,26,23,0,0,0
5392,0.852,0,240,0,0,0,0,0,144,0,90,26,23,0,0,0
5393,15.696,0,240,0,0,0,1,0,145,0,89,26,23,0,0,0
5394,0.846,0,240,0,0,0,0,0,145,0,89,26,23,0,0,0
5395,15.951,0,240,0,0,0,0,0,145,0,89,26,23,0,0,0
5396,0.915,0,240,0,0,0,0,0,145,0,89,26,23,0,0,0
5397,15.826,0,240,0,0,0,0,0,145,0,89,26,23,0,0,0
5398,0.818,0,240,0,0,0,0,0,145,0,89,26,23,0,0,0
5399,15.793,0,240,0,0,0,0,0,145,0,89,26,23,0,0,0
5400,0.767,0,240,0,0,0,0,0,145,0,89,26,23,0,0,0
5401,16.518,0,240,0,0,0,2,0,145,0,89,26,23,0,0,0
5402,0.825,0,240,0,0,0,0,0,145,0,89,26,23,0,0,0
5403,15.230,0,240,0,0,0,0,0,145,0,89,26,23,0,0,0
5404,0.919,0,240,0,0,0,0,0,145,0,89,26,23,0,0,0
5405,15.695,0,240,0,0,0,0,0,145,0,89,26,23,0,0,0
5406,0.775,0,240,0,0,0,0,0,145,0,89,26,23,0,0,0
5407,15.897,0,240,0,0,0,1,0,145,0,89,26,23,0,0,0
5408,0.832,0,240,0,0,0,0,0,145,0,89,26,23,0,0,0
5409,15.973,0,240,0,0,0,1,0,146,0,88,26,23,0,0,0
5410,0.824,0,240,0,0,0,0,0,146,0,88,26,23,0,0,0
5411,15.716,0,240,0,0,0,0,0,146,0,88,26,23,0,0,0
5412,0.763,0,240,0,0,0,1,0,146,0,88,26,23,0,0,0
5413,16.035,0,240,0,0,0,0,0,146,0,88,26,23,0,0,0
5414,0.730,0,240,0,0,0,0,0,146,0,88,26,23,0,0,0
5415,15.769,0,240,0,0,0,0,0,146,0,88,26,23,0,0,0
5416,0.806,0,240,0,0,0,0,0,146,0,88,26,23,0,0,0
5417,16.344,0,240,0,0,0,0,0,146,0,88,26,23,0,0,0
5418,0.852,0,240,0,0,0,0,0,146,0,88,26,23,0,0,0
5419,15.486,0,240,0,0,0,0,0,146,0,88,26,23,0,0,0
5420,0.885,0,240,0,0,0,0,0,146,0,88,26,23,0,0,0
5421,15.519,0,240,0,0,0,0,0,146,0,88,26,23,0,0,0
5422,0.827,0,240,0,0,0,0,0,146,0,88,26,23,0,0,0
5423,15.869,0,240,0,0,0,0,0,146,0,88,26,23,0,0,0
5424,0.868,0,240,0,0,0,0,0,146,0,88,26,23,0,0,0
5425,15.865,0,240,0,0,0,1,0,147,0,87,26,23,0,0,0
5426,0.942,0,240,0,0,0,0,0,147,0,87,26,23,0,0,0
5427,15.795,0,240,0,0,0,1,0,148,0,86,26,23,0,0,0
5428,0.771,0,240,0,0,0,0,0,148,0,86,26,23,0,0,0
5429,15.818,0,240,0,0,0,0,0,148,0,86,26,23,0,0,0
5430,0.793,0,240,0,0,0,0,0,148,0,86,26,23,0,0,0
5431,15.907,0,240,0,0,0,0,0,148,0,86,26,23,0,0,0
5432,0.896,0,240,0,0,0,0,0,148,0,86,26,23,0,0,0
5433,16.224,0,240,0,0,0,0,0,148,0,86,26,23,0,0,0
5434,0.828,0,240,0,0,0,0,0,148,0,86,26,23,0,0,0
5435,15.384,0,240,0,0,0,0,0,148,0,86,26,23,0,0,0
5436,0.787,0,240,0,0,0,0,0,148,0,86,26,23,0,0,0
5437,15.907,0,240,0,0,0,0,0,148,0,86,26,23,0,0,0
5438,0.817,0,240,0,0,0,0,0,148,0,86,26,23,0,0,0
5439,15.894,0,240,0,0,0,0,0,148,0,86,26,23,0,0,0
5440,0.940,0,240,0,0,0,0,0,148,0,86,26,23,0,0,0
5441,15.617,0,240,0,0,0,0,0,148,0,86,26,23,0,0,0
5442,0.730,0,240,0,0,0,0,0,148,0,86,26,23,0,0,0
5443,16.003,0,240,0,0,0,0,0,148,0,86,26,23,0,0,0
5444,0.751,0,240,0,0,0,0,0,148,0,86,26,23,0,0,0
5445,15.987,0,240,0,0,0,0,0,148,0,86,26,23,0,0,0
5446,0.773,0,240,0,0,0,0,0,148,0,86,26,23,0,0,0
5447,15.848,0,240,0,0,0,0,0,148,0,86,26,23,0,0,0
5448,0.760,0,240,0,0,0,0,0,148,0,86,26,23,0,0,0
5449,15.826,0,240,0,0,0,0,0,148,0,86,26,23,0,0,0
5450,1.045,0,240,0,0,0,0,0,148,0,86,26,23,0,0,0
5451,15.755,0,240,0,0,0,1,0,149,0,85,26,23,0,0,0
5452,0.812,0,240,0,0,0,0,0,149,0,85,26,23,0,0,0
5453,15.734,0,240,0,0,0,0,0,149,0,85,26,23,0,0,0
5454,0.819,0,240,0,0,0,0,0,149,0,85,26,23,0,0,0
5455,15.774,0,240,0,0,0,0,0,149,0,85,26,23,0,0,0
5456,0.814,0,240,0,0,0,0,0,149,0,85,26,23,0,0,0
5457,15.851,0,240,0,0,0,0,0,149,0,85,26,23,0,0,0
5458,0.897,0,240,0,0,0,0,0,149,0,85,26,23,0,0,0
5459,15.930,0,240,0,0,0,1,0,150,0,84,26,23,0,0,0
5460,0.809,0,240,0,0,0,0,0,150,0,84,26,23,0,0,0
5461,15.830,0,240,0,0,0,1,0,151,0,83,26,23,0,0,0
5462,0.912,0,240,0,0,0,0,0,151,0,83,26,23,0,0,0
5463,15.666,0,240,0,0,0,0,0,151,0,83,26,23,0,0,0
5464,0.827,0,240,0,0,0,0,0,151,0,83,26,23,0,0,0
5465,16.080,0,240,0,0,0,0,0,151,0,83,26,23,0,0,0
5466,0.869,0,240,0,0,0,0,0,151,0,83,26,23,0,0,0
5467,15.517,0,240,0,0,0,1,0,152,0,82,26,23,0,0,0
5468,0.842,0,240,0,0,0,0,0,152,0,82,26,23,0,0,0
5469,15.828,0,240,0,0,0,0,0,152,0,82,26,23,0,0,0
5470,0.869,0,240,0,0,0,0,0,152,0,82,26,23,0,0,0
5471,15.811,0,240,0,0,0,2,0,154,0,80,26,23,0,0,0
5472,0.902,0,240,0,0,0,0,0,154,0,80,26,23,0,0,0
5473,15.821,0,240,0,0,0,0,0,154,0,80,26,23,0,0,0
5474,0.792,0,240,0,0,0,0,0,154,0,80,26,23,0,0,0
5475,15.876,0,240,0,0,0,0,0,154,0,80,26,23,0,0,0
5476,0.958,0,240,0,0,0,0,0,154,0,80,26,23,0,0,0
5477,15.774,0,240,0,0,0,0,0,154,0,80,26,23,0,0,0
5478,0.890,0,240,0,0,0,0,0,154,0,80,26,23,0,0,0
5479,15.664,0,240,0,0,0,0,0,154,0,80,26,23,0,0,0
5480,1.011,0,240,0,0,0,0,0,154,0,80,26,23,0,0,0
5481,16.117,0,240,0,0,0,1,0,155,0,79,26,23,0,0,0
5482,0.921,0,240,0,0,0,0,0,155,0,79,26,23,0,0,0
5483,15.238,0,240,0,0,0,0,0,155,0,79,26,23,0,0,0
5484,0.746,0,240,0,0,0,0,0,155,0,79,26,23,0,0,0
5485,16.019,0,240,0,0,0,1,0,156,0,78,26,23,0,0,0
5486,0.782,0,240,0,0,0,0,0,156,0,78,26,23,0,0,0
5487,15.755,0,240,0,0,0,0,0,156,0,78,26,23,0,0,0
5488,0.749,0,240,0,0,0,0,0,156,0,78,26,23,0,0,0
5489,15.936,0,240,0,0,0,1,0,157,0,77,26,23,0,0,0
5490,0.864,0,240,0,0,0,0,0,157,0,77,26,23,0,0,0
5491,15.844,0,240,0,0,0,0,0,157,0,77,26,23,0,0,0
5492,0.714,0,240,0,0,0,0,0,157,0,77,26,23,0,0,0
5493,15.934,0,240,0,0,0,0,0,157,0,77,26,23,0,0,0
5494,0.869,0,240,0,0,0,0,0,157,0,77,26,23,0,0,0
5495,15.828,0,240,0,0,0,0,0,157,0,77,26,23,0,0,0
5496,0.960,0,240,0,0,0,0,0,157,0,77,26,23,0,0,0
5497,16.132,0,240,0,0,0,1,0,157,0,77,26,23,0,0,0
5498,0.886,0,240,0,0,0,0,0,157,0,77,26,23,0,0,0
5499,15.372,0,240,0,0,0,0,0,157,0,77,26,23,0,0,0
5500,0.809,0,240,0,0,0,0,0,157,0,77,26,23,0,0,0
5501,15.851,0,240,0,0,0,2,0,158,0,76,26,23,0,0,0
5502,0.934,0,240,0,0,0,0,0,158,0,76,26,23,0,0,0
5503,15.707,0,240,0,0,0,0,0,158,0,76,26,23,0,0,0
5504,0.775,0,240,0,0,0,0,0,158,0,76,26,23,0,0,0
5505,15.895,0,240,0,0,0,0,0,158,0,76,26,23,0,0,0
5506,0.803,0,240,0,0,0,0,0,158,0,76,26,23,0,0,0
5507,15.861,0,240,0,0,0,1,0,158,0,76,26,23,0,0,0
5508,0.806,0,240,0,0,0,0,0,158,0,76,26,23,0,0,0
5509,15.913,0,240,0,0,0,0,0,158,0,76,26,23,0,0,0
5510,0.885,0,240,0,0,0,0,0,158,0,76,26,23,0,0,0
5511,15.795,0,240,0,0,0,0,0,158,0,76,26,23,0,0,0
5512,0.900,0,240,0,0,0,0,0,158,0,76,26,23,0,0,0
5513,16.306,0,240,0,0,0,1,0,158,0,76,26,23,0,0,0
5514,1.018,0,240,0,0,0,0,0,158,0,76,26,23,0,0,0
5515,15.057,0,240,0,0,0,0,0,158,0,76,26,23,0,0,0
5516,0.738,0,240,0,0,0,0,0,158,0,76,26,23,0,0,0
5517,15.855,0,240,0,0,0,1,0,158,0,76,26,23,0,0,0
5518,0.816,0,240,0,0,0,0,0,158,0,76,26,23,0,0,0
5519,15.922,0,240,0,0,0,0,0,158,0,76,26,23,0,0,0
5520,0.978,0,240,0,0,0,1,0,158,0,76,26,23,0,0,0
5521,15.571,0,240,0,0,0,0,0,158,0,76,26,23,0,0,0
5522,0.919,0,240,0,0,0,0,0,158,0,76,26,23,0,0,0
5523,15.832,0,240,0,0,0,0,0,158,0,76,26,23,0,0,0
5524,0.827,0,240,0,0,0,0,0,158,0,76,26,23,0,0,0
5525,15.830,0,240,0,0,0,0,0,158,0,76,26,23,0,0,0
5526,0.797,0,240,0,0,0,0,0,158,0,76,26,23,0,0,0
5527,16.022,0,240,0,0,0,0,0,158,0,76,26,23,0,0,0
5528,0.843,0,240,0,0,0,0,0,158,0,76,26,23,0,0,0
5529,15.629,0,240,0,0,0,0,0,158,0,76,26,23,0,0,0
5530,0.974,0,240,0,0,0,0,0,158,0,76,26,23,0,0,0
5531,15.709,0,240,0,0,0,0,0,158,0,76,26,23,0,0,0
5532,0.765,0,240,0,0,0,0,0,158,0,76,26,23,0,0,0
5533,15.960,0,240,0,0,0,0,0,158,0,76,26,23,0,0,0
5534,0.744,0,240,0,0,0,0,0,158,0,76,26,23,0,0,0
5535,15.867,0,240,0,0,0,1,0,159,0,75,26,23,0,0,0
5536,0.736,0,240,0,0,0,0,0,159,0,75,26,23,0,0,0
5537,15.997,0,240,0,0,0,0,0,159,0,75,26,23,0,0,0
5538,0.841,0,240,0,0,0,0,0,159,0,75,26,23,0,0,0
5539,15.930,0,240,0,0,0,0,0,159,0,75,26,23,0,0,0
5540,0.855,0,240,0,0,0,0,0,159,0,75,26,23,0,0,0
5541,15.590,0,240,0,0,0,0,0,159,0,75,26,23,0,0,0
5542,0.770,0,240,0,0,0,0,0,159,0,75,26,23,0,0,0
5543,15.851,0,240,0,0,0,0,0,159,0,75,26,23,0,0,0
5544,0.884,0,240,0,0,0,0,0,159,0,75,26,23,0,0,0
5545,16.402,0,240,0,0,0,0,0,159,0,75,26,23,0,0,0
5546,0.854,0,240,0,0,0,0,0,159,0,75,26,23,0,0,0
5547,15.366,0,240,0,0,0,0,0,159,0,75,26,23,0,0,0
5548,0.869,0,240,0,0,0,0,0,159,0,75,26,23,0,0,0
5549,15.753,0,240,0,0,0,1,0,159,0,75,26,23,0,0,0
5550,0.837,0,240,0,0,0,0,0,159,0,75,26,23,0,0,0
5551,15.839,0,240,0,0,0,0,0,159,0,75,26,23,0,0,0
5552,0.802,0,240,0,0,0,0,0,159,0,75,26,23,0,0,0
5553,17.098,0,240,0,0,0,0,0,159,0,75,26,23,0,0,0
5554,0.832,0,240,0,0,0,0,0,159,0,75,26,23,0,0,0
5555,14.722,0,240,0,0,0,2,0,159,0,75,26,23,0,0,0
5556,0.871,0,240,0,0,0,0,0,159,0,75,26,23,0,0,0
5557,15.685,0,240,0,0,0,0,0,159,0,75,26,23,0,0,0
5558,0.768,0,240,0,0,0,0,0,159,0,75,26,23,0,0,0
5559,15.885,0,240,0,0,0,0,0,159,0,75,26,23,0,0,0
5560,0.759,0,240,0,0,0,0,0,159,0,75,26,23,0,0,0
5561,15.873,0,240,0,0,0,0,0,159,0,75,26,23,0,0,0
5562,0.904,0,240,0,0,0,0,0,159,0,75,26,23,0,0,0
5563,15.756,0,240,0,0,0,2,0,159,0,75,26,23,0,0,0
5564,0.882,0,240,0,0,0,0,0,159,0,75,26,23,0,0,0
5565,15.838,0,240,0,0,0,0,0,159,0,75,26,23,0,0,0
5566,0.937,0,240,0,0,0,0,0,159,0,75,26,23,0,0,0
5567,15.906,0,240,0,0,0,0,0,159,0,75,26,23,0,0,0
5568,0.798,0,240,0,0,0,0,0,159,0,75,26,23,0,0,0
5569,15.755,0,240,0,0,0,0,0,159,0,75,26,23,0,0,0
5570,0.805,0,240,0,0,0,0,0,159,0,75,26,23,0,0,0
5571,15.914,0,240,0,0,0,0,0,159,0,75,26,23,0,0,0
5572,0.770,0,240,0,0,0,0,0,159,0,75,26,23,0,0,0
5573,15.932,0,240,0,0,0,1,0,160,0,74,26,23,0,0,0
5574,0.793,0,240,0,0,0,1,0,161,0,73,26,23,0,0,0
5575,15.709,0,240,0,0,0,0,0,161,0,73,26,23,0,0,0
5576,0.939,0,240,0,0,0,0,0,161,0,73,26,23,0,0,0
5577,15.894,0,240,0,0,0,0,0,161,0,73,26,23,0,0,0
5578,0.960,0,240,0,0,0,0,0,161,0,73,26,23,0,0,0
5579,15.605,0,240,0,0,0,0,0,161,0,73,26,23,0,0,0
5580,0.801,0,240,0,0,0,0,0,161,0,73,26,23,0,0,0
5581,15.809,0,240,0,0,0,0,0,161,0,73,26,23,0,0,0
5582,0.755,0,240,0,0,0,0,0,161,0,73,26,23,0,0,0
5583,15.842,0,240,0,0,0,0,0,161,0,73,26,23,0,0,0
5584,0.744,0,240,0,0,0,0,0,161,0,73,26,23,0,0,0
5585,15.894,0,240,0,0,0,0,0,161,0,73,26,24,0,0,0
5586,0.822,0,240,0,0,0,0,0,161,0,73,26,24,0,0,0
5587,15.767,0,240,0,0,0,0,0,161,0,73,26,24,0,0,0
5588,0.786,0,240,0,0,0,0,0,161,0,73,26,24,0,0,0
5589,16.035,0,240,0,0,0,0,0,161,0,73,26,24,0,0,0
5590,0.722,0,240,0,0,0,0,0,161,0,73,26,24,0,0,0
5591,15.883,0,240,0,0,0,0,0,161,0,73,26,24,0,0,0
5592,0.858,0,240,0,0,0,0,0,161,0,73,26,24,0,0,0
5593,15.941,0,240,0,0,0,0,0,161,0,73,26,24,0,0,0
5594,0.814,0,240,0,0,0,0,0,161,0,73,26,24,0,0,0
5595,15.753,0,240,0,0,0,0,0,161,0,73,26,24,0,0,0
5596,0.975,0,240,0,0,0,0,0,161,0,73,26,24,0,0,0
5597,15.631,0,240,0,0,0,1,0,162,0,72,26,24,0,0,0
5598,0.869,0,240,0,0,0,0,0,162,0,72,26,24,0,0,0
5599,15.875,0,240,0,0,0,0,0,162,0,72,26,24,0,0,0
5600,0.884,0,240,0,0,0,0,0,162,0,72,26,24,0,0,0
5601,15.901,0,240,0,0,0,0,0,162,0,72,26,24,0,0,0
5602,0.839,0,240,0,0,0,0,0,162,0,72,26,24,0,0,0
5603,15.726,0,240,0,0,0,0,0,162,0,72,26,24,0,0,0
5604,0.824,0,240,0,0,0,0,0,162,0,72,26,24,0,0,0
5605,15.835,0,240,0,0,0,1,0,163,0,71,26,24,0,0,0
5606,0.970,0,240,0,0,0,0,0,163,0,71,26,24,0,0,0
5607,15.484,0,240,0,0,0,0,0,163,0,71,26,24,0,0,0
5608,0.833,0,240,0,0,0,0,0,163,0,71,26,24,0,0,0
5609,15.939,0,240,0,0,0,0,0,163,0,70,26,25,0,0,0
5610,0.854,0,240,0,0,0,0,0,163,0,70,26,25,0,0,0
5611,15.941,0,240,0,0,0,0,0,163,0,70,26,25,0,0,0
5612,0.808,0,240,0,0,0,0,0,163,0,70,26,25,0,0,0
5613,15.833,0,240,0,0,0,0,0,163,0,70,26,25,0,0,0
5614,0.843,0,240,0,0,0,0,0,163,0,70,26,25,0,0,0
5615,15.754,0,240,0,0,0,0,0,163,0,70,26,25,0,0,0
5616,0.797,0,240,0,0,0,0,0,163,0,70,26,25,0,0,0
5617,16.048,0,240,0,0,0,1,0,163,0,70,26,25,0,0,0
5618,0.716,0,240,0,0,0,0,0,163,0,70,26,25,0,0,0
5619,15.808,0,240,0,0,0,0,0,163,0,70,26,25,0,0,0
5620,0.854,0,240,0,0,0,0,0,163,0,70,26,25,0,0,0
5621,15.961,0,240,0,0,0,0,0,163,0,70,26,25,0,0,0
5622,0.738,0,240,0,0,0,0,0,163,0,70,26,25,0,0,0
5623,15.770,0,240,0,0,0,0,0,163,0,70,26,25,0,0,0
5624,0.758,0,240,0,0,0,0,0,163,0,70,26,25,0,0,0
5625,15.745,0,240,0,0,0,0,0,163,0,70,26,25,0,0,0
5626,0.848,0,240,0,0,0,0,0,163,0,70,26,25,0,0,0
5627,15.934,0,240,0,0,0,0,0,163,0,70,26,25,0,0,0
5628,0.754,0,240,0,0,0,0,0,163,0,70,26,25,0,0,0
5629,15.966,0,240,0,0,0,0,0,163,0,70,26,25,0,0,0
5630,0.773,0,240,0,0,0,0,0,163,0,70,26,25,0,0,0
5631,15.934,0,240,0,0,0,0,0,163,0,70,26,25,0,0,0
5632,0.852,0,240,0,0,0,0,0,163,0,70,26,25,0,0,0
5633,15.656,0,240,0,0,0,0,0,163,0,70,26,25,0,0,0
5634,0.845,0,240,0,0,0,0,0,163,0,70,26,25,0,0,0
5635,15.975,0,240,0,0,0,0,0,163,0,70,26,25,0,0,0
5636,0.724,0,240,0,0,0,0,0,163,0,70,26,25,0,0,0
5637,15.920,0,240,0,0,0,0,0,163,0,70,26,25,0,0,0
5638,0.787,0,240,0,0,0,0,0,163,0,70,26,25,0,0,0
5639,15.867,0,240,0,0,0,0,0,163,0,70,26,25,0,0,0
5640,0.868,0,240,0,0,0,0,0,163,0,70,26,25,0,0,0
5641,15.669,0,240,0,0,0,0,0,163,0,70,26,25,0,0,0
5642,0.867,0,240,0,0,0,0,0,163,0,70,26,25,0,0,0
5643,15.984,0,240,0,0,0,0,0,163,0,70,26,25,0,0,0
5644,0.967,0,240,0,0,0,0,0,163,0,70,26,25,0,0,0
5645,15.714,0,240,0,0,0,2,0,165,0,68,26,25,0,0,0
5646,0.817,0,240,0,0,0,0,0,165,0,68,26,25,0,0,0
5647,15.890,0,240,0,0,0,1,0,165,0,68,26,25,0,0,0
5648,0.787,0,240,0,0,0,0,0,165,0,68,26,25,0,0,0
5649,15.886,0,240,0,0,0,0,0,165,0,68,26,25,0,0,0
5650,0.828,0,240,0,0,0,0,0,165,0,68,26,25,0,0,0
5651,15.873,0,240,0,0,0,0,0,165,0,68,26,25,0,0,0
5652,0.735,0,240,0,0,0,0,0,165,0,68,26,25,0,0,0
5653,15.785,0,240,0,0,0,0,0,165,0,68,26,25,0,0,0
5654,0.809,0,240,0,0,0,0,0,165,0,68,26,25,0,0,0
5655,15.848,0,240,0,0,0,0,0,165,0,68,26,25,0,0,0
5656,0.792,0,240,0,0,0,0,0,165,0,68,26,25,0,0,0
5657,15.900,0,240,0,0,0,1,0,165,0,68,26,25,0,0,0
5658,0.743,0,240,0,0,0,0,0,165,0,68,26,25,0,0,0
5659,16.031,0,240,0,0,0,1,0,165,0,68,26,25,0,0,0
5660,0.990,0,240,0,0,0,0,0,165,0,68,26,25,0,0,0
5661,15.623,0,240,0,0,0,0,0,165,0,68,26,25,0,0,0
5662,0.710,0,240,0,0,0,0,0,165,0,68,26,25,0,0,0
5663,15.823,0,240,0,0,0,1,0,165,0,68,26,25,0,0,0
5664,0.971,0,240,0,0,0,0,0,165,0,68,26,25,0,0,0
5665,16.338,0,240,0,0,0,0,0,165,0,68,26,25,0,0,0
5666,0.865,0,240,0,0,0,0,0,165,0,68,26,25,0,0,0
5667,15.255,0,240,0,0,0,1,0,166,0,67,26,25,0,0,0
5668,0.797,0,240,0,0,0,0,0,166,0,67,26,25,0,0,0
5669,15.780,0,240,0,0,0,1,0,167,0,66,26,25,0,0,0
5670,0.753,0,240,0,0,0,0,0,167,0,66,26,25,0,0,0
5671,15.975,0,240,0,0,0,0,0,167,0,66,26,25,0,0,0
5672,0.969,0,240,0,0,0,0,0,167,0,66,26,25,0,0,0
5673,16.930,0,240,0,0,0,0,0,167,0,66,26,25,0,0,0
5674,0.838,0,240,0,0,0,0,0,167,0,66,26,25,0,0,0
5675,14.613,0,240,0,0,0,1,0,167,0,66,26,25,0,0,0
5676,0.740,0,240,0,0,0,0,0,167,0,66,26,25,0,0,0
5677,15.888,0,240,0,0,0,1,0,168,0,65,26,25,0,0,0
5678,0.865,0,240,0,0,0,0,0,168,0,65,26,25,0,0,0
5679,15.693,0,240,0,0,0,0,0,168,0,65,26,25,0,0,0
5680,0.711,0,240,0,0,0,0,0,168,0,65,26,25,0,0,0
5681,15.960,0,240,0,0,0,1,0,168,0,65,26,25,0,0,0
5682,0.946,0,240,0,0,0,0,0,168,0,65,26,25,0,0,0
5683,15.907,0,240,0,0,0,0,0,168,0,65,26,25,0,0,0
5684,0.796,0,240,0,0,0,0,0,168,0,65,26,25,0,0,0
5685,15.707,0,240,0,0,0,1,0,168,0,65,26,25,0,0,0
5686,0.791,0,240,0,0,0,0,0,168,0,65,26,25,0,0,0
5687,15.912,0,240,0,0,0,0,0,168,0,65,26,25,0,0,0
5688,0.737,0,240,0,0,0,0,0,168,0,65,26,25,0,0,0
5689,15.942,0,240,0,0,0,1,0,168,0,65,26,25,0,0,0
5690,0.927,0,240,0,0,0,0,0,168,0,65,26,25,0,0,0
5691,15.865,0,240,0,0,0,0,0,168,0,65,26,25,0,0,0
5692,0.827,0,240,0,0,0,0,0,168,0,65,26,25,0,0,0
5693,15.626,0,240,0,0,0,1,0,168,0,65,26,25,0,0,0
5694,0.749,0,240,0,0,0,0,0,168,0,65,26,25,0,0,0
5695,15.990,0,240,0,0,0,0,0,168,0,65,26,25,0,0,0
5696,0.818,0,240,0,0,0,0,0,168,0,65,26,25,0,0,0
5697,16.703,0,240,0,0,0,0,0,168,0,65,26,25,0,0,0
5698,0.770,0,240,0,0,0,0,0,168,0,65,26,25,0,0,0
5699,15.120,0,240,0,0,0,0,0,168,0,65,26,25,0,0,0
5700,0.787,0,240,0,0,0,0,0,168,0,65,26,25,0,0,0
5701,15.807,0,240,0,0,0,0,0,168,0,65,26,25,0,0,0
5702,0.962,0,240,0,0,0,0,0,168,0,65,26,25,0,0,0
5703,15.670,0,240,0,0,0,0,0,168,0,65,26,25,0,0,0
5704,0.819,0,240,0,0,0,0,0,168,0,65,26,25,0,0,0
5705,16.009,0,240,0,0,0,0,0,168,0,65,26,25,0,0,0
5706,0.862,0,240,0,0,0,0,0,168,0,65,26,25,0,0,0
5707,15.632,0,240,0,0,0,0,0,168,0,65,26,25,0,0,0
5708,0.730,0,240,0,0,0,0,0,168,0,65,26,25,0,0,0
5709,16.013,0,240,0,0,0,0,0,168,0,65,26,25,0,0,0
5710,0.771,0,240,0,0,0,0,0,168,0,65,26,25,0,0,0
5711,15.878,0,240,0,0,0,0,0,168,0,65,26,25,0,0,0
5712,0.831,0,240,0,0,0,0,0,168,0,65,26,25,0,0,0
5713,15.733,0,240,0,0,0,0,0,168,0,65,26,25,0,0,0
5714,0.870,0,240,0,0,0,0,0,168,0,65,26,25,0,0,0
5715,15.905,0,240,0,0,0,0,0,168,0,65,26,25,0,0,0
5716,0.897,0,240,0,0,0,0,0,168,0,65,26,25,0,0,0
5717,15.597,0,240,0,0,0,0,0,168,0,65,26,25,0,0,0
5718,0.785,0,240,0,0,0,0,0,168,0,65,26,25,0,0,0
5719,16.066,0,240,0,0,0,0,0,168,0,65,26,25,0,0,0
5720,0.843,0,240,0,0,0,0,0,168,0,65,26,25,0,0,0
5721,15.884,0,240,0,0,0,0,0,168,0,65,26,25,0,0,0
5722,1.092,0,240,0,0,0,0,0,168,0,65,26,25,0,0,0
5723,15.468,0,240,0,0,0,1,0,169,0,64,26,25,0,0,0
5724,0.751,0,240,0,0,0,0,0,169,0,64,26,25,0,0,0
5725,15.933,0,240,0,0,0,1,0,170,0,63,26,25,0,0,0
5726,0.851,0,240,0,0,0,0,0,170,0,63,26,25,0,0,0
5727,15.784,0,240,0,0,0,0,0,170,0,63,26,25,0,0,0
5728,0.774,0,240,0,0,0,0,0,170,0,63,26,25,0,0,0
5729,16.308,0,240,0,0,0,0,0,170,0,63,26,25,0,0,0
5730,0.793,0,240,0,0,0,0,0,170,0,63,26,25,0,0,0
5731,15.462,0,240,0,0,0,1,0,171,0,62,26,25,0,0,0
5732,0.790,0,240,0,0,0,0,0,171,0,62,26,25,0,0,0
5733,15.877,0,240,0,0,0,0,0,171,0,62,26,25,0,0,0
5734,0.862,0,240,0,0,0,0,0,171,0,62,26,25,0,0,0
5735,15.688,0,240,0,0,0,0,0,171,0,62,26,25,0,0,0
5736,0.775,0,240,0,0,0,0,0,171,0,62,26,25,0,0,0
5737,16.064,0,240,0,0,0,0,0,171,0,62,26,25,0,0,0
5738,0.837,0,240,0,0,0,0,0,171,0,62,26,25,0,0,0
5739,15.737,0,240,0,0,0,0,0,171,0,62,26,26,0,0,0
5740,0.797,0,240,0,0,0,0,0,171,0,62,26,26,0,0,0
5741,15.951,0,240,0,0,0,0,0,171,0,62,26,26,0,0,0
5742,0.802,0,240,0,0,0,0,0,171,0,62,26,26,0,0,0
5743,15.821,0,240,0,0,0,0,0,171,0,62,26,26,0,0,0
5744,0.886,0,240,0,0,0,0,0,171,0,62,26,26,0,0,0
5745,15.928,0,240,0,0,0,2,0,173,0,60,26,26,0,0,0
5746,0.857,0,240,0,0,0,0,0,173,0,60,26,26,0,0,0
5747,15.663,0,240,0,0,0,0,0,173,0,60,26,26,0,0,0
5748,0.878,0,240,0,0,0,0,0,173,0,60,26,26,0,0,0
5749,15.711,0,240,0,0,0,0,0,173,0,60,26,26,0,0,0
5750,0.866,0,240,0,0,0,1,0,174,0,59,26,26,0,0,0
5751,15.862,0,240,0,0,0,0,0,174,0,59,26,26,0,0,0
5752,0.938,0,240,0,0,0,0,0,174,0,59,26,26,0,0,0
5753,15.840,0,240,0,0,0,0,0,174,0,59,26,26,0,0,0
5754,0.843,0,240,0,0,0,0,0,174,0,59,26,26,0,0,0
5755,15.570,0,240,0,0,0,0,0,174,0,59,26,26,0,0,0
5756,0.767,0,240,0,0,0,0,0,174,0,59,26,26,0,0,0
5757,15.997,0,240,0,0,0,0,0,174,0,59,26,26,0,0,0
5758,0.787,0,240,0,0,0,0,0,174,0,59,26,26,0,0,0
5759,15.897,0,240,0,0,0,0,0,174,0,59,26,26,0,0,0
5760,0.789,0,240,0,0,0,0,0,174,0,59,26,26,0,0,0
5761,16.564,0,240,0,0,0,1,0,174,0,59,26,26,0,0,0
5762,0.763,0,240,0,0,0,0,0,174,0,59,26,26,0,0,0
5763,15.438,0,240,0,0,0,0,0,174,0,59,26,26,0,0,0
5764,0.783,0,240,0,0,0,0,0,174,0,59,26,26,0,0,0
5765,15.788,0,240,0,0,0,0,0,174,0,59,26,26,0,0,0
5766,0.860,0,240,0,0,0,0,0,174,0,59,26,26,0,0,0
5767,15.745,0,240,0,0,0,1,0,175,0,58,26,26,0,0,0
5768,0.790,0,240,0,0,0,0,0,175,0,58,26,26,0,0,0
5769,15.843,0,240,0,0,0,1,0,175,0,58,26,26,0,0,0
5770,0.745,0,240,0,0,0,0,0,175,0,58,26,26,0,0,0
5771,15.904,0,240,0,0,0,0,0,175,0,58,26,26,0,0,0
5772,0.781,0,240,0,0,0,0,0,175,0,58,26,26,0,0,0
5773,15.912,0,240,0,0,0,0,0,175,0,58,26,26,0,0,0
5774,0.811,0,240,0,0,0,0,0,175,0,58,26,26,0,0,0
5775,15.789,0,240,0,0,0,0,0,175,0,58,26,26,0,0,0
5776,0.737,0,240,0,0,0,0,0,175,0,58,26,26,0,0,0
5777,16.033,0,240,0,0,0,0,0,175,0,58,26,26,0,0,0
5778,0.824,0,240,0,0,0,0,0,175,0,58,26,26,0,0,0
5779,15.761,0,240,0,0,0,0,0,175,0,58,26,26,0,0,0
5780,0.734,0,240,0,0,0,0,0,175,0,58,26,26,0,0,0
5781,16.008,0,240,0,0,0,0,0,175,0,58,26,26,0,0,0
5782,0.886,0,240,0,0,0,0,0,175,0,58,26,26,0,0,0
5783,15.669,0,240,0,0,0,0,0,175,0,58,26,26,0,0,0
5784,0.845,0,240,0,0,0,0,0,175,0,58,26,26,0,0,0
5785,16.398,0,240,0,0,0,0,0,175,0,58,26,26,0,0,0
5786,0.811,0,240,0,0,0,0,0,175,0,58,26,26,0,0,0
5787,15.239,0,240,0,0,0,0,0,175,0,58,26,26,0,0,0
5788,0.842,0,240,0,0,0,0,0,175,0,58,26,26,0,0,0
5789,15.816,0,240,0,0,0,0,0,175,0,58,26,26,0,0,0
5790,0.736,0,240,0,0,0,0,0,175,0,58,26,26,0,0,0
5791,15.911,0,240,0,0,0,0,0,175,0,58,26,26,0,0,0
5792,0.841,0,240,0,0,0,0,0,175,0,58,26,26,0,0,0
5793,15.890,0,240,0,0,0,0,0,175,0,58,26,26,0,0,0
5794,0.867,0,240,0,0,0,0,0,175,0,58,26,26,0,0,0
5795,15.772,0,240,0,0,0,1,0,175,0,58,26,26,0,0,0
5796,0.813,0,240,0,0,0,0,0,175,0,58,26,26,0,0,0
5797,15.862,0,240,0,0,0,0,0,175,0,58,26,26,0,0,0
5798,0.865,0,240,0,0,0,0,0,175,0,58,26,26,0,0,0
5799,15.724,0,240,0,0,0,0,0,175,0,58,26,26,0,0,0
5800,0.687,0,240,0,0,0,0,0,175,0,58,26,26,0,0,0
5801,16.061,0,240,0,0,0,0,0,175,0,58,26,26,0,0,0
5802,0.961,0,240,0,0,0,0,0,175,0,58,26,26,0,0,0
5803,15.755,0,240,0,0,0,0,0,175,0,58,26,26,0,0,0
5804,0.773,0,240,0,0,0,0,0,175,0,58,26,26,0,0,0
5805,15.797,0,240,0,0,0,0,0,175,0,58,26,26,0,0,0
5806,0.751,0,240,0,0,0,0,0,175,0,58,26,26,0,0,0
5807,16.054,0,240,0,0,0,1,0,175,0,58,26,26,0,0,0
5808,0.926,0,240,0,0,0,0,0,175,0,58,26,26,0,0,0
5809,16.158,0,240,0,0,0,1,0,176,0,57,26,26,0,0,0
5810,0.834,0,240,0,0,0,0,0,176,0,57,26,26,0,0,0
5811,15.332,0,240,0,0,0,0,0,176,0,57,26,26,0,0,0
5812,0.884,0,240,0,0,0,0,0,176,0,57,26,26,0,0,0
5813,15.866,0,240,0,0,0,0,0,176,0,57,26,26,0,0,0
5814,0.790,0,240,0,0,0,0,0,176,0,57,26,26,0,0,0
5815,15.809,0,240,0,0,0,1,0,176,0,57,26,26,0,0,0
5816,0.835,0,240,0,0,0,0,0,176,0,57,26,26,0,0,0
5817,15.855,0,240,0,0,0,0,0,176,0,57,26,26,0,0,0
5818,0.737,0,240,0,0,0,0,0,176,0,57,26,26,0,0,0
5819,15.903,0,240,0,0,0,0,0,176,0,57,26,26,0,0,0
5820,0.767,0,240,0,0,0,0,0,176,0,57,26,26,0,0,0
5821,15.783,0,240,0,0,0,2,0,176,0,57,26,26,0,0,0
5822,0.831,0,240,0,0,0,0,0,176,0,57,26,26,0,0,0
5823,15.916,0,240,0,0,0,0,0,176,0,57,26,26,0,0,0
5824,0.762,0,240,0,0,0,0,0,176,0,57,26,26,0,0,0
5825,16.706,0,240,0,0,0,0,0,176,0,57,26,26,0,0,0
5826,0.806,0,240,0,0,0,0,0,176,0,57,26,26,0,0,0
5827,14.980,0,240,0,0,0,0,0,176,0,57,26,26,0,0,0
5828,0.753,0,240,0,0,0,0,0,176,0,57,26,26,0,0,0
5829,15.991,0,240,0,0,0,0,0,176,0,57,26,26,0,0,0
5830,0.833,0,240,0,0,0,0,0,176,0,57,26,26,0,0,0
5831,15.830,0,240,0,0,0,0,0,176,0,57,26,26,0,0,0
5832,0.789,0,240,0,0,0,0,0,176,0,57,26,26,0,0,0
5833,16.737,0,240,0,0,0,0,0,176,0,57,26,26,0,0,0
5834,0.810,0,240,0,0,0,0,0,176,0,57,26,26,0,0,0
5835,14.977,0,240,0,0,0,0,0,176,0,57,26,26,0,0,0
5836,0.901,0,240,0,0,0,0,0,176,0,57,26,26,0,0,0
5837,15.828,0,240,0,0,0,0,0,176,0,57,26,26,0,0,0
5838,0.771,0,240,0,0,0,0,0,176,0,57,26,26,0,0,0
5839,15.866,0,240,0,0,0,1,0,176,0,57,26,26,0,0,0
5840,0.926,0,240,0,0,0,0,0,176,0,57,26,26,0,0,0
5841,16.237,0,240,0,0,0,0,0,176,0,57,26,26,0,0,0
5842,0.909,0,240,0,0,0,0,0,176,0,57,26,26,0,0,0
5843,15.455,0,240,0,0,0,0,0,176,0,57,26,26,0,0,0
5844,0.829,0,240,0,0,0,0,0,176,0,57,26,26,0,0,0
5845,15.769,0,240,0,0,0,0,0,176,0,57,26,26,0,0,0
5846,0.707,0,240,0,0,0,0,0,176,0,57,26,26,0,0,0
5847,15.908,0,240,0,0,0,0,0,176,0,57,26,26,0,0,0
5848,0.775,0,240,0,0,0,0,0,176,0,57,26,26,0,0,0
5849,15.850,0,240,0,0,0,0,0,176,0,57,26,26,0,0,0
5850,0.914,0,240,0,0,0,0,0,176,0,57,26,26,0,0,0
5851,15.833,0,240,0,0,0,0,0,176,0,57,26,26,0,0,0
5852,0.752,0,240,0,0,0,0,0,176,0,57,26,26,0,0,0
5853,15.805,0,240,0,0,0,0,0,176,0,57,26,26,0,0,0
5854,0.965,0,240,0,0,0,0,0,176,0,57,26,26,0,0,0
5855,15.870,0,240,0,0,0,0,0,176,0,57,26,26,0,0,0
5856,1.057,0,240,0,0,0,0,0,176,0,57,26,26,0,0,0
5857,15.632,0,240,0,0,0,0,0,176,0,57,26,26,0,0,0
5858,0.930,0,240,0,0,0,0,0,176,0,57,26,26,0,0,0
5859,15.551,0,240,0,0,0,0,0,176,0,57,26,26,0,0,0
5860,0.853,0,240,0,0,0,0,0,176,0,57,26,26,0,0,0
5861,15.854,0,240,0,0,0,0,0,176,0,57,26,26,0,0,0
5862,0.873,0,240,0,0,0,0,0,176,0,57,26,26,0,0,0
5863,15.868,0,240,0,0,0,0,0,176,0,57,26,26,0,0,0
5864,0.922,0,240,0,0,0,0,0,176,0,57,26,26,0,0,0
5865,16.080,0,240,0,0,0,0,0,176,0,57,26,26,0,0,0
5866,0.854,0,240,0,0,0,0,0,176,0,57,26,26,0,0,0
5867,15.388,0,240,0,0,0,0,0,176,0,57,26,26,0,0,0
5868,0.825,0,240,0,0,0,0,0,176,0,57,26,26,0,0,0
5869,15.781,0,240,0,0,0,1,0,177,0,56,26,26,0,0,0
5870,0.730,0,240,0,0,0,0,0,177,0,56,26,26,0,0,0
5871,15.994,0,240,0,0,0,0,0,177,0,56,26,26,0,0,0
5872,0.765,0,240,0,0,0,0,0,177,0,56,26,26,0,0,0
5873,16.094,0,240,0,0,0,0,0,177,0,56,26,26,0,0,0
5874,0.873,0,240,0,0,0,0,0,177,0,56,26,26,0,0,0
5875,15.571,0,240,0,0,0,1,0,178,0,55,26,26,0,0,0
5876,0.836,0,240,0,0,0,0,0,178,0,55,26,26,0,0,0
5877,15.977,0,240,0,0,0,1,0,178,0,55,26,26,0,0,0
5878,0.802,0,240,0,0,0,0,0,178,0,55,26,26,0,0,0
5879,15.790,0,240,0,0,0,0,0,178,0,55,26,26,0,0,0
5880,0.764,0,240,0,0,0,0,0,178,0,55,26,26,0,0,0
5881,16.026,0,240,0,0,0,1,0,179,0,54,26,26,0,0,0
5882,0.754,0,240,0,0,0,0,0,179,0,54,26,26,0,0,0
5883,15.926,0,240,0,0,0,0,0,179,0,54,26,26,0,0,0
5884,0.885,0,240,0,0,0,0,0,179,0,54,26,26,0,0,0
5885,15.589,0,240,0,0,0,0,0,179,0,54,26,26,0,0,0
5886,0.788,0,240,0,0,0,0,0,179,0,54,26,26,0,0,0
5887,15.852,0,240,0,0,0,1,0,180,0,53,26,26,0,0,0
5888,0.840,0,240,0,0,0,0,0,180,0,53,26,26,0,0,0
5889,15.753,0,240,0,0,0,2,0,182,0,51,26,26,0,0,0
5890,0.845,0,240,0,0,0,0,0,182,0,51,26,26,0,0,0
5891,15.871,0,240,0,0,0,1,0,183,0,50,26,26,0,0,0
5892,0.794,0,240,0,0,0,0,0,183,0,50,26,26,0,0,0
5893,15.874,0,240,0,0,0,0,0,183,0,50,26,26,0,0,0
5894,0.743,0,240,0,0,0,0,0,183,0,50,26,26,0,0,0
5895,15.970,0,240,0,0,0,0,0,183,0,50,26,26,0,0,0
5896,0.758,0,240,0,0,0,0,0,183,0,50,26,26,0,0,0
5897,16.470,0,240,0,0,0,2,0,184,0,49,26,26,0,0,0
5898,0.807,0,240,0,0,0,0,0,184,0,49,26,26,0,0,0
5899,15.415,0,240,0,0,0,2,0,184,0,49,26,26,0,0,0
5900,0.822,0,240,0,0,0,0,0,184,0,49,26,26,0,0,0
5901,15.606,0,240,0,0,0,0,0,184,0,49,26,26,0,0,0
5902,0.730,0,240,0,0,0,0,0,184,0,49,26,26,0,0,0
5903,15.969,0,240,0,0,0,0,0,184,0,49,26,26,0,0,0
5904,0.771,0,240,0,0,0,0,0,184,0,49,26,26,0,0,0
5905,16.433,0,240,0,0,0,0,0,184,0,49,26,26,0,0,0
5906,0.866,0,240,0,0,0,0,0,184,0,49,26,26,0,0,0
5907,15.295,0,240,0,0,0,0,0,184,0,49,26,26,0,0,0
5908,0.754,0,240,0,0,0,0,0,184,0,49,26,26,0,0,0
5909,15.973,0,240,0,0,0,0,0,184,0,49,26,26,0,0,0
5910,0.759,0,240,0,0,0,0,0,184,0,49,26,26,0,0,0
5911,15.727,0,240,0,0,0,0,0,184,0,49,26,26,0,0,0
5912,0.854,0,240,0,0,0,0,0,184,0,49,26,26,0,0,0
5913,15.929,0,240,0,0,0,0,0,184,0,49,26,26,0,0,0
5914,0.943,0,240,0,0,0,0,0,184,0,49,26,26,0,0,0
5915,15.826,0,240,0,0,0,1,0,184,0,49,26,26,0,0,0
5916,0.808,0,240,0,0,0,0,0,184,0,49,26,26,0,0,0
5917,15.832,0,240,0,0,0,1,0,184,0,49,26,26,0,0,0
5918,0.830,0,240,0,0,0,0,0,184,0,49,26,26,0,0,0
5919,15.908,0,240,0,0,0,0,0,184,0,49,26,26,0,0,0
5920,0.919,0,240,0,0,0,0,0,184,0,49,26,26,0,0,0
5921,16.109,0,240,0,0,0,0,0,184,0,49,26,26,0,0,0
5922,0.878,0,240,0,0,0,0,0,184,0,49,26,26,0,0,0
5923,15.541,0,240,0,0,0,0,0,184,0,49,26,26,0,0,0
5924,0.740,0,240,0,0,0,0,0,184,0,49,26,26,0,0,0
5925,15.700,0,240,0,0,0,0,0,184,0,49,26,26,0,0,0
5926,0.855,0,240,0,0,0,0,0,184,0,49,26,26,0,0,0
5927,16.018,0,240,0,0,0,0,0,184,0,49,26,26,0,0,0
5928,0.767,0,240,0,0,0,0,0,184,0,49,26,26,0,0,0
5929,15.828,0,240,0,0,0,0,0,184,0,49,26,26,0,0,0
5930,0.767,0,240,0,0,0,0,0,184,0,49,26,26,0,0,0
5931,15.720,0,240,0,0,0,0,0,184,0,49,26,26,0,0,0
5932,0.796,0,240,0,0,0,0,0,184,0,49,26,26,0,0,0
5933,15.950,0,240,0,0,0,0,0,184,0,49,26,26,0,0,0
5934,0.772,0,240,0,0,0,0,0,184,0,49,26,26,0,0,0
5935,15.894,0,240,0,0,0,0,0,184,0,49,26,26,0,0,0
5936,0.891,0,240,0,0,0,0,0,184,0,49,26,26,0,0,0
5937,16.323,0,240,0,0,0,0,0,184,0,49,26,26,0,0,0
5938,0.737,0,240,0,0,0,0,0,184,0,49,26,26,0,0,0
5939,15.325,0,240,0,0,0,0,0,184,0,49,26,26,0,0,0
5940,0.998,0,240,0,0,0,0,0,184,0,49,26,26,0,0,0
5941,15.748,0,240,0,0,0,1,0,184,0,49,26,26,0,0,0
5942,0.835,0,240,0,0,0,0,0,184,0,49,26,26,0,0,0
5943,15.689,0,240,0,0,0,1,0,184,0,49,26,26,0,0,0
5944,0.802,0,240,0,0,0,0,0,184,0,49,26,26,0,0,0
5945,15.822,0,240,0,0,0,0,0,184,0,49,26,26,0,0,0
5946,1.016,0,240,0,0,0,0,0,184,0,49,26,26,0,0,0
5947,15.663,0,240,0,0,0,0,0,184,0,49,26,26,0,0,0
5948,0.822,0,240,0,0,0,0,0,184,0,49,26,26,0,0,0
5949,15.883,0,240,0,0,0,0,0,184,0,49,26,26,0,0,0
5950,0.754,0,240,0,0,0,0,0,184,0,49,26,26,0,0,0
5951,15.881,0,240,0,0,0,0,0,184,0,49,26,26,0,0,0
5952,0.881,0,240,0,0,0,0,0,184,0,49,26,26,0,0,0
5953,16.352,0,240,0,0,0,0,0,184,0,49,26,26,0,0,0
5954,1.027,0,240,0,0,0,0,0,184,0,49,26,26,0,0,0
5955,15.141,0,240,0,0,0,1,0,185,0,48,26,26,0,0,0
5956,0.823,0,240,0,0,0,0,0,185,0,48,26,26,0,0,0
5957,15.879,0,240,0,0,0,0,0,185,0,48,26,26,0,0,0
5958,0.770,0,240,0,0,0,0,0,185,0,48,26,26,0,0,0
5959,15.837,0,240,0,0,0,0,0,185,0,48,26,26,0,0,0
5960,0.881,0,240,0,0,0,0,0,185,0,48,26,26,0,0,0
5961,15.837,0,240,0,0,0,0,0,185,0,48,26,26,0,0,0
5962,0.855,0,240,0,0,0,0,0,185,0,48,26,26,0,0,0
5963,15.988,0,240,0,0,0,1,0,186,0,47,26,26,0,0,0
5964,0.787,0,240,0,0,0,0,0,186,0,47,26,26,0,0,0
5965,15.559,0,240,0,0,0,0,0,186,0,47,26,26,0,0,0
5966,0.738,0,240,0,0,0,0,0,186,0,47,26,26,0,0,0
5967,16.001,0,240,0,0,0,0,0,186,0,47,26,26,0,0,0
5968,0.855,0,240,0,0,0,0,0,186,0,47,26,26,0,0,0
5969,16.378,0,240,0,0,0,0,0,186,0,47,26,26,0,0,0
5970,0.916,0,240,0,0,0,0,0,186,0,47,26,26,0,0,0
5971,15.240,0,240,0,0,0,0,0,186,0,47,26,26,0,0,0
5972,0.780,0,240,0,0,0,0,0,186,0,47,26,26,0,0,0
5973,15.893,0,240,0,0,0,1,0,186,0,47,26,26,0,0,0
5974,0.849,0,240,0,0,0,0,0,186,0,47,26,26,0,0,0
5975,15.886,0,240,0,0,0,0,0,186,0,47,26,26,0,0,0
5976,1.057,0,240,0,0,0,0,0,186,0,47,26,26,0,0,0
5977,16.860,0,240,0,0,0,0,0,186,0,47,26,26,0,0,0
5978,0.813,0,240,0,0,0,0,0,186,0,47,26,26,0,0,0
5979,14.634,0,240,0,0,0,1,0,187,0,46,26,26,0,0,0
5980,0.800,0,240,0,0,0,0,0,187,0,46,26,26,0,0,0
5981,15.806,0,240,0,0,0,0,0,187,0,46,26,26,0,0,0
5982,0.877,0,240,0,0,0,0,0,187,0,46,26,26,0,0,0
5983,15.752,0,240,0,0,0,1,0,188,0,45,26,26,0,0,0
5984,0.828,0,240,0,0,0,0,0,188,0,45,26,26,0,0,0
5985,15.978,0,240,0,0,0,0,0,188,0,45,26,26,0,0,0
5986,1.155,0,240,0,0,0,0,0,188,0,45,26,26,0,0,0
5987,15.367,0,240,0,0,0,0,0,188,0,45,26,26,0,0,0
5988,0.948,0,240,0,0,0,0,0,188,0,45,26,26,0,0,0
5989,15.734,0,240,0,0,0,0,0,188,0,45,26,26,0,0,0
5990,0.912,0,240,0,0,0,1,0,189,0,44,26,26,0,0,0
5991,15.799,0,240,0,0,0,0,0,189,0,44,26,26,0,0,0
5992,0.850,0,240,0,0,0,0,0,189,0,44,26,26,0,0,0
5993,15.896,0,240,0,0,0,0,0,189,0,44,26,26,0,0,0
5994,0.965,0,240,0,0,0,0,0,189,0,44,26,26,0,0,0
5995,15.575,0,240,0,0,0,0,0,189,0,44,26,26,0,0,0
5996,0.805,0,240,0,0,0,0,0,189,0,44,26,26,0,0,0
5997,15.919,0,240,0,0,0,0,0,189,0,44,26,26,0,0,0
5998,0.902,0,240,0,0,0,0,0,189,0,44,26,26,0,0,0
5999,15.829,0,240,0,0,0,0,0,189,0,44,26,26,0,0,0
6000,0.772,0,240,0,0,0,0,0,189,0,44,26,26,0,0,0
6001,16.008,0,240,0,0,0,0,0,189,0,44,26,26,0,0,0
6002,1.101,0,240,0,0,0,0,0,189,0,44,26,26,0,0,0
6003,15.312,0,240,0,0,0,1,0,189,0,44,26,26,0,0,0
6004,0.773,0,240,0,0,0,0,0,189,0,44,26,26,0,0,0
6005,15.825,0,240,0,0,0,0,0,189,0,44,26,26,0,0,0
6006,0.820,0,240,0,0,0,0,0,189,0,44,26,26,0,0,0
6007,15.784,0,240,0,0,0,0,0,189,0,44,26,26,0,0,0
6008,0.800,0,240,0,0,0,0,0,189,0,44,26,26,0,0,0
6009,15.928,0,240,0,0,0,0,0,189,0,44,26,26,0,0,0
6010,0.960,0,240,0,0,0,0,0,189,0,44,26,26,0,0,0
6011,15.747,0,240,0,0,0,0,0,189,0,44,26,26,0,0,0
6012,0.859,0,240,0,0,0,0,0,189,0,44,26,26,0,0,0
6013,15.794,0,240,0,0,0,1,0,189,0,44,26,26,0,0,0
6014,0.779,0,240,0,0,0,0,0,189,0,44,26,26,0,0,0
6015,15.839,0,240,0,0,0,0,0,189,0,44,26,26,0,0,0
6016,0.834,0,240,0,0,0,0,0,189,0,44,26,26,0,0,0
6017,15.974,0,240,0,0,0,0,0,189,0,44,26,26,0,0,0
6018,0.791,0,240,0,0,0,0,0,189,0,44,26,26,0,0,0
6019,15.904,0,240,0,0,0,1,0,190,0,43,26,26,0,0,0
6020,0.764,0,240,0,0,0,0,0,190,0,43,26,26,0,0,0
6021,15.856,0,240,0,0,0,0,0,190,0,43,26,26,0,0,0
6022,0.746,0,240,0,0,0,0,0,190,0,43,26,26,0,0,0
6023,15.703,0,240,0,0,0,0,0,190,0,43,26,26,0,0,0
6024,0.769,0,240,0,0,0,0,0,190,0,43,26,26,0,0,0
6025,16.188,0,240,0,0,0,0,0,190,0,43,26,26,0,0,0
6026,0.893,0,240,0,0,0,0,0,190,0,43,26,26,0,0,0
6027,15.597,0,240,0,0,0,0,0,190,0,43,26,26,0,0,0
6028,0.787,0,240,0,0,0,0,0,190,0,43,26,26,0,0,0
6029,15.764,0,240,0,0,0,1,0,190,0,43,26,26,0,0,0
6030,0.790,0,240,0,0,0,0,0,190,0,43,26,26,0,0,0
6031,15.915,0,240,0,0,0,0,0,190,0,43,26,26,0,0,0
6032,0.869,0,240,0,0,0,0,0,190,0,43,26,26,0,0,0
6033,17.100,0,240,0,0,0,0,0,190,0,43,26,26,0,0,0
6034,0.822,0,240,0,0,0,0,0,190,0,43,26,26,0,0,0
6035,14.595,0,240,0,0,0,0,0,190,0,43,26,26,0,0,0
6036,0.803,0,240,0,0,0,0,0,190,0,43,26,26,0,0,0
6037,15.945,0,240,0,0,0,0,0,190,0,43,26,26,0,0,0
6038,0.883,0,240,0,0,0,0,0,190,0,43,26,26,0,0,0
6039,15.713,0,240,0,0,0,0,0,190,0,43,26,26,0,0,0
6040,0.855,0,240,0,0,0,0,0,190,0,43,26,26,0,0,0
6041,15.929,0,240,0,0,0,0,0,190,0,43,26,26,0,0,0
6042,0.901,0,240,0,0,0,0,0,190,0,43,26,26,0,0,0
6043,15.661,0,240,0,0,0,0,0,190,0,43,26,26,0,0,0
6044,0.939,0,240,0,0,0,0,0,190,0,43,26,26,0,0,0
6045,15.608,0,240,0,0,0,0,0,190,0,43,26,26,0,0,0
6046,0.781,0,240,0,0,0,0,0,190,0,43,26,26,0,0,0
6047,16.039,0,240,0,0,0,1,0,190,0,43,26,26,0,0,0
6048,0.809,0,240,0,0,0,0,0,190,0,43,26,26,0,0,0
6049,15.867,0,240,0,0,0,0,0,190,0,43,26,26,0,0,0
6050,0.816,0,240,0,0,0,0,0,190,0,43,26,26,0,0,0
6051,15.958,0,240,0,0,0,0,0,190,0,43,26,26,0,0,0
6052,0.798,0,240,0,0,0,0,0,190,0,43,26,26,0,0,0
6053,15.812,0,240,0,0,0,0,0,190,0,43,26,26,0,0,0
6054,0.750,0,240,0,0,0,0,0,190,0,43,26,26,0,0,0
6055,16.157,0,240,0,0,0,0,0,190,0,43,26,26,0,0,0
6056,0.998,0,240,0,0,0,0,0,190,0,43,26,26,0,0,0
6057,15.246,0,240,0,0,0,1,0,191,0,42,26,26,0,0,0
6058,0.902,0,240,0,0,0,0,0,191,0,42,26,26,0,0,0
6059,15.896,0,240,0,0,0,0,0,191,0,42,26,26,0,0,0
6060,0.763,0,240,0,0,0,0,0,191,0,42,26,26,0,0,0
6061,15.961,0,240,0,0,0,0,0,191,0,42,26,26,0,0,0
6062,0.811,0,240,0,0,0,0,0,191,0,42,26,26,0,0,0
6063,15.713,0,240,0,0,0,0,0,191,0,42,26,26,0,0,0
6064,0.738,0,240,0,0,0,0,0,191,0,42,26,26,0,0,0
6065,16.006,0,240,0,0,0,0,0,191,0,42,26,26,0,0,0
6066,0.877,0,240,0,0,0,0,0,191,0,42,26,26,0,0,0
6067,15.699,0,240,0,0,0,1,0,192,0,41,26,26,0,0,0
6068,0.875,0,240,0,0,0,0,0,192,0,41,26,26,0,0,0
6069,15.826,0,240,0,0,0,0,0,192,0,41,26,26,0,0,0
6070,0.814,0,240,0,0,0,0,0,192,0,41,26,26,0,0,0
6071,15.775,0,240,0,0,0,0,0,192,0,41,26,26,0,0,0
6072,0.971,0,240,0,0,0,0,0,192,0,41,26,26,0,0,0
6073,16.290,0,240,0,0,0,0,0,192,0,41,26,26,0,0,0
6074,0.989,0,240,0,0,0,0,0,192,0,41,26,26,0,0,0
6075,15.197,0,240,0,0,0,0,0,192,0,41,26,26,0,0,0
6076,0.833,0,240,0,0,0,0,0,192,0,41,26,26,0,0,0
6077,15.754,0,240,0,0,0,0,0,192,0,41,26,26,0,0,0
6078,0.801,0,240,0,0,0,0,0,192,0,41,26,26,0,0,0
6079,15.756,0,240,0,0,0,0,0,192,0,41,26,26,0,0,0
6080,0.859,0,240,0,0,0,0,0,192,0,41,26,26,0,0,0
6081,16.449,0,240,0,0,0,0,0,192,0,41,26,26,0,0,0
6082,0.836,0,240,0,0,0,0,0,192,0,41,26,26,0,0,0
6083,15.336,0,240,0,0,0,0,0,192,0,41,26,26,0,0,0
6084,0.776,0,240,0,0,0,0,0,192,0,41,26,26,0,0,0
6085,15.804,0,240,0,0,0,0,0,192,0,41,26,26,0,0,0
6086,0.926,0,240,0,0,0,0,0,192,0,41,26,26,0,0,0
6087,16.097,0,240,0,0,0,0,0,192,0,41,26,26,0,0,0
6088,0.859,0,240,0,0,0,0,0,192,0,41,26,26,0,0,0
6089,15.505,0,240,0,0,0,0,0,192,0,41,26,26,0,0,0
6090,0.986,0,240,0,0,0,0,0,192,0,41,26,26,0,0,0
6091,15.614,0,240,0,0,0,0,0,192,0,41,26,26,0,0,0
6092,0.963,0,240,0,0,0,0,0,192,0,41,26,26,0,0,0
6093,15.760,0,240,0,0,0,0,0,192,0,41,26,26,0,0,0
6094,0.960,0,240,0,0,0,0,0,192,0,41,26,26,0,0,0
6095,15.702,0,240,0,0,0,0,0,192,0,41,26,26,0,0,0
6096,1.081,0,240,0,0,0,0,0,192,0,41,26,26,0,0,0
6097,15.861,0,240,0,0,0,1,0,193,0,40,26,26,0,0,0
6098,0.821,0,240,0,0,0,0,0,193,0,40,26,26,0,0,0
6099,15.558,0,240,0,0,0,0,0,193,0,40,26,26,0,0,0
6100,0.861,0,240,0,0,0,0,0,193,0,40,26,26,0,0,0
6101,15.834,0,240,0,0,0,0,0,193,0,40,26,26,0,0,0
6102,1.044,0,240,0,0,0,0,0,193,0,40,26,26,0,0,0
6103,15.542,0,240,0,0,0,0,0,193,0,40,26,26,0,0,0
6104,0.903,0,240,0,0,0,0,0,193,0,40,26,26,0,0,0
6105,16.724,0,240,0,0,0,0,0,193,0,40,26,26,0,0,0
6106,0.804,0,240,0,0,0,0,0,193,0,40,26,26,0,0,0
6107,14.974,0,240,0,0,0,0,0,193,0,40,26,26,0,0,0
6108,0.765,0,240,0,0,0,0,0,193,0,40,26,26,0,0,0
6109,16.403,0,240,0,0,0,0,0,193,0,40,26,26,0,0,0
6110,0.852,0,240,0,0,0,0,0,193,0,40,26,26,0,0,0
6111,15.492,0,240,0,0,0,0,0,193,0,40,26,26,0,0,0
6112,0.881,0,240,0,0,0,0,0,193,0,40,26,26,0,0,0
6113,15.838,0,240,0,0,0,1,0,194,0,39,26,26,0,0,0
6114,0.826,0,240,0,0,0,0,0,194,0,39,26,26,0,0,0
6115,15.494,0,240,0,0,0,0,0,194,0,39,26,26,0,0,0
6116,0.743,0,240,0,0,0,0,0,194,0,39,26,26,0,0,0
6117,15.985,0,240,0,0,0,0,0,194,0,39,26,26,0,0,0
6118,0.780,0,240,0,0,0,0,0,194,0,39,26,26,0,0,0
6119,15.974,0,240,0,0,0,0,0,194,0,39,26,26,0,0,0
6120,0.725,0,240,0,0,0,0,0,194,0,39,26,26,0,0,0
6121,16.402,0,240,0,0,0,0,0,194,0,39,26,26,0,0,0
6122,0.992,0,240,0,0,0,0,0,194,0,39,26,26,0,0,0
6123,15.386,0,240,0,0,0,0,0,194,0,39,26,26,0,0,0
6124,0.839,0,240,0,0,0,0,0,194,0,39,26,26,0,0,0
6125,15.749,0,240,0,0,0,0,0,194,0,39,26,26,0,0,0
6126,0.888,0,240,0,0,0,0,0,194,0,39,26,26,0,0,0
6127,15.658,0,240,0,0,0,0,0,194,0,39,26,26,0,0,0
6128,0.858,0,240,0,0,0,0,0,194,0,39,26,26,0,0,0
6129,16.298,0,240,0,0,0,0,0,194,0,39,26,26,0,0,0
6130,0.865,0,240,0,0,0,0,0,194,0,39,26,26,0,0,0
6131,15.308,0,240,0,0,0,0,0,194,0,39,26,26,0,0,0
6132,0.847,0,240,0,0,0,0,0,194,0,39,26,26,0,0,0
6133,16.001,0,240,0,0,0,0,0,194,0,39,26,26,0,0,0
6134,0.781,0,240,0,0,0,0,0,194,0,39,26,26,0,0,0
6135,16.016,0,240,0,0,0,0,0,194,0,39,26,26,0,0,0
6136,0.792,0,240,0,0,0,0,0,194,0,39,26,26,0,0,0
6137,15.713,0,240,0,0,0,0,0,194,0,39,26,26,0,0,0
6138,0.977,0,240,0,0,0,0,0,194,0,39,26,26,0,0,0
6139,15.604,0,240,0,0,0,0,0,194,0,39,26,26,0,0,0
6140,0.742,0,240,0,0,0,0,0,194,0,39,26,26,0,0,0
6141,15.920,0,240,0,0,0,1,0,195,0,38,26,26,0,0,0
6142,0.797,0,240,0,0,0,0,0,195,0,38,26,26,0,0,0
6143,15.805,0,240,0,0,0,0,0,195,0,38,26,26,0,0,0
6144,0.781,0,240,0,0,0,0,0,195,0,38,26,26,0,0,0
6145,15.689,0,240,0,0,0,0,0,195,0,38,26,26,0,0,0
6146,0.843,0,240,0,0,0,0,0,195,0,38,26,26,0,0,0
6147,15.929,0,240,0,0,0,0,0,195,0,38,26,26,0,0,0
6148,0.896,0,240,0,0,0,0,0,195,0,38,26,26,0,0,0
6149,15.928,0,240,0,0,0,0,0,195,0,38,26,26,0,0,0
6150,0.783,0,240,0,0,0,0,0,195,0,38,26,26,0,0,0
6151,15.776,0,240,0,0,0,0,0,195,0,38,26,26,0,0,0
6152,0.835,0,240,0,0,0,0,0,195,0,38,26,26,0,0,0
6153,15.710,0,240,0,0,0,1,0,196,0,37,26,26,0,0,0
6154,0.898,0,240,0,0,0,0,0,196,0,37,26,26,0,0,0
6155,15.907,0,240,0,0,0,0,0,196,0,37,26,26,0,0,0
6156,0.865,0,240,0,0,0,0,0,196,0,37,26,26,0,0,0
6157,15.782,0,240,0,0,0,1,0,197,0,36,26,26,0,0,0
6158,0.821,0,240,0,0,0,0,0,197,0,36,26,26,0,0,0
6159,15.948,0,240,0,0,0,0,0,197,0,36,26,26,0,0,0
6160,0.830,0,240,0,0,0,0,0,197,0,36,26,26,0,0,0
6161,15.733,0,240,0,0,0,0,0,197,0,36,26,26,0,0,0
6162,1.110,0,240,0,0,0,0,0,197,0,36,26,26,0,0,0
6163,15.626,0,240,0,0,0,0,0,197,0,36,26,26,0,0,0
6164,0.752,0,240,0,0,0,0,0,197,0,36,26,26,0,0,0
6165,15.890,0,240,0,0,0,0,0,197,0,36,26,26,0,0,0
6166,0.932,0,240,0,0,0,0,0,197,0,36,26,26,0,0,0
6167,15.752,0,240,0,0,0,0,0,197,0,36,26,26,0,0,0
6168,0.868,0,240,0,0,0,0,0,197,0,36,26,26,0,0,0
6169,15.712,0,240,0,0,0,0,0,197,0,36,26,26,0,0,0
6170,0.763,0,240,0,0,0,0,0,197,0,36,26,26,0,0,0
6171,15.861,0,240,0,0,0,0,0,197,0,36,26,26,0,0,0
6172,0.949,0,240,0,0,0,0,0,197,0,36,26,26,0,0,0
6173,15.829,0,240,0,0,0,0,0,197,0,36,26,26,0,0,0
6174,0.847,0,240,0,0,0,0,0,197,0,36,26,26,0,0,0
6175,15.923,0,240,0,0,0,0,0,197,0,36,26,26,0,0,0
6176,0.761,0,240,0,0,0,0,0,197,0,36,26,26,0,0,0
6177,17.208,0,240,0,0,0,0,0,197,0,36,26,26,0,0,0
6178,0.700,0,240,0,0,0,0,0,197,0,36,26,26,0,0,0
6179,14.480,0,240,0,0,0,0,0,197,0,36,26,26,0,0,0
6180,0.751,0,240,0,0,0,0,0,197,0,36,26,26,0,0,0
6181,15.994,0,240,0,0,0,0,0,197,0,36,26,26,0,0,0
6182,0.766,0,240,0,0,0,0,0,197,0,36,26,26,0,0,0
6183,15.921,0,240,0,0,0,0,0,197,0,36,26,26,0,0,0
6184,0.774,0,240,0,0,0,0,0,197,0,36,26,26,0,0,0
6185,16.700,0,240,0,0,0,0,0,197,0,36,26,26,0,0,0
6186,0.823,0,240,0,0,0,0,0,197,0,36,26,26,0,0,0
6187,14.987,0,240,0,0,0,0,0,197,0,36,26,26,0,0,0
6188,0.718,0,240,0,0,0,0,0,197,0,36,26,26,0,0,0
6189,15.956,0,240,0,0,0,0,0,197,0,36,26,26,0,0,0
6190,0.754,0,240,0,0,0,0,0,197,0,36,26,26,0,0,0
6191,15.777,0,240,0,0,0,1,0,198,0,35,26,26,0,0,0
6192,0.727,0,240,0,0,0,0,0,198,0,35,26,26,0,0,0
6193,16.048,0,240,0,0,0,0,0,198,0,35,26,26,0,0,0
6194,0.759,0,240,0,0,0,0,0,198,0,35,26,26,0,0,0
6195,15.929,0,240,0,0,0,0,0,198,0,35,26,26,0,0,0
6196,0.781,0,240,0,0,0,0,0,198,0,35,26,26,0,0,0
6197,15.905,0,240,0,0,0,1,0,199,0,34,26,26,0,0,0
6198,0.747,0,240,0,0,0,0,0,199,0,34,26,26,0,0,0
6199,15.854,0,240,0,0,0,0,0,199,0,34,26,26,0,0,0
6200,0.901,0,240,0,0,0,0,0,199,0,34,26,26,0,0,0
6201,16.366,0,240,0,0,0,0,0,199,0,34,26,26,0,0,0
6202,0.749,0,240,0,0,0,0,0,199,0,34,26,26,0,0,0
6203,15.430,0,240,0,0,0,0,0,199,0,34,26,26,0,0,0
6204,0.821,0,240,0,0,0,0,0,199,0,34,26,26,0,0,0
6205,15.778,0,240,0,0,0,0,0,199,0,34,26,26,0,0,0
6206,0.884,0,240,0,0,0,0,0,199,0,34,26,26,0,0,0
6207,15.863,0,240,0,0,0,0,0,199,0,34,26,26,0,0,0
6208,0.733,0,240,0,0,0,0,0,199,0,34,26,26,0,0,0
6209,16.398,0,240,0,0,0,0,0,199,0,34,26,26,0,0,0
6210,0.816,0,240,0,0,0,0,0,199,0,34,26,26,0,0,0
6211,15.428,0,240,0,0,0,0,0,199,0,34,26,26,0,0,0
6212,0.798,0,240,0,0,0,0,0,199,0,34,26,26,0,0,0
6213,15.772,0,240,0,0,0,0,0,199,0,34,26,26,0,0,0
6214,0.788,0,240,0,0,0,0,0,199,0,34,26,26,0,0,0
6215,15.905,0,240,0,0,0,0,0,199,0,34,26,26,0,0,0
6216,0.774,0,240,0,0,0,0,0,199,0,34,26,26,0,0,0
6217,15.758,0,240,0,0,0,0,0,199,0,34,26,26,0,0,0
6218,0.763,0,240,0,0,0,0,0,199,0,34,26,26,0,0,0
6219,16.021,0,240,0,0,0,0,0,199,0,34,26,26,0,0,0
6220,0.732,0,240,0,0,0,0,0,199,0,34,26,26,0,0,0
6221,15.905,0,240,0,0,0,0,0,199,0,34,26,26,0,0,0
6222,0.923,0,240,0,0,0,0,0,199,0,34,26,26,0,0,0
6223,15.611,0,240,0,0,0,0,0,199,0,34,26,26,0,0,0
6224,0.851,0,240,0,0,0,0,0,199,0,34,26,26,0,0,0
6225,17.274,0,240,0,0,0,0,0,199,0,34,26,26,0,0,0
6226,0.933,0,240,0,0,0,0,0,199,0,34,26,26,0,0,0
6227,14.715,0,240,0,0,0,0,0,199,0,34,26,26,0,0,0
6228,0.927,0,240,0,0,0,0,0,199,0,34,26,26,0,0,0
6229,15.497,0,240,0,0,0,0,0,199,0,34,26,26,0,0,0
6230,0.740,0,240,0,0,0,0,0,199,0,34,26,26,0,0,0
6231,15.866,0,240,0,0,0,0,0,199,0,34,26,26,0,0,0
6232,0.789,0,240,0,0,0,0,0,199,0,34,26,26,0,0,0
6233,16.093,0,240,0,0,0,0,0,199,0,34,26,26,0,0,0
6234,0.759,0,240,0,0,0,0,0,199,0,34,26,26,0,0,0
6235,15.642,0,240,0,0,0,0,0,199,0,34,26,26,0,0,0
6236,0.776,0,240,0,0,0,0,0,199,0,34,26,26,0,0,0
6237,15.953,0,240,0,0,0,0,0,199,0,34,26,26,0,0,0
6238,0.785,0,240,0,0,0,0,0,199,0,34,26,26,0,0,0
6239,15.964,0,240,0,0,0,0,0,199,0,34,26,26,0,0,0
6240,0.701,0,240,0,0,0,0,0,199,0,34,26,26,0,0,0
6241,15.863,0,240,0,0,0,0,0,199,0,34,26,26,0,0,0
6242,0.821,0,240,0,0,0,0,0,199,0,34,26,26,0,0,0
6243,15.757,0,240,0,0,0,0,0,199,0,34,26,26,0,0,0
6244,0.860,0,240,0,0,0,0,0,199,0,34,26,26,0,0,0
6245,15.852,0,240,0,0,0,0,0,199,0,34,26,26,0,0,0
6246,0.817,0,240,0,0,0,0,0,199,0,34,26,26,0,0,0
6247,15.809,0,240,0,0,0,0,0,199,0,34,26,26,0,0,0
6248,0.784,0,240,0,0,0,0,0,199,0,34,26,26,0,0,0
6249,15.979,0,240,0,0,0,0,0,199,0,34,26,26,0,0,0
6250,0.884,0,240,0,0,0,0,0,199,0,34,26,26,0,0,0
6251,15.590,0,240,0,0,0,0,0,199,0,34,26,26,0,0,0
6252,0.758,0,240,0,0,0,0,0,199,0,34,26,26,0,0,0
6253,15.956,0,240,0,0,0,0,0,199,0,34,26,26,0,0,0
6254,0.799,0,240,0,0,0,0,0,199,0,34,26,26,0,0,0
6255,15.858,0,240,0,0,0,1,0,200,0,33,26,26,0,0,0
6256,0.785,0,240,0,0,0,0,0,200,0,33,26,26,0,0,0
6257,16.370,0,240,0,0,0,0,0,200,0,33,26,26,0,0,0
6258,0.794,0,240,0,0,0,0,0,200,0,33,26,26,0,0,0
6259,15.473,0,240,0,0,0,0,0,200,0,33,26,26,0,0,0
6260,0.747,0,240,0,0,0,0,0,200,0,33,26,26,0,0,0
6261,15.863,0,240,0,0,0,0,0,200,0,33,26,26,0,0,0
6262,0.889,0,240,0,0,0,0,0,200,0,33,26,26,0,0,0
6263,15.761,0,240,0,0,0,1,0,201,0,32,26,26,0,0,0
6264,0.795,0,240,0,0,0,0,0,201,0,32,26,26,0,0,0
6265,15.900,0,240,0,0,0,0,0,201,0,32,26,26,0,0,0
6266,0.908,0,240,0,0,0,0,0,201,0,32,26,26,0,0,0
6267,15.733,0,240,0,0,0,0,0,201,0,32,26,26,0,0,0
6268,0.832,0,240,0,0,0,0,0,201,0,32,26,26,0,0,0
6269,15.806,0,240,0,0,0,0,0,201,0,32,26,26,0,0,0
6270,0.743,0,240,0,0,0,0,0,201,0,32,26,26,0,0,0
6271,15.956,0,240,0,0,0,0,0,201,0,32,26,26,0,0,0
6272,0.830,0,240,0,0,0,0,0,201,0,32,26,26,0,0,0
6273,16.310,0,240,0,0,0,0,0,201,0,32,26,26,0,0,0
6274,0.768,0,240,0,0,0,0,0,201,0,32,26,26,0,0,0
6275,15.392,0,240,0,0,0,0,0,201,0,32,26,26,0,0,0
6276,0.865,0,240,0,0,0,0,0,201,0,32,26,26,0,0,0
6277,15.782,0,240,0,0,0,0,0,201,0,32,26,26,0,0,0
6278,0.951,0,240,0,0,0,0,0,201,0,32,26,26,0,0,0
6279,15.735,0,240,0,0,0,0,0,201,0,32,26,26,0,0,0
6280,0.765,0,240,0,0,0,0,0,201,0,32,26,26,0,0,0
6281,15.959,0,240,0,0,0,1,0,201,0,32,26,26,0,0,0
6282,0.869,0,240,0,0,0,0,0,201,0,32,26,26,0,0,0
6283,15.774,0,240,0,0,0,0,0,201,0,32,26,26,0,0,0
6284,0.900,0,240,0,0,0,0,0,201,0,32,26,26,0,0,0
6285,15.917,0,240,0,0,0,0,0,201,0,32,26,26,0,0,0
6286,0.920,0,240,0,0,0,0,0,201,0,32,26,26,0,0,0
6287,15.699,0,240,0,0,0,0,0,201,0,32,26,26,0,0,0
6288,0.844,0,240,0,0,0,0,0,201,0,32,26,26,0,0,0
6289,15.840,0,240,0,0,0,0,0,201,0,32,26,26,0,0,0
6290,0.772,0,240,0,0,0,0,0,201,0,32,26,26,0,0,0
6291,15.829,0,240,0,0,0,0,0,201,0,32,26,26,0,0,0
6292,0.746,0,240,0,0,0,0,0,201,0,32,26,26,0,0,0
6293,15.758,0,240,0,0,0,1,0,202,0,31,26,26,0,0,0
6294,0.746,0,240,0,0,0,0,0,202,0,31,26,26,0,0,0
6295,16.014,0,240,0,0,0,0,0,202,0,31,26,26,0,0,0
6296,0.946,0,240,0,0,0,0,0,202,0,31,26,26,0,0,0
6297,16.350,0,240,0,0,0,0,0,202,0,31,26,26,0,0,0
6298,0.908,0,240,0,0,0,0,0,202,0,31,26,26,0,0,0
6299,15.357,0,240,0,0,0,0,0,202,0,31,26,26,0,0,0
6300,0.797,0,240,0,0,0,0,0,202,0,31,26,26,0,0,0
6301,15.716,0,240,0,0,0,0,0,202,0,31,26,26,0,0,0
6302,0.864,0,240,0,0,0,0,0,202,0,31,26,26,0,0,0
6303,15.651,0,240,0,0,0,0,0,202,0,31,26,26,0,0,0
6304,0.809,0,240,0,0,0,0,0,202,0,31,26,26,0,0,0
6305,16.017,0,240,0,0,0,0,0,202,0,31,26,26,0,0,0
6306,0.957,0,240,0,0,0,0,0,202,0,31,26,26,0,0,0
6307,15.623,0,240,0,0,0,0,0,202,0,31,26,26,0,0,0
6308,0.718,0,240,0,0,0,0,0,202,0,31,26,26,0,0,0
6309,15.999,0,240,0,0,0,0,0,202,0,31,26,26,0,0,0
6310,0.773,0,240,0,0,0,0,0,202,0,31,26,26,0,0,0
6311,15.846,0,240,0,0,0,0,0,202,0,31,26,26,0,0,0
6312,0.938,0,240,0,0,0,0,0,202,0,31,26,26,0,0,0
6313,16.254,0,240,0,0,0,0,0,202,0,31,26,26,0,0,0
6314,0.953,0,240,0,0,0,0,0,202,0,31,26,26,0,0,0
6315,15.088,0,240,0,0,0,0,0,202,0,31,26,26,0,0,0
6316,0.755,0,240,0,0,0,0,0,202,0,31,26,26,0,0,0
6317,15.956,0,240,0,0,0,0,0,202,0,31,26,26,0,0,0
6318,0.797,0,240,0,0,0,0,0,202,0,31,26,26,0,0,0
6319,15.850,0,240,0,0,0,0,0,202,0,31,26,26,0,0,0
6320,0.766,0,240,0,0,0,0,0,202,0,31,26,26,0,0,0
6321,16.048,0,240,0,0,0,0,0,202,0,31,26,26,0,0,0
6322,1.008,0,240,0,0,0,0,0,202,0,31,26,26,0,0,0
6323,15.612,0,240,0,0,0,0,0,202,0,31,26,26,0,0,0
6324,0.886,0,240,0,0,0,0,0,202,0,31,26,26,0,0,0
6325,15.849,0,240,0,0,0,1,0,203,0,30,26,26,0,0,0
6326,0.795,0,240,0,0,0,0,0,203,0,30,26,26,0,0,0
6327,15.752,0,240,0,0,0,0,0,203,0,30,26,26,0,0,0
6328,0.899,0,240,0,0,0,0,0,203,0,30,26,26,0,0,0
6329,15.777,0,240,0,0,0,0,0,203,0,30,26,26,0,0,0
6330,0.875,0,240,0,0,0,0,0,203,0,30,26,26,0,0,0
6331,15.775,0,240,0,0,0,1,0,204,0,29,26,26,0,0,0
6332,0.746,0,240,0,0,0,0,0,204,0,29,26,26,0,0,0
6333,16.018,0,240,0,0,0,0,0,204,0,29,26,26,0,0,0
6334,0.909,0,240,0,0,0,0,0,204,0,29,26,26,0,0,0
6335,15.600,0,240,0,0,0,0,0,204,0,29,26,26,0,0,0
6336,0.736,0,240,0,0,0,0,0,204,0,29,26,26,0,0,0
6337,16.116,0,240,0,0,0,1,0,205,0,28,26,26,0,0,0
6338,0.866,0,240,0,0,0,0,0,205,0,28,26,26,0,0,0
6339,15.664,0,240,0,0,0,1,0,206,0,27,26,26,0,0,0
6340,0.876,0,240,0,0,0,0,0,206,0,27,26,26,0,0,0
6341,15.834,0,240,0,0,0,0,0,206,0,27,26,26,0,0,0
6342,0.881,0,240,0,0,0,0,0,206,0,27,26,26,0,0,0
6343,15.875,0,240,0,0,0,0,0,206,0,27,26,26,0,0,0
6344,0.947,0,240,0,0,0,0,0,206,0,27,26,26,0,0,0
6345,15.578,0,240,0,0,0,1,0,207,0,26,26,26,0,0,0
6346,0.870,0,240,0,0,0,0,0,207,0,26,26,26,0,0,0
6347,15.800,0,240,0,0,0,0,0,207,0,26,26,26,0,0,0
6348,0.860,0,240,0,0,0,0,0,207,0,26,26,26,0,0,0
6349,15.878,0,240,0,0,0,0,0,207,0,26,26,26,0,0,0
6350,0.923,0,240,0,0,0,0,0,207,0,26,26,26,0,0,0
6351,15.882,0,240,0,0,0,0,0,207,0,26,26,26,0,0,0
6352,0.772,0,240,0,0,0,0,0,207,0,26,26,26,0,0,0
6353,16.217,0,240,0,0,0,0,0,207,0,26,26,26,0,0,0
6354,0.760,0,240,0,0,0,0,0,207,0,26,26,26,0,0,0
6355,15.500,0,240,0,0,0,0,0,207,0,26,26,26,0,0,0
6356,0.698,0,240,0,0,0,0,0,207,0,26,26,26,0,0,0
6357,15.784,0,240,0,0,0,0,0,207,0,26,26,26,0,0,0
6358,0.795,0,240,0,0,0,0,0,207,0,26,26,26,0,0,0
6359,15.995,0,240,0,0,0,0,0,207,0,26,26,26,0,0,0
6360,0.779,0,240,0,0,0,0,0,207,0,26,26,26,0,0,0
6361,17.089,0,240,0,0,0,0,0,207,0,26,26,26,0,0,0
6362,0.760,0,240,0,0,0,0,0,207,0,26,26,26,0,0,0
6363,14.546,0,240,0,0,0,0,0,207,0,26,26,26,0,0,0
6364,0.787,0,240,0,0,0,0,0,207,0,26,26,26,0,0,0
6365,15.972,0,240,0,0,0,1,0,208,0,25,26,26,0,0,0
6366,0.914,0,240,0,0,0,0,0,208,0,25,26,26,0,0,0
6367,15.775,0,240,0,0,0,0,0,208,0,25,26,26,0,0,0
6368,0.796,0,240,0,0,0,0,0,208,0,25,26,26,0,0,0
6369,16.544,0,240,0,0,0,1,0,209,0,24,26,26,0,0,0
6370,1.092,0,240,0,0,0,0,0,209,0,24,26,26,0,0,0
6371,15.019,0,240,0,0,0,0,0,209,0,24,26,26,0,0,0
6372,0.826,0,240,0,0,0,0,0,209,0,24,26,26,0,0,0
6373,15.662,0,240,0,0,0,0,0,209,0,24,26,26,0,0,0
6374,0.918,0,240,0,0,0,0,0,209,0,24,26,26,0,0,0
6375,15.996,0,240,0,0,0,0,0,209,0,24,26,26,0,0,0
6376,0.797,0,240,0,0,0,0,0,209,0,24,26,26,0,0,0
6377,15.760,0,240,0,0,0,0,0,209,0,24,26,26,0,0,0
6378,0.826,0,240,0,0,0,0,0,209,0,24,26,26,0,0,0
6379,15.990,0,240,0,0,0,0,0,209,0,24,26,26,0,0,0
6380,0.737,0,240,0,0,0,0,0,209,0,24,26,26,0,0,0
6381,15.813,0,240,0,0,0,1,0,210,0,23,26,26,0,0,0
6382,0.846,0,240,0,0,0,0,0,210,0,23,26,26,0,0,0
6383,15.797,0,240,0,0,0,1,0,211,0,22,26,26,0,0,0
6384,0.772,0,240,0,0,0,0,0,211,0,22,26,26,0,0,0
6385,15.817,0,240,0,0,0,0,0,211,0,22,26,26,0,0,0
6386,0.811,0,240,0,0,0,0,0,211,0,22,26,26,0,0,0
6387,15.846,0,240,0,0,0,0,0,211,0,22,26,26,0,0,0
6388,0.798,0,240,0,0,0,0,0,211,0,22,26,26,0,0,0
6389,15.962,0,240,0,0,0,1,0,212,0,21,26,26,0,0,0
6390,0.757,0,240,0,0,0,0,0,212,0,21,26,26,0,0,0
6391,15.812,0,240,0,0,0,0,0,212,0,21,26,26,0,0,0
6392,0.847,0,240,0,0,0,0,0,212,0,21,26,26,0,0,0
6393,15.877,0,240,0,0,0,0,0,212,0,21,26,26,0,0,0
6394,0.788,0,240,0,0,0,0,0,212,0,21,26,26,0,0,0
6395,15.843,0,240,0,0,0,0,0,212,0,21,26,26,0,0,0
6396,0.887,0,240,0,0,0,0,0,212,0,21,26,26,0,0,0
6397,15.796,0,240,0,0,0,0,0,212,0,21,26,26,0,0,0
6398,0.732,0,240,0,0,0,0,0,212,0,21,26,26,0,0,0
6399,15.806,0,240,0,0,0,0,0,212,0,21,26,26,0,0,0
6400,0.756,0,240,0,0,0,0,0,212,0,21,26,26,0,0,0
6401,16.446,0,240,0,0,0,0,0,212,0,21,26,26,0,0,0
6402,0.776,0,240,0,0,0,0,0,212,0,21,26,26,0,0,0
6403,15.312,0,240,0,0,0,1,0,212,0,21,26,26,0,0,0
6404,0.771,0,240,0,0,0,0,0,212,0,21,26,26,0,0,0
6405,15.973,0,240,0,0,0,0,0,212,0,21,26,26,0,0,0
6406,0.820,0,240,0,0,0,0,0,212,0,21,26,26,0,0,0
6407,16.213,0,240,0,0,0,0,0,212,0,21,26,26,0,0,0
6408,0.768,0,240,0,0,0,0,0,212,0,21,26,26,0,0,0
6409,16.158,0,240,0,0,0,0,0,212,0,21,26,26,0,0,0
6410,0.728,0,240,0,0,0,0,0,212,0,21,26,26,0,0,0
6411,15.301,0,240,0,0,0,0,0,212,0,21,26,26,0,0,0
6412,0.905,0,240,0,0,0,0,0,212,0,21,26,26,0,0,0
6413,15.696,0,240,0,0,0,0,0,212,0,21,26,26,0,0,0
6414,0.839,0,240,0,0,0,0,0,212,0,21,26,26,0,0,0
6415,15.799,0,240,0,0,0,1,0,213,0,20,26,26,0,0,0
6416,0.763,0,240,0,0,0,0,0,213,0,20,26,26,0,0,0
6417,16.524,0,240,0,0,0,0,0,213,0,20,26,26,0,0,0
6418,0.794,0,240,0,0,0,0,0,213,0,20,26,26,0,0,0
6419,15.389,0,240,0,0,0,0,0,213,0,20,26,26,0,0,0
6420,0.775,0,240,0,0,0,0,0,213,0,20,26,26,0,0,0
6421,16.030,0,240,0,0,0,0,0,213,0,20,26,26,0,0,0
6422,0.732,0,240,0,0,0,0,0,213,0,20,26,26,0,0,0
6423,15.800,0,240,0,0,0,1,0,213,0,20,26,26,0,0,0
6424,0.732,0,240,0,0,0,0,0,213,0,20,26,26,0,0,0
6425,16.448,0,240,0,0,0,0,0,213,0,20,26,26,0,0,0
6426,0.828,0,240,0,0,0,0,0,213,0,20,26,26,0,0,0
6427,15.255,0,240,0,0,0,0,0,213,0,20,26,26,0,0,0
6428,0.877,0,240,0,0,0,0,0,213,0,20,26,26,0,0,0
6429,15.757,0,240,0,0,0,1,0,213,0,20,26,26,0,0,0
6430,0.836,0,240,0,0,0,0,0,213,0,20,26,26,0,0,0
6431,15.900,0,240,0,0,0,0,0,213,0,20,26,26,0,0,0
6432,0.744,0,240,0,0,0,0,0,213,0,20,26,26,0,0,0
6433,15.939,0,240,0,0,0,0,0,213,0,20,26,26,0,0,0
6434,0.819,0,240,0,0,0,0,0,213,0,20,26,26,0,0,0
6435,15.856,0,240,0,0,0,1,0,214,0,19,26,26,0,0,0
6436,0.837,0,240,0,0,0,0,0,214,0,19,26,26,0,0,0
6437,15.723,0,240,0,0,0,0,0,214,0,19,26,26,0,0,0
6438,0.843,0,240,0,0,0,0,0,214,0,19,26,26,0,0,0
6439,15.906,0,240,0,0,0,0,0,214,0,19,26,26,0,0,0
6440,1.008,0,240,0,0,0,0,0,214,0,19,26,26,0,0,0
6441,15.735,0,240,0,0,0,1,0,214,0,19,26,26,0,0,0
6442,0.840,0,240,0,0,0,0,0,214,0,19,26,26,0,0,0
6443,15.734,0,240,0,0,0,0,0,214,0,19,26,26,0,0,0
6444,0.909,0,240,0,0,0,0,0,214,0,19,26,26,0,0,0
6445,15.840,0,240,0,0,0,1,0,215,0,18,26,26,0,0,0
6446,0.803,0,240,0,0,0,0,0,215,0,18,26,26,0,0,0
6447,15.805,0,240,0,0,0,0,0,215,0,18,26,26,0,0,0
6448,0.857,0,240,0,0,0,0,0,215,0,18,26,26,0,0,0
6449,15.876,0,240,0,0,0,2,0,215,0,18,26,26,0,0,0
6450,0.987,0,240,0,0,0,0,0,215,0,18,26,26,0,0,0
6451,15.692,0,240,0,0,0,0,0,215,0,18,26,26,0,0,0
6452,0.769,0,240,0,0,0,0,0,215,0,18,26,26,0,0,0
6453,15.828,0,240,0,0,0,0,0,215,0,18,26,26,0,0,0
6454,0.803,0,240,0,0,0,0,0,215,0,18,26,26,0,0,0
6455,15.767,0,240,0,0,0,0,0,215,0,18,26,26,0,0,0
6456,0.758,0,240,0,0,0,0,0,215,0,18,26,26,0,0,0
6457,15.970,0,240,0,0,0,0,0,215,0,18,26,26,0,0,0
6458,0.904,0,240,0,0,0,0,0,215,0,18,26,26,0,0,0
6459,15.769,0,240,0,0,0,0,0,215,0,18,26,26,0,0,0
6460,0.883,0,240,0,0,0,0,0,215,0,18,26,26,0,0,0
6461,15.701,0,240,0,0,0,0,0,215,0,18,26,26,0,0,0
6462,0.779,0,240,0,0,0,0,0,215,0,18,26,26,0,0,0
6463,16.018,0,240,0,0,0,0,0,215,0,18,26,26,0,0,0
6464,0.822,0,240,0,0,0,0,0,215,0,18,26,26,0,0,0
6465,15.973,0,240,0,0,0,0,0,215,0,18,26,26,0,0,0
6466,0.807,0,240,0,0,0,0,0,215,0,18,26,26,0,0,0
6467,15.975,0,240,0,0,0,2,0,216,0,17,26,26,0,0,0
6468,0.931,0,240,0,0,0,0,0,216,0,17,26,26,0,0,0
6469,15.374,0,240,0,0,0,0,0,216,0,17,26,26,0,0,0
6470,0.778,0,240,0,0,0,0,0,216,0,17,26,26,0,0,0
6471,15.989,0,240,0,0,0,0,0,216,0,17,26,26,0,0,0
6472,0.859,0,240,0,0,0,0,0,216,0,17,26,26,0,0,0
6473,15.726,0,240,0,0,0,0,0,216,0,17,26,26,0,0,0
6474,0.910,0,240,0,0,0,0,0,216,0,17,26,26,0,0,0
6475,15.826,0,240,0,0,0,0,0,216,0,17,26,26,0,0,0
6476,0.816,0,240,0,0,0,0,0,216,0,17,26,26,0,0,0
6477,15.805,0,240,0,0,0,0,0,216,0,17,26,26,0,0,0
6478,0.766,0,240,0,0,0,0,0,216,0,17,26,26,0,0,0
6479,15.831,0,240,0,0,0,0,0,216,0,17,26,26,0,0,0
6480,0.743,0,240,0,0,0,0,0,216,0,17,26,26,0,0,0
6481,16.456,0,240,0,0,0,0,0,216,0,17,26,26,0,0,0
6482,0.912,0,240,0,0,0,0,0,216,0,17,26,26,0,0,0
6483,15.357,0,240,0,0,0,0,0,216,0,17,26,27,0,0,0
6484,0.815,0,240,0,0,0,0,0,216,0,17,26,27,0,0,0
6485,15.861,0,240,0,0,0,1,0,216,0,17,26,27,0,0,0
6486,0.760,0,240,0,0,0,0,0,216,0,17,26,27,0,0,0
6487,15.837,0,240,0,0,0,0,0,216,0,17,26,27,0,0,0
6488,0.847,0,240,0,0,0,0,0,216,0,17,26,27,0,0,0
6489,15.842,0,240,0,0,0,0,0,216,0,17,26,27,0,0,0
6490,0.788,0,240,0,0,0,0,0,216,0,17,26,27,0,0,0
6491,15.951,0,240,0,0,0,0,0,216,0,17,26,27,0,0,0
6492,0.814,0,240,0,0,0,0,0,216,0,17,26,27,0,0,0
6493,15.735,0,240,0,0,0,1,0,216,0,17,26,27,0,0,0
6494,0.758,0,240,0,0,0,0,0,216,0,17,26,27,0,0,0
6495,15.802,0,240,0,0,0,0,0,216,0,17,26,27,0,0,0
6496,0.781,0,240,0,0,0,0,0,216,0,17,26,27,0,0,0
6497,16.502,0,240,0,0,0,0,0,216,0,17,26,27,0,0,0
6498,0.910,0,240,0,0,0,0,0,216,0,17,26,27,0,0,0
6499,15.437,0,240,0,0,0,1,0,216,0,17,26,27,0,0,0
6500,0.864,0,240,0,0,0,0,0,216,0,17,26,27,0,0,0
6501,15.682,0,240,0,0,0,0,0,216,0,17,26,27,0,0,0
6502,0.823,0,240,0,0,0,0,0,216,0,17,26,27,0,0,0
6503,15.866,0,240,0,0,0,0,0,216,0,17,26,27,0,0,0
6504,0.737,0,240,0,0,0,0,0,216,0,17,26,27,0,0,0
6505,15.797,0,240,0,0,0,0,0,216,0,17,26,27,0,0,0
6506,0.849,0,240,0,0,0,0,0,216,0,17,26,27,0,0,0
6507,15.825,0,240,0,0,0,0,0,216,0,17,26,27,0,0,0
6508,0.736,0,240,0,0,0,0,0,216,0,17,26,27,0,0,0
6509,15.922,0,240,0,0,0,0,0,216,0,17,26,27,0,0,0
6510,0.762,0,240,0,0,0,0,0,216,0,17,26,27,0,0,0
6511,16.009,0,240,0,0,0,0,0,216,0,17,26,27,0,0,0
6512,0.929,0,240,0,0,0,0,0,216,0,17,26,27,0,0,0
6513,16.260,0,240,0,0,0,0,0,216,0,17,26,27,0,0,0
6514,0.933,0,240,0,0,0,0,0,216,0,17,26,27,0,0,0
6515,15.205,0,240,0,0,0,0,0,216,0,17,26,27,0,0,0
6516,0.756,0,240,0,0,0,0,0,216,0,17,26,27,0,0,0
6517,15.882,0,240,0,0,0,0,0,216,0,17,26,27,0,0,0
6518,0.855,0,240,0,0,0,0,0,216,0,17,26,27,0,0,0
6519,15.712,0,240,0,0,0,0,0,216,0,17,26,27,0,0,0
6520,0.790,0,240,0,0,0,0,0,216,0,17,26,27,0,0,0
6521,16.054,0,240,0,0,0,0,0,216,0,17,26,27,0,0,0
6522,0.769,0,240,0,0,0,0,0,216,0,17,26,27,0,0,0
6523,15.854,0,240,0,0,0,0,0,216,0,17,26,27,0,0,0
6524,0.745,0,240,0,0,0,0,0,216,0,17,26,27,0,0,0
6525,15.920,0,240,0,0,0,0,0,216,0,17,26,27,0,0,0
6526,0.813,0,240,0,0,0,0,0,216,0,17,26,27,0,0,0
6527,15.947,0,240,0,0,0,0,0,216,0,17,26,27,0,0,0
6528,0.822,0,240,0,0,0,0,0,216,0,17,26,27,0,0,0
6529,16.234,0,240,0,0,0,1,0,216,0,17,26,27,0,0,0
6530,1.012,0,240,0,0,0,0,0,216,0,17,26,27,0,0,0
6531,15.133,0,240,0,0,0,0,0,216,0,17,26,27,0,0,0
6532,0.906,0,240,0,0,0,0,0,216,0,17,26,27,0,0,0
6533,15.928,0,240,0,0,0,0,0,216,0,17,26,27,0,0,0
6534,0.991,0,240,0,0,0,0,0,216,0,17,26,27,0,0,0
6535,15.553,0,240,0,0,0,0,0,216,0,17,26,27,0,0,0
6536,0.969,0,240,0,0,0,0,0,216,0,17,26,27,0,0,0
6537,15.771,0,240,0,0,0,0,0,216,0,17,26,27,0,0,0
6538,0.968,0,240,0,0,0,0,0,216,0,17,26,27,0,0,0
6539,15.727,0,240,0,0,0,0,0,216,0,17,26,27,0,0,0
6540,0.863,0,240,0,0,0,0,0,216,0,17,26,27,0,0,0
6541,15.710,0,240,0,0,0,0,0,216,0,17,26,27,0,0,0
6542,0.763,0,240,0,0,0,0,0,216,0,17,26,27,0,0,0
6543,15.825,0,240,0,0,0,0,0,216,0,17,26,27,0,0,0
6544,0.701,0,240,0,0,0,0,0,216,0,17,26,27,0,0,0
6545,15.937,0,240,0,0,0,0,0,216,0,17,26,27,0,0,0
6546,0.751,0,240,0,0,0,0,0,216,0,17,26,27,0,0,0
6547,15.874,0,240,0,0,0,0,0,216,0,17,26,27,0,0,0
6548,0.779,0,240,0,0,0,0,0,216,0,17,26,27,0,0,0
6549,15.805,0,240,0,0,0,1,0,216,0,17,26,27,0,0,0
6550,0.758,0,240,0,0,0,0,0,216,0,17,26,27,0,0,0
6551,15.951,0,240,0,0,0,0,0,216,0,17,26,27,0,0,0
6552,0.727,0,240,0,0,0,0,0,216,0,17,26,27,0,0,0
6553,15.960,0,240,0,0,0,0,0,216,0,17,26,27,0,0,0
6554,0.870,0,240,0,0,0,0,0,216,0,17,26,27,0,0,0
6555,15.766,0,240,0,0,0,0,0,216,0,17,26,27,0,0,0
6556,0.728,0,240,0,0,0,0,0,216,0,17,26,27,0,0,0
6557,15.982,0,240,0,0,0,0,0,216,0,17,26,27,0,0,0
6558,0.779,0,240,0,0,0,0,0,216,0,17,26,27,0,0,0
6559,15.911,0,240,0,0,0,0,0,216,0,17,26,27,0,0,0
6560,0.762,0,240,0,0,0,0,0,216,0,17,26,27,0,0,0
6561,15.956,0,240,0,0,0,0,0,216,0,17,26,27,0,0,0
6562,0.808,0,240,0,0,0,0,0,216,0,17,26,27,0,0,0
6563,15.919,0,240,0,0,0,1,0,216,0,17,26,27,0,0,0
6564,0.803,0,240,0,0,0,0,0,216,0,17,26,27,0,0,0
6565,15.779,0,240,0,0,0,0,0,216,0,17,26,27,0,0,0
6566,0.902,0,240,0,0,0,0,0,216,0,17,26,27,0,0,0
6567,15.897,0,240,0,0,0,1,0,216,0,17,26,27,0,0,0
6568,0.815,0,240,0,0,0,0,0,216,0,17,26,27,0,0,0
6569,15.678,0,240,0,0,0,0,0,216,0,17,26,27,0,0,0
6570,0.870,0,240,0,0,0,0,0,216,0,17,26,27,0,0,0
6571,15.775,0,240,0,0,0,0,0,216,0,17,26,27,0,0,0
6572,0.841,0,240,0,0,0,0,0,216,0,17,26,27,0,0,0
6573,15.875,0,240,0,0,0,0,0,216,0,17,26,27,0,0,0
6574,0.705,0,240,0,0,0,0,0,216,0,17,26,27,0,0,0
6575,15.982,0,240,0,0,0,0,0,216,0,17,26,27,0,0,0
6576,0.864,0,240,0,0,0,0,0,216,0,17,26,27,0,0,0
6577,15.897,0,240,0,0,0,0,0,216,0,17,26,27,0,0,0
6578,0.811,0,240,0,0,0,0,0,216,0,17,26,27,0,0,0
6579,15.721,0,240,0,0,0,0,0,216,0,17,26,27,0,0,0
6580,0.727,0,240,0,0,0,0,0,216,0,17,26,27,0,0,0
6581,15.959,0,240,0,0,0,0,0,216,0,17,26,27,0,0,0
6582,0.980,0,240,0,0,0,0,0,216,0,17,26,27,0,0,0
6583,15.779,0,240,0,0,0,0,0,216,0,17,26,27,0,0,0
6584,0.859,0,240,0,0,0,0,0,216,0,17,26,27,0,0,0
6585,15.741,0,240,0,0,0,0,0,216,0,17,26,27,0,0,0
6586,0.761,0,240,0,0,0,0,0,216,0,17,26,27,0,0,0
6587,15.831,0,240,0,0,0,1,0,216,0,17,26,27,0,0,0
6588,0.758,0,240,0,0,0,0,0,216,0,17,26,27,0,0,0
6589,16.178,0,240,0,0,0,0,0,216,0,17,26,27,0,0,0
6590,0.816,0,240,0,0,0,0,0,216,0,17,26,27,0,0,0
6591,15.606,0,240,0,0,0,1,0,217,0,17,26,27,0,0,0
6592,0.767,0,240,0,0,0,0,0,217,0,17,26,27,0,0,0
6593,16.509,0,240,0,0,0,0,0,217,0,17,26,27,0,0,0
6594,0.847,0,240,0,0,0,0,0,217,0,17,26,27,0,0,0
6595,15.284,0,240,0,0,0,0,0,217,0,17,26,27,0,0,0
6596,0.884,0,240,0,0,0,0,0,217,0,17,26,27,0,0,0
6597,15.875,0,240,0,0,0,0,0,217,0,17,26,27,0,0,0
6598,0.819,0,240,0,0,0,0,0,217,0,17,26,27,0,0,0
6599,15.707,0,240,0,0,0,0,0,217,0,17,26,27,0,0,0
6600,0.824,0,240,0,0,0,0,0,217,0,17,26,27,0,0,0
6601,15.789,0,240,0,0,0,3,0,217,0,17,26,27,0,0,0
6602,0.830,0,240,0,0,0,0,0,217,0,17,26,27,0,0,0
6603,15.951,0,240,0,0,0,0,0,217,0,17,26,27,0,0,0
6604,0.821,0,240,0,0,0,0,0,217,0,17,26,27,0,0,0
6605,15.927,0,240,0,0,0,0,0,217,0,17,26,27,0,0,0
6606,0.806,0,240,0,0,0,0,0,217,0,17,26,27,0,0,0
6607,16.002,0,240,0,0,0,0,0,217,0,17,26,27,0,0,0
6608,0.765,0,240,0,0,0,0,0,217,0,17,26,27,0,0,0
6609,15.911,0,240,0,0,0,0,0,217,0,17,26,27,0,0,0
6610,0.812,0,240,0,0,0,0,0,217,0,17,26,27,0,0,0
6611,15.581,0,240,0,0,0,0,0,217,0,17,26,27,0,0,0
6612,0.842,0,240,0,0,0,0,0,217,0,17,26,27,0,0,0
6613,15.833,0,240,0,0,0,2,0,217,0,17,26,27,0,0,0
6614,0.813,0,240,0,0,0,0,0,217,0,17,26,27,0,0,0
6615,15.909,0,240,0,0,0,0,0,217,0,17,26,27,0,0,0
6616,0.828,0,240,0,0,0,0,0,217,0,17,26,27,0,0,0
6617,15.846,0,240,0,0,0,1,0,217,0,17,26,27,0,0,0
6618,0.809,0,240,0,0,0,0,0,217,0,17,26,27,0,0,0
6619,15.766,0,240,0,0,0,0,0,217,0,17,26,27,0,0,0
6620,0.974,0,240,0,0,0,0,0,217,0,17,26,27,0,0,0
6621,15.737,0,240,0,0,0,0,0,217,0,17,26,27,0,0,0
6622,0.776,0,240,0,0,0,0,0,217,0,17,26,27,0,0,0
6623,15.844,0,240,0,0,0,0,0,217,0,17,26,27,0,0,0
6624,0.775,0,240,0,0,0,0,0,217,0,17,26,27,0,0,0
6625,16.935,0,240,0,0,0,0,0,217,0,17,26,27,0,0,0
6626,0.757,0,240,0,0,0,0,0,217,0,17,26,27,0,0,0
6627,14.873,0,240,0,0,0,0,0,217,0,17,26,27,0,0,0
6628,0.762,0,240,0,0,0,0,0,217,0,17,26,27,0,0,0
6629,15.871,0,240,0,0,0,0,0,217,0,17,26,27,0,0,0
6630,0.798,0,240,0,0,0,0,0,217,0,17,26,27,0,0,0
6631,15.927,0,240,0,0,0,0,0,217,0,17,26,27,0,0,0
6632,0.784,0,240,0,0,0,0,0,217,0,17,26,27,0,0,0
6633,15.760,0,240,0,0,0,0,0,217,0,17,26,27,0,0,0
6634,0.883,0,240,0,0,0,0,0,217,0,17,26,27,0,0,0
6635,15.920,0,240,0,0,0,0,0,217,0,17,26,27,0,0,0
6636,0.775,0,240,0,0,0,0,0,217,0,17,26,27,0,0,0
6637,15.815,0,240,0,0,0,0,0,217,0,17,26,27,0,0,0
6638,0.753,0,240,0,0,0,0,0,217,0,17,26,27,0,0,0
6639,15.933,0,240,0,0,0,0,0,217,0,17,26,27,0,0,0
6640,0.796,0,240,0,0,0,0,0,217,0,17,26,27,0,0,0
6641,16.398,0,240,0,0,0,0,0,217,0,17,26,27,0,0,0
6642,0.843,0,240,0,0,0,0,0,217,0,17,26,27,0,0,0
6643,15.348,0,240,0,0,0,0,0,217,0,17,26,27,0,0,0
6644,0.823,0,240,0,0,0,0,0,217,0,17,26,27,0,0,0
6645,15.774,0,240,0,0,0,0,0,217,0,17,26,27,0,0,0
6646,0.887,0,240,0,0,0,0,0,217,0,17,26,27,0,0,0
6647,15.804,0,240,0,0,0,0,0,217,0,17,26,27,0,0,0
6648,0.741,0,240,0,0,0,0,0,217,0,17,26,27,0,0,0
6649,16.462,0,240,0,0,0,0,0,217,0,17,26,27,0,0,0
6650,0.806,0,240,0,0,0,0,0,217,0,17,26,27,0,0,0
6651,15.281,0,240,0,0,0,0,0,217,0,17,26,27,0,0,0
6652,0.869,0,240,0,0,0,0,0,217,0,17,26,27,0,0,0
6653,15.845,0,240,0,0,0,0,0,217,0,17,26,27,0,0,0
6654,1.013,0,240,0,0,0,0,0,217,0,17,26,27,0,0,0
6655,15.655,0,240,0,0,0,0,0,217,0,17,26,27,0,0,0
6656,0.826,0,240,0,0,0,0,0,217,0,17,26,27,0,0,0
6657,15.843,0,240,0,0,0,0,0,217,0,17,26,27,0,0,0
6658,0.917,0,240,0,0,0,0,0,217,0,17,26,27,0,0,0
6659,15.611,0,240,0,0,0,0,0,217,0,17,26,27,0,0,0
6660,0.820,0,240,0,0,0,0,0,217,0,17,26,27,0,0,0
6661,15.935,0,240,0,0,0,0,0,217,0,17,26,27,0,0,0
6662,0.915,0,240,0,0,0,0,0,217,0,17,26,27,0,0,0
6663,15.714,0,240,0,0,0,0,0,217,0,17,26,27,0,0,0
6664,0.798,0,240,0,0,0,0,0,217,0,17,26,27,0,0,0
6665,15.832,0,240,0,0,0,0,0,217,0,17,26,27,0,0,0
6666,0.883,0,240,0,0,0,0,0,217,0,17,26,27,0,0,0
6667,15.760,0,240,0,0,0,0,0,217,0,17,26,27,0,0,0
6668,0.779,0,240,0,0,0,0,0,217,0,17,26,27,0,0,0
6669,15.924,0,240,0,0,0,0,0,217,0,17,26,27,0,0,0
6670,0.770,0,240,0,0,0,0,0,217,0,17,26,27,0,0,0
6671,15.897,0,240,0,0,0,0,0,217,0,17,26,27,0,0,0
6672,0.793,0,240,0,0,0,0,0,217,0,17,26,27,0,0,0
6673,15.925,0,240,0,0,0,0,0,217,0,17,26,27,0,0,0
6674,0.745,0,240,0,0,0,0,0,217,0,17,26,27,0,0,0
6675,15.914,0,240,0,0,0,0,0,217,0,17,26,27,0,0,0
6676,0.781,0,240,0,0,0,0,0,217,0,17,26,27,0,0,0
6677,15.948,0,240,0,0,0,0,0,217,0,17,26,27,0,0,0
6678,0.781,0,240,0,0,0,0,0,217,0,17,26,27,0,0,0
6679,16.045,0,240,0,0,0,0,0,217,0,17,26,27,0,0,0
6680,0.815,0,240,0,0,0,0,0,217,0,17,26,27,0,0,0
6681,16.093,0,240,0,0,0,0,0,217,0,17,26,27,0,0,0
6682,0.902,0,240,0,0,0,0,0,217,0,17,26,27,0,0,0
6683,15.369,0,240,0,0,0,0,0,217,0,17,26,27,0,0,0
6684,0.783,0,240,0,0,0,0,0,217,0,17,26,27,0,0,0
6685,15.835,0,240,0,0,0,0,0,217,0,17,26,27,0,0,0
6686,0.854,0,240,0,0,0,0,0,217,0,17,26,27,0,0,0
6687,15.800,0,240,0,0,0,0,0,217,0,17,26,27,0,0,0
6688,0.782,0,240,0,0,0,0,0,217,0,17,26,27,0,0,0
6689,17.148,0,240,0,0,0,0,0,217,0,17,26,27,0,0,0
6690,0.728,0,240,0,0,0,0,0,217,0,17,26,27,0,0,0
6691,14.573,0,240,0,0,0,0,0,217,0,17,26,27,0,0,0
6692,0.791,0,240,0,0,0,0,0,217,0,17,26,27,0,0,0
6693,15.924,0,240,0,0,0,0,0,217,0,17,26,27,0,0,0
6694,0.843,0,240,0,0,0,0,0,217,0,17,26,27,0,0,0
6695,15.884,0,240,0,0,0,0,0,217,0,17,26,27,0,0,0
6696,0.926,0,240,0,0,0,0,0,217,0,17,26,27,0,0,0
6697,15.728,0,240,0,0,0,0,0,217,0,17,26,27,0,0,0
6698,0.882,0,240,0,0,0,0,0,217,0,17,26,27,0,0,0
6699,15.839,0,240,0,0,0,0,0,217,0,17,26,27,0,0,0
6700,0.806,0,240,0,0,0,0,0,217,0,17,26,27,0,0,0
6701,15.774,0,240,0,0,0,0,0,217,0,17,26,27,0,0,0
6702,0.806,0,240,0,0,0,0,0,217,0,17,26,27,0,0,0
6703,15.779,0,240,0,0,0,0,0,217,0,17,26,27,0,0,0
6704,0.824,0,240,0,0,0,0,0,217,0,17,26,27,0,0,0
6705,16.005,0,240,0,0,0,0,0,217,0,17,26,27,0,0,0
6706,0.809,0,240,0,0,0,0,0,217,0,17,26,27,0,0,0
6707,15.955,0,240,0,0,0,0,0,217,0,17,26,27,0,0,0
6708,0.763,0,240,0,0,0,0,0,217,0,17,26,27,0,0,0
6709,15.685,0,240,0,0,0,0,0,217,0,17,26,27,0,0,0
6710,0.806,0,240,0,0,0,0,0,217,0,17,26,27,0,0,0
6711,16.010,0,240,0,0,0,0,0,217,0,17,26,27,0,0,0
6712,0.778,0,240,0,0,0,0,0,217,0,17,26,27,0,0,0
6713,15.716,0,240,0,0,0,0,0,217,0,17,26,27,0,0,0
6714,0.930,0,240,0,0,0,0,0,217,0,17,26,27,0,0,0
6715,15.784,0,240,0,0,0,0,0,217,0,17,26,27,0,0,0
6716,0.710,0,240,0,0,0,0,0,217,0,17,26,27,0,0,0
6717,15.923,0,240,0,0,0,0,0,217,0,17,26,27,0,0,0
6718,0.808,0,240,0,0,0,0,0,217,0,17,26,27,0,0,0
6719,15.953,0,240,0,0,0,0,0,217,0,17,26,27,0,0,0
6720,0.849,0,240,0,0,0,0,0,217,0,17,26,27,0,0,0
6721,15.677,0,240,0,0,0,0,0,217,0,17,26,27,0,0,0
6722,0.882,0,240,0,0,0,0,0,217,0,17,26,27,0,0,0
6723,15.913,0,240,0,0,0,0,0,217,0,17,26,27,0,0,0
6724,0.924,0,240,0,0,0,0,0,217,0,17,26,27,0,0,0
6725,15.745,0,240,0,0,0,0,0,217,0,17,26,27,0,0,0
6726,0.776,0,240,0,0,0,0,0,217,0,17,26,27,0,0,0
6727,15.895,0,240,0,0,0,0,0,217,0,17,26,27,0,0,0
6728,0.839,0,240,0,0,0,0,0,217,0,17,26,27,0,0,0
6729,15.766,0,240,0,0,0,0,0,217,0,17,26,27,0,0,0
6730,0.945,0,240,0,0,0,0,0,217,0,17,26,27,0,0,0
6731,15.669,0,240,0,0,0,0,0,217,0,17,26,27,0,0,0
6732,0.924,0,240,0,0,0,0,0,217,0,17,26,27,0,0,0
6733,15.810,0,240,0,0,0,0,0,217,0,17,26,27,0,0,0
6734,0.961,0,240,0,0,0,0,0,217,0,17,26,27,0,0,0
6735,15.747,0,240,0,0,0,0,0,217,0,17,26,27,0,0,0
6736,0.799,0,240,0,0,0,0,0,217,0,17,26,27,0,0,0
6737,16.262,0,240,0,0,0,0,0,217,0,17,26,27,0,0,0
6738,0.838,0,240,0,0,0,0,0,217,0,17,26,27,0,0,0
6739,15.471,0,240,0,0,0,0,0,217,0,17,26,27,0,0,0
6740,0.847,0,240,0,0,0,0,0,217,0,17,26,27,0,0,0
6741,15.936,0,240,0,0,0,0,0,217,0,17,26,27,0,0,0
6742,0.978,0,240,0,0,0,0,0,217,0,17,26,27,0,0,0
6743,15.488,0,240,0,0,0,0,0,217,0,17,26,27,0,0,0
6744,0.790,0,240,0,0,0,0,0,217,0,17,26,27,0,0,0
6745,15.949,0,240,0,0,0,0,0,217,0,17,26,27,0,0,0
6746,0.792,0,240,0,0,0,0,0,217,0,17,26,27,0,0,0
6747,15.745,0,240,0,0,0,0,0,217,0,17,26,27,0,0,0
6748,1.017,0,240,0,0,0,0,0,217,0,17,26,27,0,0,0
6749,15.630,0,240,0,0,0,0,0,217,0,17,26,27,0,0,0
6750,0.724,0,240,0,0,0,0,0,217,0,17,26,27,0,0,0
6751,16.019,0,240,0,0,0,0,0,217,0,17,26,27,0,0,0
6752,0.883,0,240,0,0,0,0,0,217,0,17,26,27,0,0,0
6753,16.255,0,240,0,0,0,0,0,217,0,17,26,27,0,0,0
6754,0.819,0,240,0,0,0,0,0,217,0,17,26,27,0,0,0
6755,15.329,0,240,0,0,0,0,0,217,0,17,26,27,0,0,0
6756,0.797,0,240,0,0,0,0,0,217,0,17,26,27,0,0,0
6757,15.937,0,240,0,0,0,0,0,217,0,17,26,27,0,0,0
6758,0.752,0,240,0,0,0,0,0,217,0,17,26,27,0,0,0
6759,15.939,0,240,0,0,0,0,0,217,0,17,26,27,0,0,0
6760,0.869,0,240,0,0,0,0,0,217,0,17,26,27,0,0,0
6761,15.694,0,240,0,0,0,0,0,217,0,17,26,27,0,0,0
6762,0.942,0,240,0,0,0,0,0,217,0,17,26,27,0,0,0
6763,16.174,0,240,0,0,0,0,0,217,0,17,26,27,0,0,0
6764,0.955,0,240,0,0,0,0,0,217,0,17,26,27,0,0,0
6765,15.366,0,240,0,0,0,0,0,217,0,17,26,27,0,0,0
6766,0.838,0,240,0,0,0,0,0,217,0,17,26,27,0,0,0
6767,15.758,0,240,0,0,0,0,0,217,0,17,26,27,0,0,0
6768,0.832,0,240,0,0,0,0,0,217,0,17,26,27,0,0,0
6769,15.783,0,240,0,0,0,0,0,217,0,17,26,27,0,0,0
6770,0.858,0,240,0,0,0,0,0,217,0,17,26,27,0,0,0
6771,15.909,0,240,0,0,0,0,0,217,0,17,26,27,0,0,0
6772,0.832,0,240,0,0,0,0,0,217,0,17,26,27,0,0,0
6773,15.767,0,240,0,0,0,0,0,217,0,17,26,27,0,0,0
6774,0.866,0,240,0,0,0,0,0,217,0,17,26,27,0,0,0
6775,15.831,0,240,0,0,0,0,0,217,0,17,26,27,0,0,0
6776,0.786,0,240,0,0,0,0,0,217,0,17,26,27,0,0,0
6777,15.855,0,240,0,0,0,0,0,217,0,17,26,27,0,0,0
6778,1.067,0,240,0,0,0,0,0,217,0,17,26,27,0,0,0
6779,15.669,0,240,0,0,0,0,0,217,0,17,26,27,0,0,0
6780,0.763,0,240,0,0,0,0,0,217,0,17,26,27,0,0,0
6781,15.831,0,240,0,0,0,0,0,217,0,17,26,27,0,0,0
6782,0.853,0,240,0,0,0,0,0,217,0,17,26,27,0,0,0
6783,15.791,0,240,0,0,0,0,0,217,0,17,26,27,0,0,0
6784,0.929,0,240,0,0,0,0,0,217,0,17,26,27,0,0,0
6785,16.196,0,240,0,0,0,0,0,217,0,17,26,27,0,0,0
6786,0.858,0,240,0,0,0,0,0,217,0,17,26,27,0,0,0
6787,15.340,0,240,0,0,0,0,0,217,0,17,26,27,0,0,0
6788,0.922,0,240,0,0,0,0,0,217,0,17,26,27,0,0,0
6789,15.865,0,240,0,0,0,0,0,217,0,17,26,27,0,0,0
6790,0.733,0,240,0,0,0,0,0,217,0,17,26,27,0,0,0
6791,15.926,0,240,0,0,0,0,0,217,0,17,26,27,0,0,0
6792,0.854,0,240,0,0,0,0,0,217,0,17,26,27,0,0,0
6793,16.225,0,240,0,0,0,0,0,217,0,17,26,27,0,0,0
6794,0.802,0,240,0,0,0,0,0,217,0,17,26,27,0,0,0
6795,15.290,0,240,0,0,0,0,0,217,0,17,26,27,0,0,0
6796,0.888,0,240,0,0,0,0,0,217,0,17,26,27,0,0,0
6797,15.759,0,240,0,0,0,0,0,217,0,17,26,27,0,0,0
6798,0.839,0,240,0,0,0,0,0,217,0,17,26,27,0,0,0
6799,15.890,0,240,0,0,0,0,0,217,0,17,26,27,0,0,0
6800,0.812,0,240,0,0,0,0,0,217,0,17,26,27,0,0,0
6801,16.371,0,240,0,0,0,0,0,217,0,17,26,27,0,0,0
6802,0.834,0,240,0,0,0,0,0,217,0,17,26,27,0,0,0
6803,15.343,0,240,0,0,0,0,0,217,0,17,26,27,0,0,0
6804,0.818,0,240,0,0,0,0,0,217,0,17,26,27,0,0,0
6805,15.899,0,240,0,0,0,0,0,217,0,17,26,27,0,0,0
6806,0.823,0,240,0,0,0,0,0,217,0,17,26,27,0,0,0
6807,15.771,0,240,0,0,0,0,0,217,0,17,26,27,0,0,0
6808,0.872,0,240,0,0,0,0,0,217,0,17,26,27,0,0,0
6809,15.767,0,240,0,0,0,0,0,217,0,17,26,27,0,0,0
6810,0.950,0,240,0,0,0,0,0,217,0,17,26,27,0,0,0
6811,16.054,0,240,0,0,0,0,0,217,0,17,26,28,0,0,0
6812,0.848,0,240,0,0,0,0,0,217,0,17,26,28,0,0,0
6813,15.692,0,240,0,0,0,0,0,217,0,17,26,28,0,0,0
6814,0.871,0,240,0,0,0,0,0,217,0,17,26,28,0,0,0
6815,15.662,0,240,0,0,0,0,0,217,0,17,26,28,0,0,0
6816,0.732,0,240,0,0,0,0,0,217,0,17,26,28,0,0,0
6817,15.803,0,240,0,0,0,0,0,217,0,17,26,28,0,0,0
6818,0.848,0,240,0,0,0,0,0,217,0,17,26,28,0,0,0
6819,15.813,0,240,0,0,0,0,0,217,0,17,26,28,0,0,0
6820,0.804,0,240,0,0,0,0,0,217,0,17,26,28,0,0,0
6821,16.050,0,240,0,0,0,0,0,217,0,17,26,28,0,0,0
6822,0.737,0,240,0,0,0,0,0,217,0,17,26,28,0,0,0
6823,15.897,0,240,0,0,0,0,0,217,0,17,26,28,0,0,0
6824,0.735,0,240,0,0,0,0,0,217,0,17,26,28,0,0,0
6825,17.166,0,240,0,0,0,0,0,217,0,17,26,28,0,0,0
6826,0.822,0,240,0,0,0,0,0,217,0,17,26,28,0,0,0
6827,14.542,0,240,0,0,0,0,0,217,0,17,26,28,0,0,0
6828,0.779,0,240,0,0,0,0,0,217,0,17,26,28,0,0,0
6829,16.053,0,240,0,0,0,0,0,217,0,17,26,28,0,0,0
6830,0.785,0,240,0,0,0,0,0,217,0,17,26,28,0,0,0
6831,15.717,0,240,0,0,0,0,0,217,0,17,26,28,0,0,0
6832,0.824,0,240,0,0,0,0,0,217,0,17,26,28,0,0,0
6833,16.122,0,240,0,0,0,0,0,217,0,17,26,28,0,0,0
6834,0.847,0,240,0,0,0,0,0,217,0,17,26,28,0,0,0
6835,15.612,0,240,0,0,0,1,0,217,0,17,26,28,0,0,0
6836,0.819,0,240,0,0,0,0,0,217,0,17,26,28,0,0,0
6837,15.797,0,240,0,0,0,0,0,217,0,17,26,28,0,0,0
6838,0.879,0,240,0,0,0,0,0,217,0,17,26,28,0,0,0
6839,15.863,0,240,0,0,0,0,0,217,0,17,26,28,0,0,0
6840,0.742,0,240,0,0,0,0,0,217,0,17,26,28,0,0,0
6841,16.062,0,240,0,0,0,0,0,217,0,17,26,28,0,0,0
6842,0.873,0,240,0,0,0,0,0,217,0,17,26,28,0,0,0
6843,15.612,0,240,0,0,0,0,0,217,0,17,26,28,0,0,0
6844,0.830,0,240,0,0,0,0,0,217,0,17,26,28,0,0,0
6845,15.963,0,240,0,0,0,0,0,217,0,17,26,28,0,0,0
6846,0.822,0,240,0,0,0,0,0,217,0,17,26,28,0,0,0
6847,15.624,0,240,0,0,0,0,0,217,0,17,26,28,0,0,0
6848,0.808,0,240,0,0,0,0,0,217,0,17,26,28,0,0,0
6849,17.147,0,240,0,0,0,0,0,217,0,17,26,28,0,0,0
6850,0.887,0,240,0,0,0,0,0,217,0,17,26,28,0,0,0
6851,14.503,0,240,0,0,0,0,0,217,0,17,26,28,0,0,0
6852,0.902,0,240,0,0,0,0,0,217,0,17,26,28,0,0,0
6853,15.819,0,240,0,0,0,0,0,217,0,17,26,28,0,0,0
6854,0.883,0,240,0,0,0,0,0,217,0,17,26,28,0,0,0
6855,15.685,0,240,0,0,0,0,0,217,0,17,26,28,0,0,0
6856,0.861,0,240,0,0,0,0,0,217,0,17,26,28,0,0,0
6857,15.892,0,240,0,0,0,0,0,217,0,17,26,28,0,0,0
6858,0.831,0,240,0,0,0,0,0,217,0,17,26,28,0,0,0
6859,15.965,0,240,0,0,0,0,0,217,0,17,26,28,0,0,0
6860,0.819,0,240,0,0,0,0,0,217,0,17,26,28,0,0,0
6861,15.696,0,240,0,0,0,0,0,217,0,17,26,28,0,0,0
6862,0.831,0,240,0,0,0,0,0,217,0,17,26,28,0,0,0
6863,15.782,0,240,0,0,0,0,0,217,0,17,26,28,0,0,0
6864,0.786,0,240,0,0,0,0,0,217,0,17,26,28,0,0,0
6865,16.026,0,240,0,0,0,0,0,217,0,17,26,28,0,0,0
6866,0.751,0,240,0,0,0,0,0,217,0,17,26,28,0,0,0
6867,15.956,0,240,0,0,0,0,0,217,0,17,26,28,0,0,0
6868,0.812,0,240,0,0,0,0,0,217,0,17,26,28,0,0,0
6869,15.862,0,240,0,0,0,0,0,217,0,17,26,28,0,0,0
6870,0.894,0,240,0,0,0,0,0,217,0,17,26,28,0,0,0
6871,15.748,0,240,0,0,0,0,0,217,0,17,26,28,0,0,0
6872,0.780,0,240,0,0,0,0,0,217,0,17,26,28,0,0,0
6873,15.631,0,240,0,0,0,0,0,217,0,17,26,28,0,0,0
6874,0.948,0,240,0,0,0,0,0,217,0,17,26,28,0,0,0
6875,15.796,0,240,0,0,0,0,0,217,0,17,26,28,0,0,0
6876,0.888,0,240,0,0,0,0,0,217,0,17,26,28,0,0,0
6877,15.849,0,240,0,0,0,0,0,217,0,17,26,28,0,0,0
6878,0.790,0,240,0,0,0,0,0,217,0,17,26,28,0,0,0
6879,15.803,0,240,0,0,0,0,0,217,0,17,26,28,0,0,0
6880,0.766,0,240,0,0,0,0,0,217,0,17,26,28,0,0,0
6881,16.015,0,240,0,0,0,0,0,217,0,17,26,28,0,0,0
6882,0.875,0,240,0,0,0,0,0,217,0,17,26,28,0,0,0
6883,15.896,0,240,0,0,0,0,0,217,0,17,26,28,0,0,0
6884,0.781,0,240,0,0,0,0,0,217,0,17,26,28,0,0,0
6885,15.773,0,240,0,0,0,0,0,217,0,17,26,28,0,0,0
6886,0.815,0,240,0,0,0,0,0,217,0,17,26,28,0,0,0
6887,15.896,0,240,0,0,0,0,0,217,0,17,26,28,0,0,0
6888,0.756,0,240,0,0,0,0,0,217,0,17,26,28,0,0,0
6889,15.775,0,240,0,0,0,0,0,217,0,17,26,28,0,0,0
6890,0.971,0,240,0,0,0,0,0,217,0,17,26,28,0,0,0
6891,15.750,0,240,0,0,0,0,0,217,0,17,26,28,0,0,0
6892,0.795,0,240,0,0,0,0,0,217,0,17,26,28,0,0,0
6893,15.837,0,240,0,0,0,0,0,217,0,17,26,28,0,0,0
6894,0.737,0,240,0,0,0,0,0,217,0,17,26,28,0,0,0
6895,16.004,0,240,0,0,0,0,0,217,0,17,26,28,0,0,0
6896,0.758,0,240,0,0,0,0,0,217,0,17,26,28,0,0,0
6897,15.922,0,240,0,0,0,0,0,217,0,17,26,28,0,0,0
6898,0.878,0,240,0,0,0,0,0,217,0,17,26,28,0,0,0
6899,15.766,0,240,0,0,0,0,0,217,0,17,26,28,0,0,0
6900,0.811,0,240,0,0,0,0,0,217,0,17,26,28,0,0,0
6901,15.745,0,240,0,0,0,0,0,217,0,17,26,28,0,0,0
6902,0.783,0,240,0,0,0,0,0,217,0,17,26,28,0,0,0
6903,15.872,0,240,0,0,0,0,0,217,0,17,26,28,0,0,0
6904,0.810,0,240,0,0,0,0,0,217,0,17,26,28,0,0,0
6905,15.847,0,240,0,0,0,0,0,217,0,17,26,28,0,0,0
6906,0.909,0,240,0,0,0,0,0,217,0,17,26,28,0,0,0
6907,15.709,0,240,0,0,0,0,0,217,0,17,26,28,0,0,0
6908,0.757,0,240,0,0,0,0,0,217,0,17,26,28,0,0,0
6909,15.914,0,240,0,0,0,0,0,217,0,17,26,28,0,0,0
6910,0.793,0,240,0,0,0,0,0,217,0,17,26,28,0,0,0
6911,15.947,0,240,0,0,0,0,0,217,0,17,26,28,0,0,0
6912,0.769,0,240,0,0,0,0,0,217,0,17,26,28,0,0,0
6913,16.777,0,240,0,0,0,0,0,217,0,17,26,28,0,0,0
6914,0.747,0,240,0,0,0,0,0,217,0,17,26,28,0,0,0
6915,14.974,0,240,0,0,0,0,0,217,0,17,26,28,0,0,0
6916,1.018,0,240,0,0,0,0,0,217,0,17,26,28,0,0,0
6917,15.721,0,240,0,0,0,0,0,217,0,17,26,28,0,0,0
6918,0.829,0,240,0,0,0,0,0,217,0,17,26,28,0,0,0
6919,16.003,0,240,0,0,0,0,0,217,0,17,26,28,0,0,0
6920,0.829,0,240,0,0,0,0,0,217,0,17,26,28,0,0,0
6921,16.123,0,240,0,0,0,0,0,217,0,17,26,28,0,0,0
6922,1.009,0,240,0,0,0,0,0,217,0,17,26,28,0,0,0
6923,15.454,0,240,0,0,0,0,0,217,0,17,26,28,0,0,0
6924,0.891,0,240,0,0,0,0,0,217,0,17,26,28,0,0,0
6925,15.570,0,240,0,0,0,0,0,217,0,17,26,28,0,0,0
6926,0.875,0,240,0,0,0,0,0,217,0,17,26,28,0,0,0
6927,15.911,0,240,0,0,0,0,0,217,0,17,26,28,0,0,0
6928,0.946,0,240,0,0,0,0,0,217,0,17,26,28,0,0,0
6929,16.109,0,240,0,0,0,0,0,217,0,17,26,28,0,0,0
6930,0.768,0,240,0,0,0,0,0,217,0,17,26,28,0,0,0
6931,15.469,0,240,0,0,0,0,0,217,0,17,26,28,0,0,0
6932,0.923,0,240,0,0,0,0,0,217,0,17,26,28,0,0,0
6933,15.689,0,240,0,0,0,0,0,217,0,17,26,28,0,0,0
6934,0.809,0,240,0,0,0,0,0,217,0,17,26,28,0,0,0
6935,16.015,0,240,0,0,0,0,0,217,0,17,26,28,0,0,0
6936,0.726,0,240,0,0,0,0,0,217,0,17,26,28,0,0,0
6937,15.863,0,240,0,0,0,0,0,217,0,17,26,28,0,0,0
6938,0.812,0,240,0,0,0,0,0,217,0,17,26,28,0,0,0
6939,15.844,0,240,0,0,0,0,0,217,0,17,26,28,0,0,0
6940,0.796,0,240,0,0,0,0,0,217,0,17,26,28,0,0,0
6941,15.778,0,240,0,0,0,0,0,217,0,17,26,28,0,0,0
6942,0.816,0,240,0,0,0,0,0,217,0,17,26,28,0,0,0
6943,15.787,0,240,0,0,0,0,0,217,0,17,26,28,0,0,0
6944,0.859,0,240,0,0,0,0,0,217,0,17,26,28,0,0,0
6945,16.312,0,240,0,0,0,0,0,217,0,17,26,28,0,0,0
6946,0.994,0,240,0,0,0,0,0,217,0,17,26,28,0,0,0
6947,15.211,0,240,0,0,0,0,0,217,0,17,26,28,0,0,0
6948,0.844,0,240,0,0,0,0,0,217,0,17,26,28,0,0,0
6949,15.909,0,240,0,0,0,0,0,217,0,17,26,28,0,0,0
6950,0.804,0,240,0,0,0,0,0,217,0,17,26,28,0,0,0
6951,15.722,0,240,0,0,0,0,0,217,0,17,26,28,0,0,0
6952,0.861,0,240,0,0,0,0,0,217,0,17,26,28,0,0,0
6953,15.738,0,240,0,0,0,0,0,217,0,17,26,29,0,0,0
6954,0.813,0,240,0,0,0,0,0,217,0,17,26,29,0,0,0
6955,15.960,0,240,0,0,0,0,0,217,0,17,26,29,0,0,0
6956,0.822,0,240,0,0,0,0,0,217,0,17,26,29,0,0,0
6957,15.803,0,240,0,0,0,0,0,217,0,17,26,29,0,0,0
6958,0.942,0,240,0,0,0,0,0,217,0,17,26,29,0,0,0
6959,15.758,0,240,0,0,0,0,0,217,0,17,26,29,0,0,0
6960,0.798,0,240,0,0,0,0,0,217,0,17,26,29,0,0,0
6961,16.393,0,240,0,0,0,0,0,217,0,17,26,29,0,0,0
6962,0.997,0,240,0,0,0,0,0,217,0,17,26,29,0,0,0
6963,15.088,0,240,0,0,0,0,0,217,0,17,26,29,0,0,0
6964,0.793,0,240,0,0,0,0,0,217,0,17,26,29,0,0,0
6965,15.860,0,240,0,0,0,0,0,217,0,17,26,29,0,0,0
6966,0.802,0,240,0,0,0,0,0,217,0,17,26,29,0,0,0
6967,15.988,0,240,0,0,0,0,0,217,0,17,26,29,0,0,0
6968,0.789,0,240,0,0,0,0,0,217,0,17,26,29,0,0,0
6969,16.242,0,240,0,0,0,0,0,217,0,17,26,30,0,0,0
6970,0.848,0,240,0,0,0,0,0,217,0,17,26,30,0,0,0
6971,15.276,0,240,0,0,0,0,0,217,0,17,26,30,0,0,0
6972,0.879,0,240,0,0,0,0,0,217,0,17,26,30,0,0,0
6973,15.931,0,240,0,0,0,0,0,217,0,17,26,30,0,0,0
6974,0.769,0,240,0,0,0,0,0,217,0,17,26,30,0,0,0
6975,15.859,0,240,0,0,0,0,0,217,0,17,26,30,0,0,0
6976,0.862,0,240,0,0,0,0,0,217,0,17,26,30,0,0,0
6977,15.879,0,240,0,0,0,0,0,217,0,17,26,30,0,0,0
6978,0.912,0,240,0,0,0,0,0,217,0,17,26,30,0,0,0
6979,15.747,0,240,0,0,0,0,0,217,0,17,26,30,0,0,0
6980,0.770,0,240,0,0,0,0,0,217,0,17,26,30,0,0,0
6981,16.881,0,240,0,0,0,0,0,217,0,17,26,30,0,0,0
6982,0.938,0,240,0,0,0,0,0,217,0,17,26,30,0,0,0
6983,14.753,0,240,0,0,0,0,0,217,0,17,26,30,0,0,0
6984,0.866,0,240,0,0,0,0,0,217,0,17,26,30,0,0,0
6985,15.674,0,240,0,0,0,0,0,217,0,17,26,30,0,0,0
6986,0.727,0,240,0,0,0,0,0,217,0,17,26,30,0,0,0
6987,15.963,0,240,0,0,0,0,0,217,0,17,26,30,0,0,0
6988,0.758,0,240,0,0,0,0,0,217,0,17,26,30,0,0,0
6989,15.884,0,240,0,0,0,0,0,217,0,17,26,30,0,0,0
6990,0.763,0,240,0,0,0,0,0,217,0,17,26,30,0,0,0
6991,15.933,0,240,0,0,0,0,0,217,0,17,26,30,0,0,0
6992,0.830,0,240,0,0,0,0,0,217,0,17,26,30,0,0,0
6993,16.243,0,240,0,0,0,0,0,217,0,17,26,30,0,0,0
6994,0.787,0,240,0,0,0,0,0,217,0,17,26,30,0,0,0
6995,15.426,0,240,0,0,0,0,0,217,0,17,26,30,0,0,0
6996,0.760,0,240,0,0,0,0,0,217,0,17,26,30,0,0,0
6997,16.085,0,240,0,0,0,0,0,217,0,17,26,30,0,0,0
6998,0.943,0,240,0,0,0,0,0,217,0,17,26,30,0,0,0
6999,15.736,0,240,0,0,0,0,0,217,0,17,26,30,0,0,0
7000,0.763,0,240,0,0,0,0,0,217,0,17,26,30,0,0,0
7001,15.946,0,240,0,0,0,0,0,217,0,17,26,30,0,0,0
7002,0.756,0,240,0,0,0,0,0,217,0,17,26,30,0,0,0
7003,15.715,0,240,0,0,0,0,0,217,0,17,26,30,0,0,0
7004,0.876,0,240,0,0,0,0,0,217,0,17,26,30,0,0,0
7005,15.730,0,240,0,0,0,0,0,217,0,17,26,30,0,0,0
7006,0.722,0,240,0,0,0,0,0,217,0,17,26,30,0,0,0
7007,16.028,0,240,0,0,0,0,0,217,0,17,26,30,0,0,0
7008,0.847,0,240,0,0,0,0,0,217,0,17,26,30,0,0,0
7009,16.432,0,240,0,0,0,0,0,217,0,17,26,30,0,0,0
7010,0.957,0,240,0,0,0,0,0,217,0,17,26,30,0,0,0
7011,15.003,0,240,0,0,0,0,0,217,0,17,26,30,0,0,0
7012,0.785,0,240,0,0,0,0,0,217,0,17,26,30,0,0,0
7013,15.941,0,240,0,0,0,0,0,217,0,17,26,30,0,0,0
7014,0.825,0,240,0,0,0,0,0,217,0,17,26,30,0,0,0
7015,15.921,0,240,0,0,0,0,0,217,0,17,26,30,0,0,0
7016,0.830,0,240,0,0,0,0,0,217,0,17,26,30,0,0,0
7017,16.251,0,240,0,0,0,0,0,217,0,17,26,30,0,0,0
7018,0.914,0,240,0,0,0,0,0,217,0,17,26,30,0,0,0
7019,15.310,0,240,0,0,0,0,0,217,0,17,26,30,0,0,0
7020,0.793,0,240,0,0,0,0,0,217,0,17,26,30,0,0,0
7021,15.834,0,240,0,0,0,0,0,217,0,17,26,30,0,0,0
7022,0.720,0,240,0,0,0,0,0,217,0,17,26,30,0,0,0
7023,15.926,0,240,0,0,0,0,0,217,0,17,26,30,0,0,0
7024,0.935,0,240,0,0,0,0,0,217,0,17,26,30,0,0,0
7025,16.331,0,240,0,0,0,0,0,217,0,17,26,30,0,0,0
7026,0.834,0,240,0,0,0,0,0,217,0,17,26,30,0,0,0
7027,15.183,0,240,0,0,0,0,0,217,0,17,26,30,0,0,0
7028,0.868,0,240,0,0,0,0,0,217,0,17,26,30,0,0,0
7029,15.851,0,240,0,0,0,0,0,217,0,17,26,30,0,0,0
7030,0.771,0,240,0,0,0,0,0,217,0,17,26,30,0,0,0
7031,15.989,0,240,0,0,0,0,0,217,0,17,26,30,0,0,0
7032,0.807,0,240,0,0,0,0,0,217,0,17,26,30,0,0,0
7033,15.830,0,240,0,0,0,0,0,217,0,17,26,30,0,0,0
7034,0.781,0,240,0,0,0,0,0,217,0,17,26,30,0,0,0
7035,15.817,0,240,0,0,0,0,0,217,0,17,26,30,0,0,0
7036,0.947,0,240,0,0,0,0,0,217,0,17,26,30,0,0,0
7037,15.748,0,240,0,0,0,0,0,217,0,17,26,30,0,0,0
7038,0.829,0,240,0,0,0,0,0,217,0,17,26,30,0,0,0
7039,15.791,0,240,0,0,0,0,0,217,0,17,26,30,0,0,0
7040,0.821,0,240,0,0,0,0,0,217,0,17,26,30,0,0,0
7041,16.030,0,240,0,0,0,0,0,217,0,17,26,30,0,0,0
7042,0.903,0,240,0,0,0,0,0,217,0,17,26,30,0,0,0
7043,15.653,0,240,0,0,0,0,0,217,0,17,26,30,0,0,0
7044,0.824,0,240,0,0,0,0,0,217,0,17,26,30,0,0,0
7045,15.745,0,240,0,0,0,0,0,217,0,17,26,30,0,0,0
7046,0.735,0,240,0,0,0,0,0,217,0,17,26,30,0,0,0
7047,16.024,0,240,0,0,0,0,0,217,0,17,26,30,0,0,0
7048,0.837,0,240,0,0,0,0,0,217,0,17,26,30,0,0,0
7049,15.811,0,240,0,0,0,0,0,217,0,17,26,30,0,0,0
7050,0.991,0,240,0,0,0,0,0,217,0,17,26,30,0,0,0
7051,15.822,0,240,0,0,0,0,0,217,0,17,26,30,0,0,0
7052,0.813,0,240,0,0,0,0,0,217,0,17,26,30,0,0,0
7053,15.828,0,240,0,0,0,0,0,217,0,17,26,30,0,0,0
7054,0.883,0,240,0,0,0,0,0,217,0,17,26,30,0,0,0
7055,15.553,0,240,0,0,0,0,0,217,0,17,26,30,0,0,0
7056,0.913,0,240,0,0,0,0,0,217,0,17,26,30,0,0,0
7057,15.951,0,240,0,0,0,0,0,217,0,17,26,30,0,0,0
7058,0.855,0,240,0,0,0,0,0,217,0,17,26,30,0,0,0
7059,15.717,0,240,0,0,0,0,0,217,0,17,26,30,0,0,0
7060,0.872,0,240,0,0,0,0,0,217,0,17,26,30,0,0,0
7061,15.720,0,240,0,0,0,0,0,217,0,17,26,30,0,0,0
7062,0.855,0,240,0,0,0,0,0,217,0,17,26,30,0,0,0
7063,15.806,0,240,0,0,0,0,0,217,0,17,26,30,0,0,0
7064,0.755,0,240,0,0,0,0,0,217,0,17,26,30,0,0,0
7065,16.142,0,240,0,0,0,0,0,217,0,17,26,30,0,0,0
7066,0.886,0,240,0,0,0,0,0,217,0,17,26,30,0,0,0
7067,15.621,0,240,0,0,0,0,0,217,0,17,26,30,0,0,0
7068,0.840,0,240,0,0,0,0,0,217,0,17,26,30,0,0,0
7069,15.679,0,240,0,0,0,0,0,217,0,17,26,30,0,0,0
7070,0.785,0,240,0,0,0,0,0,217,0,17,26,30,0,0,0
7071,16.020,0,240,0,0,0,0,0,217,0,17,26,30,0,0,0
7072,0.772,0,240,0,0,0,0,0,217,0,17,26,30,0,0,0
7073,15.981,0,240,0,0,0,0,0,217,0,17,26,30,0,0,0
7074,0.762,0,240,0,0,0,0,0,217,0,17,26,30,0,0,0
7075,15.765,0,240,0,0,0,1,0,217,0,17,26,30,0,0,0
7076,0.847,0,240,0,0,0,0,0,217,0,17,26,30,0,0,0
7077,15.780,0,240,0,0,0,0,0,217,0,17,26,30,0,0,0
7078,0.834,0,240,0,0,0,0,0,217,0,17,26,30,0,0,0
7079,15.880,0,240,0,0,0,0,0,217,0,17,26,30,0,0,0
7080,0.810,0,240,0,0,0,0,0,217,0,17,26,30,0,0,0
7081,16.035,0,240,0,0,0,0,0,217,0,17,26,30,0,0,0
7082,0.824,0,240,0,0,0,0,0,217,0,17,26,30,0,0,0
7083,16.037,0,240,0,0,0,0,0,217,0,17,26,30,0,0,0
7084,0.830,0,240,0,0,0,0,0,217,0,17,26,30,0,0,0
7085,15.441,0,240,0,0,0,0,0,217,0,17,26,30,0,0,0
7086,0.808,0,240,0,0,0,0,0,217,0,17,26,30,0,0,0
7087,15.926,0,240,0,0,0,0,0,217,0,17,26,30,0,0,0
7088,0.863,0,240,0,0,0,0,0,217,0,17,26,30,0,0,0
7089,15.704,0,240,0,0,0,0,0,217,0,17,26,30,0,0,0
7090,0.926,0,240,0,0,0,0,0,217,0,17,26,30,0,0,0
7091,15.978,0,240,0,0,0,0,0,217,0,17,26,30,0,0,0
7092,0.768,0,240,0,0,0,0,0,217,0,17,26,30,0,0,0
7093,15.777,0,240,0,0,0,0,0,217,0,17,26,30,0,0,0
7094,0.786,0,240,0,0,0,0,0,217,0,17,26,30,0,0,0
7095,15.920,0,240,0,0,0,0,0,217,0,17,26,30,0,0,0
7096,0.788,0,240,0,0,0,0,0,217,0,17,26,30,0,0,0
7097,15.832,0,240,0,0,0,0,0,217,0,17,26,30,0,0,0
7098,0.745,0,240,0,0,0,0,0,217,0,17,26,30,0,0,0
7099,15.953,0,240,0,0,0,0,0,217,0,17,26,30,0,0,0
7100,0.933,0,240,0,0,0,0,0,217,0,17,26,30,0,0,0
7101,15.688,0,240,0,0,0,0,0,217,0,17,26,30,0,0,0
7102,0.791,0,240,0,0,0,0,0,217,0,17,26,30,0,0,0
7103,15.842,0,240,0,0,0,0,0,217,0,17,26,30,0,0,0
7104,0.755,0,240,0,0,0,0,0,217,0,17,26,30,0,0,0
7105,15.965,0,240,0,0,0,0,0,217,0,17,26,30,0,0,0
7106,0.947,0,240,0,0,0,0,0,217,0,17,26,30,0,0,0
7107,15.748,0,240,0,0,0,0,0,217,0,17,26,30,0,0,0
7108,0.974,0,240,0,0,0,0,0,217,0,17,26,30,0,0,0
7109,15.779,0,240,0,0,0,0,0,217,0,17,26,30,0,0,0
7110,0.911,0,240,0,0,0,0,0,217,0,17,26,30,0,0,0
7111,15.579,0,240,0,0,0,0,0,217,0,17,26,30,0,0,0
7112,0.898,0,240,0,0,0,0,0,217,0,17,26,30,0,0,0
7113,17.011,0,240,0,0,0,0,0,217,0,17,26,30,0,0,0
7114,0.722,0,240,0,0,0,0,0,217,0,17,26,30,0,0,0
7115,14.636,0,240,0,0,0,0,0,217,0,17,26,30,0,0,0
7116,0.821,0,240,0,0,0,0,0,217,0,17,26,30,0,0,0
7117,15.903,0,240,0,0,0,0,0,217,0,17,26,30,0,0,0
7118,0.860,0,240,0,0,0,0,0,217,0,17,26,30,0,0,0
7119,15.754,0,240,0,0,0,0,0,217,0,17,26,30,0,0,0
7120,0.799,0,240,0,0,0,0,0,217,0,17,26,30,0,0,0
7121,16.035,0,240,0,0,0,0,0,217,0,17,26,30,0,0,0
7122,0.833,0,240,0,0,0,0,0,217,0,17,26,30,0,0,0
7123,15.757,0,240,0,0,0,0,0,217,0,17,26,30,0,0,0
7124,0.826,0,240,0,0,0,0,0,217,0,17,26,30,0,0,0
7125,15.703,0,240,0,0,0,0,0,217,0,17,26,30,0,0,0
7126,0.790,0,240,0,0,0,0,0,217,0,17,26,30,0,0,0
7127,16.016,0,240,0,0,0,0,0,217,0,17,26,30,0,0,0
7128,0.859,0,240,0,0,0,0,0,217,0,17,26,30,0,0,0
7129,16.186,0,240,0,0,0,0,0,217,0,17,26,30,0,0,0
7130,0.912,0,240,0,0,0,0,0,217,0,17,26,30,0,0,0
7131,15.487,0,240,0,0,0,0,0,217,0,17,26,30,0,0,0
7132,0.810,0,240,0,0,0,0,0,217,0,17,26,30,0,0,0
7133,15.754,0,240,0,0,0,0,0,217,0,17,26,30,0,0,0
7134,0.749,0,240,0,0,0,0,0,217,0,17,26,30,0,0,0
7135,15.898,0,240,0,0,0,0,0,217,0,17,26,30,0,0,0
7136,0.794,0,240,0,0,0,0,0,217,0,17,26,30,0,0,0
7137,15.719,0,240,0,0,0,0,0,217,0,17,26,30,0,0,0
7138,0.774,0,240,0,0,0,0,0,217,0,17,26,30,0,0,0
7139,16.101,0,240,0,0,0,0,0,217,0,17,26,30,0,0,0
7140,0.775,0,240,0,0,0,0,0,217,0,17,26,30,0,0,0
7141,15.788,0,240,0,0,0,0,0,217,0,17,26,30,0,0,0
7142,0.778,0,240,0,0,0,0,0,217,0,17,26,30,0,0,0
7143,16.002,0,240,0,0,0,0,0,217,0,17,26,30,0,0,0
7144,0.822,0,240,0,0,0,0,0,217,0,17,26,30,0,0,0
7145,15.965,0,240,0,0,0,0,0,217,0,17,26,30,0,0,0
7146,0.924,0,240,0,0,0,0,0,217,0,17,26,30,0,0,0
7147,15.722,0,240,0,0,0,0,0,217,0,17,26,30,0,0,0
7148,0.777,0,240,0,0,0,0,0,217,0,17,26,30,0,0,0
7149,15.712,0,240,0,0,0,0,0,217,0,17,26,30,0,0,0
7150,0.767,0,240,0,0,0,0,0,217,0,17,26,30,0,0,0
7151,15.930,0,240,0,0,0,0,0,217,0,17,26,30,0,0,0
7152,0.790,0,240,0,0,0,0,0,217,0,17,26,30,0,0,0
7153,17.039,0,240,0,0,0,0,0,217,0,17,26,30,0,0,0
7154,0.810,0,240,0,0,0,0,0,217,0,17,26,30,0,0,0
7155,14.611,0,240,0,0,0,0,0,217,0,17,26,30,0,0,0
7156,0.738,0,240,0,0,0,0,0,217,0,17,26,30,0,0,0
7157,15.894,0,240,0,0,0,0,0,217,0,17,26,30,0,0,0
7158,0.852,0,240,0,0,0,0,0,217,0,17,26,30,0,0,0
7159,15.790,0,240,0,0,0,0,0,217,0,17,26,30,0,0,0
7160,0.762,0,240,0,0,0,0,0,217,0,17,26,30,0,0,0
7161,16.297,0,240,0,0,0,0,0,217,0,17,26,30,0,0,0
7162,0.898,0,240,0,0,0,0,0,217,0,17,26,30,0,0,0
7163,15.392,0,240,0,0,0,0,0,217,0,17,26,30,0,0,0
7164,0.742,0,240,0,0,0,0,0,217,0,17,26,30,0,0,0
7165,15.807,0,240,0,0,0,0,0,217,0,17,26,30,0,0,0
7166,0.818,0,240,0,0,0,0,0,217,0,17,26,30,0,0,0
7167,16.086,0,240,0,0,0,0,0,217,0,17,26,30,0,0,0
7168,0.755,0,240,0,0,0,0,0,217,0,17,26,30,0,0,0
7169,15.799,0,240,0,0,0,0,0,217,0,17,26,30,0,0,0
7170,0.931,0,240,0,0,0,0,0,217,0,17,26,30,0,0,0
7171,15.849,0,240,0,0,0,0,0,217,0,17,26,30,0,0,0
7172,0.775,0,240,0,0,0,0,0,217,0,17,26,30,0,0,0
7173,15.745,0,240,0,0,0,0,0,217,0,17,26,30,0,0,0
7174,0.785,0,240,0,0,0,0,0,217,0,17,26,30,0,0,0
7175,15.950,0,240,0,0,0,0,0,217,0,17,26,30,0,0,0
7176,0.919,0,240,0,0,0,0,0,217,0,17,26,30,0,0,0
7177,15.653,0,240,0,0,0,0,0,217,0,17,26,30,0,0,0
7178,0.966,0,240,0,0,0,0,0,217,0,17,26,30,0,0,0
7179,15.687,0,240,0,0,0,0,0,217,0,17,26,30,0,0,0
7180,0.720,0,240,0,0,0,0,0,217,0,17,26,30,0,0,0
7181,16.088,0,240,0,0,0,0,0,217,0,17,26,30,0,0,0
7182,0.830,0,240,0,0,0,0,0,217,0,17,26,30,0,0,0
7183,15.794,0,240,0,0,0,0,0,217,0,17,26,30,0,0,0
7184,0.699,0,240,0,0,0,0,0,217,0,17,26,30,0,0,0
7185,15.946,0,240,0,0,0,0,0,217,0,17,26,30,0,0,0
7186,1.070,0,240,0,0,0,0,0,217,0,17,26,30,0,0,0
7187,15.748,0,240,0,0,0,0,0,217,0,17,26,30,0,0,0
7188,0.821,0,240,0,0,0,0,0,217,0,17,26,30,0,0,0
7189,15.744,0,240,0,0,0,0,0,217,0,17,26,30,0,0,0
7190,0.819,0,240,0,0,0,0,0,217,0,17,26,30,0,0,0
7191,15.820,0,240,0,0,0,0,0,217,0,17,26,30,0,0,0
7192,0.818,0,240,0,0,0,0,0,217,0,17,26,30,0,0,0
7193,15.930,0,240,0,0,0,0,0,217,0,17,26,30,0,0,0
7194,0.859,0,240,0,0,0,0,0,217,0,17,26,30,0,0,0
7195,15.627,0,240,0,0,0,0,0,217,0,17,26,30,0,0,0
7196,0.796,0,240,0,0,0,0,0,217,0,17,26,30,0,0,0
7197,16.009,0,240,0,0,0,0,0,217,0,17,26,30,0,0,0
7198,0.743,0,240,0,0,0,0,0,217,0,17,26,30,0,0,0
7199,16.016,0,240,0,0,0,0,0,217,0,17,26,30,0,0,0
7200,0.789,0,240,0,0,0,0,0,217,0,17,26,30,0,0,0
7201,16.073,0,240,0,0,0,0,0,217,0,17,26,30,0,0,0
7202,1.034,0,240,0,0,0,0,0,217,0,17,26,30,0,0,0
7203,15.188,0,240,0,0,0,0,0,217,0,17,26,30,0,0,0
7204,0.787,0,240,0,0,0,0,0,217,0,17,26,30,0,0,0
7205,16.025,0,240,0,0,0,0,0,217,0,17,26,30,0,0,0
7206,0.771,0,240,0,0,0,0,0,217,0,17,26,30,0,0,0
7207,15.825,0,240,0,0,0,0,0,217,0,17,26,30,0,0,0
7208,0.759,0,240,0,0,0,0,0,217,0,17,26,30,0,0,0
7209,16.022,0,240,0,0,0,0,0,217,0,17,26,30,0,0,0
7210,0.765,0,240,0,0,0,0,0,217,0,17,26,30,0,0,0
7211,15.680,0,240,0,0,0,0,0,217,0,17,26,30,0,0,0
7212,0.908,0,240,0,0,0,0,0,217,0,17,26,30,0,0,0
7213,15.955,0,240,0,0,0,0,0,217,0,17,26,30,0,0,0
7214,0.958,0,240,0,0,0,0,0,217,0,17,26,30,0,0,0
7215,15.757,0,240,0,0,0,0,0,217,0,17,26,30,0,0,0
7216,0.953,0,240,0,0,0,0,0,217,0,17,26,30,0,0,0
7217,16.142,0,240,0,0,0,0,0,217,0,17,26,30,0,0,0
7218,0.941,0,240,0,0,0,0,0,217,0,17,26,30,0,0,0
7219,15.338,0,240,0,0,0,0,0,217,0,17,26,30,0,0,0
7220,0.743,0,240,0,0,0,0,0,217,0,17,26,30,0,0,0
7221,15.863,0,240,0,0,0,0,0,217,0,17,26,30,0,0,0
7222,0.791,0,240,0,0,0,0,0,217,0,17,26,30,0,0,0
7223,15.784,0,240,0,0,0,0,0,217,0,17,26,30,0,0,0
7224,0.804,0,240,0,0,0,0,0,217,0,17,26,30,0,0,0
7225,16.308,0,240,0,0,0,0,0,217,0,17,26,30,0,0,0
7226,0.938,0,240,0,0,0,0,0,217,0,17,26,30,0,0,0
7227,15.274,0,240,0,0,0,0,0,217,0,17,26,30,0,0,0
7228,0.822,0,240,0,0,0,0,0,217,0,17,26,30,0,0,0
7229,15.857,0,240,0,0,0,0,0,217,0,17,26,30,0,0,0
7230,0.920,0,240,0,0,0,0,0,217,0,17,26,30,0,0,0
7231,15.704,0,240,0,0,0,0,0,217,0,17,26,30,0,0,0
7232,0.750,0,240,0,0,0,0,0,217,0,17,26,30,0,0,0
7233,15.982,0,240,0,0,0,0,0,217,0,17,26,30,0,0,0
7234,0.794,0,240,0,0,0,0,0,217,0,17,26,30,0,0,0
7235,15.814,0,240,0,0,0,0,0,217,0,17,26,30,0,0,0
7236,0.785,0,240,0,0,0,0,0,217,0,17,26,30,0,0,0
7237,15.750,0,240,0,0,0,0,0,217,0,17,26,30,0,0,0
7238,0.744,0,240,0,0,0,0,0,217,0,17,26,30,0,0,0
7239,16.134,0,240,0,0,0,0,0,217,0,17,26,30,0,0,0
7240,0.797,0,240,0,0,0,0,0,217,0,17,26,30,0,0,0
7241,15.892,0,240,0,0,0,0,0,217,0,17,26,30,0,0,0
7242,0.882,0,240,0,0,0,0,0,217,0,17,26,30,0,0,0
7243,15.838,0,240,0,0,0,0,0,217,0,17,26,30,0,0,0
7244,0.840,0,240,0,0,0,0,0,217,0,17,26,30,0,0,0
7245,15.877,0,240,0,0,0,0,0,217,0,17,26,30,0,0,0
